日期,股票代码,开盘,收盘,最高,最低,成交量,成交额,振幅,涨跌幅,涨跌额,换手率
1994-04-08,000039,-3.19,-3.27,-3.19,-3.28,53275,72427920.0,-2.63,4.39,0.15,44.4
1994-04-11,000039,-3.29,-3.32,-3.28,-3.32,27069,32885272.0,-1.22,-1.53,-0.05,22.56
1994-04-12,000039,-3.32,-3.31,-3.29,-3.32,14896,17654696.0,-0.9,0.3,0.01,12.41
1994-04-13,000039,-3.3,-3.32,-3.3,-3.32,10181,12196425.0,-0.6,-0.3,-0.01,8.48
1994-04-14,000039,-3.33,-3.34,-3.32,-3.34,10074,11334015.0,-0.6,-0.6,-0.02,8.4
1994-04-15,000039,-3.35,-3.32,-3.32,-3.36,16578,18011280.0,-1.2,0.6,0.02,13.82
1994-04-18,000039,-3.33,-3.35,-3.33,-3.35,15650,17114910.0,-0.6,-0.9,-0.03,13.04
1994-04-19,000039,-3.36,-3.38,-3.35,-3.38,8521,8807130.0,-0.9,-0.9,-0.03,7.1
1994-04-20,000039,-3.39,-3.39,-3.37,-3.4,10896,10490295.0,-0.89,-0.3,-0.01,9.08
1994-04-21,000039,-3.39,-3.37,-3.37,-3.39,12858,12700895.0,-0.59,0.59,0.02,10.72
1994-04-22,000039,-3.37,-3.38,-3.37,-3.39,9245,9120865.0,-0.59,-0.3,-0.01,7.7
1994-04-25,000039,-3.38,-3.38,-3.38,-3.39,2722,2637990.25,-0.3,0.0,0.0,2.27
1994-04-26,000039,-3.38,-3.37,-3.37,-3.38,2965,2952120.0,-0.3,0.3,0.01,2.47
1994-04-27,000039,-3.37,-3.35,-3.35,-3.37,10407,10840261.0,-0.59,0.59,0.02,8.67
1994-04-28,000039,-3.35,-3.36,-3.33,-3.37,13086,14008008.0,-1.19,-0.3,-0.01,10.91
1994-04-29,000039,-3.36,-3.36,-3.36,-3.38,8036,8170537.5,-0.6,0.0,0.0,6.7
1994-05-03,000039,-3.35,-3.34,-3.33,-3.36,13680,14803153.0,-0.89,0.6,0.02,11.4
1994-05-04,000039,-3.33,-3.35,-3.33,-3.36,12265,13488655.0,-0.9,-0.3,-0.01,10.22
1994-05-05,000039,-3.37,-3.37,-3.36,-3.38,4429,4440594.0,-0.6,-0.6,-0.02,3.69
1994-05-06,000039,-3.37,-3.37,-3.37,-3.38,4934,4956091.0,-0.3,0.0,0.0,4.11
1994-05-09,000039,-3.36,-3.34,-3.34,-3.37,5254,5489919.0,-0.89,0.89,0.03,4.38
1994-05-10,000039,-3.34,-3.33,-3.32,-3.35,13673,15185970.0,-0.9,0.3,0.01,11.39
1994-05-11,000039,-3.32,-3.34,-3.31,-3.35,15246,17601518.0,-1.2,-0.3,-0.01,12.71
1994-05-12,000039,-3.35,-3.36,-3.34,-3.36,7918,8462219.0,-0.6,-0.6,-0.02,6.6
1994-05-13,000039,-3.35,-3.33,-3.33,-3.35,5880,6373607.0,-0.6,0.89,0.03,4.9
1994-05-16,000039,-3.32,-3.33,-3.32,-3.34,7616,8589760.0,-0.6,0.0,0.0,6.35
1994-05-17,000039,-3.33,-3.35,-3.33,-3.35,3282,3625535.75,-0.6,-0.6,-0.02,2.74
1994-05-18,000039,-3.35,-3.35,-3.34,-3.35,2995,3206085.0,-0.3,0.0,0.0,2.5
1994-05-19,000039,-3.35,-3.34,-3.34,-3.35,3075,3311713.0,-0.3,0.3,0.01,2.56
1994-05-20,000039,-3.34,-3.35,-3.34,-3.35,2472,2696409.0,-0.3,-0.3,-0.01,2.06
1994-05-23,000039,-3.35,-3.35,-3.35,-3.35,971,1033176.0,0.0,0.0,0.0,0.81
1994-05-24,000039,-3.35,-3.35,-3.35,-3.35,1096,1169080.88,0.0,0.0,0.0,0.91
1994-05-25,000039,-3.35,-3.36,-3.35,-3.36,799,844044.0,-0.3,-0.3,-0.01,0.67
1994-05-26,000039,-3.36,-3.36,-3.36,-3.36,1254,1295814.12,0.0,0.0,0.0,1.05
1994-05-27,000039,-3.37,-3.37,-3.36,-3.37,1128,1156933.0,-0.3,-0.3,-0.01,0.94
1994-05-30,000039,-3.37,-3.38,-3.37,-3.38,1442,1425680.0,-0.3,-0.3,-0.01,1.2
1994-05-31,000039,-3.38,-3.37,-3.37,-3.38,2209,2173603.25,-0.3,0.3,0.01,1.84
1994-06-01,000039,-3.37,-3.39,-3.37,-3.39,810,789281.0,-0.59,-0.59,-0.02,0.68
1994-06-02,000039,-3.39,-3.39,-3.39,-3.39,813,766355.0,0.0,0.0,0.0,0.68
1994-06-03,000039,-3.39,-3.39,-3.38,-3.39,898,857324.0,-0.29,0.0,0.0,0.75
1994-06-06,000039,-3.39,-3.4,-3.39,-3.4,652,601348.0,-0.29,-0.29,-0.01,0.54
1994-06-07,000039,-3.4,-3.4,-3.4,-3.41,142,129238.0,-0.29,0.0,0.0,0.12
1994-06-08,000039,-3.41,-3.4,-3.4,-3.41,1209,1088362.0,-0.29,0.0,0.0,1.01
1994-06-09,000039,-3.4,-3.41,-3.4,-3.41,672,610158.0,-0.29,-0.29,-0.01,0.56
1994-06-10,000039,-3.41,-3.41,-3.41,-3.41,815,727657.0,0.0,0.0,0.0,0.68
1994-06-13,000039,-3.41,-3.43,-3.41,-3.43,1267,1073993.0,-0.59,-0.59,-0.02,1.06
1994-06-14,000039,-3.43,-3.43,-3.42,-3.43,1231,1026509.06,-0.29,0.0,0.0,1.03
1994-06-15,000039,-3.43,-3.43,-3.43,-3.43,651,543949.0,0.0,0.0,0.0,0.54
1994-06-16,000039,-3.43,-3.41,-3.41,-3.43,1188,1021046.06,-0.58,0.58,0.02,0.99
1994-06-17,000039,-3.41,-3.41,-3.4,-3.42,2570,2267594.75,-0.59,0.0,0.0,2.14
1994-06-20,000039,-3.41,-3.42,-3.41,-3.42,2256,1985792.75,-0.29,-0.29,-0.01,1.88
1994-06-21,000039,-3.42,-3.43,-3.42,-3.43,627,526329.94,-0.29,-0.29,-0.01,0.52
1994-06-22,000039,-3.43,-3.42,-3.42,-3.43,434,367856.0,-0.29,0.29,0.01,0.36
1994-06-23,000039,-3.42,-3.43,-3.42,-3.43,480,406267.91,-0.29,-0.29,-0.01,0.4
1994-06-24,000039,-3.43,-3.43,-3.43,-3.43,495,413544.97,0.0,0.0,0.0,0.41
1994-06-27,000039,-3.43,-3.44,-3.43,-3.44,1524,1223391.75,-0.29,-0.29,-0.01,1.27
1994-06-28,000039,-3.44,-3.44,-3.44,-3.44,463,370364.06,0.0,0.0,0.0,0.39
1994-06-29,000039,-3.44,-3.44,-3.43,-3.44,707,566975.12,-0.29,0.0,0.0,0.59
1994-06-30,000039,-3.44,-3.44,-3.44,-3.44,1125,900991.12,0.0,0.0,0.0,0.94
1994-07-01,000039,-3.44,-3.44,-3.44,-3.44,931,742172.94,0.0,0.0,0.0,0.78
1994-07-04,000039,-3.45,-3.45,-3.45,-3.45,611,473614.94,0.0,-0.29,-0.01,0.51
1994-07-08,000039,-3.45,-3.44,-3.44,-3.46,1045,802023.88,-0.58,0.29,0.01,0.87
1994-07-11,000039,-3.45,-3.45,-3.45,-3.45,1835,1405000.0,0.0,-0.29,-0.01,1.53
1994-07-12,000039,-3.44,-3.45,-3.44,-3.45,1082,848418.0,-0.29,0.0,0.0,0.9
1994-07-13,000039,-3.46,-3.45,-3.44,-3.46,504,392063.0,-0.58,0.0,0.0,0.42
1994-07-14,000039,-3.45,-3.45,-3.44,-3.45,550,431637.0,-0.29,0.0,0.0,0.46
1994-07-15,000039,-3.44,-3.46,-3.44,-3.46,589,445931.0,-0.58,-0.29,-0.01,0.49
1994-07-18,000039,-3.47,-3.47,-3.46,-3.47,622,450965.94,-0.29,-0.29,-0.01,0.52
1994-07-19,000039,-3.47,-3.47,-3.46,-3.47,839,598468.0,-0.29,0.0,0.0,0.7
1994-07-20,000039,-3.47,-3.47,-3.47,-3.47,505,355623.03,0.0,0.0,0.0,0.42
1994-07-21,000039,-3.47,-3.47,-3.47,-3.48,867,603881.81,-0.29,0.0,0.0,0.72
1994-07-22,000039,-3.48,-3.47,-3.47,-3.48,801,558329.94,-0.29,0.0,0.0,0.67
1994-07-25,000039,-3.48,-3.47,-3.46,-3.48,836,590314.06,-0.58,0.0,0.0,0.7
1994-07-26,000039,-3.47,-3.46,-3.46,-3.47,1498,1085275.75,-0.29,0.29,0.01,1.25
1994-07-27,000039,-3.46,-3.47,-3.46,-3.47,2754,2033058.62,-0.29,-0.29,-0.01,2.3
1994-07-28,000039,-3.48,-3.51,-3.48,-3.51,1809,1245282.88,-0.86,-1.15,-0.04,1.51
1994-07-29,000039,-3.49,-3.49,-3.49,-3.49,1885,1225862.0,0.0,0.57,0.02,1.57
1994-08-01,000039,-3.46,-3.43,-3.43,-3.46,9213,7269893.0,-0.86,1.72,0.06,7.68
1994-08-02,000039,-3.42,-3.43,-3.38,-3.43,14307,12701297.0,-1.46,0.0,0.0,11.92
1994-08-03,000039,-3.43,-3.4,-3.39,-3.44,10454,9264638.0,-1.46,0.87,0.03,8.71
1994-08-04,000039,-3.37,-3.38,-3.36,-3.4,15907,15601298.0,-1.18,0.59,0.02,13.26
1994-08-05,000039,-3.39,-3.37,-3.36,-3.39,18366,18237692.0,-0.89,0.3,0.01,15.31
1994-08-08,000039,-3.36,-3.37,-3.35,-3.38,13432,13774697.0,-0.89,0.0,0.0,11.19
1994-08-09,000039,-3.37,-3.4,-3.37,-3.4,5958,5706377.5,-0.89,-0.89,-0.03,4.97
1994-08-10,000039,-3.4,-3.36,-3.36,-3.4,10160,9765830.0,-1.18,1.18,0.04,8.47
1994-08-11,000039,-3.34,-3.36,-3.34,-3.38,30484,32859024.0,-1.19,0.0,0.0,25.4
1994-08-12,000039,-3.36,-3.36,-3.34,-3.36,5143,5508888.5,-0.6,0.0,0.0,4.29
1994-08-15,000039,-3.37,-3.37,-3.36,-3.37,5291,5393500.0,-0.3,-0.3,-0.01,4.41
1994-08-16,000039,-3.38,-3.37,-3.36,-3.38,5183,5313186.5,-0.59,0.0,0.0,4.32
1994-08-17,000039,-3.36,-3.36,-3.36,-3.37,4749,4894269.5,-0.3,0.3,0.01,3.96
1994-08-18,000039,-3.36,-3.29,-3.29,-3.36,32366,37353656.0,-2.08,2.08,0.07,26.97
1994-08-19,000039,-3.29,-3.3,-3.29,-3.31,19331,23395142.0,-0.61,-0.3,-0.01,16.11
1994-08-22,000039,-3.3,-3.28,-3.26,-3.31,23221,30590434.0,-1.52,0.61,0.02,19.35
1994-08-23,000039,-3.28,-3.22,-3.22,-3.29,17008,22258990.0,-2.13,1.83,0.06,14.17
1994-08-24,000039,-3.23,-3.24,-3.22,-3.25,16604,23425548.0,-0.93,-0.62,-0.02,13.84
1994-08-25,000039,-3.24,-3.23,-3.23,-3.24,8743,12231384.0,-0.31,0.31,0.01,7.29
1994-08-26,000039,-3.23,-3.25,-3.2,-3.25,23957,34009268.0,-1.55,-0.62,-0.02,19.96
1994-08-29,000039,-3.24,-3.26,-3.24,-3.27,13676,18378434.0,-0.92,-0.31,-0.01,11.4
1994-08-30,000039,-3.26,-3.26,-3.25,-3.27,10900,14591506.0,-0.61,0.0,0.0,9.08
1994-08-31,000039,-3.25,-3.25,-3.25,-3.26,10654,14345644.0,-0.31,0.31,0.01,8.88
1994-09-01,000039,-3.24,-3.23,-3.21,-3.25,26110,37061284.0,-1.23,0.62,0.02,21.76
1994-09-02,000039,-3.23,-3.18,-3.18,-3.24,12597,18113490.0,-1.86,1.55,0.05,10.5
1994-09-05,000039,-3.16,-3.1,-3.1,-3.17,32172,54281108.0,-2.2,2.52,0.08,26.81
1994-09-06,000039,-3.1,-3.09,-3.08,-3.14,24576,44519156.0,-1.94,0.32,0.01,20.48
1994-09-07,000039,-3.07,-3.12,-3.07,-3.15,25190,45951844.0,-2.59,-0.97,-0.03,20.99
1994-09-08,000039,-3.12,-3.1,-3.1,-3.13,12918,22950266.0,-0.96,0.64,0.02,10.77
1994-09-09,000039,-3.09,-3.14,-3.09,-3.14,11417,19804856.0,-1.61,-1.29,-0.04,9.51
1994-09-12,000039,-3.13,-3.12,-3.12,-3.13,9387,16349461.0,-0.32,0.64,0.02,7.82
1994-09-13,000039,-3.11,-3.12,-3.08,-3.12,12675,22660288.0,-1.28,0.0,0.0,10.56
1994-09-14,000039,-3.12,-3.14,-3.12,-3.17,10711,18067340.0,-1.6,-0.64,-0.02,8.93
1994-09-15,000039,-3.15,-3.15,-3.12,-3.15,5310,8984926.0,-0.96,-0.32,-0.01,4.43
1994-09-16,000039,-3.12,-3.14,-3.12,-3.15,4599,7767755.5,-0.95,0.32,0.01,3.83
1994-09-19,000039,-3.14,-3.15,-3.14,-3.15,2497,4160059.5,-0.32,-0.32,-0.01,2.08
1994-09-20,000039,-3.16,-3.17,-3.16,-3.19,9101,14546103.0,-0.95,-0.63,-0.02,7.58
1994-09-21,000039,-3.17,-3.16,-3.15,-3.17,6123,9999749.0,-0.63,0.32,0.01,5.1
1994-09-22,000039,-3.14,-3.17,-3.14,-3.17,5873,9582683.0,-0.95,-0.32,-0.01,4.89
1994-09-23,000039,-3.17,-3.18,-3.17,-3.19,5166,8141886.0,-0.63,-0.32,-0.01,4.31
1994-09-26,000039,-3.17,-3.16,-3.16,-3.18,6663,10687294.0,-0.63,0.63,0.02,5.55
1994-09-27,000039,-3.16,-3.16,-3.16,-3.18,5065,8127779.0,-0.63,0.0,0.0,4.22
1994-09-28,000039,-3.16,-3.15,-3.14,-3.17,11902,19720536.0,-0.95,0.32,0.01,9.92
1994-09-29,000039,-3.14,-3.18,-3.13,-3.24,6974,11139223.0,-3.49,-0.95,-0.03,5.81
1994-09-30,000039,-3.18,-3.23,-3.18,-3.23,10311,15109272.0,-1.57,-1.57,-0.05,8.59
1994-10-05,000039,-3.24,-3.29,-3.24,-3.31,7022,9016777.0,-2.17,-1.86,-0.06,5.85
1994-10-06,000039,-3.29,-3.31,-3.28,-3.32,6380,7994388.0,-1.22,-0.61,-0.02,5.32
1994-10-07,000039,-3.32,-3.29,-3.28,-3.36,12832,14956824.0,-2.42,0.6,0.02,10.69
1994-10-10,000039,-3.29,-3.31,-3.29,-3.31,7263,8888858.0,-0.61,-0.61,-0.02,6.05
1994-10-11,000039,-3.31,-3.3,-3.29,-3.31,2905,3515584.0,-0.6,0.3,0.01,2.42
1994-10-12,000039,-3.31,-3.3,-3.3,-3.31,2210,2688864.5,-0.3,0.0,0.0,1.84
1994-10-13,000039,-3.3,-3.33,-3.3,-3.33,3373,3894041.0,-0.91,-0.91,-0.03,2.81
1994-10-14,000039,-3.34,-3.32,-3.32,-3.35,3986,4484322.0,-0.9,0.3,0.01,3.32
1994-10-17,000039,-3.34,-3.34,-3.33,-3.34,1847,2052672.0,-0.3,-0.6,-0.02,1.54
1994-10-18,000039,-3.34,-3.33,-3.33,-3.34,1077,1195877.75,-0.3,0.3,0.01,0.9
1994-10-19,000039,-3.33,-3.32,-3.32,-3.33,2459,2812084.25,-0.3,0.3,0.01,2.05
1994-10-20,000039,-3.32,-3.3,-3.3,-3.32,3479,4112490.0,-0.6,0.6,0.02,2.9
1994-10-21,000039,-3.3,-3.31,-3.28,-3.31,15927,19950056.0,-0.91,-0.3,-0.01,13.27
1994-10-24,000039,-3.31,-3.28,-3.28,-3.32,8983,11099661.0,-1.21,0.91,0.03,7.49
1994-10-25,000039,-3.27,-3.29,-3.26,-3.29,15852,20341364.0,-0.91,-0.3,-0.01,13.21
1994-10-26,000039,-3.32,-3.31,-3.3,-3.32,9906,11980739.0,-0.61,-0.61,-0.02,8.26
1994-10-27,000039,-3.31,-3.31,-3.3,-3.31,5895,7078998.5,-0.3,0.0,0.0,4.91
1994-10-28,000039,-3.3,-3.31,-3.3,-3.31,5984,7169264.5,-0.3,0.0,0.0,4.99
1994-10-31,000039,-3.3,-3.32,-3.3,-3.32,7830,9260881.0,-0.6,-0.3,-0.01,6.53
1994-11-01,000039,-3.32,-3.31,-3.31,-3.32,2147,2495434.25,-0.3,0.3,0.01,1.79
1994-11-02,000039,-3.31,-3.32,-3.31,-3.32,704,820955.81,-0.3,-0.3,-0.01,0.59
1994-11-03,000039,-3.32,-3.31,-3.3,-3.32,3190,3813912.5,-0.6,0.3,0.01,2.66
1994-11-04,000039,-3.3,-3.32,-3.3,-3.32,2220,2626874.0,-0.6,-0.3,-0.01,1.85
1994-11-07,000039,-3.32,-3.32,-3.32,-3.33,1040,1191743.12,-0.3,0.0,0.0,0.87
1994-11-08,000039,-3.32,-3.31,-3.3,-3.32,4496,5368726.5,-0.6,0.3,0.01,3.75
1994-11-09,000039,-3.31,-3.3,-3.3,-3.31,7240,8739553.0,-0.3,0.3,0.01,6.03
1994-11-10,000039,-3.3,-3.31,-3.29,-3.31,5182,6333605.0,-0.61,-0.3,-0.01,4.32
1994-11-11,000039,-3.31,-3.3,-3.29,-3.31,1551,1886681.0,-0.6,0.3,0.01,1.29
1994-11-14,000039,-3.29,-3.29,-3.28,-3.3,9087,11381845.0,-0.61,0.3,0.01,7.57
1994-11-15,000039,-3.29,-3.3,-3.29,-3.3,3012,3705368.5,-0.3,-0.3,-0.01,2.51
1994-11-16,000039,-3.3,-3.3,-3.29,-3.3,3953,4854298.0,-0.3,0.0,0.0,3.29
1994-11-17,000039,-3.3,-3.3,-3.3,-3.31,2240,2727908.75,-0.3,0.0,0.0,1.87
1994-11-18,000039,-3.31,-3.3,-3.3,-3.31,1435,1725796.12,-0.3,0.0,0.0,1.2
1994-11-21,000039,-3.3,-3.31,-3.3,-3.31,757,907109.12,-0.3,-0.3,-0.01,0.63
1994-11-22,000039,-3.31,-3.31,-3.3,-3.31,750,899425.06,-0.3,0.0,0.0,0.63
1994-11-23,000039,-3.31,-3.31,-3.31,-3.31,1008,1206479.12,0.0,0.0,0.0,0.84
1994-11-24,000039,-3.31,-3.31,-3.31,-3.31,824,982889.19,0.0,0.0,0.0,0.69
1994-11-25,000039,-3.3,-3.3,-3.3,-3.3,3220,3936499.0,0.0,0.3,0.01,2.68
1994-11-28,000039,-3.3,-3.3,-3.3,-3.31,499,598275.94,-0.3,0.0,0.0,0.42
1994-11-29,000039,-3.31,-3.3,-3.3,-3.31,249,298386.97,-0.3,0.0,0.0,0.21
1994-11-30,000039,-3.3,-3.31,-3.3,-3.31,412,497229.03,-0.3,-0.3,-0.01,0.34
1994-12-01,000039,-3.31,-3.31,-3.3,-3.31,569,683733.06,-0.3,0.0,0.0,0.47
1994-12-02,000039,-3.31,-3.31,-3.3,-3.31,581,694000.0,-0.3,0.0,0.0,0.48
1994-12-05,000039,-3.31,-3.32,-3.31,-3.32,913,1072584.88,-0.3,-0.3,-0.01,0.76
1994-12-06,000039,-3.32,-3.32,-3.31,-3.32,646,746581.0,-0.3,0.0,0.0,0.54
1994-12-07,000039,-3.32,-3.31,-3.31,-3.32,1178,1361177.0,-0.3,0.3,0.01,0.98
1994-12-08,000039,-3.31,-3.32,-3.31,-3.32,256,297794.03,-0.3,-0.3,-0.01,0.21
1994-12-09,000039,-3.32,-3.32,-3.31,-3.33,1182,1357406.0,-0.6,0.0,0.0,0.99
1994-12-12,000039,-3.33,-3.33,-3.33,-3.33,925,1039166.0,0.0,-0.3,-0.01,0.77
1994-12-13,000039,-3.33,-3.33,-3.32,-3.34,939,1055710.75,-0.6,0.0,0.0,0.78
1994-12-14,000039,-3.33,-3.33,-3.33,-3.34,1151,1280166.25,-0.3,0.0,0.0,0.96
1994-12-15,000039,-3.34,-3.3,-3.3,-3.34,5142,6061233.5,-1.2,0.9,0.03,4.29
1994-12-16,000039,-3.3,-3.31,-3.29,-3.31,9516,11648444.0,-0.61,-0.3,-0.01,7.93
1994-12-19,000039,-3.31,-3.32,-3.3,-3.32,1590,1892459.12,-0.6,-0.3,-0.01,1.33
1994-12-20,000039,-3.32,-3.31,-3.31,-3.32,1285,1517418.88,-0.3,0.3,0.01,1.07
1994-12-21,000039,-3.3,-3.32,-3.3,-3.32,1418,1687002.12,-0.6,-0.3,-0.01,1.18
1994-12-22,000039,-3.32,-3.32,-3.32,-3.33,1858,2131790.0,-0.3,0.0,0.0,1.55
1994-12-23,000039,-3.32,-3.32,-3.32,-3.32,908,1046176.94,0.0,0.0,0.0,0.76
1994-12-26,000039,-3.32,-3.33,-3.32,-3.33,613,698573.88,-0.3,-0.3,-0.01,0.51
1994-12-27,000039,-3.33,-3.33,-3.33,-3.33,672,764044.94,0.0,0.0,0.0,0.56
1994-12-28,000039,-3.33,-3.33,-3.32,-3.33,711,808034.06,-0.3,0.0,0.0,0.59
1994-12-29,000039,-3.32,-3.34,-3.32,-3.34,1225,1382870.12,-0.6,-0.3,-0.01,1.02
1994-12-30,000039,-3.33,-3.33,-3.33,-3.33,2768,3140290.0,0.0,0.3,0.01,2.31
1995-01-03,000039,-3.33,-3.33,-3.33,-3.33,312,353892.0,0.0,0.0,0.0,0.18
1995-01-04,000039,-3.32,-3.31,-3.31,-3.32,2051,2410335.0,-0.3,0.6,0.02,1.15
1995-01-05,000039,-3.31,-3.31,-3.3,-3.31,2597,3077964.5,-0.3,0.0,0.0,1.46
1995-01-06,000039,-3.32,-3.31,-3.31,-3.32,2083,2443775.75,-0.3,0.0,0.0,1.17
1995-01-09,000039,-3.32,-3.32,-3.32,-3.32,1190,1373974.0,0.0,-0.3,-0.01,0.67
1995-01-10,000039,-3.33,-3.33,-3.32,-3.33,1969,2241509.5,-0.3,-0.3,-0.01,1.11
1995-01-11,000039,-3.32,-3.32,-3.32,-3.33,421,484150.0,-0.3,0.3,0.01,0.24
1995-01-12,000039,-3.32,-3.33,-3.32,-3.33,908,1040749.56,-0.3,-0.3,-0.01,0.51
1995-01-13,000039,-3.33,-3.33,-3.33,-3.33,1250,1408750.0,0.0,0.0,0.0,0.7
1995-01-16,000039,-3.33,-3.33,-3.32,-3.33,3377,3818711.5,-0.3,0.0,0.0,1.9
1995-01-17,000039,-3.33,-3.33,-3.32,-3.33,829,935941.0,-0.3,0.0,0.0,0.47
1995-01-18,000039,-3.33,-3.33,-3.33,-3.33,895,1012782.0,0.0,0.0,0.0,0.5
1995-01-19,000039,-3.33,-3.34,-3.33,-3.34,1225,1369305.0,-0.3,-0.3,-0.01,0.69
1995-01-20,000039,-3.34,-3.33,-3.33,-3.34,943,1053142.38,-0.3,0.3,0.01,0.53
1995-01-23,000039,-3.35,-3.34,-3.33,-3.35,334,366932.41,-0.6,-0.3,-0.01,0.19
1995-01-24,000039,-3.34,-3.34,-3.33,-3.34,565,625455.0,-0.3,0.0,0.0,0.32
1995-01-25,000039,-3.33,-3.33,-3.33,-3.33,456,510355.19,0.0,0.3,0.01,0.26
1995-01-26,000039,-3.34,-3.33,-3.33,-3.34,354,394851.62,-0.3,0.0,0.0,0.2
1995-01-27,000039,-3.33,-3.34,-3.33,-3.34,957,1066098.0,-0.3,-0.3,-0.01,0.54
1995-02-13,000039,-3.34,-3.34,-3.34,-3.37,377,407914.0,-0.9,0.0,0.0,0.21
1995-02-14,000039,-3.34,-3.34,-3.34,-3.35,556,608820.0,-0.3,0.0,0.0,0.31
1995-02-15,000039,-3.34,-3.34,-3.34,-3.35,365,398653.0,-0.3,0.0,0.0,0.21
1995-02-16,000039,-3.34,-3.34,-3.34,-3.34,371,406690.19,0.0,0.0,0.0,0.21
1995-02-17,000039,-3.34,-3.34,-3.34,-3.34,208,229257.61,0.0,0.0,0.0,0.12
1995-02-20,000039,-3.34,-3.34,-3.34,-3.34,197,217488.0,0.0,0.0,0.0,0.11
1995-02-21,000039,-3.34,-3.34,-3.34,-3.34,252,278661.62,0.0,0.0,0.0,0.14
1995-02-22,000039,-3.34,-3.3,-3.29,-3.34,3552,4177152.0,-1.5,1.2,0.04,2.0
1995-02-23,000039,-3.31,-3.31,-3.31,-3.32,4741,5601965.5,-0.3,-0.3,-0.01,2.67
1995-02-24,000039,-3.31,-3.33,-3.31,-3.33,3010,3475948.0,-0.6,-0.6,-0.02,1.69
1995-02-27,000039,-3.32,-3.32,-3.31,-3.33,1759,2033052.12,-0.6,0.3,0.01,0.99
1995-02-28,000039,-3.32,-3.31,-3.3,-3.32,2721,3200984.5,-0.6,0.3,0.01,1.53
1995-03-01,000039,-3.28,-3.3,-3.28,-3.31,5146,6420149.5,-0.91,0.3,0.01,2.9
1995-03-03,000039,-3.28,-3.29,-3.28,-3.29,7457,9439071.0,-0.3,0.3,0.01,4.2
1995-03-06,000039,-3.28,-3.27,-3.27,-3.29,8914,11456273.0,-0.61,0.61,0.02,5.02
1995-03-07,000039,-3.27,-3.27,-3.27,-3.28,11236,14602306.0,-0.31,0.0,0.0,6.33
1995-03-08,000039,-3.27,-3.28,-3.27,-3.28,4895,6315529.0,-0.31,-0.31,-0.01,2.76
1995-03-09,000039,-3.28,-3.29,-3.28,-3.29,3119,3943039.75,-0.3,-0.3,-0.01,1.76
1995-03-10,000039,-3.29,-3.29,-3.28,-3.29,2689,3344578.25,-0.3,0.0,0.0,1.51
1995-03-13,000039,-3.28,-3.3,-3.28,-3.3,1567,1949347.88,-0.61,-0.3,-0.01,0.88
1995-03-14,000039,-3.3,-3.29,-3.29,-3.3,1844,2278446.5,-0.3,0.3,0.01,1.04
1995-03-15,000039,-3.3,-3.3,-3.29,-3.31,2755,3358345.0,-0.61,-0.3,-0.01,1.55
1995-03-16,000039,-3.3,-3.3,-3.3,-3.3,790,965854.0,0.0,0.0,0.0,0.44
1995-03-17,000039,-3.3,-3.29,-3.29,-3.3,1392,1717728.0,-0.3,0.3,0.01,0.78
1995-03-20,000039,-3.29,-3.3,-3.29,-3.3,1648,2042860.75,-0.3,-0.3,-0.01,0.93
1995-03-21,000039,-3.3,-3.29,-3.29,-3.3,641,787019.81,-0.3,0.3,0.01,0.36
1995-03-22,000039,-3.29,-3.28,-3.28,-3.29,3166,3983461.25,-0.3,0.3,0.01,1.78
1995-03-23,000039,-3.28,-3.29,-3.28,-3.29,2716,3435740.25,-0.3,-0.3,-0.01,1.53
1995-03-24,000039,-3.29,-3.28,-3.28,-3.29,1201,1513740.38,-0.3,0.3,0.01,0.68
1995-03-27,000039,-3.28,-3.28,-3.28,-3.28,3093,3941100.5,0.0,0.0,0.0,1.74
1995-03-28,000039,-3.28,-3.28,-3.28,-3.28,1146,1456107.5,0.0,0.0,0.0,0.65
1995-03-29,000039,-3.28,-3.28,-3.28,-3.29,1304,1659209.62,-0.3,0.0,0.0,0.73
1995-03-30,000039,-3.28,-3.28,-3.28,-3.29,2534,3217673.25,-0.3,0.0,0.0,1.43
1995-03-31,000039,-3.29,-3.28,-3.27,-3.29,4388,5608741.5,-0.61,0.0,0.0,2.47
1995-04-03,000039,-3.28,-3.27,-3.27,-3.28,1970,2550151.0,-0.3,0.3,0.01,1.11
1995-04-04,000039,-3.27,-3.28,-3.27,-3.28,956,1230130.0,-0.31,-0.31,-0.01,0.54
1995-04-05,000039,-3.28,-3.28,-3.27,-3.28,1172,1506997.0,-0.3,0.0,0.0,0.66
1995-04-06,000039,-3.28,-3.28,-3.28,-3.28,978,1251840.0,0.0,0.0,0.0,0.55
1995-04-07,000039,-3.28,-3.26,-3.26,-3.28,5100,6697899.0,-0.61,0.61,0.02,2.87
1995-04-10,000039,-3.26,-3.27,-3.26,-3.27,4215,5589095.0,-0.31,-0.31,-0.01,2.37
1995-04-11,000039,-3.27,-3.28,-3.27,-3.28,2399,3084843.0,-0.31,-0.31,-0.01,1.35
1995-04-12,000039,-3.29,-3.28,-3.27,-3.29,1463,1861920.0,-0.61,0.0,0.0,0.82
1995-04-13,000039,-3.28,-3.28,-3.28,-3.28,763,976913.0,0.0,0.0,0.0,0.43
1995-04-14,000039,-3.28,-3.28,-3.28,-3.28,585,746732.0,0.0,0.0,0.0,0.33
1995-04-17,000039,-3.28,-3.28,-3.28,-3.28,808,1036184.0,0.0,0.0,0.0,0.45
1995-04-18,000039,-3.28,-3.28,-3.27,-3.28,975,1259165.0,-0.3,0.0,0.0,0.55
1995-04-19,000039,-3.27,-3.27,-3.27,-3.27,2721,3558036.0,0.0,0.3,0.01,1.53
1995-04-20,000039,-3.27,-3.25,-3.25,-3.27,8718,11748705.0,-0.61,0.61,0.02,4.91
1995-04-21,000039,-3.25,-3.26,-3.25,-3.26,4726,6395296.0,-0.31,-0.31,-0.01,2.66
1995-04-24,000039,-3.27,-3.27,-3.27,-3.27,3450,4510613.0,0.0,-0.31,-0.01,1.94
1995-04-25,000039,-3.28,-3.27,-3.27,-3.28,2612,3393499.0,-0.31,0.0,0.0,1.47
1995-04-26,000039,-3.27,-3.29,-3.27,-3.29,5275,6659059.0,-0.61,-0.61,-0.02,2.97
1995-04-27,000039,-3.29,-3.29,-3.28,-3.31,6076,7486041.0,-0.91,0.0,0.0,3.42
1995-04-28,000039,-3.29,-3.28,-3.28,-3.29,2076,2612843.0,-0.3,0.3,0.01,1.17
1995-05-02,000039,-3.29,-3.29,-3.28,-3.29,1098,1381651.0,-0.3,-0.3,-0.01,0.62
1995-05-03,000039,-3.3,-3.29,-3.28,-3.3,823,1035550.0,-0.61,0.0,0.0,0.46
1995-05-04,000039,-3.29,-3.29,-3.29,-3.3,1613,2009851.0,-0.3,0.0,0.0,0.91
1995-05-05,000039,-3.29,-3.28,-3.28,-3.29,520,652229.0,-0.3,0.3,0.01,0.29
1995-05-08,000039,-3.29,-3.29,-3.29,-3.29,785,987642.0,0.0,-0.3,-0.01,0.44
1995-05-09,000039,-3.29,-3.29,-3.29,-3.29,406,508779.0,0.0,0.0,0.0,0.23
1995-05-10,000039,-3.29,-3.3,-3.28,-3.3,975,1200719.0,-0.61,-0.3,-0.01,0.55
1995-05-11,000039,-3.3,-3.3,-3.29,-3.3,510,627367.0,-0.3,0.0,0.0,0.29
1995-05-12,000039,-3.3,-3.29,-3.28,-3.3,1076,1349564.0,-0.61,0.3,0.01,0.61
1995-05-15,000039,-3.3,-3.29,-3.29,-3.3,642,791103.0,-0.3,0.0,0.0,0.36
1995-05-16,000039,-3.3,-3.3,-3.29,-3.3,709,872744.0,-0.3,-0.3,-0.01,0.4
1995-05-17,000039,-3.29,-3.29,-3.29,-3.29,346,432605.0,0.0,0.3,0.01,0.19
1995-05-18,000039,-3.21,-3.15,-3.14,-3.21,42089,67490216.0,-2.13,4.26,0.14,23.7
1995-05-19,000039,-3.17,-3.14,-3.13,-3.17,22327,37587848.0,-1.27,0.32,0.01,12.57
1995-05-22,000039,-3.13,-3.13,-3.09,-3.15,22205,38484968.0,-1.91,0.32,0.01,12.5
1995-05-23,000039,-3.19,-3.22,-3.17,-3.23,19884,29716702.0,-1.92,-2.88,-0.09,11.2
1995-05-24,000039,-3.22,-3.23,-3.21,-3.25,9613,13699283.0,-1.24,-0.31,-0.01,5.41
1995-05-25,000039,-3.23,-3.22,-3.21,-3.23,9574,13885571.0,-0.62,0.31,0.01,5.39
1995-05-26,000039,-3.23,-3.21,-3.17,-3.24,11138,16360183.0,-2.17,0.31,0.01,6.27
1995-05-29,000039,-3.2,-3.2,-3.19,-3.22,3285,4892474.0,-0.93,0.31,0.01,1.85
1995-05-30,000039,-3.21,-3.2,-3.2,-3.21,2924,4401419.0,-0.31,0.0,0.0,1.65
1995-05-31,000039,-3.21,-3.21,-3.2,-3.21,2373,3541268.0,-0.31,-0.31,-0.01,1.34
1995-06-01,000039,-3.21,-3.2,-3.2,-3.24,2847,4234251.0,-1.25,0.31,0.01,1.6
1995-06-02,000039,-3.21,-3.2,-3.2,-3.21,3759,5692592.0,-0.31,0.0,0.0,2.12
1995-06-05,000039,-3.2,-3.21,-3.2,-3.21,2349,3481976.0,-0.31,-0.31,-0.01,1.32
1995-06-06,000039,-3.21,-3.21,-3.2,-3.22,1749,2586630.0,-0.62,0.0,0.0,0.98
1995-06-07,000039,-3.2,-3.2,-3.2,-3.21,1548,2314614.0,-0.31,0.31,0.01,0.87
1995-06-08,000039,-3.2,-3.2,-3.2,-3.21,2408,3638726.0,-0.31,0.0,0.0,1.36
1995-06-09,000039,-3.21,-3.2,-3.2,-3.21,1059,1592584.0,-0.31,0.0,0.0,0.6
1995-06-12,000039,-3.22,-3.21,-3.21,-3.22,1203,1783000.0,-0.31,-0.31,-0.01,0.68
1995-06-13,000039,-3.21,-3.21,-3.2,-3.21,867,1289645.0,-0.31,0.0,0.0,0.49
1995-06-14,000039,-3.21,-3.21,-3.21,-3.21,1175,1737378.0,0.0,0.0,0.0,0.66
1995-06-15,000039,-3.21,-3.25,-3.21,-3.25,4159,5814696.0,-1.25,-1.25,-0.04,2.34
1995-06-16,000039,-3.25,-3.24,-3.24,-3.26,3100,4234210.0,-0.62,0.31,0.01,1.75
1995-06-19,000039,-3.24,-3.24,-3.24,-3.25,622,857964.0,-0.31,0.0,0.0,0.35
1995-06-20,000039,-3.24,-3.24,-3.24,-3.24,577,801816.0,0.0,0.0,0.0,0.32
1995-06-21,000039,-3.24,-3.24,-3.24,-3.25,481,664482.0,-0.31,0.0,0.0,0.27
1995-06-22,000039,-3.24,-3.25,-3.24,-3.25,384,530898.0,-0.31,-0.31,-0.01,0.22
1995-06-23,000039,-3.24,-3.24,-3.24,-3.25,424,587113.0,-0.31,0.31,0.01,0.24
1995-06-26,000039,-3.24,-3.24,-3.24,-3.24,829,1154491.0,0.0,0.0,0.0,0.47
1995-06-27,000039,-3.24,-3.25,-3.23,-3.25,587,816789.0,-0.62,-0.31,-0.01,0.33
1995-06-28,000039,-3.24,-3.25,-3.24,-3.25,378,521472.0,-0.31,0.0,0.0,0.21
1995-06-29,000039,-3.24,-3.25,-3.24,-3.25,632,868516.0,-0.31,0.0,0.0,0.36
1995-06-30,000039,-3.25,-3.25,-3.25,-3.25,1339,1814134.0,0.0,0.0,0.0,0.75
1995-07-03,000039,-3.26,-3.26,-3.26,-3.26,543,723084.0,0.0,-0.31,-0.01,0.31
1995-07-04,000039,-3.27,-3.26,-3.26,-3.27,323,428994.0,-0.31,0.0,0.0,0.18
1995-07-05,000039,-3.26,-3.26,-3.26,-3.26,440,586275.0,0.0,0.0,0.0,0.25
1995-07-06,000039,-3.25,-3.26,-3.25,-3.26,807,1086460.0,-0.31,0.0,0.0,0.45
1995-07-07,000039,-3.25,-3.21,-3.2,-3.25,7768,11236576.0,-1.53,1.53,0.05,4.37
1995-07-10,000039,-3.21,-3.23,-3.21,-3.23,2319,3354080.0,-0.62,-0.62,-0.02,1.31
1995-07-11,000039,-3.23,-3.23,-3.22,-3.23,1384,1986000.0,-0.31,0.0,0.0,0.78
1995-07-12,000039,-3.23,-3.21,-3.2,-3.23,3221,4767786.0,-0.93,0.62,0.02,1.81
1995-07-13,000039,-3.21,-3.2,-3.19,-3.21,7062,10695665.0,-0.62,0.31,0.01,3.98
1995-07-14,000039,-3.2,-3.21,-3.2,-3.21,2410,3629442.0,-0.31,-0.31,-0.01,1.36
1995-07-17,000039,-3.21,-3.2,-3.19,-3.21,6403,9796353.0,-0.62,0.31,0.01,3.61
1995-07-18,000039,-3.2,-3.2,-3.19,-3.21,3499,5260715.0,-0.63,0.0,0.0,1.97
1995-07-19,000039,-3.19,-3.21,-3.19,-3.21,10479,15897518.0,-0.63,-0.31,-0.01,5.9
1995-07-20,000039,-3.21,-3.2,-3.2,-3.21,2519,3750453.0,-0.31,0.31,0.01,1.42
1995-07-21,000039,-3.19,-3.21,-3.19,-3.21,3605,5459384.0,-0.63,-0.31,-0.01,2.03
1995-07-24,000039,-3.21,-3.2,-3.19,-3.21,13756,21065760.0,-0.62,0.31,0.01,7.75
1995-07-25,000039,-3.2,-3.2,-3.19,-3.2,1765,2675064.0,-0.31,0.0,0.0,0.99
1995-07-26,000039,-3.2,-3.2,-3.2,-3.21,2373,3578100.0,-0.31,0.0,0.0,1.34
1995-07-27,000039,-3.2,-3.2,-3.2,-3.2,3599,5435789.0,0.0,0.0,0.0,2.03
1995-07-28,000039,-3.2,-3.2,-3.2,-3.2,2994,4539204.0,0.0,0.0,0.0,1.69
1995-07-31,000039,-3.2,-3.2,-3.2,-3.22,2178,3286048.0,-0.63,0.0,0.0,1.23
1995-08-01,000039,-3.25,-3.19,-3.19,-3.25,4537,6801395.0,-1.88,0.31,0.01,2.55
1995-08-02,000039,-3.18,-3.19,-3.18,-3.19,7851,8507242.0,-0.31,0.0,0.0,3.2
1995-08-03,000039,-3.19,-3.19,-3.18,-3.19,4139,4489350.0,-0.31,0.0,0.0,1.69
1995-08-07,000039,-3.19,-3.18,-3.18,-3.19,6517,7076742.0,-0.31,0.31,0.01,2.65
1995-08-08,000039,-3.18,-3.19,-3.17,-3.2,7551,8207300.0,-0.94,-0.31,-0.01,3.07
1995-08-09,000039,-3.19,-3.19,-3.18,-3.2,3606,3860545.0,-0.63,0.0,0.0,1.47
1995-08-10,000039,-3.19,-3.2,-3.19,-3.2,4403,4672054.0,-0.31,-0.31,-0.01,1.79
1995-08-11,000039,-3.2,-3.2,-3.19,-3.2,6480,6846045.0,-0.31,0.0,0.0,2.64
1995-08-14,000039,-3.2,-3.19,-3.19,-3.2,7375,7853120.0,-0.31,0.31,0.01,3.0
1995-08-15,000039,-3.19,-3.2,-3.19,-3.2,3400,3614143.0,-0.31,-0.31,-0.01,1.38
1995-08-16,000039,-3.2,-3.2,-3.19,-3.21,2848,2983270.0,-0.63,0.0,0.0,1.16
1995-08-17,000039,-3.2,-3.2,-3.19,-3.2,4876,5133089.0,-0.31,0.0,0.0,1.99
1995-08-18,000039,-3.18,-3.19,-3.18,-3.2,7042,7528885.0,-0.63,0.31,0.01,2.87
1995-08-21,000039,-3.19,-3.2,-3.18,-3.2,7890,8496470.0,-0.63,-0.31,-0.01,3.21
1995-08-22,000039,-3.2,-3.19,-3.19,-3.2,3507,3736015.0,-0.31,0.31,0.01,1.43
1995-08-23,000039,-3.19,-3.19,-3.18,-3.2,5988,6409235.0,-0.63,0.0,0.0,2.44
1995-08-24,000039,-3.19,-3.19,-3.19,-3.2,2662,2851318.0,-0.31,0.0,0.0,1.08
1995-08-25,000039,-3.19,-3.2,-3.19,-3.2,2566,2729871.0,-0.31,-0.31,-0.01,1.04
1995-08-28,000039,-3.2,-3.19,-3.19,-3.2,1850,1957300.0,-0.31,0.31,0.01,0.75
1995-08-29,000039,-3.19,-3.2,-3.19,-3.2,2557,2721115.0,-0.31,-0.31,-0.01,1.04
1995-08-30,000039,-3.2,-3.2,-3.19,-3.2,1656,1745647.0,-0.31,0.0,0.0,0.67
1995-08-31,000039,-3.2,-3.2,-3.2,-3.2,1296,1366159.0,0.0,0.0,0.0,0.53
1995-09-04,000039,-3.2,-3.2,-3.19,-3.2,1695,1793429.0,-0.31,0.0,0.0,0.69
1995-09-05,000039,-3.2,-3.2,-3.19,-3.2,1594,1687579.0,-0.31,0.0,0.0,0.65
1995-09-06,000039,-3.2,-3.19,-3.19,-3.2,1226,1298000.0,-0.31,0.31,0.01,0.5
1995-09-07,000039,-3.19,-3.19,-3.19,-3.2,3384,3602653.0,-0.31,0.0,0.0,1.38
1995-09-08,000039,-3.19,-3.19,-3.19,-3.2,3035,3238719.0,-0.31,0.0,0.0,1.24
1995-09-11,000039,-3.19,-3.19,-3.19,-3.19,2570,2748480.0,0.0,0.0,0.0,1.05
1995-09-12,000039,-3.19,-3.17,-3.16,-3.19,19354,21556284.0,-0.94,0.63,0.02,7.88
1995-09-13,000039,-3.17,-3.17,-3.16,-3.18,8325,9349257.0,-0.63,0.0,0.0,3.39
1995-09-14,000039,-3.17,-3.17,-3.16,-3.17,7145,8043779.0,-0.32,0.0,0.0,2.91
1995-09-15,000039,-3.17,-3.16,-3.16,-3.17,4420,4962116.0,-0.32,0.32,0.01,1.8
1995-09-18,000039,-3.16,-3.15,-3.15,-3.16,8472,9780882.0,-0.32,0.32,0.01,3.45
1995-09-20,000039,-3.18,-3.18,-3.17,-3.19,3842,4202724.0,-0.63,-0.95,-0.03,1.56
1995-09-21,000039,-3.18,-3.18,-3.18,-3.19,2021,2216022.0,-0.31,0.0,0.0,0.82
1995-09-22,000039,-3.18,-3.18,-3.17,-3.18,4140,4571567.0,-0.31,0.0,0.0,1.69
1995-09-25,000039,-3.18,-3.18,-3.18,-3.18,2467,2704292.0,0.0,0.0,0.0,1.0
1995-09-26,000039,-3.17,-3.17,-3.17,-3.18,2889,3198940.0,-0.31,0.31,0.01,1.18
1995-09-27,000039,-3.17,-3.18,-3.17,-3.18,3719,4127365.0,-0.32,-0.32,-0.01,1.51
1995-09-28,000039,-3.18,-3.18,-3.18,-3.19,2533,2757003.0,-0.31,0.0,0.0,1.03
1995-09-29,000039,-3.18,-3.18,-3.18,-3.18,2063,2265632.0,0.0,0.0,0.0,0.84
1995-10-04,000039,-3.18,-3.18,-3.18,-3.18,807,879320.0,0.0,0.0,0.0,0.33
1995-10-05,000039,-3.19,-3.18,-3.18,-3.19,849,922926.0,-0.31,0.0,0.0,0.35
1995-10-06,000039,-3.18,-3.19,-3.18,-3.19,1168,1269822.0,-0.31,-0.31,-0.01,0.48
1995-10-09,000039,-3.19,-3.19,-3.18,-3.19,2092,2249988.0,-0.31,0.0,0.0,0.85
1995-10-10,000039,-3.2,-3.19,-3.19,-3.2,1781,1899659.0,-0.31,0.0,0.0,0.73
1995-10-11,000039,-3.2,-3.2,-3.2,-3.21,1585,1659462.0,-0.31,-0.31,-0.01,0.65
1995-10-12,000039,-3.2,-3.21,-3.2,-3.21,2071,2149495.0,-0.31,-0.31,-0.01,0.84
1995-10-13,000039,-3.21,-3.2,-3.19,-3.21,1376,1435708.0,-0.62,0.31,0.01,0.56
1995-10-16,000039,-3.2,-3.2,-3.2,-3.2,1548,1628213.0,0.0,0.0,0.0,0.63
1995-10-17,000039,-3.19,-3.2,-3.19,-3.2,1258,1322595.0,-0.31,0.0,0.0,0.51
1995-10-18,000039,-3.2,-3.18,-3.18,-3.2,4434,4713448.0,-0.63,0.63,0.02,1.81
1995-10-19,000039,-3.18,-3.19,-3.18,-3.2,5691,6141965.0,-0.63,-0.31,-0.01,2.32
1995-10-20,000039,-3.21,-3.13,-3.11,-3.21,9411,10666346.0,-3.13,1.88,0.06,3.83
1995-10-23,000039,-3.14,-3.14,-3.13,-3.17,16951,19590228.0,-1.28,-0.32,-0.01,6.9
1995-10-24,000039,-3.15,-3.13,-3.13,-3.16,14031,16485750.0,-0.96,0.32,0.01,5.71
1995-10-25,000039,-3.09,-3.09,-3.08,-3.14,31286,39407092.0,-1.92,1.28,0.04,12.74
1995-10-26,000039,-3.09,-3.11,-3.09,-3.12,22624,28474212.0,-0.97,-0.65,-0.02,9.21
1995-10-27,000039,-3.11,-3.12,-3.11,-3.13,13184,15960265.0,-0.64,-0.32,-0.01,5.37
1995-10-30,000039,-3.13,-3.09,-3.08,-3.13,21453,27145850.0,-1.6,0.96,0.03,8.73
1995-10-31,000039,-3.09,-3.08,-3.06,-3.1,28906,38137040.0,-1.29,0.32,0.01,11.77
1995-11-01,000039,-3.09,-3.09,-3.07,-3.11,11639,14893371.0,-1.3,-0.32,-0.01,4.74
1995-11-02,000039,-3.09,-3.08,-3.08,-3.09,3895,5031326.0,-0.32,0.32,0.01,1.59
1995-11-03,000039,-3.09,-3.08,-3.07,-3.09,4436,5752899.0,-0.65,0.0,0.0,1.81
1995-11-06,000039,-3.08,-3.08,-3.07,-3.09,5743,7509923.0,-0.65,0.0,0.0,2.34
1995-11-07,000039,-3.08,-3.09,-3.08,-3.09,1792,2319404.0,-0.32,-0.32,-0.01,0.73
1995-11-08,000039,-3.09,-3.09,-3.08,-3.1,4766,6089011.0,-0.65,0.0,0.0,1.94
1995-11-09,000039,-3.09,-3.09,-3.09,-3.1,2018,2552731.0,-0.32,0.0,0.0,0.82
1995-11-10,000039,-3.09,-3.07,-3.07,-3.09,15100,19719816.0,-0.65,0.65,0.02,6.15
1995-11-13,000039,-3.07,-3.08,-3.07,-3.09,6342,8271597.0,-0.65,-0.33,-0.01,2.58
1995-11-14,000039,-3.08,-3.08,-3.08,-3.09,3569,4647718.0,-0.32,0.0,0.0,1.45
1995-11-15,000039,-3.08,-3.07,-3.07,-3.09,4420,5724265.0,-0.65,0.32,0.01,1.8
1995-11-16,000039,-3.07,-3.09,-3.07,-3.09,6701,8735766.0,-0.65,-0.65,-0.02,2.73
1995-11-17,000039,-3.09,-3.07,-3.07,-3.09,42,5542854.0,-0.65,0.65,0.02,0.02
1995-11-20,000039,-3.08,-3.07,-3.07,-3.09,2864,3793964.0,-0.65,0.0,0.0,1.17
1995-11-21,000039,-3.08,-3.08,-3.07,-3.08,2798,3686338.0,-0.33,-0.33,-0.01,1.14
1995-11-22,000039,-3.08,-3.09,-3.08,-3.09,1459,1891109.0,-0.32,-0.32,-0.01,0.59
1995-11-23,000039,-3.08,-3.09,-3.08,-3.1,3439,4405552.0,-0.65,0.0,0.0,1.4
1995-11-24,000039,-3.09,-3.08,-3.08,-3.09,1517,1956864.0,-0.32,0.32,0.01,0.62
1995-11-27,000039,-3.09,-3.09,-3.09,-3.1,1795,2275242.5,-0.32,-0.32,-0.01,0.73
1995-11-28,000039,-3.1,-3.12,-3.1,-3.13,2796,3423352.0,-0.97,-0.97,-0.03,1.14
1995-11-29,000039,-3.13,-3.12,-3.11,-3.13,1589,1935727.25,-0.64,0.0,0.0,0.65
1995-11-30,000039,-3.12,-3.12,-3.11,-3.13,1185,1437060.75,-0.64,0.0,0.0,0.48
1995-12-01,000039,-3.13,-3.12,-3.11,-3.14,1622,1972044.75,-0.96,0.0,0.0,0.66
1995-12-04,000039,-3.13,-3.13,-3.12,-3.13,591,714493.19,-0.32,-0.32,-0.01,0.24
1995-12-05,000039,-3.12,-3.12,-3.12,-3.13,368,446514.88,-0.32,0.32,0.01,0.15
1995-12-06,000039,-3.12,-3.12,-3.12,-3.13,854,1030733.81,-0.32,0.0,0.0,0.35
1995-12-07,000039,-3.13,-3.13,-3.12,-3.13,1079,1295290.0,-0.32,-0.32,-0.01,0.44
1995-12-08,000039,-3.12,-3.13,-3.12,-3.13,1406,1688185.62,-0.32,0.0,0.0,0.57
1995-12-11,000039,-3.13,-3.14,-3.13,-3.14,1625,1928521.62,-0.32,-0.32,-0.01,0.66
1995-12-12,000039,-3.14,-3.14,-3.14,-3.15,2280,2676601.75,-0.32,0.0,0.0,0.93
1995-12-13,000039,-3.14,-3.12,-3.12,-3.14,9453,11352109.0,-0.64,0.64,0.02,3.85
1995-12-14,000039,-3.13,-3.13,-3.12,-3.13,3508,4237343.0,-0.32,-0.32,-0.01,1.43
1995-12-15,000039,-3.13,-3.14,-3.13,-3.15,2103,2487568.5,-0.64,-0.32,-0.01,0.86
1995-12-18,000039,-3.15,-3.15,-3.14,-3.16,2217,2540167.5,-0.64,-0.32,-0.01,0.9
1995-12-19,000039,-3.15,-3.16,-3.15,-3.16,1510,1715287.38,-0.32,-0.32,-0.01,0.61
1995-12-20,000039,-3.16,-3.16,-3.15,-3.16,716,810727.38,-0.32,0.0,0.0,0.29
1995-12-21,000039,-3.16,-3.16,-3.16,-3.16,426,483323.19,0.0,0.0,0.0,0.17
1995-12-22,000039,-3.16,-3.16,-3.16,-3.17,994,1115371.62,-0.32,0.0,0.0,0.4
1995-12-25,000039,-3.17,-3.18,-3.17,-3.18,1108,1214017.75,-0.32,-0.63,-0.02,0.45
1995-12-26,000039,-3.18,-3.18,-3.18,-3.19,1290,1404130.75,-0.31,0.0,0.0,0.53
1995-12-27,000039,-3.18,-3.18,-3.18,-3.19,1487,1608463.5,-0.31,0.0,0.0,0.61
1995-12-28,000039,-3.19,-3.19,-3.19,-3.19,540,581656.5,0.0,-0.31,-0.01,0.22
1995-12-29,000039,-3.19,-3.14,-3.14,-3.2,2579,2859307.0,-1.88,1.57,0.05,1.05
1996-01-02,000039,-3.2,-3.21,-3.2,-3.21,2218,2321778.0,-0.32,-2.23,-0.07,0.9
1996-01-03,000039,-3.21,-3.21,-3.21,-3.22,1784,1803361.0,-0.31,0.0,0.0,0.73
1996-01-04,000039,-3.21,-3.2,-3.2,-3.22,1567,1626562.0,-0.62,0.31,0.01,0.64
1996-01-05,000039,-3.2,-3.22,-3.2,-3.22,1705,1756872.75,-0.63,-0.63,-0.02,0.69
1996-01-08,000039,-3.22,-3.21,-3.21,-3.23,1051,1069371.12,-0.62,0.31,0.01,0.43
1996-01-09,000039,-3.21,-3.2,-3.2,-3.22,988,1023805.38,-0.62,0.31,0.01,0.4
1996-01-10,000039,-3.2,-3.21,-3.2,-3.22,831,854201.62,-0.63,-0.31,-0.01,0.34
1996-01-11,000039,-3.21,-3.21,-3.21,-3.22,756,771736.0,-0.31,0.0,0.0,0.31
1996-01-12,000039,-3.21,-3.21,-3.21,-3.21,849,874399.38,0.0,0.0,0.0,0.35
1996-01-15,000039,-3.21,-3.21,-3.21,-3.21,297,306406.41,0.0,0.0,0.0,0.12
1996-01-16,000039,-3.21,-3.21,-3.21,-3.22,821,841729.0,-0.31,0.0,0.0,0.33
1996-01-17,000039,-3.21,-3.22,-3.21,-3.22,1327,1350439.0,-0.31,-0.31,-0.01,0.54
1996-01-18,000039,-3.22,-3.23,-3.22,-3.23,1448,1443126.0,-0.31,-0.31,-0.01,0.59
1996-01-19,000039,-3.23,-3.23,-3.23,-3.23,591,581968.0,0.0,0.0,0.0,0.24
1996-01-22,000039,-3.23,-3.23,-3.23,-3.23,768,753781.88,0.0,0.0,0.0,0.31
1996-01-23,000039,-3.23,-3.23,-3.23,-3.23,1722,1701073.0,0.0,0.0,0.0,0.7
1996-01-24,000039,-3.23,-3.23,-3.23,-3.23,481,477093.0,0.0,0.0,0.0,0.2
1996-01-25,000039,-3.22,-3.23,-3.22,-3.23,1047,1056132.75,-0.31,0.0,0.0,0.43
1996-01-26,000039,-3.23,-3.21,-3.19,-3.23,1889,1953653.75,-1.24,0.62,0.02,0.77
1996-01-29,000039,-3.2,-3.2,-3.2,-3.21,1312,1355402.38,-0.31,0.31,0.01,0.53
1996-01-30,000039,-3.2,-3.21,-3.2,-3.21,528,549020.0,-0.31,-0.31,-0.01,0.21
1996-01-31,000039,-3.21,-3.2,-3.2,-3.21,614,636465.38,-0.31,0.31,0.01,0.25
1996-02-01,000039,-3.2,-3.2,-3.2,-3.21,843,883468.38,-0.31,0.0,0.0,0.34
1996-02-02,000039,-3.2,-3.21,-3.2,-3.21,415,429160.0,-0.31,-0.31,-0.01,0.17
1996-02-05,000039,-3.2,-3.22,-3.2,-3.22,310,320683.0,-0.62,-0.31,-0.01,0.13
1996-02-06,000039,-3.21,-3.22,-3.21,-3.22,266,269854.81,-0.31,0.0,0.0,0.11
1996-02-07,000039,-3.22,-3.22,-3.21,-3.22,77,78314.0,-0.31,0.0,0.0,0.03
1996-02-08,000039,-3.22,-3.21,-3.21,-3.22,155,158846.59,-0.31,0.31,0.01,0.06
1996-02-09,000039,-3.22,-3.21,-3.21,-3.22,437,448235.0,-0.31,0.0,0.0,0.18
1996-02-12,000039,-3.21,-3.2,-3.2,-3.21,2524,2604620.75,-0.31,0.31,0.01,1.03
1996-02-13,000039,-3.2,-3.2,-3.2,-3.21,843,886683.38,-0.31,0.0,0.0,0.34
1996-02-14,000039,-3.21,-3.21,-3.19,-3.21,845,891150.38,-0.63,-0.31,-0.01,0.34
1996-02-15,000039,-3.2,-3.2,-3.2,-3.2,749,791339.62,0.0,0.31,0.01,0.3
1996-02-16,000039,-3.2,-3.19,-3.19,-3.2,2008,2154600.0,-0.31,0.31,0.01,0.82
1996-03-04,000039,-3.18,-3.15,-3.15,-3.18,5091,5706620.0,-0.94,1.25,0.04,2.07
1996-03-05,000039,-3.16,-3.14,-3.13,-3.17,8997,10543478.0,-1.27,0.32,0.01,3.66
1996-03-06,000039,-3.15,-3.17,-3.15,-3.18,3703,4156450.5,-0.96,-0.96,-0.03,1.51
1996-03-07,000039,-3.18,-3.16,-3.16,-3.18,1643,1842108.25,-0.63,0.32,0.01,0.67
1996-03-08,000039,-3.17,-3.16,-3.15,-3.17,4323,4917866.0,-0.63,0.0,0.0,1.76
1996-03-11,000039,-3.16,-3.16,-3.14,-3.16,3960,4583910.0,-0.63,0.0,0.0,1.61
1996-03-12,000039,-3.16,-3.16,-3.16,-3.17,2101,2389010.25,-0.32,0.0,0.0,0.86
1996-03-13,000039,-3.16,-3.16,-3.16,-3.17,674,761484.0,-0.32,0.0,0.0,0.27
1996-03-14,000039,-3.17,-3.16,-3.15,-3.17,3986,4556893.0,-0.63,0.0,0.0,1.62
1996-03-15,000039,-3.16,-3.16,-3.16,-3.17,1836,2070590.75,-0.32,0.0,0.0,0.75
1996-03-18,000039,-3.16,-3.15,-3.15,-3.17,8215,9422735.0,-0.63,0.32,0.01,3.34
1996-03-19,000039,-3.15,-3.15,-3.14,-3.15,6978,8152480.5,-0.32,0.0,0.0,2.84
1996-03-20,000039,-3.15,-3.15,-3.15,-3.15,2463,2859127.0,0.0,0.0,0.0,1.0
1996-03-21,000039,-3.15,-3.15,-3.14,-3.16,2754,3193241.0,-0.63,0.0,0.0,1.12
1996-03-22,000039,-3.15,-3.15,-3.15,-3.16,2685,3069388.5,-0.32,0.0,0.0,1.09
1996-03-25,000039,-3.16,-3.16,-3.15,-3.16,9876,11334673.0,-0.32,-0.32,-0.01,4.02
1996-03-26,000039,-3.16,-3.17,-3.16,-3.18,9449,10600375.0,-0.63,-0.32,-0.01,3.85
1996-03-27,000039,-3.17,-3.18,-3.17,-3.19,4248,4620706.0,-0.63,-0.32,-0.01,1.73
1996-03-28,000039,-3.18,-3.19,-3.18,-3.19,2437,2637206.5,-0.31,-0.31,-0.01,0.99
1996-03-29,000039,-3.19,-3.19,-3.18,-3.19,3686,3972269.5,-0.31,0.0,0.0,1.5
1996-04-01,000039,-3.18,-3.19,-3.18,-3.19,3253,3513262.5,-0.31,0.0,0.0,1.32
1996-04-02,000039,-3.19,-3.19,-3.19,-3.2,1612,1717763.62,-0.31,0.0,0.0,0.66
1996-04-03,000039,-3.2,-3.19,-3.18,-3.2,1094,1183964.0,-0.63,0.0,0.0,0.45
1996-04-04,000039,-3.2,-3.18,-3.18,-3.2,2066,2246728.0,-0.63,0.31,0.01,0.84
1996-04-05,000039,-3.18,-3.18,-3.18,-3.19,2525,2768893.5,-0.31,0.0,0.0,1.03
1996-04-08,000039,-3.18,-3.18,-3.18,-3.18,2858,3120020.75,0.0,0.0,0.0,1.16
1996-04-09,000039,-3.19,-3.19,-3.18,-3.2,1156,1250687.0,-0.63,-0.31,-0.01,0.47
1996-04-10,000039,-3.19,-3.19,-3.18,-3.2,950,1025459.0,-0.63,0.0,0.0,0.39
1996-04-11,000039,-3.19,-3.18,-3.18,-3.19,1225,1339863.25,-0.31,0.31,0.01,0.5
1996-04-12,000039,-3.18,-3.18,-3.17,-3.18,3697,4099198.25,-0.31,0.0,0.0,1.51
1996-04-15,000039,-3.18,-3.18,-3.17,-3.19,2842,3121897.75,-0.63,0.0,0.0,1.16
1996-04-16,000039,-3.18,-3.17,-3.17,-3.18,1729,1900707.62,-0.31,0.31,0.01,0.7
1996-04-17,000039,-3.17,-3.17,-3.16,-3.18,5796,6507130.5,-0.63,0.0,0.0,2.36
1996-04-18,000039,-3.17,-3.16,-3.15,-3.17,6713,7609639.5,-0.63,0.32,0.01,2.73
1996-04-19,000039,-3.15,-3.16,-3.14,-3.16,10126,11670666.0,-0.63,0.0,0.0,4.12
1996-04-22,000039,-3.15,-3.15,-3.14,-3.16,10267,11782706.0,-0.63,0.32,0.01,4.18
1996-04-23,000039,-3.15,-3.14,-3.14,-3.16,7251,8414116.0,-0.63,0.32,0.01,2.92
1996-04-24,000039,-3.14,-3.08,-3.08,-3.14,29481,37050000.0,-1.91,1.91,0.06,11.86
1996-04-25,000039,-3.08,-3.11,-3.07,-3.13,12188,15536399.0,-1.95,-0.97,-0.03,4.9
1996-04-26,000039,-3.11,-2.98,-2.98,-3.11,33798,44176824.0,-4.18,4.18,0.13,13.59
1996-04-29,000039,-2.98,-2.98,-2.98,-3.05,24090,35076036.0,-2.35,0.0,0.0,9.69
1996-04-30,000039,-2.98,-3.06,-2.98,-3.08,22722,32297360.0,-3.36,-2.68,-0.08,9.14
1996-05-02,000039,-3.06,-3.1,-3.03,-3.11,10808,14278376.0,-2.61,-1.31,-0.04,4.35
1996-05-03,000039,-3.09,-3.06,-3.05,-3.09,17022,22419736.0,-1.29,1.29,0.04,6.85
1996-05-06,000039,-3.06,-3.05,-3.05,-3.07,6781,9139107.0,-0.65,0.33,0.01,2.73
1996-05-07,000039,-3.05,-3.05,-3.04,-3.06,7275,9988562.0,-0.66,0.0,0.0,2.93
1996-05-08,000039,-3.06,-3.06,-3.06,-3.08,3580,4728061.5,-0.66,-0.33,-0.01,1.44
1996-05-09,000039,-3.05,-3.07,-3.05,-3.08,3021,3992608.0,-0.98,-0.33,-0.01,1.22
1996-05-13,000039,-3.08,-3.05,-3.05,-3.08,9177,12325128.0,-0.98,0.65,0.02,3.69
1996-05-14,000039,-3.05,-3.06,-3.05,-3.07,4756,6420143.0,-0.66,-0.33,-0.01,1.91
1996-05-15,000039,-3.06,-3.04,-3.04,-3.07,10359,14182262.0,-0.98,0.65,0.02,4.17
1996-05-16,000039,-3.04,-3.04,-3.02,-3.05,16954,23761508.0,-0.99,0.0,0.0,6.82
1996-05-17,000039,-3.04,-2.99,-2.99,-3.04,36926,53304972.0,-1.64,1.64,0.05,14.85
1996-05-20,000039,-3.0,-3.01,-2.98,-3.02,34735,52282308.0,-1.34,-0.67,-0.02,13.97
1996-05-21,000039,-3.01,-3.05,-3.0,-3.05,12984,18402620.0,-1.66,-1.33,-0.04,5.22
1996-05-22,000039,-3.06,-3.03,-3.03,-3.07,9391,12850798.0,-1.31,0.66,0.02,3.78
1996-05-23,000039,-3.03,-3.07,-3.03,-3.07,3072,4160623.25,-1.32,-1.32,-0.04,1.24
1996-05-24,000039,-3.07,-3.05,-3.04,-3.07,4297,5902052.0,-0.98,0.65,0.02,1.73
1996-05-27,000039,-3.04,-3.05,-3.04,-3.06,2623,3604714.25,-0.66,0.0,0.0,1.05
1996-05-28,000039,-3.05,-3.05,-3.04,-3.06,3365,4619054.0,-0.66,0.0,0.0,1.35
1996-05-29,000039,-3.05,-3.04,-3.04,-3.05,3748,5186901.5,-0.33,0.33,0.01,1.51
1996-05-30,000039,-3.04,-3.05,-3.04,-3.05,3715,5140890.0,-0.33,-0.33,-0.01,1.49
1996-05-31,000039,-3.05,-3.05,-3.03,-3.05,6074,8433862.0,-0.66,0.0,0.0,2.44
1996-06-03,000039,-3.04,-2.98,-2.98,-3.04,48450,70708960.0,-1.97,2.3,0.07,19.49
1996-06-04,000039,-2.98,-2.96,-2.96,-3.0,45675,69907208.0,-1.34,0.67,0.02,18.37
1996-06-05,000039,-2.94,-2.92,-2.91,-2.96,43711,70313664.0,-1.69,1.35,0.04,17.58
1996-06-06,000039,-2.92,-2.94,-2.92,-2.97,29745,47132712.0,-1.71,-0.68,-0.02,11.96
1996-06-07,000039,-2.95,-2.94,-2.93,-2.96,26749,42795104.0,-1.02,0.0,0.0,10.76
1996-06-10,000039,-2.92,-2.93,-2.91,-2.96,32495,52101032.0,-1.7,0.34,0.01,13.07
1996-06-11,000039,-2.92,-2.87,-2.86,-2.95,71803,91228112.0,-3.07,2.05,0.06,22.49
1996-06-12,000039,-2.83,-2.85,-2.78,-2.86,61968,85753536.0,-2.79,0.7,0.02,19.41
1996-06-13,000039,-2.85,-2.88,-2.85,-2.89,52692,69464056.0,-1.4,-1.05,-0.03,16.5
1996-06-14,000039,-2.87,-2.92,-2.87,-2.93,34341,43280464.0,-2.08,-1.39,-0.04,10.76
1996-06-17,000039,-2.87,-2.86,-2.84,-2.9,71823,97118280.0,-2.05,2.05,0.06,22.49
1996-06-18,000039,-2.86,-2.84,-2.84,-2.86,30556,41629868.0,-0.7,0.7,0.02,9.57
1996-06-19,000039,-2.82,-2.8,-2.79,-2.83,35570,50660380.0,-1.41,1.41,0.04,11.14
1996-06-20,000039,-2.81,-2.81,-2.8,-2.82,21856,31126588.0,-0.71,-0.36,-0.01,6.85
1996-06-21,000039,-2.81,-2.82,-2.81,-2.83,18217,25583984.0,-0.71,-0.36,-0.01,5.71
1996-06-24,000039,-2.82,-2.82,-2.82,-2.84,14377,20039706.0,-0.71,0.0,0.0,4.5
1996-06-25,000039,-2.83,-2.83,-2.81,-2.85,15167,21174456.0,-1.42,-0.35,-0.01,4.75
1996-06-26,000039,-2.84,-2.83,-2.83,-2.84,7531,10383351.0,-0.35,0.0,0.0,2.36
1996-06-27,000039,-2.83,-2.84,-2.82,-2.84,9995,13880524.0,-0.71,-0.35,-0.01,3.13
1996-06-28,000039,-2.84,-2.87,-2.84,-2.87,11460,15425332.0,-1.06,-1.06,-0.03,3.59
1996-07-01,000039,-2.89,-2.88,-2.88,-2.9,14023,18166460.0,-0.7,-0.35,-0.01,4.39
1996-07-02,000039,-2.89,-2.89,-2.88,-2.89,5736,7429540.5,-0.35,-0.35,-0.01,1.8
1996-07-03,000039,-2.89,-2.85,-2.85,-2.89,9262,12409968.0,-1.38,1.38,0.04,2.9
1996-07-04,000039,-2.84,-2.83,-2.82,-2.85,16213,22289788.0,-1.05,0.7,0.02,5.08
1996-07-05,000039,-2.82,-2.81,-2.8,-2.82,35977,51374796.0,-0.71,0.71,0.02,11.27
1996-07-08,000039,-2.81,-2.78,-2.78,-2.81,27622,39710296.0,-1.07,1.07,0.03,8.65
1996-07-09,000039,-2.76,-2.77,-2.75,-2.79,20249,30024444.0,-1.44,0.36,0.01,6.34
1996-07-10,000039,-2.76,-2.74,-2.72,-2.77,37300,57226964.0,-1.81,1.08,0.03,11.68
1996-07-11,000039,-2.73,-2.8,-2.73,-2.8,26507,39563128.0,-2.55,-2.19,-0.06,8.3
1996-07-12,000039,-2.82,-2.75,-2.74,-2.82,24629,36353372.0,-2.86,1.79,0.05,7.71
1996-07-15,000039,-2.73,-2.74,-2.72,-2.76,42551,65352640.0,-1.45,0.36,0.01,13.33
1996-07-16,000039,-2.74,-2.71,-2.7,-2.76,36385,57043112.0,-2.19,1.09,0.03,11.4
1996-07-17,000039,-2.71,-2.73,-2.67,-2.75,39801,63011120.0,-2.95,-0.74,-0.02,12.47
1996-07-18,000039,-2.75,-2.69,-2.68,-2.75,23845,37684760.0,-2.56,1.47,0.04,7.47
1996-07-19,000039,-2.68,-2.71,-2.67,-2.73,23227,36918592.0,-2.23,-0.74,-0.02,7.27
1996-07-22,000039,-2.7,-2.71,-2.7,-2.73,14803,23373644.0,-1.11,0.0,0.0,4.64
1996-07-23,000039,-2.71,-2.68,-2.66,-2.72,30724,49997448.0,-2.21,1.11,0.03,9.62
1996-07-24,000039,-2.64,-2.65,-2.61,-2.67,29232,49878516.0,-2.24,1.12,0.03,9.16
1996-07-25,000039,-2.67,-2.71,-2.65,-2.73,21230,34433892.0,-3.02,-2.26,-0.06,6.65
1996-07-26,000039,-2.71,-2.72,-2.68,-2.73,14542,23117604.0,-1.85,-0.37,-0.01,4.55
1996-07-29,000039,-2.71,-2.67,-2.66,-2.72,14866,24089250.0,-2.21,1.84,0.05,4.66
1996-07-30,000039,-2.66,-2.69,-2.65,-2.7,13355,21921328.0,-1.87,-0.75,-0.02,4.18
1996-07-31,000039,-2.7,-2.72,-2.7,-2.73,8278,13068992.0,-1.12,-1.12,-0.03,2.59
1996-08-01,000039,-2.72,-2.73,-2.71,-2.74,8839,13720001.0,-1.1,-0.37,-0.01,2.77
1996-08-02,000039,-2.71,-2.72,-2.69,-2.74,9905,15666508.0,-1.83,0.37,0.01,3.1
1996-08-05,000039,-2.72,-2.7,-2.69,-2.73,9055,14411993.0,-1.47,0.74,0.02,2.84
1996-08-06,000039,-2.69,-2.69,-2.67,-2.7,8978,14559119.0,-1.11,0.37,0.01,2.81
1996-08-07,000039,-2.68,-2.68,-2.67,-2.7,13594,22289306.0,-1.12,0.37,0.01,4.26
1996-08-08,000039,-2.68,-2.69,-2.68,-2.7,9490,15365392.0,-0.75,-0.37,-0.01,2.97
1996-08-09,000039,-2.69,-2.71,-2.69,-2.72,7649,12128507.0,-1.12,-0.74,-0.02,2.4
1996-08-12,000039,-2.72,-2.7,-2.69,-2.73,7269,11496862.0,-1.48,0.37,0.01,2.28
1996-08-13,000039,-2.7,-2.68,-2.65,-2.71,10864,17806792.0,-2.22,0.74,0.02,3.4
1996-08-14,000039,-2.67,-2.69,-2.66,-2.69,7243,11900710.0,-1.12,-0.37,-0.01,2.27
1996-08-15,000039,-2.7,-2.71,-2.69,-2.71,5504,8826793.0,-0.74,-0.74,-0.02,1.72
1996-08-16,000039,-2.72,-2.72,-2.71,-2.74,6864,10754429.0,-1.11,-0.37,-0.01,2.15
1996-08-19,000039,-2.73,-2.74,-2.72,-2.74,4500,6967410.0,-0.74,-0.74,-0.02,1.41
1996-08-20,000039,-2.75,-2.77,-2.74,-2.77,5803,8757861.0,-1.09,-1.09,-0.03,1.82
1996-08-21,000039,-2.79,-2.76,-2.74,-2.79,6898,10445025.0,-1.81,0.36,0.01,2.16
1996-08-22,000039,-2.74,-2.75,-2.71,-2.76,9558,14800611.0,-1.81,0.36,0.01,2.99
1996-08-23,000039,-2.75,-2.77,-2.74,-2.78,5447,8151435.0,-1.45,-0.73,-0.02,1.71
1996-08-26,000039,-2.79,-2.79,-2.76,-2.79,4021,5959667.0,-1.08,-0.72,-0.02,1.26
1996-08-27,000039,-2.79,-2.74,-2.74,-2.8,8819,13341012.0,-2.15,1.79,0.05,2.76
1996-08-28,000039,-2.7,-2.72,-2.69,-2.74,10966,17084258.0,-1.82,0.73,0.02,3.43
1996-08-29,000039,-2.72,-2.73,-2.72,-2.76,8034,12318358.0,-1.47,-0.37,-0.01,2.52
1996-08-30,000039,-2.73,-2.71,-2.7,-2.73,16556,26270820.0,-1.1,0.73,0.02,5.19
1996-09-02,000039,-2.7,-2.71,-2.69,-2.72,12108,19208616.0,-1.11,0.0,0.0,3.79
1996-09-03,000039,-2.71,-2.72,-2.7,-2.73,8655,13627686.0,-1.11,-0.37,-0.01,2.71
1996-09-04,000039,-2.73,-2.72,-2.71,-2.74,7427,11586330.0,-1.1,0.0,0.0,2.33
1996-09-05,000039,-2.71,-2.75,-2.71,-2.75,8957,13987732.0,-1.47,-1.1,-0.03,2.81
1996-09-06,000039,-2.76,-2.77,-2.74,-2.77,6794,10185877.0,-1.09,-0.73,-0.02,2.13
1996-09-09,000039,-2.78,-2.78,-2.76,-2.79,2821,4153336.75,-1.08,-0.36,-0.01,0.88
1996-09-10,000039,-2.79,-2.81,-2.78,-2.81,4393,6352822.5,-1.08,-1.08,-0.03,1.38
1996-09-11,000039,-2.81,-2.8,-2.79,-2.81,4154,5963435.5,-0.71,0.36,0.01,1.3
1996-09-12,000039,-2.79,-2.83,-2.79,-2.83,4819,6796001.5,-1.43,-1.07,-0.03,1.51
1996-09-13,000039,-2.84,-2.82,-2.82,-2.85,3778,5220347.0,-1.06,0.35,0.01,1.18
1996-09-16,000039,-2.81,-2.81,-2.81,-2.83,4043,5685296.0,-0.71,0.35,0.01,1.27
1996-09-17,000039,-2.81,-2.78,-2.76,-2.82,9482,13891289.0,-2.14,1.07,0.03,2.97
1996-09-18,000039,-2.78,-2.83,-2.77,-2.84,5235,7424812.5,-2.52,-1.8,-0.05,1.64
1996-09-19,000039,-2.84,-2.84,-2.82,-2.85,3222,4440272.0,-1.06,-0.35,-0.01,1.01
1996-09-20,000039,-2.83,-2.82,-2.82,-2.83,2587,3617148.25,-0.35,0.7,0.02,0.81
1996-09-23,000039,-2.81,-2.81,-2.81,-2.82,2563,3631328.0,-0.35,0.35,0.01,0.8
1996-09-24,000039,-2.81,-2.79,-2.78,-2.81,6037,8807181.0,-1.07,0.71,0.02,1.89
1996-09-25,000039,-2.78,-2.8,-2.77,-2.81,4485,6501121.0,-1.43,-0.36,-0.01,1.4
1996-09-26,000039,-2.79,-2.8,-2.78,-2.8,4264,6171886.0,-0.71,0.0,0.0,1.34
1996-09-27,000039,-2.77,-2.78,-2.77,-2.79,8169,11985506.0,-0.71,0.71,0.02,2.56
1996-10-03,000039,-2.76,-2.77,-2.75,-2.77,7289,11023467.0,-0.72,0.36,0.01,2.28
1996-10-04,000039,-2.77,-2.77,-2.77,-2.78,5897,8741885.0,-0.36,0.0,0.0,1.85
1996-10-07,000039,-2.77,-2.76,-2.75,-2.78,3727,5571806.5,-1.08,0.36,0.01,1.17
1996-10-08,000039,-2.76,-2.76,-2.76,-2.77,6444,9663379.0,-0.36,0.0,0.0,2.02
1996-10-09,000039,-2.75,-2.77,-2.74,-2.77,9800,14902611.0,-1.09,-0.36,-0.01,3.07
1996-10-10,000039,-2.77,-2.76,-2.76,-2.79,5602,8359672.0,-1.08,0.36,0.01,1.75
1996-10-11,000039,-2.76,-2.74,-2.74,-2.77,24756,37532964.0,-1.09,0.72,0.02,7.75
1996-10-14,000039,-2.73,-2.72,-2.71,-2.73,14926,23423048.0,-0.73,0.73,0.02,4.67
1996-10-15,000039,-2.72,-2.7,-2.7,-2.75,19793,31018986.0,-1.84,0.74,0.02,6.2
1996-10-16,000039,-2.69,-2.69,-2.68,-2.71,21884,35184368.0,-1.11,0.37,0.01,6.85
1996-10-17,000039,-2.7,-2.7,-2.69,-2.72,10530,16730274.0,-1.12,-0.37,-0.01,3.3
1996-10-18,000039,-2.64,-2.69,-2.62,-2.71,33099,54609068.0,-3.33,0.37,0.01,10.37
1996-10-21,000039,-2.69,-2.67,-2.67,-2.69,15491,25259992.0,-0.74,0.74,0.02,4.85
1996-10-22,000039,-2.69,-2.71,-2.69,-2.72,13651,21873098.0,-1.12,-1.5,-0.04,4.28
1996-10-23,000039,-2.69,-2.67,-2.66,-2.7,15601,25522176.0,-1.48,1.48,0.04,4.89
1996-10-24,000039,-2.65,-2.68,-2.64,-2.69,11137,18504216.0,-1.87,-0.37,-0.01,3.49
1996-10-25,000039,-2.69,-2.69,-2.68,-2.7,7716,12454220.0,-0.75,-0.37,-0.01,2.42
1996-10-28,000039,-2.69,-2.66,-2.65,-2.69,25120,41958528.0,-1.49,1.12,0.03,7.87
1996-10-29,000039,-2.65,-2.6,-2.57,-2.65,44768,80115872.0,-3.01,2.26,0.06,14.02
1996-10-30,000039,-2.58,-2.62,-2.56,-2.63,24535,43166012.0,-2.69,-0.77,-0.02,7.68
1996-10-31,000039,-2.61,-2.61,-2.61,-2.64,12909,22316974.0,-1.15,0.38,0.01,4.04
1996-11-01,000039,-2.64,-2.65,-2.63,-2.69,18385,30841454.0,-2.3,-1.53,-0.04,5.76
1996-11-04,000039,-2.68,-2.63,-2.63,-2.68,10911,18462182.0,-1.89,0.75,0.02,3.42
1996-11-05,000039,-2.63,-2.65,-2.63,-2.66,7662,12998630.0,-1.14,-0.76,-0.02,2.4
1996-11-06,000039,-2.66,-2.68,-2.65,-2.69,8203,13442515.0,-1.51,-1.13,-0.03,2.57
1996-11-07,000039,-2.68,-2.66,-2.66,-2.68,4851,8024923.0,-0.75,0.75,0.02,1.52
1996-11-08,000039,-2.66,-2.65,-2.62,-2.66,11112,18878998.0,-1.5,0.38,0.01,3.48
1996-11-11,000039,-2.62,-2.59,-2.58,-2.63,21163,37601224.0,-1.89,2.26,0.06,6.63
1996-11-12,000039,-2.58,-2.56,-2.54,-2.59,25719,47144288.0,-1.93,1.16,0.03,8.05
1996-11-13,000039,-2.55,-2.57,-2.55,-2.59,14561,26336752.0,-1.56,-0.39,-0.01,4.56
1996-11-14,000039,-2.57,-2.53,-2.52,-2.58,21971,41037092.0,-2.33,1.56,0.04,6.88
1996-11-15,000039,-2.55,-2.52,-2.47,-2.56,27161,51968540.0,-3.56,0.4,0.01,8.51
1996-11-18,000039,-2.47,-2.48,-2.44,-2.5,26810,52963176.0,-2.38,1.59,0.04,8.4
1996-11-19,000039,-2.48,-2.49,-2.48,-2.52,17983,34590792.0,-1.61,-0.4,-0.01,5.63
1996-11-20,000039,-2.52,-2.48,-2.47,-2.52,19117,37138848.0,-2.01,0.4,0.01,5.99
1996-11-21,000039,-2.48,-2.56,-2.47,-2.57,15490,29734324.0,-4.03,-3.23,-0.08,4.85
1996-11-22,000039,-2.58,-2.52,-2.52,-2.61,15136,27466516.0,-3.52,1.56,0.04,4.74
1996-11-25,000039,-2.51,-2.49,-2.49,-2.55,18153,34621900.0,-2.38,1.19,0.03,5.69
1996-11-26,000039,-2.48,-2.51,-2.47,-2.53,16268,31205650.0,-2.41,-0.8,-0.02,5.1
1996-11-27,000039,-2.51,-2.53,-2.51,-2.53,9029,17078592.0,-0.8,-0.8,-0.02,2.83
1996-11-28,000039,-2.55,-2.55,-2.54,-2.56,5844,10793290.0,-0.79,-0.79,-0.02,1.83
1996-11-29,000039,-2.54,-2.55,-2.53,-2.55,7476,13854656.0,-0.78,0.0,0.0,2.34
1996-12-02,000039,-2.54,-2.55,-2.52,-2.55,10018,18630152.0,-1.18,0.0,0.0,3.14
1996-12-03,000039,-2.55,-2.49,-2.49,-2.55,7960,15061046.0,-2.35,2.35,0.06,2.49
1996-12-04,000039,-2.47,-2.5,-2.47,-2.5,12139,23636776.0,-1.2,-0.4,-0.01,3.8
1996-12-05,000039,-2.5,-2.49,-2.49,-2.51,10006,19361004.0,-0.8,0.4,0.01,3.13
1996-12-06,000039,-2.49,-2.47,-2.47,-2.49,11395,22379666.0,-0.8,0.8,0.02,3.57
1996-12-09,000039,-2.48,-2.44,-2.43,-2.48,12601,25232710.0,-2.02,1.21,0.03,3.95
1996-12-10,000039,-2.44,-2.44,-2.43,-2.47,13435,26810188.0,-1.64,0.0,0.0,4.21
1996-12-11,000039,-2.45,-2.34,-2.34,-2.46,31748,67830008.0,-4.92,4.1,0.1,9.94
1996-12-12,000039,-2.31,-2.36,-2.27,-2.39,24310,53778028.0,-5.13,-0.85,-0.02,7.61
1996-12-13,000039,-2.36,-2.43,-2.35,-2.46,16088,33747220.0,-4.66,-2.97,-0.07,5.04
1996-12-16,000039,-2.56,-2.56,-2.56,-2.56,1989,3647826.0,0.0,-5.35,-0.13,0.62
1996-12-17,000039,-2.67,-2.67,-2.58,-2.67,15869,26636978.0,-3.52,-4.3,-0.11,4.97
1996-12-18,000039,-2.7,-2.57,-2.57,-2.7,23751,41534316.0,-4.87,3.75,0.1,7.44
1996-12-19,000039,-2.55,-2.61,-2.49,-2.65,24889,45410888.0,-6.23,-1.56,-0.04,7.8
1996-12-20,000039,-2.64,-2.61,-2.59,-2.66,12159,20764956.0,-2.68,0.0,0.0,3.81
1996-12-23,000039,-2.61,-2.59,-2.57,-2.62,9718,17334268.0,-1.92,0.77,0.02,3.04
1996-12-24,000039,-2.58,-2.64,-2.57,-2.64,7626,13400289.0,-2.7,-1.93,-0.05,2.39
1996-12-25,000039,-2.62,-2.61,-2.61,-2.66,10764,18440914.0,-1.89,1.14,0.03,3.37
1996-12-26,000039,-2.59,-2.61,-2.59,-2.62,5162,9037895.0,-1.15,0.0,0.0,1.62
1996-12-27,000039,-2.59,-2.59,-2.58,-2.62,12688,22310842.0,-1.53,0.77,0.02,3.97
1996-12-30,000039,-2.58,-2.57,-2.57,-2.61,28308,51041888.0,-1.54,0.77,0.02,8.87
1996-12-31,000039,-2.57,-2.6,-2.57,-2.61,8569,15345446.0,-1.56,-1.17,-0.03,2.68
1997-01-02,000039,-2.6,-2.6,-2.58,-2.62,4270,7531525.5,-1.54,0.0,0.0,1.34
1997-01-03,000039,-2.59,-2.62,-2.58,-2.62,4912,8679869.0,-1.54,-0.77,-0.02,1.54
1997-01-06,000039,-2.62,-2.64,-2.61,-2.64,3526,6055907.0,-1.15,-0.76,-0.02,1.1
1997-01-07,000039,-2.65,-2.62,-2.61,-2.66,3507,6009568.0,-1.89,0.76,0.02,1.1
1997-01-08,000039,-2.62,-2.62,-2.61,-2.64,6447,11123941.0,-1.15,0.0,0.0,2.02
1997-01-09,000039,-2.62,-2.61,-2.6,-2.62,2046,3589367.5,-0.76,0.38,0.01,0.64
1997-01-10,000039,-2.61,-2.61,-2.6,-2.62,1756,3070418.0,-0.77,0.0,0.0,0.55
1997-01-13,000039,-2.6,-2.59,-2.59,-2.61,4187,7415320.5,-0.77,0.77,0.02,1.31
1997-01-14,000039,-2.59,-2.62,-2.59,-2.62,2233,3941028.0,-1.16,-1.16,-0.03,0.7
1997-01-15,000039,-2.62,-2.59,-2.58,-2.62,3828,6816766.5,-1.53,1.15,0.03,1.2
1997-01-16,000039,-2.59,-2.59,-2.58,-2.61,2638,4690105.0,-1.16,0.0,0.0,0.83
1997-01-17,000039,-2.59,-2.58,-2.57,-2.59,7455,13414081.0,-0.77,0.39,0.01,2.33
1997-01-20,000039,-2.57,-2.58,-2.57,-2.58,3736,6728499.5,-0.39,0.0,0.0,1.17
1997-01-21,000039,-2.57,-2.58,-2.57,-2.58,3127,5662979.5,-0.39,0.0,0.0,0.98
1997-01-22,000039,-2.58,-2.56,-2.55,-2.58,7184,13200454.0,-1.16,0.78,0.02,2.25
1997-01-23,000039,-2.55,-2.52,-2.51,-2.55,20452,38332640.0,-1.56,1.56,0.04,6.41
1997-01-24,000039,-2.52,-2.54,-2.51,-2.55,9087,17048850.0,-1.59,-0.79,-0.02,2.85
1997-01-27,000039,-2.52,-2.53,-2.5,-2.54,10126,19237976.0,-1.57,0.39,0.01,3.17
1997-01-28,000039,-2.53,-2.54,-2.53,-2.55,4773,8864271.0,-0.79,-0.4,-0.01,1.49
1997-01-29,000039,-2.54,-2.54,-2.54,-2.55,6852,12737851.0,-0.39,0.0,0.0,2.15
1997-01-30,000039,-2.54,-2.53,-2.51,-2.54,7966,15053530.0,-1.18,0.39,0.01,2.49
1997-01-31,000039,-2.52,-2.51,-2.5,-2.52,9819,18744722.0,-0.79,0.79,0.02,3.08
1997-02-17,000039,-2.52,-2.52,-2.51,-2.53,5110,9673645.0,-0.8,-0.4,-0.01,1.6
1997-02-18,000039,-2.52,-2.63,-2.52,-2.63,18343,32787446.0,-4.37,-4.37,-0.11,5.74
1997-02-19,000039,-2.6,-2.58,-2.57,-2.61,10073,17910928.0,-1.52,1.9,0.05,3.15
1997-02-20,000039,-2.69,-2.59,-2.58,-2.69,11503,20036168.0,-4.26,-0.39,-0.01,3.6
1997-02-21,000039,-2.58,-2.58,-2.58,-2.59,5431,9731379.0,-0.39,0.39,0.01,1.7
1997-02-24,000039,-2.57,-2.57,-2.56,-2.58,5636,10214738.0,-0.78,0.39,0.01,1.77
1997-02-25,000039,-2.57,-2.57,-2.55,-2.58,4037,7382507.5,-1.17,0.0,0.0,1.26
1997-02-26,000039,-2.57,-2.53,-2.53,-2.57,5672,10527627.0,-1.56,1.56,0.04,1.78
1997-02-27,000039,-2.53,-2.51,-2.49,-2.53,16470,31599648.0,-1.58,0.79,0.02,5.16
1997-02-28,000039,-2.51,-2.47,-2.47,-2.52,18950,37069388.0,-1.99,1.59,0.04,5.93
1997-03-03,000039,-2.47,-2.47,-2.45,-2.47,12476,24854318.0,-0.81,0.0,0.0,3.91
1997-03-04,000039,-2.47,-2.49,-2.46,-2.51,11465,22328958.0,-2.02,-0.81,-0.02,3.59
1997-03-05,000039,-2.49,-2.51,-2.48,-2.52,5572,10775389.0,-1.61,-0.8,-0.02,1.75
1997-03-06,000039,-2.51,-2.49,-2.48,-2.52,6478,12541699.0,-1.59,0.8,0.02,2.03
1997-03-07,000039,-2.49,-2.47,-2.42,-2.5,14888,29365792.0,-3.21,0.8,0.02,4.66
1997-03-10,000039,-2.47,-2.46,-2.44,-2.47,8271,16502993.0,-1.21,0.4,0.01,2.59
1997-03-11,000039,-2.46,-2.44,-2.43,-2.46,14348,29028282.0,-1.22,0.81,0.02,4.49
1997-03-12,000039,-2.43,-2.34,-2.34,-2.44,31982,66879888.0,-4.1,4.1,0.1,10.02
1997-03-13,000039,-2.35,-2.37,-2.34,-2.39,20600,43967080.0,-2.14,-1.28,-0.03,6.45
1997-03-14,000039,-2.39,-2.29,-2.27,-2.39,29733,66890648.0,-5.06,3.38,0.08,9.31
1997-03-17,000039,-2.25,-2.27,-2.22,-2.27,24463,57262680.0,-2.18,0.87,0.02,7.66
1997-03-18,000039,-2.27,-2.26,-2.21,-2.29,24101,56261044.0,-3.52,0.44,0.01,7.55
1997-03-19,000039,-2.27,-2.25,-2.22,-2.29,16542,38230540.0,-3.1,0.44,0.01,5.18
1997-03-20,000039,-2.26,-2.31,-2.24,-2.32,12951,29764846.0,-3.56,-2.67,-0.06,4.06
1997-03-21,000039,-2.31,-2.27,-2.26,-2.33,14246,32119944.0,-3.03,1.73,0.04,4.46
1997-03-24,000039,-2.24,-2.25,-2.22,-2.27,21534,50395192.0,-2.2,0.88,0.02,6.74
1997-03-25,000039,-2.24,-2.2,-2.15,-2.24,24778,60358712.0,-4.0,2.22,0.05,7.76
1997-03-26,000039,-2.2,-2.23,-2.2,-2.25,23275,55126512.0,-2.27,-1.36,-0.03,7.29
1997-03-27,000039,-2.22,-2.27,-2.22,-2.28,21793,50742008.0,-2.69,-1.79,-0.04,6.83
1997-03-28,000039,-2.27,-2.26,-2.23,-2.28,12350,28731136.0,-2.2,0.44,0.01,3.87
1997-03-31,000039,-2.25,-2.25,-2.23,-2.27,7903,18484366.0,-1.77,0.44,0.01,2.48
1997-04-01,000039,-2.23,-2.26,-2.22,-2.26,6293,14675426.0,-1.78,-0.44,-0.01,1.97
1997-04-02,000039,-2.26,-2.24,-2.22,-2.26,10642,25046726.0,-1.77,0.88,0.02,3.33
1997-04-03,000039,-2.24,-2.24,-2.22,-2.26,6342,14861884.0,-1.79,0.0,0.0,1.99
1997-04-04,000039,-2.22,-2.15,-2.12,-2.22,31997,79396424.0,-4.46,4.02,0.09,10.02
1997-04-07,000039,-2.12,-2.09,-2.07,-2.14,26835,69316216.0,-3.26,2.79,0.06,8.4
1997-04-08,000039,-2.09,-2.17,-2.09,-2.17,20552,51685464.0,-3.83,-3.83,-0.08,6.44
1997-04-09,000039,-2.18,-2.16,-2.13,-2.19,17488,43402572.0,-2.76,0.46,0.01,5.48
1997-04-10,000039,-2.16,-2.18,-2.15,-2.18,12956,31983300.0,-1.39,-0.93,-0.02,4.06
1997-04-11,000039,-2.19,-2.23,-2.19,-2.25,13749,32672072.0,-2.75,-2.29,-0.05,4.31
1997-04-14,000039,-2.15,-2.19,-2.12,-2.21,18037,44275376.0,-4.04,1.79,0.04,5.65
1997-04-15,000039,-2.18,-2.19,-2.17,-2.2,7990,19353356.0,-1.37,0.0,0.0,2.5
1997-04-16,000039,-2.19,-2.21,-2.16,-2.23,5795,13974168.0,-3.2,-0.91,-0.02,1.81
1997-04-17,000039,-2.2,-2.21,-2.2,-2.22,9054,21699670.0,-0.9,0.0,0.0,2.84
1997-04-18,000039,-2.21,-2.2,-2.2,-2.22,8149,19539596.0,-0.9,0.45,0.01,2.55
1997-04-21,000039,-2.17,-2.14,-2.1,-2.17,20715,52411460.0,-3.18,2.73,0.06,6.49
1997-04-22,000039,-2.13,-2.13,-2.12,-2.15,12987,32733644.0,-1.4,0.47,0.01,4.07
1997-04-23,000039,-2.12,-2.09,-2.07,-2.14,25911,67099740.0,-3.29,1.88,0.04,8.12
1997-04-24,000039,-2.11,-2.08,-2.04,-2.12,30121,78989136.0,-3.83,0.48,0.01,9.43
1997-04-25,000039,-2.07,-1.96,-1.94,-2.07,44001,121556352.0,-6.25,5.77,0.12,13.78
1997-04-28,000039,-1.89,-1.79,-1.79,-1.89,35134,106952296.0,-5.1,8.67,0.17,11.0
1997-04-29,000039,-1.66,-1.83,-1.63,-1.9,41446,127807672.0,-15.08,-2.23,-0.04,12.98
1997-04-30,000039,-1.83,-1.78,-1.77,-1.87,17035,51860848.0,-5.46,2.73,0.05,5.34
1997-05-05,000039,-1.77,-1.66,-1.65,-1.78,24929,80978368.0,-7.3,6.74,0.12,7.81
1997-05-06,000039,-1.63,-1.46,-1.46,-1.64,29635,104109048.0,-10.84,12.05,0.2,9.28
1997-05-07,000039,-1.44,-1.49,-1.4,-1.6,29178,104519568.0,-13.7,-2.05,-0.03,9.14
1997-05-08,000039,-1.5,-1.66,-1.5,-1.69,27945,96714136.0,-12.75,-11.41,-0.17,8.75
1997-05-09,000039,-1.69,-1.54,-1.53,-1.72,25304,84278344.0,-11.45,7.23,0.12,7.93
1997-05-12,000039,-1.49,-1.56,-1.44,-1.6,19047,66935936.0,-10.39,-1.3,-0.02,5.97
1997-05-13,000039,-1.6,-1.6,-1.53,-1.67,13513,45607288.0,-8.97,-2.56,-0.04,4.23
1997-05-14,000039,-1.66,-1.72,-1.62,-1.74,13101,42761732.0,-7.5,-7.5,-0.12,4.1
1997-05-15,000039,-1.73,-1.66,-1.64,-1.79,12155,38952652.0,-8.72,3.49,0.06,3.81
1997-05-16,000039,-1.84,-1.86,-1.67,-1.86,16869,52016228.0,-11.45,-12.05,-0.2,5.28
1997-05-19,000039,-1.84,-1.87,-1.84,-1.95,5002,14642137.0,-5.91,-0.54,-0.01,1.57
1997-05-20,000039,-1.87,-1.71,-1.71,-1.87,15805,49686132.0,-8.56,8.56,0.16,4.95
1997-05-21,000039,-1.69,-1.77,-1.68,-1.82,12496,39211772.0,-8.19,-3.51,-0.06,3.91
1997-05-22,000039,-1.96,-1.95,-1.83,-1.96,18084,52093304.0,-7.34,-10.17,-0.18,5.66
1997-05-23,000039,-1.98,-1.87,-1.84,-1.98,14540,42724200.0,-7.18,4.1,0.08,4.55
1997-05-26,000039,-1.84,-1.77,-1.75,-1.92,17872,54641544.0,-9.09,5.35,0.1,5.6
1997-05-27,000039,-1.74,-1.72,-1.69,-1.78,17714,56465292.0,-5.08,2.82,0.05,5.55
1997-05-28,000039,-1.72,-1.77,-1.71,-1.77,10098,31997606.0,-3.49,-2.91,-0.05,3.16
1997-05-29,000039,-1.78,-1.76,-1.72,-1.79,6624,20847908.0,-3.95,0.56,0.01,2.07
1997-05-30,000039,-1.78,-1.71,-1.7,-1.78,7923,25050684.0,-4.55,2.84,0.05,2.48
1997-06-02,000039,-1.68,-1.63,-1.62,-1.69,15361,51110644.0,-4.09,4.68,0.08,4.81
1997-06-03,000039,-1.62,-1.64,-1.61,-1.67,13683,45758840.0,-3.68,-0.61,-0.01,4.29
1997-06-04,000039,-1.62,-1.62,-1.57,-1.66,12344,41739716.0,-5.49,1.22,0.02,3.87
1997-06-05,000039,-1.61,-1.64,-1.58,-1.66,17613,58865916.0,-4.94,-1.23,-0.02,5.52
1997-06-06,000039,-1.78,-1.75,-1.68,-1.81,25930,81916944.0,-7.93,-6.71,-0.11,8.12
1997-06-09,000039,-1.76,-1.73,-1.73,-1.76,7562,23902862.0,-1.71,1.14,0.02,2.37
1997-06-10,000039,-1.73,-1.83,-1.73,-1.84,7259,22397964.0,-6.36,-5.78,-0.1,2.27
1997-06-11,000039,-1.84,-1.9,-1.83,-2.0,10293,29527646.0,-9.29,-3.83,-0.07,3.22
1997-06-12,000039,-1.89,-1.9,-1.86,-1.91,5166,15094047.0,-2.63,0.0,0.0,1.62
1997-06-13,000039,-1.96,-1.73,-1.73,-1.96,16720,51184476.0,-12.11,8.95,0.17,5.24
1997-06-16,000039,-1.69,-1.66,-1.6,-1.7,16861,56120688.0,-5.78,4.05,0.07,5.28
1997-06-17,000039,-1.66,-1.71,-1.65,-1.71,10457,34058916.0,-3.61,-3.01,-0.05,3.28
1997-06-18,000039,-1.68,-1.76,-1.66,-1.79,10978,34920864.0,-7.6,-2.92,-0.05,3.44
1997-06-19,000039,-1.75,-1.75,-1.72,-1.76,7577,18363352.0,-2.27,0.57,0.01,1.82
1997-06-20,000039,-1.7,-1.61,-1.6,-1.75,18065,46103780.0,-8.57,8.0,0.14,4.35
1997-06-23,000039,-1.56,-1.6,-1.51,-1.7,40525,107116216.0,-11.8,0.62,0.01,9.75
1997-06-24,000039,-1.6,-1.58,-1.57,-1.6,14965,39218092.0,-1.88,1.25,0.02,3.6
1997-06-25,000039,-1.57,-1.6,-1.56,-1.6,12071,31632022.0,-2.53,-1.27,-0.02,2.91
1997-06-26,000039,-1.62,-1.59,-1.58,-1.63,10839,28327708.0,-3.13,0.63,0.01,2.61
1997-06-27,000039,-1.59,-1.56,-1.5,-1.61,31839,85395456.0,-6.92,1.89,0.03,7.66
1997-07-02,000039,-1.53,-1.6,-1.51,-1.77,12649,32471976.0,-16.67,-2.56,-0.04,3.04
1997-07-03,000039,-1.61,-1.72,-1.61,-1.72,10231,25536726.0,-6.88,-7.5,-0.12,2.46
1997-07-04,000039,-1.75,-1.73,-1.7,-1.8,9015,21817582.0,-5.81,-0.58,-0.01,2.17
1997-07-07,000039,-1.75,-1.93,-1.74,-1.93,7941,18162550.0,-10.98,-11.56,-0.2,1.91
1997-07-08,000039,-1.96,-1.91,-1.88,-2.08,10158,21727826.0,-10.36,1.04,0.02,2.45
1997-07-09,000039,-1.89,-1.87,-1.85,-1.96,6301,14161191.0,-5.76,2.09,0.04,1.52
1997-07-10,000039,-1.86,-1.91,-1.84,-1.91,4620,10436737.0,-3.74,-2.14,-0.04,1.11
1997-07-11,000039,-1.91,-1.84,-1.84,-1.91,4996,11266811.0,-3.66,3.66,0.07,1.2
1997-07-14,000039,-1.82,-1.8,-1.76,-1.83,5767,13625545.0,-3.8,2.17,0.04,1.39
1997-07-15,000039,-1.8,-1.72,-1.71,-1.8,11026,26732114.0,-5.0,4.44,0.08,2.65
1997-07-16,000039,-1.72,-1.76,-1.7,-1.8,6310,15181603.0,-5.81,-2.33,-0.04,1.52
1997-07-17,000039,-1.76,-1.75,-1.73,-1.79,5154,12385628.0,-3.41,0.57,0.01,1.24
1997-07-18,000039,-1.75,-1.72,-1.66,-1.76,11482,28351252.0,-5.71,1.71,0.03,2.76
1997-07-21,000039,-1.71,-1.76,-1.7,-1.78,4952,12059705.0,-4.65,-2.33,-0.04,1.19
1997-07-22,000039,-1.76,-1.74,-1.72,-1.84,5559,13174150.0,-6.82,1.14,0.02,1.34
1997-07-23,000039,-1.7,-1.78,-1.69,-1.79,4892,11871037.0,-5.75,-2.3,-0.04,1.18
1997-07-24,000039,-1.8,-1.82,-1.78,-1.83,4772,11164147.0,-2.81,-2.25,-0.04,1.15
1997-07-25,000039,-1.84,-1.84,-1.82,-1.86,4620,10607056.0,-2.2,-1.1,-0.02,1.11
1997-07-28,000039,-1.84,-1.93,-1.84,-1.93,4576,10177166.0,-4.89,-4.89,-0.09,1.1
1997-07-29,000039,-1.94,-1.93,-1.89,-1.98,3074,6749261.5,-4.66,0.0,0.0,0.74
1997-07-30,000039,-1.92,-1.89,-1.89,-1.92,2139,4754383.0,-1.55,2.07,0.04,0.51
1997-07-31,000039,-1.88,-1.87,-1.82,-1.88,2472,5662769.5,-3.17,1.06,0.02,0.6
1997-08-01,000039,-1.84,-1.87,-1.84,-1.88,1254,2834729.0,-2.14,0.0,0.0,0.3
1997-08-04,000039,-1.89,-1.92,-1.87,-1.92,3354,7426257.0,-2.67,-2.67,-0.05,0.81
1997-08-05,000039,-1.91,-1.9,-1.87,-1.91,1877,4203316.0,-2.08,1.04,0.02,0.45
1997-08-06,000039,-1.9,-1.92,-1.89,-1.92,1899,4196625.5,-1.58,-1.05,-0.02,0.46
1997-08-07,000039,-1.93,-1.94,-1.91,-1.97,2009,4356242.0,-3.13,-1.04,-0.02,0.48
1997-08-08,000039,-1.92,-1.91,-1.91,-1.96,2971,6497356.0,-2.58,1.55,0.03,0.72
1997-08-11,000039,-1.95,-2.0,-1.89,-2.02,3237,6924664.5,-6.81,-4.71,-0.09,0.78
1997-08-12,000039,-2.05,-2.09,-2.0,-2.1,4542,9196242.0,-5.0,-4.5,-0.09,1.09
1997-08-13,000039,-2.11,-2.17,-2.07,-2.17,2958,5795917.0,-4.78,-3.83,-0.08,0.71
1997-08-14,000039,-2.17,-2.12,-2.11,-2.18,3228,6209547.5,-3.23,2.3,0.05,0.78
1997-08-15,000039,-2.11,-2.13,-2.08,-2.14,2170,4265415.0,-2.83,-0.47,-0.01,0.52
1997-08-18,000039,-2.12,-2.1,-2.07,-2.12,4499,8939781.0,-2.35,1.41,0.03,1.08
1997-08-19,000039,-2.11,-2.1,-2.09,-2.11,1296,2556893.0,-0.95,0.0,0.0,0.31
1997-08-20,000039,-2.1,-2.12,-2.1,-2.13,1757,3457017.5,-1.43,-0.95,-0.02,0.42
1997-08-21,000039,-2.08,-2.09,-2.08,-2.12,1526,3029619.75,-1.89,1.42,0.03,0.37
1997-08-22,000039,-2.07,-2.06,-2.03,-2.11,3635,7416437.0,-3.83,1.44,0.03,0.87
1997-08-25,000039,-2.0,-2.02,-2.0,-2.04,2816,5835492.5,-1.94,1.94,0.04,0.68
1997-08-26,000039,-2.02,-2.03,-2.01,-2.03,2903,6026874.0,-0.99,-0.5,-0.01,0.7
1997-08-27,000039,-2.03,-2.05,-2.03,-2.07,2405,4913609.0,-1.97,-0.99,-0.02,0.58
1997-08-28,000039,-2.04,-2.05,-2.02,-2.05,2539,5210957.5,-1.46,0.0,0.0,0.61
1997-08-29,000039,-2.04,-2.07,-2.02,-2.08,3345,6717640.5,-2.93,-0.98,-0.02,0.81
1997-09-01,000039,-2.07,-2.09,-2.07,-2.1,2437,4845420.5,-1.45,-0.97,-0.02,0.59
1997-09-02,000039,-2.1,-2.07,-2.03,-2.1,2184,4424879.0,-3.35,0.96,0.02,0.53
1997-09-03,000039,-2.06,-2.04,-2.03,-2.07,2934,5998988.5,-1.93,1.45,0.03,0.71
1997-09-04,000039,-2.03,-2.04,-2.03,-2.04,2731,5622264.5,-0.49,0.0,0.0,0.66
1997-09-05,000039,-2.03,-2.06,-2.03,-2.06,1923,3919144.75,-1.47,-0.98,-0.02,0.46
1997-09-08,000039,-2.06,-2.09,-2.06,-2.09,2110,4219750.5,-1.46,-1.46,-0.03,0.51
1997-09-09,000039,-2.08,-2.09,-2.08,-2.1,1748,3476199.75,-0.96,0.0,0.0,0.42
1997-09-10,000039,-2.11,-2.11,-2.1,-2.12,2112,4143572.25,-0.96,-0.96,-0.02,0.51
1997-09-11,000039,-2.11,-2.07,-2.04,-2.11,3970,7996688.5,-3.32,1.9,0.04,0.96
1997-09-12,000039,-2.08,-2.11,-2.08,-2.12,1545,3055535.25,-1.93,-1.93,-0.04,0.37
1997-09-15,000039,-2.12,-2.16,-2.12,-2.16,1823,3488507.25,-1.9,-2.37,-0.05,0.44
1997-09-16,000039,-2.15,-2.15,-2.14,-2.16,1259,2400635.5,-0.93,0.46,0.01,0.3
1997-09-17,000039,-2.15,-2.17,-2.15,-2.18,1014,1918625.38,-1.4,-0.93,-0.02,0.24
1997-09-18,000039,-2.16,-2.18,-2.16,-2.19,1364,2562892.5,-1.38,-0.46,-0.01,0.33
1997-09-19,000039,-2.18,-2.17,-2.16,-2.19,827,1559278.62,-1.38,0.46,0.01,0.2
1997-09-22,000039,-2.18,-2.28,-2.18,-2.3,2113,3790949.25,-5.53,-5.07,-0.11,0.51
1997-09-23,000039,-2.3,-2.41,-2.3,-2.42,3485,5781542.5,-5.26,-5.7,-0.13,0.84
1997-09-24,000039,-2.39,-2.33,-2.32,-2.39,4120,6851367.0,-2.9,3.32,0.08,0.99
1997-09-25,000039,-2.3,-2.32,-2.29,-2.33,3113,5338010.5,-1.72,0.43,0.01,0.75
1997-09-26,000039,-2.3,-2.33,-2.3,-2.35,1780,3001903.75,-2.16,-0.43,-0.01,0.43
1997-09-29,000039,-2.34,-2.37,-2.34,-2.4,1558,2549818.5,-2.58,-1.72,-0.04,0.38
1997-09-30,000039,-2.37,-2.35,-2.34,-2.37,1085,1805689.0,-1.27,0.84,0.02,0.26
1997-10-06,000039,-2.34,-2.32,-2.3,-2.35,1283,2166705.5,-2.13,1.28,0.03,0.31
1997-10-07,000039,-2.32,-2.33,-2.32,-2.35,664,1113059.25,-1.29,-0.43,-0.01,0.16
1997-10-08,000039,-2.31,-2.28,-2.27,-2.31,2464,4301545.0,-1.72,2.15,0.05,0.59
1997-10-09,000039,-2.27,-2.29,-2.27,-2.29,1220,2130012.75,-0.88,-0.44,-0.01,0.29
1997-10-10,000039,-2.28,-2.28,-2.28,-2.3,905,1580089.5,-0.87,0.44,0.01,0.22
1997-10-13,000039,-2.28,-2.31,-2.28,-2.31,912,1570765.5,-1.32,-1.32,-0.03,0.22
1997-10-14,000039,-2.3,-2.32,-2.3,-2.34,808,1366805.0,-1.73,-0.43,-0.01,0.19
1997-10-15,000039,-2.32,-2.29,-2.28,-2.33,1453,2493985.5,-2.16,1.29,0.03,0.35
1997-10-16,000039,-2.28,-2.18,-2.16,-2.29,6401,11788765.0,-5.68,4.8,0.11,1.54
1997-10-17,000039,-2.16,-2.1,-2.07,-2.17,10264,20080558.0,-4.59,3.67,0.08,2.47
1997-10-20,000039,-2.07,-2.09,-2.06,-2.11,8069,16061539.0,-2.38,0.48,0.01,1.94
1997-10-21,000039,-2.1,-2.02,-2.0,-2.12,8557,17183880.0,-5.74,3.35,0.07,2.06
1997-10-22,000039,-2.02,-2.05,-1.93,-2.07,19774,41632620.0,-6.93,-1.49,-0.03,4.76
1997-10-23,000039,-2.07,-2.02,-2.0,-2.11,10887,22336694.0,-5.37,1.46,0.03,2.62
1997-10-24,000039,-2.03,-1.99,-1.99,-2.05,7400,15349240.0,-2.97,1.49,0.03,1.78
1997-10-27,000039,-1.97,-1.98,-1.93,-1.99,9972,21475046.0,-3.02,0.5,0.01,2.4
1997-10-28,000039,-1.99,-2.04,-1.98,-2.09,8162,16837958.0,-5.56,-3.03,-0.06,1.96
1997-10-29,000039,-2.08,-2.01,-2.0,-2.1,6558,13445283.0,-4.9,1.47,0.03,1.58
1997-10-30,000039,-2.0,-1.99,-1.91,-2.0,15718,34116824.0,-4.48,1.0,0.02,3.78
1997-10-31,000039,-2.04,-2.01,-1.99,-2.08,5412,11206691.0,-4.52,-1.01,-0.02,1.3
1997-11-03,000039,-2.01,-2.03,-1.99,-2.03,2489,5161590.5,-1.99,-1.0,-0.02,0.6
1997-11-04,000039,-2.02,-2.01,-2.01,-2.03,2372,4915574.0,-0.99,0.99,0.02,0.57
1997-11-05,000039,-2.0,-1.98,-1.96,-2.02,3447,7290258.0,-2.99,1.49,0.03,0.83
1997-11-06,000039,-1.94,-2.01,-1.93,-2.01,5090,10885338.0,-4.04,-1.52,-0.03,1.23
1997-11-07,000039,-2.01,-1.97,-1.96,-2.02,4731,10016237.0,-2.99,1.99,0.04,1.14
1997-11-10,000039,-1.96,-2.0,-1.95,-2.03,3799,8081565.5,-4.06,-1.52,-0.03,0.91
1997-11-11,000039,-2.03,-2.03,-2.0,-2.07,3521,7250080.5,-3.5,-1.5,-0.03,0.85
1997-11-12,000039,-2.02,-2.05,-2.0,-2.06,2257,4656174.0,-2.96,-0.99,-0.02,0.54
1997-11-13,000039,-2.08,-2.04,-2.04,-2.1,5395,10812150.0,-2.93,0.49,0.01,1.3
1997-11-14,000039,-2.02,-2.04,-2.01,-2.08,3500,7142280.5,-3.43,0.0,0.0,0.84
1997-11-17,000039,-2.0,-1.98,-1.95,-2.01,9571,20410296.0,-2.94,2.94,0.06,2.3
1997-11-18,000039,-1.99,-2.02,-1.99,-2.02,2244,4709392.0,-1.52,-2.02,-0.04,0.54
1997-11-19,000039,-2.03,-2.01,-1.99,-2.06,3650,7631733.0,-3.47,0.5,0.01,0.88
1997-11-20,000039,-1.99,-2.02,-1.99,-2.03,2846,5945185.0,-1.99,-0.5,-0.01,0.69
1997-11-21,000039,-2.05,-2.07,-2.04,-2.08,4251,8605962.0,-1.98,-2.48,-0.05,1.02
1997-11-24,000039,-2.1,-2.12,-2.1,-2.13,3114,6092014.0,-1.45,-2.42,-0.05,0.75
1997-11-25,000039,-2.14,-2.13,-2.1,-2.15,2099,4057910.0,-2.36,-0.47,-0.01,0.51
1997-11-26,000039,-2.11,-2.1,-2.1,-2.14,1685,3293188.75,-1.88,1.41,0.03,0.41
1997-11-27,000039,-2.1,-2.15,-2.08,-2.16,1611,3120140.75,-3.81,-2.38,-0.05,0.39
1997-11-28,000039,-2.16,-2.12,-2.11,-2.19,2203,4178792.5,-3.72,1.4,0.03,0.53
1997-12-01,000039,-2.14,-2.14,-2.12,-2.15,1461,2818186.25,-1.42,-0.94,-0.02,0.35
1997-12-02,000039,-2.15,-2.15,-2.13,-2.16,1299,2490398.0,-1.4,-0.47,-0.01,0.31
1997-12-03,000039,-2.15,-2.16,-2.15,-2.16,1134,2162685.25,-0.47,-0.47,-0.01,0.27
1997-12-04,000039,-2.15,-2.1,-2.1,-2.16,2398,4710201.5,-2.78,2.78,0.06,0.58
1997-12-05,000039,-2.09,-2.1,-2.05,-2.1,4018,8103639.0,-2.38,0.0,0.0,0.97
1997-12-08,000039,-2.1,-2.07,-2.06,-2.1,2167,4368867.0,-1.9,1.43,0.03,0.52
1997-12-09,000039,-2.06,-2.0,-1.98,-2.06,8608,18067696.0,-3.86,3.38,0.07,2.07
1997-12-10,000039,-1.98,-2.01,-1.96,-2.02,3840,8085617.5,-3.0,-0.5,-0.01,0.92
1997-12-11,000039,-2.03,-2.0,-2.0,-2.04,3210,6679413.0,-1.99,0.5,0.01,0.77
1997-12-12,000039,-1.99,-2.02,-1.99,-2.03,2735,5736139.0,-2.0,-1.0,-0.02,0.66
1997-12-15,000039,-2.0,-2.01,-2.0,-2.02,2729,5704044.5,-0.99,0.5,0.01,0.66
1997-12-16,000039,-2.0,-1.96,-1.94,-2.0,6307,13541973.0,-2.99,2.49,0.05,1.52
1997-12-17,000039,-1.96,-2.02,-1.96,-2.02,5018,10541711.0,-3.06,-3.06,-0.06,1.21
1997-12-18,000039,-2.04,-2.03,-2.0,-2.06,3052,6290892.5,-2.97,-0.5,-0.01,0.73
1997-12-19,000039,-2.03,-2.0,-2.0,-2.03,2175,4526147.0,-1.48,1.48,0.03,0.52
1997-12-22,000039,-2.0,-1.92,-1.91,-2.0,13427,29353998.0,-4.5,4.0,0.08,3.23
1997-12-23,000039,-1.9,-1.91,-1.85,-1.94,8567,19153912.0,-4.69,0.52,0.01,2.06
1997-12-24,000039,-1.91,-1.93,-1.91,-1.94,3810,8364985.0,-1.57,-1.05,-0.02,0.92
1997-12-25,000039,-1.94,-1.9,-1.88,-1.95,5270,11627084.0,-3.63,1.55,0.03,1.27
1997-12-26,000039,-1.89,-1.91,-1.86,-1.92,4702,10521158.0,-3.16,-0.53,-0.01,1.13
1997-12-29,000039,-1.89,-1.92,-1.87,-1.92,5161,11484573.0,-2.62,-0.52,-0.01,1.24
1997-12-30,000039,-1.99,-1.99,-1.94,-2.0,6137,12995406.0,-3.13,-3.65,-0.07,1.48
1997-12-31,000039,-2.0,-2.01,-1.97,-2.07,9271,19221374.0,-5.03,-1.01,-0.02,2.23
1998-01-05,000039,-2.01,-1.98,-1.97,-2.05,11511,24280050.0,-3.98,1.49,0.03,2.77
1998-01-06,000039,-1.98,-1.93,-1.88,-1.99,10076,22037792.0,-5.56,2.53,0.05,2.43
1998-01-07,000039,-1.93,-1.95,-1.92,-1.97,5373,11625102.0,-2.59,-1.04,-0.02,1.29
1998-01-08,000039,-1.96,-1.97,-1.92,-1.98,7047,15145670.0,-3.08,-1.03,-0.02,1.7
1998-01-09,000039,-1.97,-1.91,-1.91,-1.98,11901,26117364.0,-3.55,3.05,0.06,2.86
1998-01-12,000039,-1.88,-1.79,-1.73,-1.88,26357,62472980.0,-7.85,6.28,0.12,6.34
1998-01-13,000039,-1.83,-1.91,-1.81,-1.98,18738,41636440.0,-9.5,-6.7,-0.12,4.51
1998-01-14,000039,-1.92,-1.87,-1.86,-1.92,8447,19064180.0,-3.14,2.09,0.04,2.03
1998-01-15,000039,-1.86,-1.84,-1.8,-1.87,7952,18342362.0,-3.74,1.6,0.03,1.91
1998-01-16,000039,-1.83,-1.87,-1.82,-1.89,4350,9937550.0,-3.8,-1.63,-0.03,1.05
1998-01-19,000039,-1.86,-1.91,-1.85,-1.93,5555,12363063.0,-4.28,-2.14,-0.04,1.34
1998-01-20,000039,-1.93,-1.93,-1.92,-1.95,3258,7112523.0,-1.57,-1.05,-0.02,0.78
1998-01-21,000039,-1.92,-1.93,-1.89,-1.94,2654,5834246.0,-2.59,0.0,0.0,0.64
1998-01-22,000039,-1.92,-1.92,-1.9,-1.93,3480,7696148.5,-1.55,0.52,0.01,0.84
1998-01-23,000039,-1.91,-1.91,-1.91,-1.93,2691,5950139.0,-1.04,0.52,0.01,0.65
1998-02-09,000039,-1.84,-1.9,-1.82,-1.9,2597,5832976.5,-4.19,0.52,0.01,0.63
1998-02-10,000039,-1.93,-1.95,-1.92,-1.95,2175,4722555.0,-1.58,-2.63,-0.05,0.52
1998-02-11,000039,-1.95,-1.94,-1.94,-1.96,2054,4447441.0,-1.03,0.51,0.01,0.49
1998-02-12,000039,-1.94,-1.99,-1.94,-1.99,3125,6658415.0,-2.58,-2.58,-0.05,0.75
1998-02-13,000039,-2.0,-1.96,-1.95,-2.01,1964,4176637.75,-3.02,1.51,0.03,0.47
1998-02-16,000039,-1.96,-1.99,-1.96,-2.0,2204,4652201.0,-2.04,-1.53,-0.03,0.53
1998-02-17,000039,-2.0,-2.0,-1.98,-2.02,1965,4128060.5,-2.01,-0.5,-0.01,0.47
1998-02-18,000039,-2.01,-2.03,-2.0,-2.03,2225,4614123.0,-1.5,-1.5,-0.03,0.54
1998-02-19,000039,-2.03,-2.0,-1.97,-2.03,1229,2588467.75,-2.96,1.48,0.03,0.3
1998-02-20,000039,-1.99,-1.99,-1.98,-2.0,896,1891758.0,-1.0,0.5,0.01,0.22
1998-02-23,000039,-2.03,-2.04,-2.03,-2.07,2675,5463420.5,-2.01,-2.51,-0.05,0.64
1998-02-24,000039,-2.05,-2.08,-2.05,-2.1,2192,4416423.0,-2.45,-1.96,-0.04,0.53
1998-02-25,000039,-2.08,-2.11,-2.08,-2.11,1845,3659034.0,-1.44,-1.44,-0.03,0.44
1998-02-26,000039,-2.12,-2.06,-2.03,-2.12,2000,4019005.75,-4.27,2.37,0.05,0.48
1998-02-27,000039,-2.05,-2.08,-2.04,-2.08,1135,2278055.0,-1.94,-0.97,-0.02,0.27
1998-03-02,000039,-2.09,-2.13,-2.09,-2.17,1746,3399134.75,-3.85,-2.4,-0.05,0.42
1998-03-03,000039,-2.16,-2.1,-2.1,-2.16,1049,2046439.88,-2.82,1.41,0.03,0.25
1998-03-04,000039,-2.1,-2.08,-2.08,-2.1,966,1922167.75,-0.95,0.95,0.02,0.23
1998-03-05,000039,-2.07,-2.1,-2.07,-2.12,807,1608599.88,-2.4,-0.96,-0.02,0.19
1998-03-06,000039,-2.12,-2.13,-2.12,-2.14,1174,2279197.75,-0.95,-1.43,-0.03,0.28
1998-03-09,000039,-2.14,-2.15,-2.14,-2.16,1531,2915764.0,-0.94,-0.94,-0.02,0.36
1998-03-10,000039,-2.16,-2.15,-2.15,-2.2,1725,3230624.0,-2.33,0.0,0.0,0.41
1998-03-11,000039,-2.14,-2.16,-2.1,-2.17,1215,2346576.0,-3.26,-0.47,-0.01,0.29
1998-03-12,000039,-2.2,-2.18,-2.16,-2.2,960,1803038.88,-1.85,-0.93,-0.02,0.23
1998-03-13,000039,-2.18,-2.17,-2.16,-2.18,1259,2369893.75,-0.92,0.46,0.01,0.3
1998-03-16,000039,-2.16,-2.16,-2.16,-2.19,1312,2477261.0,-1.38,0.46,0.01,0.31
1998-03-17,000039,-2.16,-2.15,-2.14,-2.16,1528,2936573.25,-0.93,0.46,0.01,0.36
1998-03-18,000039,-2.15,-2.15,-2.13,-2.15,1371,2641676.0,-0.93,0.0,0.0,0.33
1998-03-19,000039,-2.15,-2.17,-2.15,-2.19,927,1754375.12,-1.86,-0.93,-0.02,0.22
1998-03-20,000039,-2.17,-2.17,-2.16,-2.18,875,1652651.75,-0.92,0.0,0.0,0.21
1998-03-23,000039,-2.21,-2.21,-2.18,-2.21,1406,2594689.0,-1.38,-1.84,-0.04,0.33
1998-03-24,000039,-2.21,-2.19,-2.19,-2.23,1506,2748288.5,-1.81,0.9,0.02,0.36
1998-03-25,000039,-2.17,-2.2,-2.15,-2.21,1786,3330802.5,-2.74,-0.46,-0.01,0.43
1998-03-26,000039,-2.23,-2.22,-2.2,-2.23,1285,2346870.5,-1.36,-0.91,-0.02,0.31
1998-03-27,000039,-2.23,-2.21,-2.2,-2.24,2397,4384791.0,-1.8,0.45,0.01,0.57
1998-03-30,000039,-2.21,-2.13,-2.13,-2.25,4197,7809214.5,-5.43,3.62,0.08,1.0
1998-03-31,000039,-2.13,-2.17,-2.12,-2.18,2468,4714909.0,-2.82,-1.88,-0.04,0.59
1998-04-01,000039,-2.14,-2.19,-2.14,-2.2,1722,3223274.5,-2.76,-0.92,-0.02,0.41
1998-04-02,000039,-2.19,-2.18,-2.15,-2.19,3256,6153314.0,-1.83,0.46,0.01,0.77
1998-04-03,000039,-2.18,-2.16,-2.14,-2.19,2743,5216067.0,-2.29,0.92,0.02,0.65
1998-04-06,000039,-2.16,-2.16,-2.13,-2.18,3343,6397418.0,-2.31,0.0,0.0,0.8
1998-04-07,000039,-2.16,-2.14,-2.11,-2.18,3176,6088434.5,-3.24,0.93,0.02,0.76
1998-04-08,000039,-2.15,-2.13,-2.12,-2.16,2939,5682879.0,-1.87,0.47,0.01,0.7
1998-04-09,000039,-2.11,-2.14,-2.11,-2.15,3305,6430533.0,-1.88,-0.47,-0.01,0.79
1998-04-10,000039,-2.1,-2.07,-2.05,-2.11,8585,17174298.0,-2.8,3.27,0.07,2.04
1998-04-13,000039,-2.05,-1.99,-1.92,-2.05,11714,25030450.0,-6.28,3.86,0.08,2.79
1998-04-14,000039,-1.99,-2.03,-1.98,-2.04,4951,10293488.0,-3.02,-2.01,-0.04,1.18
1998-04-15,000039,-2.03,-2.05,-2.0,-2.08,3887,7944508.0,-3.94,-0.99,-0.02,0.93
1998-04-16,000039,-2.06,-2.08,-2.06,-2.08,3912,7854787.0,-0.98,-1.46,-0.03,0.93
1998-04-17,000039,-2.08,-2.12,-2.07,-2.12,3274,6436079.0,-2.4,-1.92,-0.04,0.78
1998-04-20,000039,-2.14,-2.14,-2.11,-2.17,2236,4314318.0,-2.83,-0.94,-0.02,0.53
1998-04-21,000039,-2.15,-2.14,-2.11,-2.15,1603,3100648.0,-1.87,0.0,0.0,0.38
1998-04-22,000039,-2.14,-2.12,-2.11,-2.15,2374,4623516.5,-1.87,0.93,0.02,0.56
1998-04-23,000039,-2.12,-2.12,-2.09,-2.13,1852,3623120.5,-1.89,0.0,0.0,0.44
1998-04-24,000039,-2.12,-2.11,-2.08,-2.15,3068,6005818.0,-3.3,0.47,0.01,0.73
1998-04-27,000039,-2.1,-2.08,-2.05,-2.11,3185,6403454.5,-2.84,1.42,0.03,0.76
1998-04-28,000039,-2.05,-2.05,-2.03,-2.07,3099,6321136.0,-1.92,1.44,0.03,0.74
1998-04-29,000039,-2.04,-2.07,-2.02,-2.07,3044,6215308.0,-2.44,-0.98,-0.02,0.72
1998-04-30,000039,-2.05,-2.06,-2.04,-2.07,3137,6325342.0,-1.45,0.48,0.01,0.75
1998-05-04,000039,-2.05,-2.03,-2.02,-2.07,4748,9747256.0,-2.43,1.46,0.03,1.13
1998-05-05,000039,-2.02,-2.05,-2.01,-2.05,2782,5706414.0,-1.97,-0.99,-0.02,0.66
1998-05-06,000039,-2.06,-2.09,-2.06,-2.11,4236,8441904.0,-2.44,-1.95,-0.04,1.01
1998-05-07,000039,-2.09,-2.11,-2.09,-2.12,3496,6885044.0,-1.44,-0.96,-0.02,0.83
1998-05-08,000039,-2.12,-2.08,-2.07,-2.13,4006,7868063.5,-2.84,1.42,0.03,0.95
1998-05-12,000039,-2.08,-2.13,-2.08,-2.15,1875,3633177.0,-3.37,-2.4,-0.05,0.45
1998-05-13,000039,-2.12,-2.14,-2.11,-2.15,4097,7891871.0,-1.88,-0.47,-0.01,0.98
1998-05-14,000039,-2.14,-2.11,-2.1,-2.16,3698,7097383.5,-2.8,1.4,0.03,0.88
1998-05-15,000039,-2.11,-2.11,-2.08,-2.11,4010,7954281.0,-1.42,0.0,0.0,0.95
1998-05-18,000039,-2.11,-2.1,-2.07,-2.16,3398,6672349.0,-4.27,0.47,0.01,0.81
1998-05-19,000039,-2.12,-2.13,-2.1,-2.14,1349,2621468.25,-1.9,-1.43,-0.03,0.32
1998-05-20,000039,-2.11,-2.14,-2.1,-2.15,1818,3496262.5,-2.35,-0.47,-0.01,0.43
1998-05-21,000039,-2.12,-2.15,-2.12,-2.16,2293,4370673.5,-1.87,-0.47,-0.01,0.55
1998-05-22,000039,-2.15,-2.15,-2.14,-2.16,2270,4340517.0,-0.93,0.0,0.0,0.54
1998-05-25,000039,-2.15,-2.16,-2.15,-2.17,3439,6525196.0,-0.93,-0.47,-0.01,0.82
1998-05-26,000039,-2.16,-2.16,-2.13,-2.17,2453,4662999.0,-1.85,0.0,0.0,0.58
1998-05-27,000039,-2.16,-2.17,-2.16,-2.17,2392,4528940.5,-0.46,-0.46,-0.01,0.57
1998-05-28,000039,-2.16,-2.18,-2.14,-2.19,3077,5791783.0,-2.3,-0.46,-0.01,0.73
1998-05-29,000039,-2.16,-2.15,-2.14,-2.18,2167,4126890.0,-1.83,1.38,0.03,0.52
1998-06-01,000039,-2.14,-2.15,-2.14,-2.17,3588,6823488.0,-1.4,0.0,0.0,0.85
1998-06-02,000039,-2.15,-2.16,-2.15,-2.17,2356,4482357.0,-0.93,-0.47,-0.01,0.56
1998-06-03,000039,-2.16,-2.17,-2.15,-2.18,2301,4346846.5,-1.39,-0.46,-0.01,0.55
1998-06-04,000039,-2.17,-2.18,-2.15,-2.19,2186,4114473.5,-1.84,-0.46,-0.01,0.52
1998-06-05,000039,-2.18,-2.15,-2.13,-2.18,2477,4734096.0,-2.29,1.38,0.03,0.59
1998-06-08,000039,-2.14,-2.14,-2.14,-2.16,2374,4547670.0,-0.93,0.47,0.01,0.56
1998-06-09,000039,-2.15,-2.17,-2.15,-2.18,2213,4182168.5,-1.4,-1.4,-0.03,0.53
1998-06-10,000039,-2.18,-2.18,-2.16,-2.2,1846,3450301.0,-1.84,-0.46,-0.01,0.44
1998-06-11,000039,-2.18,-2.17,-2.15,-2.18,1867,3543270.25,-1.38,0.46,0.01,0.44
1998-06-12,000039,-2.14,-2.1,-2.1,-2.16,6450,12571527.0,-2.76,3.23,0.07,1.53
1998-06-15,000039,-2.1,-2.13,-2.07,-2.13,5715,11323904.0,-2.86,-1.43,-0.03,1.36
1998-06-16,000039,-2.13,-2.16,-2.13,-2.18,1900,3620352.25,-2.35,-1.41,-0.03,0.45
1998-06-17,000039,-2.16,-2.16,-2.12,-2.17,1484,2821949.5,-2.31,0.0,0.0,0.35
1998-06-18,000039,-2.16,-2.15,-2.13,-2.16,978,1874631.25,-1.39,0.46,0.01,0.23
1998-06-19,000039,-2.15,-2.15,-2.15,-2.18,1883,3582875.25,-1.4,0.0,0.0,0.45
1998-06-22,000039,-2.14,-2.16,-2.14,-2.16,2467,4706483.0,-0.93,-0.47,-0.01,0.59
1998-06-23,000039,-2.15,-2.16,-2.15,-2.18,1058,2013529.38,-1.39,0.0,0.0,0.25
1998-06-24,000039,-2.15,-2.17,-2.15,-2.17,1822,3447505.75,-0.93,-0.46,-0.01,0.43
1998-06-25,000039,-2.15,-2.18,-2.15,-2.18,1615,3049835.75,-1.38,-0.46,-0.01,0.38
1998-06-26,000039,-2.17,-2.19,-2.17,-2.2,2078,3882454.25,-1.38,-0.46,-0.01,0.49
1998-06-29,000039,-2.19,-2.2,-2.19,-2.22,2136,3934408.0,-1.37,-0.46,-0.01,0.51
1998-06-30,000039,-2.21,-2.23,-2.21,-2.24,858,1396647.88,-1.36,-1.36,-0.03,0.19
1998-07-01,000039,-2.2,-2.23,-2.2,-2.23,910,1487840.38,-1.35,0.0,0.0,0.2
1998-07-02,000039,-2.24,-2.24,-2.24,-2.28,2066,3276505.75,-1.79,-0.45,-0.01,0.45
1998-07-03,000039,-2.22,-2.24,-2.2,-2.25,1606,2605856.75,-2.23,0.0,0.0,0.35
1998-07-06,000039,-2.24,-2.27,-2.22,-2.28,1186,1880488.75,-2.68,-1.34,-0.03,0.26
1998-07-07,000039,-2.28,-2.28,-2.27,-2.29,955,1490569.62,-0.88,-0.44,-0.01,0.21
1998-07-08,000039,-2.28,-2.28,-2.27,-2.29,1050,1646780.88,-0.88,0.0,0.0,0.23
1998-07-09,000039,-2.27,-2.29,-2.26,-2.29,1168,1825777.25,-1.32,-0.44,-0.01,0.26
1998-07-10,000039,-2.29,-2.27,-2.26,-2.3,1521,2378324.5,-1.75,0.87,0.02,0.33
1998-07-13,000039,-2.27,-2.29,-2.27,-2.29,1681,2610518.25,-0.88,-0.88,-0.02,0.37
1998-07-14,000039,-2.29,-2.34,-2.29,-2.34,2406,3654322.5,-2.18,-2.18,-0.05,0.53
1998-07-15,000039,-2.34,-2.35,-2.34,-2.35,1834,2725734.75,-0.43,-0.43,-0.01,0.4
1998-07-16,000039,-2.35,-2.37,-2.35,-2.37,2012,2953484.0,-0.85,-0.85,-0.02,0.44
1998-07-17,000039,-2.37,-2.39,-2.37,-2.39,2028,2927022.25,-0.84,-0.84,-0.02,0.44
1998-07-20,000039,-2.4,-2.43,-2.4,-2.46,1561,2187308.25,-2.51,-1.67,-0.04,0.34
1998-07-21,000039,-2.43,-2.34,-2.31,-2.43,2600,3777512.5,-4.94,3.7,0.09,0.57
1998-07-22,000039,-2.35,-2.37,-2.34,-2.37,1952,2880938.25,-1.28,-1.28,-0.03,0.43
1998-07-23,000039,-2.38,-2.36,-2.35,-2.38,799,1176688.75,-1.27,0.42,0.01,0.17
1998-07-24,000039,-2.35,-2.34,-2.32,-2.35,1746,2630757.0,-1.27,0.85,0.02,0.38
1998-07-27,000039,-2.32,-2.32,-2.31,-2.34,1519,2308156.75,-1.28,0.85,0.02,0.33
1998-07-28,000039,-2.33,-2.32,-2.31,-2.34,1341,2026284.12,-1.29,0.0,0.0,0.29
1998-07-29,000039,-2.34,-2.32,-2.32,-2.34,1219,1840394.25,-0.86,0.0,0.0,0.27
1998-07-30,000039,-2.32,-2.33,-2.32,-2.33,865,1306246.38,-0.43,-0.43,-0.01,0.19
1998-07-31,000039,-2.33,-2.32,-2.32,-2.36,1841,2766786.25,-1.72,0.43,0.01,0.4
1998-08-03,000039,-2.32,-2.34,-2.32,-2.35,1246,1865861.75,-1.29,-0.86,-0.02,0.27
1998-08-04,000039,-2.35,-2.36,-2.35,-2.38,681,998904.69,-1.28,-0.85,-0.02,0.15
1998-08-05,000039,-2.37,-2.36,-2.35,-2.38,647,950816.56,-1.27,0.0,0.0,0.14
1998-08-06,000039,-2.36,-2.37,-2.35,-2.38,755,1107404.75,-1.27,-0.42,-0.01,0.16
1998-08-07,000039,-2.38,-2.4,-2.38,-2.41,995,1424954.25,-1.27,-1.27,-0.03,0.22
1998-08-10,000039,-2.44,-2.44,-2.43,-2.45,1383,1911820.0,-0.83,-1.67,-0.04,0.3
1998-08-11,000039,-2.44,-2.43,-2.43,-2.45,788,1087959.5,-0.82,0.41,0.01,0.17
1998-08-12,000039,-2.45,-2.48,-2.45,-2.5,1877,2512670.5,-2.06,-2.06,-0.05,0.41
1998-08-13,000039,-2.48,-2.45,-2.44,-2.49,1173,1586789.88,-2.02,1.21,0.03,0.26
1998-08-14,000039,-2.48,-2.48,-2.47,-2.48,1552,2086854.0,-0.41,-1.22,-0.03,0.34
1998-08-17,000039,-2.51,-2.6,-2.5,-2.6,2423,3030031.0,-4.03,-4.84,-0.12,0.53
1998-08-18,000039,-2.61,-2.59,-2.52,-2.63,2098,2543736.0,-4.23,0.38,0.01,0.46
1998-08-19,000039,-2.56,-2.48,-2.48,-2.58,3837,5037248.0,-3.86,4.25,0.11,0.84
1998-08-20,000039,-2.36,-2.36,-2.36,-2.36,1200,1764122.12,0.0,4.84,0.12,0.26
1998-08-21,000039,-2.24,-2.24,-2.24,-2.24,10602,17133704.0,0.0,5.08,0.12,2.32
1998-08-24,000039,-2.19,-2.23,-2.19,-2.26,27594,45132080.0,-3.13,0.45,0.01,6.03
1998-08-25,000039,-2.25,-2.22,-2.22,-2.26,8822,14141201.0,-1.79,0.45,0.01,1.93
1998-08-26,000039,-2.22,-2.25,-2.22,-2.26,4110,6637386.5,-1.8,-1.35,-0.03,0.9
1998-08-27,000039,-2.26,-2.28,-2.26,-2.29,3794,5938250.0,-1.33,-1.33,-0.03,0.83
1998-08-28,000039,-2.3,-2.32,-2.29,-2.33,4116,6294110.5,-1.75,-1.75,-0.04,0.9
1998-08-31,000039,-2.34,-2.23,-2.22,-2.37,7227,11235930.0,-6.47,3.88,0.09,1.58
1998-09-01,000039,-2.24,-2.27,-2.24,-2.28,5570,8872487.0,-1.79,-1.79,-0.04,1.22
1998-09-02,000039,-2.3,-2.28,-2.27,-2.3,2166,3387300.75,-1.32,-0.44,-0.01,0.47
1998-09-03,000039,-2.29,-2.27,-2.24,-2.29,1600,2525943.5,-2.19,0.44,0.01,0.35
1998-09-04,000039,-2.27,-2.25,-2.24,-2.28,2490,3972481.5,-1.76,0.88,0.02,0.54
1998-09-07,000039,-2.25,-2.24,-2.23,-2.25,2487,4000462.5,-0.89,0.44,0.01,0.54
1998-09-08,000039,-2.23,-2.25,-2.23,-2.26,3013,4843029.0,-1.34,-0.45,-0.01,0.66
1998-09-09,000039,-2.26,-2.24,-2.23,-2.26,2404,3843896.25,-1.33,0.44,0.01,0.53
1998-09-10,000039,-2.23,-2.18,-2.17,-2.23,10526,17563902.0,-2.68,2.68,0.06,2.3
1998-09-11,000039,-2.17,-2.17,-2.15,-2.18,8074,13712067.0,-1.38,0.46,0.01,1.76
1998-09-14,000039,-2.17,-2.16,-2.13,-2.19,6283,10706508.0,-2.76,0.46,0.01,1.37
1998-09-15,000039,-2.15,-2.18,-2.14,-2.19,4069,6854914.5,-2.31,-0.93,-0.02,0.89
1998-09-16,000039,-2.2,-2.2,-2.18,-2.21,3163,5246009.0,-1.38,-0.92,-0.02,0.69
1998-09-17,000039,-2.2,-2.22,-2.15,-2.22,3905,6464855.0,-3.18,-0.91,-0.02,0.85
1998-09-18,000039,-2.22,-2.25,-2.22,-2.26,4004,6427799.0,-1.8,-1.35,-0.03,0.88
1998-09-21,000039,-2.26,-2.23,-2.23,-2.29,2165,3422577.5,-2.67,0.89,0.02,0.47
1998-09-22,000039,-2.22,-2.26,-2.22,-2.27,1417,2268845.25,-2.24,-1.35,-0.03,0.31
1998-09-23,000039,-2.26,-2.25,-2.24,-2.27,1097,1749607.12,-1.33,0.44,0.01,0.24
1998-09-24,000039,-2.24,-2.27,-2.24,-2.27,1209,1918836.5,-1.33,-0.89,-0.02,0.26
1998-09-25,000039,-2.27,-2.26,-2.26,-2.28,1595,2515668.25,-0.88,0.44,0.01,0.35
1998-09-28,000039,-2.26,-2.23,-2.21,-2.27,2381,3861895.0,-2.65,1.33,0.03,0.52
1998-09-29,000039,-2.23,-2.21,-2.21,-2.25,2257,3686726.0,-1.79,0.9,0.02,0.49
1998-09-30,000039,-2.22,-2.2,-2.2,-2.22,2293,3777152.5,-0.9,0.45,0.01,0.5
1998-10-05,000039,-2.21,-2.22,-2.2,-2.24,1326,2154290.5,-1.82,-0.91,-0.02,0.29
1998-10-06,000039,-2.22,-2.26,-2.22,-2.26,1441,2311940.25,-1.8,-1.8,-0.04,0.31
1998-10-07,000039,-2.27,-2.27,-2.27,-2.28,1502,2359813.0,-0.44,-0.44,-0.01,0.33
1998-10-08,000039,-2.27,-2.26,-2.25,-2.27,783,1245612.62,-0.88,0.44,0.01,0.17
1998-10-09,000039,-2.26,-2.26,-2.24,-2.27,848,1348768.88,-1.33,0.0,0.0,0.19
1998-10-12,000039,-2.26,-2.27,-2.26,-2.28,1459,2300767.75,-0.88,-0.44,-0.01,0.32
1998-10-13,000039,-2.27,-2.26,-2.22,-2.27,1066,1701944.38,-2.2,0.44,0.01,0.23
1998-10-14,000039,-2.23,-2.26,-2.23,-2.27,567,902908.75,-1.77,0.0,0.0,0.12
1998-10-15,000039,-2.26,-2.27,-2.26,-2.28,1566,2469598.25,-0.88,-0.44,-0.01,0.34
1998-10-16,000039,-2.26,-2.25,-2.23,-2.26,2546,4084389.25,-1.32,0.88,0.02,0.56
1998-10-19,000039,-2.24,-2.24,-2.22,-2.24,2008,3249169.0,-0.89,0.44,0.01,0.44
1998-10-20,000039,-2.23,-2.26,-2.23,-2.34,1266,2020990.75,-4.91,-0.89,-0.02,0.28
1998-10-21,000039,-2.28,-2.29,-2.26,-2.29,1694,2651968.5,-1.33,-1.33,-0.03,0.37
1998-10-22,000039,-2.31,-2.28,-2.28,-2.32,1800,2763307.5,-1.75,0.44,0.01,0.39
1998-10-23,000039,-2.28,-2.27,-2.22,-2.28,1969,3153060.0,-2.63,0.44,0.01,0.43
1998-10-26,000039,-2.29,-2.29,-2.28,-2.31,1410,2172720.25,-1.32,-0.88,-0.02,0.31
1998-10-27,000039,-2.3,-2.3,-2.29,-2.31,1097,1689668.12,-0.87,-0.44,-0.01,0.24
1998-10-28,000039,-2.28,-2.3,-2.28,-2.31,1063,1640989.75,-1.3,0.0,0.0,0.23
1998-10-29,000039,-2.29,-2.29,-2.29,-2.3,1640,2531994.5,-0.43,0.43,0.01,0.36
1998-10-30,000039,-2.28,-2.25,-2.24,-2.28,3594,5743060.0,-1.75,1.75,0.04,0.79
1998-11-02,000039,-2.24,-2.21,-2.2,-2.26,6806,11119980.0,-2.67,1.78,0.04,1.49
1998-11-03,000039,-2.2,-2.21,-2.19,-2.22,4722,7767444.0,-1.36,0.0,0.0,1.03
1998-11-04,000039,-2.2,-2.15,-2.13,-2.22,16416,27999578.0,-4.07,2.71,0.06,3.59
1998-11-05,000039,-2.14,-2.12,-2.1,-2.15,13647,23866330.0,-2.33,1.4,0.03,2.98
1998-11-06,000039,-2.12,-2.09,-2.06,-2.12,13237,23627902.0,-2.83,1.42,0.03,2.89
1998-11-09,000039,-2.1,-2.07,-2.06,-2.1,12260,22110614.0,-1.91,0.96,0.02,2.68
1998-11-10,000039,-2.08,-2.09,-2.07,-2.1,7348,13137112.0,-1.45,-0.97,-0.02,1.61
1998-11-11,000039,-2.08,-2.09,-2.08,-2.12,4513,8008971.0,-1.91,0.0,0.0,0.99
1998-11-12,000039,-2.07,-2.06,-2.02,-2.08,7315,13408865.0,-2.87,1.44,0.03,1.6
1998-11-13,000039,-2.07,-2.08,-2.07,-2.09,3872,6952971.5,-0.97,-0.97,-0.02,0.85
1998-11-16,000039,-2.08,-2.03,-2.01,-2.09,7129,13080347.0,-3.85,2.4,0.05,1.56
1998-11-17,000039,-2.03,-2.05,-2.02,-2.05,4463,8195134.5,-1.48,-0.99,-0.02,0.98
1998-11-18,000039,-2.05,-2.07,-2.04,-2.07,5018,9128031.0,-1.46,-0.98,-0.02,1.1
1998-11-19,000039,-2.07,-2.1,-2.07,-2.1,2669,4766686.5,-1.45,-1.45,-0.03,0.58
1998-11-20,000039,-2.1,-2.09,-2.06,-2.11,3867,6964625.0,-2.38,0.48,0.01,0.85
1998-11-23,000039,-2.08,-2.1,-2.07,-2.12,2093,3711894.5,-2.39,-0.48,-0.01,0.46
1998-11-24,000039,-2.11,-2.1,-2.08,-2.11,1415,2512458.75,-1.43,0.0,0.0,0.31
1998-11-25,000039,-2.1,-2.11,-2.08,-2.13,1953,3446856.5,-2.38,-0.48,-0.01,0.43
1998-11-26,000039,-2.13,-2.12,-2.1,-2.14,1498,2619410.75,-1.9,-0.47,-0.01,0.33
1998-11-27,000039,-2.13,-2.16,-2.12,-2.16,2157,3709949.25,-1.89,-1.89,-0.04,0.47
1998-11-30,000039,-2.17,-2.18,-2.17,-2.19,1908,3199156.5,-0.93,-0.93,-0.02,0.42
1998-12-01,000039,-2.18,-2.17,-2.16,-2.18,1222,2063729.12,-0.92,0.46,0.01,0.27
1998-12-02,000039,-2.16,-2.15,-2.15,-2.18,1359,2300466.0,-1.38,0.92,0.02,0.3
1998-12-03,000039,-2.15,-2.16,-2.15,-2.17,916,1563161.25,-0.93,-0.47,-0.01,0.2
1998-12-04,000039,-2.16,-2.17,-2.14,-2.17,1471,2494118.5,-1.39,-0.46,-0.01,0.32
1998-12-07,000039,-2.13,-2.18,-2.13,-2.18,1077,1829734.12,-2.3,-0.46,-0.01,0.24
1998-12-08,000039,-2.17,-2.17,-2.17,-2.18,881,1485108.0,-0.46,0.46,0.01,0.19
1998-12-09,000039,-2.16,-2.17,-2.16,-2.18,777,1313678.12,-0.92,0.0,0.0,0.17
1998-12-10,000039,-2.16,-2.19,-2.16,-2.21,863,1443991.75,-2.3,-0.92,-0.02,0.19
1998-12-11,000039,-2.19,-2.14,-2.12,-2.21,2807,4749470.5,-4.11,2.28,0.05,0.61
1998-12-14,000039,-2.14,-2.17,-2.14,-2.17,900,1535290.38,-1.4,-1.4,-0.03,0.2
1998-12-15,000039,-2.17,-2.16,-2.16,-2.19,952,1604943.25,-1.38,0.46,0.01,0.21
1998-12-16,000039,-2.15,-2.18,-2.15,-2.18,852,1442665.12,-1.39,-0.93,-0.02,0.19
1998-12-17,000039,-2.19,-2.21,-2.18,-2.21,1520,2520513.75,-1.38,-1.38,-0.03,0.33
1998-12-18,000039,-2.21,-2.22,-2.19,-2.24,744,1225123.88,-2.26,-0.45,-0.01,0.16
1998-12-21,000039,-2.22,-2.23,-2.21,-2.24,876,1428119.88,-1.35,-0.45,-0.01,0.19
1998-12-22,000039,-2.2,-2.18,-2.18,-2.21,1161,1935344.38,-1.35,2.24,0.05,0.25
1998-12-23,000039,-2.17,-2.19,-2.16,-2.21,1195,1985345.38,-2.29,-0.46,-0.01,0.26
1998-12-24,000039,-2.2,-2.22,-2.2,-2.23,1581,2582516.75,-1.37,-1.37,-0.03,0.35
1998-12-25,000039,-2.21,-2.21,-2.17,-2.22,1379,2278978.75,-2.25,0.45,0.01,0.3
1998-12-28,000039,-2.21,-2.23,-2.2,-2.23,1577,2578999.5,-1.36,-0.9,-0.02,0.34
1998-12-29,000039,-2.24,-2.22,-2.21,-2.24,657,1070704.5,-1.35,0.45,0.01,0.14
1998-12-30,000039,-2.22,-2.22,-2.21,-2.24,1064,1730543.75,-1.35,0.0,0.0,0.23
1998-12-31,000039,-2.23,-2.22,-2.2,-2.24,484,790925.12,-1.8,0.0,0.0,0.11
1999-01-04,000039,-2.23,-2.23,-2.21,-2.23,398,648007.38,-0.9,-0.45,-0.01,0.09
1999-01-05,000039,-2.22,-2.26,-2.22,-2.27,1598,2545231.75,-2.24,-1.35,-0.03,0.35
1999-01-06,000039,-2.26,-2.26,-2.25,-2.27,990,1573879.25,-0.88,0.0,0.0,0.22
1999-01-07,000039,-2.26,-2.26,-2.23,-2.29,600,957581.25,-2.65,0.0,0.0,0.13
1999-01-08,000039,-2.26,-2.21,-2.21,-2.26,1151,1872575.75,-2.21,2.21,0.05,0.25
1999-01-11,000039,-2.21,-2.23,-2.21,-2.25,771,1252742.5,-1.81,-0.9,-0.02,0.17
1999-01-12,000039,-2.21,-2.23,-2.21,-2.23,773,1257078.0,-0.9,0.0,0.0,0.17
1999-01-13,000039,-2.24,-2.23,-2.21,-2.25,1050,1706575.75,-1.79,0.0,0.0,0.23
1999-01-14,000039,-2.21,-2.16,-2.16,-2.23,3962,6657474.5,-3.14,3.14,0.07,0.87
1999-01-15,000039,-2.16,-2.16,-2.13,-2.18,5607,9614835.0,-2.31,0.0,0.0,1.23
1999-01-18,000039,-2.15,-2.11,-2.11,-2.15,4105,7143050.5,-1.85,2.31,0.05,0.9
1999-01-19,000039,-2.1,-2.12,-2.1,-2.13,3214,5635321.5,-1.42,-0.47,-0.01,0.7
1999-01-20,000039,-2.12,-2.17,-2.12,-2.17,2520,4321815.5,-2.36,-2.36,-0.05,0.55
1999-01-21,000039,-2.17,-2.13,-2.13,-2.18,1805,3105253.0,-2.3,1.84,0.04,0.39
1999-01-22,000039,-2.12,-2.15,-2.11,-2.16,1760,3036870.25,-2.35,-0.94,-0.02,0.38
1999-01-25,000039,-2.16,-2.18,-2.16,-2.19,2411,4050471.75,-1.4,-1.4,-0.03,0.53
1999-01-26,000039,-2.22,-2.2,-2.17,-2.22,1088,1813530.25,-2.29,-0.92,-0.02,0.24
1999-01-27,000039,-2.21,-2.19,-2.17,-2.21,1696,2819371.75,-1.82,0.45,0.01,0.37
1999-01-28,000039,-2.19,-2.21,-2.18,-2.22,1111,1838594.88,-1.83,-0.91,-0.02,0.24
1999-01-29,000039,-2.21,-2.21,-2.21,-2.22,701,1146979.62,-0.45,0.0,0.0,0.15
1999-02-01,000039,-2.24,-2.23,-2.2,-2.24,1303,2126842.0,-1.81,-0.9,-0.02,0.28
1999-02-02,000039,-2.23,-2.21,-2.21,-2.23,652,1066025.5,-0.9,0.9,0.02,0.14
1999-02-03,000039,-2.2,-2.2,-2.19,-2.21,578,957866.62,-0.9,0.45,0.01,0.13
1999-02-04,000039,-2.21,-2.23,-2.21,-2.23,795,1296376.5,-0.91,-1.36,-0.03,0.17
1999-02-05,000039,-2.24,-2.25,-2.22,-2.26,1681,2701632.25,-1.79,-0.9,-0.02,0.37
1999-02-08,000039,-2.26,-2.29,-2.26,-2.29,1231,1936715.62,-1.33,-1.78,-0.04,0.27
1999-02-09,000039,-2.28,-2.26,-2.26,-2.28,1532,2413356.75,-0.87,1.31,0.03,0.33
1999-03-01,000039,-2.25,-2.28,-2.25,-2.3,657,1028492.81,-2.21,-0.88,-0.02,0.14
1999-03-02,000039,-2.29,-2.3,-2.28,-2.3,698,1081423.88,-0.88,-0.88,-0.02,0.15
1999-03-03,000039,-2.32,-2.27,-2.27,-2.34,1209,1873063.12,-3.04,1.3,0.03,0.26
1999-03-04,000039,-2.27,-2.26,-2.24,-2.28,1232,1963155.0,-1.76,0.44,0.01,0.27
1999-03-05,000039,-2.26,-2.26,-2.25,-2.28,689,1094813.25,-1.33,0.0,0.0,0.15
1999-03-08,000039,-2.24,-2.27,-2.24,-2.28,875,1381597.88,-1.77,-0.44,-0.01,0.19
1999-03-09,000039,-2.27,-2.26,-2.25,-2.28,855,1354743.88,-1.32,0.44,0.01,0.19
1999-03-10,000039,-2.28,-2.27,-2.26,-2.28,877,1378522.38,-0.88,-0.44,-0.01,0.19
1999-03-11,000039,-2.27,-2.23,-2.22,-2.28,2413,3869432.0,-2.64,1.76,0.04,0.53
1999-03-12,000039,-2.23,-2.23,-2.21,-2.24,1234,2004355.62,-1.35,0.0,0.0,0.27
1999-03-15,000039,-2.25,-2.22,-2.21,-2.25,1503,2442370.75,-1.79,0.45,0.01,0.33
1999-03-16,000039,-2.22,-2.24,-2.22,-2.25,919,1478670.38,-1.35,-0.9,-0.02,0.2
1999-03-17,000039,-2.24,-2.25,-2.23,-2.26,1439,2308890.25,-1.34,-0.45,-0.01,0.31
1999-03-18,000039,-2.26,-2.27,-2.26,-2.28,2148,3386815.5,-0.89,-0.89,-0.02,0.47
1999-03-19,000039,-2.28,-2.25,-2.24,-2.28,1237,1967188.88,-1.76,0.88,0.02,0.27
1999-03-22,000039,-2.25,-2.26,-2.24,-2.27,1628,2587666.25,-1.33,-0.44,-0.01,0.36
1999-03-23,000039,-2.27,-2.23,-2.22,-2.27,1215,1935775.62,-2.21,1.33,0.03,0.27
1999-03-24,000039,-2.26,-2.24,-2.22,-2.26,760,1222207.25,-1.79,-0.45,-0.01,0.17
1999-03-25,000039,-2.26,-2.26,-2.25,-2.26,859,1366387.12,-0.45,-0.89,-0.02,0.19
1999-03-26,000039,-2.27,-2.26,-2.25,-2.28,517,819447.06,-1.33,0.0,0.0,0.11
1999-03-29,000039,-2.27,-2.29,-2.27,-2.31,2452,3806068.0,-1.77,-1.33,-0.03,0.54
1999-03-30,000039,-2.29,-2.31,-2.29,-2.31,1816,2803566.75,-0.87,-0.87,-0.02,0.4
1999-03-31,000039,-2.3,-2.31,-2.3,-2.32,1370,2091646.75,-0.87,0.0,0.0,0.3
1999-04-01,000039,-2.32,-2.32,-2.31,-2.33,1931,2931450.0,-0.87,-0.43,-0.01,0.42
1999-04-02,000039,-2.32,-2.3,-2.29,-2.32,904,1392254.75,-1.29,0.86,0.02,0.2
1999-04-05,000039,-2.3,-2.3,-2.29,-2.32,1643,2517739.25,-1.3,0.0,0.0,0.36
1999-04-06,000039,-2.31,-2.29,-2.27,-2.31,1766,2736564.75,-1.74,0.43,0.01,0.39
1999-04-07,000039,-2.29,-2.3,-2.28,-2.31,1546,2390629.0,-1.31,-0.44,-0.01,0.34
1999-04-08,000039,-2.29,-2.3,-2.25,-2.3,2935,4563055.0,-2.17,0.0,0.0,0.64
1999-04-09,000039,-2.3,-2.28,-2.27,-2.3,2039,3180346.5,-1.3,0.87,0.02,0.45
1999-04-12,000039,-2.29,-2.31,-2.29,-2.32,1584,2420353.5,-1.32,-1.32,-0.03,0.35
1999-04-13,000039,-2.32,-2.33,-2.3,-2.33,1637,2472915.25,-1.3,-0.87,-0.02,0.36
1999-04-14,000039,-2.33,-2.34,-2.32,-2.34,1389,2088303.12,-0.86,-0.43,-0.01,0.3
1999-04-15,000039,-2.34,-2.35,-2.33,-2.35,1377,2055280.38,-0.85,-0.43,-0.01,0.3
1999-04-16,000039,-2.34,-2.32,-2.31,-2.34,1069,1625202.88,-1.28,1.28,0.03,0.23
1999-04-19,000039,-2.32,-2.34,-2.31,-2.35,671,1004990.75,-1.72,-0.86,-0.02,0.15
1999-04-20,000039,-2.35,-2.37,-2.34,-2.39,2026,2977473.5,-2.14,-1.28,-0.03,0.44
1999-04-21,000039,-2.35,-2.38,-2.34,-2.39,1428,2095359.75,-2.11,-0.42,-0.01,0.31
1999-04-22,000039,-2.39,-2.41,-2.39,-2.44,1803,2532934.25,-2.1,-1.26,-0.03,0.39
1999-04-23,000039,-2.28,-2.38,-2.28,-2.39,6117,8999490.0,-4.56,1.24,0.03,1.34
1999-04-26,000039,-2.38,-2.43,-2.36,-2.43,3945,5568257.0,-2.94,-2.1,-0.05,0.86
1999-04-27,000039,-2.43,-2.45,-2.43,-2.45,2644,3651001.0,-0.82,-0.82,-0.02,0.58
1999-04-28,000039,-2.43,-2.45,-2.4,-2.46,2786,3883362.25,-2.45,0.0,0.0,0.61
1999-04-29,000039,-2.45,-2.43,-2.42,-2.45,2086,2895423.0,-1.22,0.82,0.02,0.46
1999-04-30,000039,-2.42,-2.42,-2.42,-2.44,2782,3875706.5,-0.82,0.41,0.01,0.61
1999-05-04,000039,-2.42,-2.42,-2.4,-2.42,2296,3224359.75,-0.83,0.0,0.0,0.5
1999-05-05,000039,-2.42,-2.42,-2.4,-2.42,1576,2222424.25,-0.83,0.0,0.0,0.34
1999-05-06,000039,-2.42,-2.41,-2.4,-2.42,1292,1831097.62,-0.83,0.41,0.01,0.28
1999-05-07,000039,-2.42,-2.43,-2.4,-2.43,909,1284608.38,-1.24,-0.83,-0.02,0.2
1999-05-10,000039,-2.44,-2.5,-2.44,-2.51,3064,4114329.0,-2.88,-2.88,-0.07,0.67
1999-05-11,000039,-2.5,-2.47,-2.47,-2.51,2184,2892730.0,-1.6,1.2,0.03,0.48
1999-05-12,000039,-2.49,-2.49,-2.47,-2.51,1122,1488472.25,-1.62,-0.81,-0.02,0.25
1999-05-13,000039,-2.5,-2.51,-2.49,-2.51,1789,2337143.5,-0.8,-0.8,-0.02,0.39
1999-05-14,000039,-2.51,-2.54,-2.51,-2.54,2282,2921599.25,-1.2,-1.2,-0.03,0.5
1999-05-17,000039,-2.55,-2.57,-2.53,-2.58,2562,3199794.0,-1.97,-1.18,-0.03,0.56
1999-05-18,000039,-2.57,-2.56,-2.54,-2.6,2329,2885836.75,-2.33,0.39,0.01,0.51
1999-05-19,000039,-2.56,-2.45,-2.45,-2.56,4052,5405407.5,-4.3,4.3,0.11,0.89
1999-05-20,000039,-2.42,-2.37,-2.34,-2.42,14520,21335180.0,-3.27,3.27,0.08,3.17
1999-05-21,000039,-2.36,-2.35,-2.33,-2.38,9264,13726052.0,-2.11,0.84,0.02,2.02
1999-05-24,000039,-2.34,-2.31,-2.27,-2.38,10689,16322117.0,-4.68,1.7,0.04,2.34
1999-05-25,000039,-2.31,-2.36,-2.29,-2.37,9933,14939167.0,-3.46,-2.16,-0.05,2.17
1999-05-26,000039,-2.36,-2.23,-2.23,-2.37,29230,46430776.0,-5.93,5.51,0.13,6.39
1999-05-27,000039,-2.22,-2.17,-2.11,-2.22,25347,42992304.0,-4.93,2.69,0.06,5.54
1999-05-28,000039,-2.17,-2.2,-2.17,-2.25,15273,24995966.0,-3.69,-1.38,-0.03,3.34
1999-06-01,000039,-2.2,-2.22,-2.16,-2.25,9892,16064449.0,-4.09,-0.91,-0.02,2.16
1999-06-02,000039,-2.22,-2.29,-2.17,-2.29,13703,22144134.0,-5.41,-3.15,-0.07,2.99
1999-06-03,000039,-2.3,-2.31,-2.27,-2.33,6772,10371975.0,-2.62,-0.87,-0.02,1.48
1999-06-04,000039,-2.32,-2.26,-2.25,-2.32,5958,9321762.0,-3.03,2.16,0.05,1.3
1999-06-07,000039,-2.26,-2.22,-2.21,-2.29,7463,12012947.0,-3.54,1.77,0.04,1.63
1999-06-08,000039,-2.21,-2.24,-2.21,-2.25,6914,11147483.0,-1.8,-0.9,-0.02,1.51
1999-06-09,000039,-2.24,-2.21,-2.21,-2.29,8709,14071841.0,-3.57,1.34,0.03,1.9
1999-06-10,000039,-2.19,-2.06,-2.06,-2.21,43558,77010768.0,-6.79,6.79,0.15,9.52
1999-06-11,000039,-2.03,-1.92,-1.91,-2.06,68732,133268544.0,-7.28,6.8,0.14,15.02
1999-06-14,000039,-1.81,-1.9,-1.81,-1.92,81127,163960736.0,-5.73,1.04,0.02,17.73
1999-06-15,000039,-1.87,-2.05,-1.87,-2.07,44570,86948848.0,-10.53,-7.89,-0.15,9.74
1999-06-16,000039,-2.03,-1.89,-1.89,-2.03,23280,44825780.0,-6.83,7.8,0.16,5.09
1999-06-17,000039,-1.86,-1.88,-1.85,-1.94,26816,54052936.0,-4.76,0.53,0.01,5.86
1999-06-18,000039,-1.86,-1.9,-1.86,-1.91,20752,41745288.0,-2.66,-1.06,-0.02,4.54
1999-06-21,000039,-1.89,-1.83,-1.77,-1.91,23753,49105924.0,-7.37,3.68,0.07,5.19
1999-06-22,000039,-1.85,-1.85,-1.83,-1.91,18141,36816988.0,-4.37,-1.09,-0.02,3.96
1999-06-23,000039,-1.84,-1.81,-1.79,-1.86,20904,43565784.0,-3.78,2.16,0.04,4.57
1999-06-24,000039,-1.78,-1.7,-1.7,-1.81,33475,73202128.0,-6.08,6.08,0.11,7.32
1999-06-25,000039,-1.64,-1.77,-1.51,-1.77,46693,108857840.0,-15.29,-4.12,-0.07,10.2
1999-06-28,000039,-1.76,-1.59,-1.59,-1.76,27520,62450232.0,-9.6,10.17,0.18,6.01
1999-06-29,000039,-1.55,-1.56,-1.52,-1.64,30001,71229688.0,-7.55,1.89,0.03,6.56
1999-06-30,000039,-1.55,-1.7,-1.55,-1.74,21480,49111332.0,-12.18,-8.97,-0.14,4.67
1999-07-01,000039,-1.72,-1.9,-1.72,-1.9,19400,39839172.0,-10.59,-11.76,-0.2,4.22
1999-07-02,000039,-1.89,-1.81,-1.8,-1.92,20175,41524724.0,-6.32,4.74,0.09,4.39
1999-07-05,000039,-1.81,-1.84,-1.72,-1.85,12783,27110620.0,-7.18,-1.66,-0.03,2.78
1999-07-06,000039,-1.86,-1.91,-1.85,-1.93,9581,19192950.0,-4.35,-3.8,-0.07,2.08
1999-07-07,000039,-1.91,-1.85,-1.82,-1.91,7479,15164592.0,-4.71,3.14,0.06,1.63
1999-07-08,000039,-1.84,-1.85,-1.82,-1.86,5539,11435874.0,-2.16,0.0,0.0,1.2
1999-07-09,000039,-1.85,-1.87,-1.83,-1.89,5881,12015306.0,-3.24,-1.08,-0.02,1.28
1999-07-12,000039,-1.88,-1.88,-1.82,-1.91,6601,13395147.0,-4.81,-0.53,-0.01,1.44
1999-07-13,000039,-1.9,-1.96,-1.89,-1.99,6455,12712436.0,-5.32,-4.26,-0.08,1.4
1999-07-14,000039,-1.96,-1.89,-1.88,-1.96,6036,11904566.0,-4.08,3.57,0.07,1.31
1999-07-15,000039,-1.87,-1.92,-1.87,-1.92,3867,7713554.5,-2.65,-1.59,-0.03,0.84
1999-07-16,000039,-1.92,-1.96,-1.92,-1.98,4396,8517591.0,-3.13,-2.08,-0.04,0.96
1999-07-19,000039,-1.99,-2.07,-1.99,-2.08,6855,12539165.0,-4.59,-5.61,-0.11,1.49
1999-07-20,000039,-2.07,-1.91,-1.91,-2.09,9492,18043322.0,-8.7,7.73,0.16,2.06
1999-07-21,000039,-1.86,-1.8,-1.76,-1.9,20083,41747764.0,-7.33,5.76,0.11,4.37
1999-07-22,000039,-1.83,-1.93,-1.83,-1.93,5728,11441394.0,-5.56,-7.22,-0.13,1.25
1999-07-23,000039,-1.94,-1.91,-1.85,-1.94,5006,10066482.0,-4.66,1.04,0.02,1.09
1999-07-26,000039,-1.89,-1.91,-1.88,-1.94,3420,6782682.5,-3.14,0.0,0.0,0.74
1999-07-27,000039,-1.91,-1.92,-1.9,-1.94,2310,4554675.5,-2.09,-0.52,-0.01,0.5
1999-07-28,000039,-1.93,-1.92,-1.91,-1.93,2274,4496886.0,-1.04,0.0,0.0,0.49
1999-07-29,000039,-1.91,-1.91,-1.85,-1.93,2331,4630254.0,-4.17,0.52,0.01,0.51
1999-07-30,000039,-1.88,-1.92,-1.88,-1.92,1317,2588670.0,-2.09,-0.52,-0.01,0.29
1999-08-02,000039,-1.93,-1.91,-1.89,-1.95,3117,6096020.0,-3.13,0.52,0.01,0.68
1999-08-03,000039,-1.9,-1.93,-1.9,-1.95,2796,5414659.0,-2.62,-1.05,-0.02,0.61
1999-08-04,000039,-1.92,-1.91,-1.89,-1.92,2315,4579259.0,-1.55,1.04,0.02,0.5
1999-08-05,000039,-1.9,-1.92,-1.9,-1.93,2915,5696299.5,-1.57,-0.52,-0.01,0.63
1999-08-06,000039,-1.92,-1.94,-1.92,-1.97,3813,7349911.0,-2.6,-1.04,-0.02,0.83
1999-08-09,000039,-1.97,-1.99,-1.95,-2.02,2593,4881871.0,-3.61,-2.58,-0.05,0.56
1999-08-10,000039,-1.99,-2.01,-1.99,-2.01,3098,5756489.0,-1.01,-1.01,-0.02,0.67
1999-08-11,000039,-2.01,-2.03,-1.99,-2.04,2205,4063423.0,-2.49,-1.0,-0.02,0.48
1999-08-12,000039,-2.03,-2.04,-2.0,-2.04,1773,3251935.0,-1.97,-0.49,-0.01,0.39
1999-08-13,000039,-2.02,-1.88,-1.88,-2.03,7039,13516461.0,-7.35,7.84,0.16,1.53
1999-08-16,000039,-1.89,-1.97,-1.87,-1.98,5414,10580836.0,-5.85,-4.79,-0.09,1.18
1999-08-17,000039,-1.97,-1.97,-1.94,-1.98,2175,4173582.75,-2.03,0.0,0.0,0.47
1999-08-18,000039,-1.97,-1.97,-1.96,-2.01,1998,3754029.5,-2.54,0.0,0.0,0.43
1999-08-19,000039,-1.97,-1.9,-1.88,-1.97,4077,7985177.5,-4.57,3.55,0.07,0.89
1999-08-20,000039,-1.88,-1.92,-1.87,-1.92,2597,5114849.0,-2.63,-1.05,-0.02,0.56
1999-08-23,000039,-1.92,-1.96,-1.92,-1.99,2676,5101127.0,-3.65,-2.08,-0.04,0.58
1999-08-24,000039,-1.95,-1.95,-1.92,-1.97,1657,3181240.0,-2.55,0.51,0.01,0.36
1999-08-25,000039,-1.94,-1.97,-1.94,-1.98,2086,3974357.5,-2.05,-1.03,-0.02,0.45
1999-08-26,000039,-1.98,-1.95,-1.93,-2.0,1319,2514493.0,-3.55,1.02,0.02,0.29
1999-08-27,000039,-1.96,-1.95,-1.94,-1.97,1324,2533924.0,-1.54,0.0,0.0,0.29
1999-08-30,000039,-1.92,-1.9,-1.85,-1.92,8052,16099726.0,-3.59,2.56,0.05,1.75
1999-08-31,000039,-1.88,-1.91,-1.88,-1.92,2606,5140278.0,-2.11,-0.53,-0.01,0.57
1999-09-01,000039,-1.91,-1.94,-1.9,-1.95,1785,3470340.0,-2.62,-1.57,-0.03,0.39
1999-09-02,000039,-1.94,-1.94,-1.93,-1.98,2198,4194016.75,-2.58,0.0,0.0,0.48
1999-09-03,000039,-1.94,-1.97,-1.94,-1.98,2017,3850156.0,-2.06,-1.55,-0.03,0.44
1999-09-06,000039,-2.01,-2.01,-1.98,-2.01,1299,2428468.5,-1.52,-2.03,-0.04,0.28
1999-09-07,000039,-1.99,-2.01,-1.99,-2.01,1149,2144052.0,-1.0,0.0,0.0,0.25
1999-09-08,000039,-2.01,-1.99,-1.98,-2.01,1023,1915838.25,-1.49,1.0,0.02,0.22
1999-09-09,000039,-1.96,-1.87,-1.86,-1.97,8078,16035409.0,-5.53,6.03,0.12,1.76
1999-09-10,000039,-1.86,-1.91,-1.83,-1.91,5765,11574297.0,-4.28,-2.14,-0.04,1.25
1999-09-13,000039,-1.91,-1.9,-1.88,-1.91,2156,4264421.0,-1.57,0.52,0.01,0.47
1999-09-14,000039,-1.88,-1.91,-1.88,-1.92,2036,4042207.0,-2.11,-0.53,-0.01,0.44
1999-09-15,000039,-1.91,-1.94,-1.91,-1.94,1647,3208736.75,-1.57,-1.57,-0.03,0.36
1999-09-16,000039,-1.94,-1.94,-1.93,-1.95,1287,2490913.75,-1.03,0.0,0.0,0.28
1999-09-17,000039,-1.94,-1.94,-1.93,-1.95,1172,2256436.75,-1.03,0.0,0.0,0.25
1999-09-20,000039,-1.93,-1.96,-1.93,-1.96,1142,2187452.25,-1.55,-1.03,-0.02,0.25
1999-09-21,000039,-1.97,-1.97,-1.97,-1.98,809,1533278.25,-0.51,-0.51,-0.01,0.18
1999-09-22,000039,-1.97,-1.96,-1.93,-1.97,887,1701474.12,-2.03,0.51,0.01,0.19
1999-09-23,000039,-1.96,-1.98,-1.95,-1.98,1124,2138214.25,-1.53,-1.02,-0.02,0.24
1999-09-24,000039,-1.96,-1.97,-1.95,-1.98,903,1718989.62,-1.52,0.51,0.01,0.2
1999-09-27,000039,-1.99,-1.98,-1.93,-1.99,1183,2250663.0,-3.05,-0.51,-0.01,0.26
1999-09-28,000039,-1.97,-1.98,-1.97,-1.99,820,1551234.75,-1.01,0.0,0.0,0.18
1999-09-29,000039,-1.98,-1.99,-1.96,-1.99,955,1806498.75,-1.52,-0.51,-0.01,0.21
1999-09-30,000039,-1.98,-1.99,-1.98,-1.99,1185,2226590.0,-0.5,0.0,0.0,0.26
1999-10-08,000039,-1.99,-2.03,-1.99,-2.04,1005,1846790.75,-2.51,-2.01,-0.04,0.22
1999-10-11,000039,-2.03,-2.04,-2.03,-2.06,761,1383368.5,-1.48,-0.49,-0.01,0.17
1999-10-12,000039,-2.03,-2.04,-2.02,-2.05,575,1047089.88,-1.47,0.0,0.0,0.13
1999-10-13,000039,-2.04,-2.07,-2.03,-2.07,816,1472542.5,-1.96,-1.47,-0.03,0.18
1999-10-14,000039,-2.07,-2.07,-2.04,-2.08,595,1066596.75,-1.93,0.0,0.0,0.13
1999-10-15,000039,-2.06,-2.05,-2.03,-2.06,955,1730327.5,-1.45,0.97,0.02,0.21
1999-10-18,000039,-2.01,-2.09,-2.01,-2.09,1049,1868921.62,-3.9,-1.95,-0.04,0.23
1999-10-19,000039,-2.09,-2.13,-2.09,-2.14,1645,2834622.25,-2.39,-1.91,-0.04,0.36
1999-10-20,000039,-2.13,-2.13,-2.11,-2.14,827,1423083.75,-1.41,0.0,0.0,0.18
1999-10-21,000039,-2.13,-2.17,-2.13,-2.17,1320,2218996.0,-1.88,-1.88,-0.04,0.29
1999-10-22,000039,-2.17,-2.14,-2.1,-2.17,2187,3745357.75,-3.23,1.38,0.03,0.48
1999-10-25,000039,-2.14,-2.16,-2.13,-2.17,1221,2058799.5,-1.87,-0.93,-0.02,0.27
1999-10-26,000039,-2.16,-2.14,-2.13,-2.16,962,1640323.5,-1.39,0.93,0.02,0.21
1999-10-27,000039,-2.11,-2.09,-2.08,-2.12,2816,4947583.5,-1.87,2.34,0.05,0.61
1999-10-28,000039,-2.07,-2.1,-2.07,-2.1,1716,3024016.25,-1.44,-0.48,-0.01,0.37
1999-10-29,000039,-2.09,-2.13,-2.09,-2.14,751,1295571.75,-2.38,-1.43,-0.03,0.16
1999-11-01,000039,-2.14,-2.16,-2.13,-2.16,1012,1719461.88,-1.41,-1.41,-0.03,0.22
1999-11-02,000039,-2.16,-2.15,-2.14,-2.17,1426,2407322.5,-1.39,0.46,0.01,0.31
1999-11-03,000039,-2.14,-2.16,-2.14,-2.16,754,1271425.62,-0.93,-0.47,-0.01,0.16
1999-11-04,000039,-2.16,-2.16,-2.15,-2.17,629,1057410.25,-0.93,0.0,0.0,0.14
1999-11-05,000039,-2.16,-2.15,-2.11,-2.17,911,1560281.5,-2.78,0.46,0.01,0.2
1999-11-08,000039,-2.15,-2.13,-2.13,-2.16,577,984217.69,-1.4,0.93,0.02,0.13
1999-11-09,000039,-2.13,-2.12,-2.08,-2.13,2059,3598999.5,-2.35,0.47,0.01,0.45
1999-11-10,000039,-2.12,-2.14,-2.12,-2.16,1055,1785788.75,-1.89,-0.94,-0.02,0.23
1999-11-11,000039,-2.14,-2.16,-2.13,-2.16,577,974437.62,-1.4,-0.93,-0.02,0.13
1999-11-12,000039,-2.14,-2.15,-2.14,-2.16,363,614652.56,-0.93,0.46,0.01,0.08
1999-11-15,000039,-2.14,-2.13,-2.13,-2.16,669,1132977.62,-1.4,0.93,0.02,0.15
1999-11-16,000039,-2.1,-2.08,-2.02,-2.1,8021,14402130.0,-3.76,2.35,0.05,1.74
1999-11-17,000039,-2.08,-2.06,-2.06,-2.1,2377,4220756.5,-1.92,0.96,0.02,0.52
1999-11-18,000039,-2.06,-2.05,-2.02,-2.08,4258,7751260.5,-2.91,0.49,0.01,0.93
1999-11-19,000039,-2.05,-2.07,-2.03,-2.07,1767,3185309.25,-1.95,-0.98,-0.02,0.38
1999-11-22,000039,-2.07,-2.03,-2.01,-2.08,4057,7439039.5,-3.38,1.93,0.04,0.88
1999-11-23,000039,-2.03,-2.05,-2.02,-2.05,1307,2383476.75,-1.48,-0.99,-0.02,0.28
1999-11-24,000039,-2.05,-2.06,-2.03,-2.06,604,1089100.12,-1.46,-0.49,-0.01,0.13
1999-11-25,000039,-2.07,-2.08,-2.06,-2.08,894,1588688.5,-0.97,-0.97,-0.02,0.19
1999-11-26,000039,-2.07,-2.07,-2.06,-2.08,539,960404.75,-0.96,0.48,0.01,0.12
1999-11-29,000039,-2.07,-2.09,-2.07,-2.09,523,926904.88,-0.97,-0.97,-0.02,0.11
1999-11-30,000039,-2.1,-2.08,-2.07,-2.1,375,664881.0,-1.44,0.48,0.01,0.08
1999-12-01,000039,-2.08,-2.06,-2.06,-2.09,630,1120650.25,-1.44,0.96,0.02,0.14
1999-12-02,000039,-2.05,-2.09,-2.05,-2.09,461,819183.38,-1.94,-1.46,-0.03,0.1
1999-12-03,000039,-2.09,-2.08,-2.08,-2.1,582,1026852.12,-0.96,0.48,0.01,0.13
1999-12-06,000039,-2.09,-2.09,-2.08,-2.1,503,887014.88,-0.96,-0.48,-0.01,0.11
1999-12-07,000039,-2.1,-2.09,-2.07,-2.1,450,794207.44,-1.44,0.0,0.0,0.1
1999-12-08,000039,-2.1,-2.12,-2.09,-2.14,584,1018151.5,-2.39,-1.44,-0.03,0.13
1999-12-09,000039,-2.13,-2.13,-2.11,-2.14,728,1253917.12,-1.42,-0.47,-0.01,0.16
1999-12-10,000039,-2.13,-2.11,-2.11,-2.14,1028,1768299.25,-1.41,0.94,0.02,0.22
1999-12-13,000039,-2.12,-2.14,-2.11,-2.14,877,1504471.88,-1.42,-1.42,-0.03,0.19
1999-12-14,000039,-2.14,-2.14,-2.13,-2.15,981,1667026.12,-0.93,0.0,0.0,0.21
1999-12-15,000039,-2.14,-2.1,-2.08,-2.14,1752,3064068.75,-2.8,1.87,0.04,0.38
1999-12-16,000039,-2.1,-2.12,-2.09,-2.12,837,1456042.75,-1.43,-0.95,-0.02,0.18
1999-12-17,000039,-2.12,-2.14,-2.12,-2.14,884,1509987.0,-0.94,-0.94,-0.02,0.19
1999-12-21,000039,-2.14,-2.16,-2.14,-2.16,1100,1854246.12,-0.93,-0.93,-0.02,0.24
1999-12-22,000039,-2.17,-2.15,-2.13,-2.17,1053,1780210.62,-1.85,0.46,0.01,0.23
1999-12-23,000039,-2.14,-2.14,-2.13,-2.15,714,1218552.38,-0.93,0.47,0.01,0.16
1999-12-24,000039,-2.13,-2.15,-2.13,-2.16,682,1158147.62,-1.4,-0.47,-0.01,0.15
1999-12-27,000039,-2.16,-2.16,-2.14,-2.16,734,1238347.12,-0.93,-0.47,-0.01,0.16
1999-12-28,000039,-2.13,-2.16,-2.13,-2.16,719,1218500.0,-1.39,0.0,0.0,0.16
1999-12-29,000039,-2.15,-2.15,-2.14,-2.16,845,1427206.88,-0.93,0.46,0.01,0.18
1999-12-30,000039,-2.15,-2.14,-2.13,-2.15,593,1011445.31,-0.93,0.47,0.01,0.13
2000-01-04,000039,-2.13,-2.09,-2.08,-2.14,2110,3677408.5,-2.8,2.34,0.05,0.46
2000-01-05,000039,-2.09,-2.11,-2.07,-2.11,3002,5307169.0,-1.91,-0.96,-0.02,0.65
2000-01-06,000039,-2.11,-2.02,-1.99,-2.13,5177,9401726.0,-6.64,4.27,0.09,1.13
2000-01-07,000039,-1.99,-1.97,-1.94,-2.02,11347,21482874.0,-3.96,2.48,0.05,2.47
2000-01-10,000039,-1.92,-1.91,-1.9,-1.95,14117,27687810.0,-2.54,3.05,0.06,3.07
2000-01-11,000039,-1.91,-2.01,-1.9,-2.03,7197,13664573.0,-6.81,-5.24,-0.1,1.56
2000-01-12,000039,-2.01,-2.04,-1.97,-2.05,4221,7741876.5,-3.98,-1.49,-0.03,0.92
2000-01-13,000039,-2.04,-2.06,-2.02,-2.06,2396,4335380.5,-1.96,-0.98,-0.02,0.52
2000-01-14,000039,-2.06,-2.1,-2.05,-2.1,2435,4319547.0,-2.43,-1.94,-0.04,0.53
2000-01-17,000039,-2.1,-2.05,-2.04,-2.1,1921,3424508.0,-2.86,2.38,0.05,0.42
2000-01-18,000039,-2.05,-2.06,-2.01,-2.08,1756,3171159.25,-3.41,-0.49,-0.01,0.38
2000-01-19,000039,-2.08,-2.04,-2.02,-2.08,2436,4440194.0,-2.91,0.97,0.02,0.53
2000-01-20,000039,-2.04,-2.01,-2.01,-2.05,2499,4597094.5,-1.96,1.47,0.03,0.54
2000-01-21,000039,-2.0,-2.02,-1.97,-2.03,4167,7763753.0,-2.99,-0.5,-0.01,0.91
2000-01-24,000039,-2.02,-2.04,-2.0,-2.06,3870,7041727.5,-2.97,-0.99,-0.02,0.84
2000-01-25,000039,-2.01,-1.99,-1.97,-2.04,5959,11093877.0,-3.43,2.45,0.05,1.3
2000-01-26,000039,-1.98,-2.02,-1.98,-2.02,2205,4082014.0,-2.01,-1.51,-0.03,0.48
2000-01-27,000039,-2.01,-2.0,-1.97,-2.04,5894,10941826.0,-3.47,0.99,0.02,1.28
2000-01-28,000039,-2.0,-2.01,-1.98,-2.04,6027,11157189.0,-3.0,-0.5,-0.01,1.31
2000-02-14,000039,-1.97,-1.88,-1.87,-1.98,12751,25004008.0,-5.47,6.47,0.13,2.77
2000-02-15,000039,-1.87,-1.96,-1.84,-1.97,17017,33593760.0,-6.91,-4.26,-0.08,3.7
2000-02-16,000039,-1.97,-2.0,-1.97,-2.04,10963,20320226.0,-3.57,-2.04,-0.04,2.38
2000-02-17,000039,-2.01,-2.01,-1.92,-2.04,14010,26297572.0,-6.0,-0.5,-0.01,3.05
2000-02-18,000039,-1.97,-2.04,-1.97,-2.05,6920,12615231.0,-3.98,-1.49,-0.03,1.5
2000-02-21,000039,-2.03,-2.0,-1.95,-2.06,9088,16819178.0,-5.39,1.96,0.04,1.98
2000-02-22,000039,-2.0,-2.04,-1.97,-2.05,6051,11212345.0,-4.0,-2.0,-0.04,1.32
2000-02-23,000039,-2.06,-2.09,-2.06,-2.09,5403,9583068.0,-1.47,-2.45,-0.05,1.17
2000-02-24,000039,-2.09,-2.07,-2.07,-2.1,4128,7315178.5,-1.44,0.96,0.02,0.9
2000-02-25,000039,-2.06,-2.09,-2.06,-2.1,4842,8550058.0,-1.93,-0.97,-0.02,1.05
2000-02-28,000039,-2.09,-2.04,-2.03,-2.09,7424,13229886.0,-2.87,2.39,0.05,1.61
2000-02-29,000039,-2.03,-2.03,-1.98,-2.08,7919,14463712.0,-4.9,0.49,0.01,1.72
2000-03-01,000039,-2.02,-2.03,-1.98,-2.04,5833,10763110.0,-2.96,0.0,0.0,1.27
2000-03-02,000039,-2.03,-2.06,-2.02,-2.07,4773,8624254.0,-2.46,-1.48,-0.03,1.04
2000-03-03,000039,-2.06,-2.02,-2.0,-2.06,7292,13398906.0,-2.91,1.94,0.04,1.59
2000-03-06,000039,-2.01,-2.02,-1.94,-2.03,12742,23977630.0,-4.46,0.0,0.0,2.77
2000-03-07,000039,-2.05,-2.0,-1.98,-2.06,5658,10401800.0,-3.96,0.99,0.02,1.23
2000-03-08,000039,-1.99,-2.01,-1.98,-2.03,3852,7118864.5,-2.5,-0.5,-0.01,0.84
2000-03-09,000039,-2.01,-1.99,-1.97,-2.03,9024,16864120.0,-2.99,1.0,0.02,1.96
2000-03-10,000039,-2.0,-2.05,-2.0,-2.06,5464,9964965.0,-3.02,-3.02,-0.06,1.19
2000-03-13,000039,-2.05,-2.04,-2.03,-2.06,3616,6546673.5,-1.46,0.49,0.01,0.79
2000-03-14,000039,-2.05,-2.07,-2.05,-2.1,6112,10797011.0,-2.45,-1.47,-0.03,1.33
2000-03-15,000039,-2.07,-2.08,-2.06,-2.09,2620,4659674.0,-1.45,-0.48,-0.01,0.57
2000-03-16,000039,-2.07,-2.15,-2.07,-2.16,4802,8292251.5,-4.33,-3.37,-0.07,1.04
2000-03-17,000039,-2.15,-2.12,-2.11,-2.15,3273,5617423.5,-1.86,1.4,0.03,0.71
2000-03-20,000039,-2.13,-2.1,-2.08,-2.14,3243,5659154.5,-2.83,0.94,0.02,0.71
2000-03-21,000039,-2.08,-2.06,-2.03,-2.1,4465,8021774.0,-3.33,1.9,0.04,0.97
2000-03-22,000039,-2.06,-2.06,-2.04,-2.07,3068,5494874.0,-1.46,0.0,0.0,0.67
2000-03-23,000039,-2.07,-2.05,-2.05,-2.08,4539,8126512.5,-1.46,0.49,0.01,0.99
2000-03-24,000039,-2.04,-2.07,-2.01,-2.07,5840,10611879.0,-2.93,-0.98,-0.02,1.27
2000-03-27,000039,-2.07,-2.05,-2.04,-2.08,6259,11264689.0,-1.93,0.97,0.02,1.36
2000-03-28,000039,-2.04,-2.0,-1.98,-2.04,10818,20076156.0,-2.93,2.44,0.05,2.35
2000-03-29,000039,-1.86,-1.97,-1.86,-1.99,11508,21844918.0,-6.5,1.5,0.03,2.5
2000-03-30,000039,-1.95,-1.99,-1.93,-2.0,13356,25340816.0,-3.55,-1.02,-0.02,2.9
2000-03-31,000039,-1.99,-1.98,-1.97,-2.0,7561,14222252.0,-1.51,0.5,0.01,1.64
2000-04-03,000039,-1.98,-1.96,-1.92,-1.99,10919,20963948.0,-3.54,1.01,0.02,2.37
2000-04-04,000039,-1.96,-2.02,-1.95,-2.04,5212,9735727.0,-4.59,-3.06,-0.06,1.13
2000-04-05,000039,-2.02,-2.0,-1.98,-2.02,4363,8121645.5,-1.98,0.99,0.02,0.95
2000-04-06,000039,-1.99,-1.96,-1.95,-2.0,8380,15930217.0,-2.5,2.0,0.04,1.82
2000-04-07,000039,-1.94,-1.97,-1.94,-1.98,6878,13147103.0,-2.04,-0.51,-0.01,1.5
2000-04-10,000039,-1.96,-1.94,-1.92,-1.97,6650,12804596.0,-2.54,1.52,0.03,1.45
2000-04-11,000039,-1.94,-1.93,-1.92,-1.96,7972,15412070.0,-2.06,0.52,0.01,1.73
2000-04-12,000039,-1.92,-1.95,-1.89,-1.96,10000,19518988.0,-3.63,-1.04,-0.02,2.17
2000-04-13,000039,-1.95,-1.95,-1.93,-1.97,5763,11053030.0,-2.05,0.0,0.0,1.25
2000-04-14,000039,-1.85,-1.86,-1.81,-1.92,35520,72092552.0,-5.64,4.62,0.09,7.72
2000-04-17,000039,-1.85,-1.81,-1.79,-1.88,32010,66065232.0,-4.84,2.69,0.05,6.96
2000-04-18,000039,-1.79,-1.82,-1.78,-1.86,14181,29239080.0,-4.42,-0.55,-0.01,3.08
2000-04-19,000039,-1.82,-1.85,-1.8,-1.85,10645,21868792.0,-2.75,-1.65,-0.03,2.31
2000-04-20,000039,-1.85,-1.85,-1.84,-1.88,8413,16999094.0,-2.16,0.0,0.0,1.83
2000-04-21,000039,-1.84,-1.88,-1.83,-1.88,3234,6544692.0,-2.7,-1.62,-0.03,0.7
2000-04-24,000039,-1.88,-1.93,-1.88,-1.94,8848,17315632.0,-3.19,-2.66,-0.05,1.92
2000-04-25,000039,-1.92,-1.91,-1.89,-1.93,3713,7277615.0,-2.07,1.04,0.02,0.81
2000-04-26,000039,-1.91,-1.91,-1.88,-1.92,3089,6105638.0,-2.09,0.0,0.0,0.67
2000-04-27,000039,-1.91,-1.93,-1.91,-1.96,4937,9563626.0,-2.62,-1.05,-0.02,1.07
2000-04-28,000039,-1.93,-1.92,-1.92,-1.95,5038,9772615.0,-1.55,0.52,0.01,1.1
2000-05-08,000039,-1.9,-1.88,-1.84,-1.92,6948,13944665.0,-4.17,2.08,0.04,1.51
2000-05-09,000039,-1.88,-1.92,-1.86,-1.93,4507,8897653.0,-3.72,-2.13,-0.04,0.98
2000-05-10,000039,-1.92,-1.99,-1.92,-1.99,5031,9572910.0,-3.65,-3.65,-0.07,1.09
2000-05-11,000039,-1.99,-2.01,-1.97,-2.02,3389,6317199.5,-2.51,-1.01,-0.02,0.74
2000-05-12,000039,-2.01,-2.02,-1.99,-2.04,4346,8012619.5,-2.49,-0.5,-0.01,0.94
2000-05-15,000039,-2.02,-2.01,-2.0,-2.03,2796,5168212.5,-1.49,0.5,0.01,0.61
2000-05-16,000039,-2.01,-2.0,-1.98,-2.01,2043,3806736.0,-1.49,0.5,0.01,0.44
2000-05-17,000039,-2.0,-2.01,-1.99,-2.02,1875,3497351.0,-1.5,-0.5,-0.01,0.41
2000-05-18,000039,-2.01,-1.99,-1.99,-2.03,2162,4011821.0,-1.99,1.0,0.02,0.47
2000-05-22,000039,-1.93,-1.87,-1.84,-1.96,16509,32984920.0,-6.03,6.03,0.12,3.59
2000-05-23,000039,-1.87,-1.88,-1.85,-1.9,9490,18981114.0,-2.67,-0.53,-0.01,2.06
2000-05-24,000039,-1.88,-1.87,-1.84,-1.88,8544,17254172.0,-2.13,0.53,0.01,1.86
2000-05-25,000039,-1.86,-1.86,-1.84,-1.88,8681,17544214.0,-2.14,0.53,0.01,1.89
2000-05-26,000039,-1.85,-1.78,-1.69,-1.85,39557,84333016.0,-8.6,4.3,0.08,8.6
2000-05-29,000039,-1.77,-1.7,-1.67,-1.77,29759,65306988.0,-5.62,4.49,0.08,6.47
2000-05-30,000039,-1.69,-1.78,-1.67,-1.79,15830,34117320.0,-7.06,-4.71,-0.08,3.44
2000-05-31,000039,-1.79,-1.76,-1.75,-1.82,10161,21524304.0,-3.93,1.12,0.02,2.21
2000-06-01,000039,-1.76,-1.79,-1.74,-1.8,6473,13692769.0,-3.41,-1.7,-0.03,1.41
2000-06-02,000039,-1.79,-1.8,-1.78,-1.82,8462,17642548.0,-2.23,-0.56,-0.01,1.84
2000-06-05,000039,-1.79,-1.71,-1.64,-1.83,20217,43284428.0,-10.56,5.0,0.09,4.4
2000-06-06,000039,-1.71,-1.67,-1.64,-1.72,48027,107944816.0,-4.68,2.34,0.04,10.44
2000-06-07,000039,-1.67,-1.61,-1.58,-1.67,44269,102072024.0,-5.39,3.59,0.06,9.63
2000-06-08,000039,-1.6,-1.57,-1.5,-1.62,48017,114646904.0,-7.45,2.48,0.04,10.44
2000-06-09,000039,-1.57,-1.64,-1.51,-1.64,21027,49248660.0,-8.28,-4.46,-0.07,4.57
2000-06-12,000039,-1.64,-1.52,-1.52,-1.66,22651,53799164.0,-8.54,7.32,0.12,4.93
2000-06-13,000039,-1.49,-1.52,-1.47,-1.55,12788,30922050.0,-5.26,0.0,0.0,2.78
2000-06-14,000039,-1.51,-1.54,-1.49,-1.54,9881,23840588.0,-3.29,-1.32,-0.02,2.15
2000-06-15,000039,-1.54,-1.53,-1.51,-1.56,10075,24171932.0,-3.25,0.65,0.01,2.19
2000-06-16,000039,-1.53,-1.53,-1.5,-1.55,10154,24444580.0,-3.27,0.0,0.0,2.21
2000-06-19,000039,-1.51,-1.43,-1.41,-1.55,17071,42297096.0,-9.15,6.54,0.1,3.71
2000-06-20,000039,-1.42,-1.45,-1.37,-1.46,10285,25973494.0,-6.29,-1.4,-0.02,2.24
2000-06-21,000039,-1.47,-1.44,-1.43,-1.47,7664,19111034.0,-2.76,0.69,0.01,1.67
2000-06-22,000039,-1.44,-1.23,-1.22,-1.45,48376,131163632.0,-15.97,14.58,0.21,10.52
2000-06-23,000039,-1.27,-1.23,-1.19,-1.31,14949,40843844.0,-9.76,0.0,0.0,3.25
2000-06-26,000039,-1.2,-1.09,-1.02,-1.21,17416,50511996.0,-15.45,11.38,0.14,3.79
2000-06-27,000039,-1.09,-0.97,-0.92,-1.14,12652,37521616.0,-20.18,11.01,0.12,2.75
2000-06-28,000039,-0.98,-0.8,-0.79,-1.0,21161,66577200.0,-21.65,17.53,0.17,4.6
2000-06-29,000039,-0.79,-0.95,-0.68,-0.98,36855,116539952.0,-37.5,-18.75,-0.15,8.01
2000-06-30,000039,-0.96,-1.0,-0.87,-1.0,19783,60707268.0,-13.68,-5.26,-0.05,4.3
2000-07-03,000039,-1.05,-1.18,-1.01,-1.25,29669,84669984.0,-24.0,-18.0,-0.18,6.45
2000-07-04,000039,-1.21,-1.13,-1.12,-1.24,12838,35997124.0,-10.17,4.24,0.05,2.79
2000-07-05,000039,-1.1,-1.23,-1.1,-1.25,15571,43179780.0,-13.27,-8.85,-0.1,3.39
2000-07-06,000039,-1.27,-1.31,-1.23,-1.41,43344,113504584.0,-14.63,-6.5,-0.08,9.42
2000-07-07,000039,-1.31,-1.27,-1.27,-1.35,13252,35156940.0,-6.11,3.05,0.04,2.88
2000-07-10,000039,-1.28,-1.37,-1.25,-1.38,20813,54364368.0,-10.24,-7.87,-0.1,4.53
2000-07-11,000039,-1.37,-1.42,-1.36,-1.44,26987,68241368.0,-5.84,-3.65,-0.05,5.87
2000-07-12,000039,-1.41,-1.35,-1.31,-1.42,17954,46821696.0,-7.75,4.93,0.07,3.9
2000-07-13,000039,-1.35,-1.31,-1.31,-1.39,9625,24862686.0,-5.93,2.96,0.04,2.09
2000-07-14,000039,-1.31,-1.33,-1.3,-1.35,7112,18693446.0,-3.82,-1.53,-0.02,1.55
2000-07-17,000039,-1.33,-1.41,-1.31,-1.41,10203,26166984.0,-7.52,-6.02,-0.08,2.22
2000-07-18,000039,-1.41,-1.39,-1.38,-1.44,7160,18092716.0,-4.26,1.42,0.02,1.56
2000-07-19,000039,-1.39,-1.42,-1.36,-1.44,10486,26407778.0,-5.76,-2.16,-0.03,2.28
2000-07-20,000039,-1.41,-1.49,-1.39,-1.51,16951,41289096.0,-8.45,-4.93,-0.07,3.69
2000-07-21,000039,-1.49,-1.48,-1.44,-1.5,9060,22033736.0,-4.03,0.67,0.01,1.97
2000-07-24,000039,-1.5,-1.53,-1.49,-1.57,11389,26859134.0,-5.41,-3.38,-0.05,2.48
2000-07-25,000039,-1.52,-1.34,-1.32,-1.52,23679,60064520.0,-13.07,12.42,0.19,5.15
2000-07-26,000039,-1.34,-1.38,-1.34,-1.42,9844,25079954.0,-5.97,-2.99,-0.04,2.14
2000-07-27,000039,-1.39,-1.4,-1.35,-1.42,6644,16850648.0,-5.07,-1.45,-0.02,1.44
2000-07-28,000039,-1.4,-1.39,-1.38,-1.42,5793,14608059.0,-2.86,0.71,0.01,1.26
2000-07-31,000039,-1.39,-1.47,-1.37,-1.48,7190,17764334.0,-7.91,-5.76,-0.08,1.56
2000-08-01,000039,-1.49,-1.46,-1.43,-1.5,4281,10505927.0,-4.76,0.68,0.01,0.93
2000-08-02,000039,-1.46,-1.48,-1.46,-1.49,3287,8008116.0,-2.05,-1.37,-0.02,0.71
2000-08-03,000039,-1.48,-1.5,-1.47,-1.5,5506,13336789.0,-2.03,-1.35,-0.02,1.2
2000-08-04,000039,-1.5,-1.5,-1.48,-1.51,5710,13778190.0,-2.0,0.0,0.0,1.24
2000-08-07,000039,-1.5,-1.51,-1.5,-1.55,6412,15217517.0,-3.33,-0.67,-0.01,1.39
2000-08-08,000039,-1.5,-1.5,-1.48,-1.53,4948,11892716.0,-3.31,0.66,0.01,1.08
2000-08-09,000039,-1.49,-1.42,-1.39,-1.5,10571,26461808.0,-7.33,5.33,0.08,2.3
2000-08-10,000039,-1.42,-1.46,-1.42,-1.49,6555,16131686.0,-4.93,-2.82,-0.04,1.43
2000-08-11,000039,-1.45,-1.36,-1.35,-1.47,13611,34391480.0,-8.22,6.85,0.1,2.96
2000-08-14,000039,-1.35,-1.35,-1.31,-1.37,20713,53836556.0,-4.41,0.74,0.01,4.5
2000-08-16,000039,-1.33,-1.38,-1.29,-1.39,9176,23622586.0,-7.41,-2.22,-0.03,2.0
2000-08-17,000039,-1.38,-1.43,-1.37,-1.44,7853,19663256.0,-5.07,-3.62,-0.05,1.71
2000-08-18,000039,-1.43,-1.39,-1.38,-1.47,6195,15478192.0,-6.29,2.8,0.04,1.35
2000-08-21,000039,-1.29,-1.25,-1.24,-1.35,49694,132540664.0,-7.91,10.07,0.14,10.81
2000-08-22,000039,-1.21,-1.32,-1.21,-1.33,25087,67402664.0,-9.6,-5.6,-0.07,5.45
2000-08-23,000039,-1.33,-1.17,-1.09,-1.41,59487,159650016.0,-24.24,11.36,0.15,12.93
2000-08-24,000039,-1.16,-1.11,-1.06,-1.19,66702,190239232.0,-11.11,5.13,0.06,14.5
2000-08-25,000039,-1.08,-1.11,-1.07,-1.16,19616,55905112.0,-8.11,0.0,0.0,4.27
2000-08-28,000039,-1.1,-1.13,-1.08,-1.16,13950,39506364.0,-7.21,-1.8,-0.02,3.03
2000-08-29,000039,-1.13,-1.16,-1.11,-1.17,13210,37159084.0,-5.31,-2.65,-0.03,2.87
2000-08-30,000039,-1.17,-1.26,-1.17,-1.26,19585,53619528.0,-7.76,-8.62,-0.1,4.26
2000-08-31,000039,-1.28,-1.34,-1.27,-1.34,18657,49234012.0,-5.56,-6.35,-0.08,4.06
2000-09-01,000039,-1.35,-1.31,-1.25,-1.36,12468,32852922.0,-8.21,2.24,0.03,2.71
2000-09-04,000039,-1.28,-1.27,-1.26,-1.34,6856,18123710.0,-6.11,3.05,0.04,1.49
2000-09-05,000039,-1.26,-1.34,-1.25,-1.35,6449,17043712.0,-7.87,-5.51,-0.07,1.4
2000-09-06,000039,-1.35,-1.33,-1.29,-1.36,6815,17783242.0,-5.22,0.75,0.01,1.48
2000-09-07,000039,-1.29,-1.3,-1.27,-1.33,5606,14815106.0,-4.51,2.26,0.03,1.22
2000-09-08,000039,-1.29,-1.33,-1.29,-1.34,4492,11754184.0,-3.85,-2.31,-0.03,0.98
2000-09-11,000039,-1.33,-1.38,-1.31,-1.39,9344,23930482.0,-6.02,-3.76,-0.05,2.03
2000-09-12,000039,-1.38,-1.36,-1.34,-1.39,3565,9145124.0,-3.62,1.45,0.02,0.78
2000-09-13,000039,-1.35,-1.33,-1.3,-1.37,4587,11902194.0,-5.15,2.21,0.03,1.0
2000-09-14,000039,-1.32,-1.35,-1.31,-1.36,2763,7180084.0,-3.76,-1.5,-0.02,0.6
2000-09-15,000039,-1.36,-1.33,-1.32,-1.36,2445,6339914.0,-2.96,1.48,0.02,0.53
2000-09-18,000039,-1.33,-1.37,-1.33,-1.37,2303,5933350.5,-3.01,-3.01,-0.04,0.5
2000-09-19,000039,-1.38,-1.44,-1.38,-1.46,6935,17315556.0,-5.84,-5.11,-0.07,1.51
2000-09-20,000039,-1.45,-1.43,-1.4,-1.47,3139,7792637.0,-4.86,0.69,0.01,0.68
2000-09-21,000039,-1.44,-1.45,-1.4,-1.46,2206,5480161.0,-4.2,-1.4,-0.02,0.48
2000-09-22,000039,-1.46,-1.47,-1.45,-1.47,3051,7491450.5,-1.38,-1.38,-0.02,0.66
2000-09-25,000039,-1.47,-1.5,-1.47,-1.5,3004,7289178.0,-2.04,-2.04,-0.03,0.65
2000-09-26,000039,-1.5,-1.47,-1.43,-1.51,2351,5728709.5,-5.33,2.0,0.03,0.51
2000-09-27,000039,-1.47,-1.43,-1.43,-1.47,2483,6122493.0,-2.72,2.72,0.04,0.54
2000-09-28,000039,-1.43,-1.49,-1.42,-1.5,1825,4488608.0,-5.59,-4.2,-0.06,0.4
2000-09-29,000039,-1.45,-1.45,-1.43,-1.47,1379,3412922.5,-2.68,2.68,0.04,0.3
2000-10-09,000039,-1.45,-1.48,-1.45,-1.49,1684,4105316.75,-2.76,-2.07,-0.03,0.37
2000-10-10,000039,-1.47,-1.42,-1.42,-1.47,2743,6795287.5,-3.38,4.05,0.06,0.6
2000-10-11,000039,-1.41,-1.44,-1.4,-1.44,2895,7273573.5,-2.82,-1.41,-0.02,0.63
2000-10-12,000039,-1.4,-1.46,-1.4,-1.46,2357,5829943.0,-4.17,-1.39,-0.02,0.51
2000-10-13,000039,-1.44,-1.48,-1.43,-1.49,3472,8471369.0,-4.11,-1.37,-0.02,0.75
2000-10-16,000039,-1.48,-1.52,-1.47,-1.52,4407,10627010.0,-3.38,-2.7,-0.04,0.96
2000-10-17,000039,-1.52,-1.51,-1.48,-1.53,2341,5623509.5,-3.29,0.66,0.01,0.51
2000-10-18,000039,-1.5,-1.47,-1.47,-1.51,2524,6125509.0,-2.65,2.65,0.04,0.55
2000-10-19,000039,-1.47,-1.51,-1.46,-1.51,2444,5899624.0,-3.4,-2.72,-0.04,0.53
2000-10-20,000039,-1.51,-1.46,-1.45,-1.51,3589,8764181.0,-3.97,3.31,0.05,0.78
2000-10-23,000039,-1.45,-1.43,-1.41,-1.51,5474,13592842.0,-6.85,2.05,0.03,1.19
2000-10-24,000039,-1.43,-1.44,-1.43,-1.46,2234,5525025.5,-2.1,-0.7,-0.01,0.49
2000-10-25,000039,-1.42,-1.37,-1.36,-1.45,9669,24616848.0,-6.25,4.86,0.07,2.1
2000-10-26,000039,-1.36,-1.41,-1.35,-1.42,3701,9416132.0,-5.11,-2.92,-0.04,0.8
2000-10-27,000039,-1.41,-1.4,-1.39,-1.44,2990,7480985.5,-3.55,0.71,0.01,0.65
2000-10-30,000039,-1.41,-1.42,-1.4,-1.44,2763,6905031.0,-2.86,-1.43,-0.02,0.6
2000-10-31,000039,-1.42,-1.43,-1.4,-1.46,1889,4715766.5,-4.23,-0.7,-0.01,0.41
2000-11-01,000039,-1.43,-1.44,-1.43,-1.46,1901,4703419.0,-2.1,-0.7,-0.01,0.41
2000-11-02,000039,-1.44,-1.38,-1.35,-1.44,12575,32204152.0,-6.25,4.17,0.06,2.73
2000-11-03,000039,-1.38,-1.35,-1.33,-1.39,6883,17753572.0,-4.35,2.17,0.03,1.5
2000-11-06,000039,-1.35,-1.36,-1.34,-1.36,3334,8622418.0,-1.48,-0.74,-0.01,0.72
2000-11-07,000039,-1.35,-1.37,-1.34,-1.38,2634,6773811.5,-2.94,-0.74,-0.01,0.57
2000-11-08,000039,-1.36,-1.25,-1.24,-1.36,16779,44653896.0,-8.76,8.76,0.12,3.65
2000-11-09,000039,-1.25,-1.2,-1.18,-1.26,28960,79197496.0,-6.4,4.0,0.05,6.3
2000-11-10,000039,-1.19,-1.24,-1.19,-1.24,14476,39624824.0,-4.17,-3.33,-0.04,3.15
2000-11-13,000039,-1.22,-1.08,-1.02,-1.22,34108,98341744.0,-16.13,12.9,0.16,7.42
2000-11-14,000039,-1.07,-1.04,-1.02,-1.12,31747,92581120.0,-9.26,3.7,0.04,6.9
2000-11-15,000039,-1.04,-1.1,-1.03,-1.11,13721,39680348.0,-7.69,-5.77,-0.06,2.98
2000-11-16,000039,-1.09,-1.06,-1.02,-1.09,13666,39925248.0,-6.36,3.64,0.04,2.97
2000-11-17,000039,-1.06,-1.13,-1.05,-1.15,13556,38766460.0,-9.43,-6.6,-0.07,2.95
2000-11-20,000039,-1.14,-1.09,-1.06,-1.14,9089,26200238.0,-7.08,3.54,0.04,1.98
2000-11-21,000039,-1.08,-1.11,-1.02,-1.12,9341,27205830.0,-9.17,-1.83,-0.02,2.03
2000-11-22,000039,-1.12,-1.08,-1.07,-1.13,5398,15507706.0,-5.41,2.7,0.03,1.17
2000-11-23,000039,-1.07,-1.09,-1.05,-1.1,7482,21688064.0,-4.63,-0.93,-0.01,1.63
2000-11-24,000039,-1.08,-1.21,-1.08,-1.26,16481,45878016.0,-16.51,-11.01,-0.12,3.58
2000-11-27,000039,-1.25,-1.24,-1.21,-1.27,9692,26216416.0,-4.96,-2.48,-0.03,2.11
2000-11-28,000039,-1.25,-1.22,-1.21,-1.25,4187,11441522.0,-3.23,1.61,0.02,0.91
2000-11-29,000039,-1.21,-1.25,-1.21,-1.26,5408,14714134.0,-4.1,-2.46,-0.03,1.18
2000-11-30,000039,-1.25,-1.22,-1.21,-1.25,2831,7685994.5,-3.2,2.4,0.03,0.62
2000-12-01,000039,-1.2,-1.18,-1.18,-1.23,4647,12848796.0,-4.1,3.28,0.04,1.01
2000-12-04,000039,-1.18,-1.18,-1.18,-1.23,3905,10743031.0,-4.24,0.0,0.0,0.85
2000-12-05,000039,-1.2,-1.22,-1.18,-1.22,2052,5631540.0,-3.39,-3.39,-0.04,0.45
2000-12-06,000039,-1.21,-1.25,-1.21,-1.27,3685,10004927.0,-4.92,-2.46,-0.03,0.8
2000-12-07,000039,-1.26,-1.3,-1.26,-1.31,6219,16480057.0,-4.0,-4.0,-0.05,1.35
2000-12-08,000039,-1.3,-1.3,-1.25,-1.31,3368,8942506.0,-4.62,0.0,0.0,0.73
2000-12-11,000039,-1.3,-1.34,-1.3,-1.35,8530,22185242.0,-3.85,-3.08,-0.04,1.85
2000-12-12,000039,-1.33,-1.27,-1.27,-1.34,3241,8569599.0,-5.22,5.22,0.07,0.7
2000-12-13,000039,-1.26,-1.26,-1.22,-1.28,3568,9632739.0,-4.72,0.79,0.01,0.78
2000-12-14,000039,-1.26,-1.28,-1.23,-1.28,1768,4760010.0,-3.97,-1.59,-0.02,0.38
2000-12-15,000039,-1.28,-1.24,-1.23,-1.29,2658,7150660.0,-4.69,3.13,0.04,0.58
2000-12-18,000039,-1.23,-1.21,-1.21,-1.28,4591,12534638.0,-5.65,2.42,0.03,1.0
2000-12-19,000039,-1.22,-1.24,-1.21,-1.24,2312,6308742.0,-2.48,-2.48,-0.03,0.5
2000-12-20,000039,-1.24,-1.2,-1.2,-1.24,5251,14395301.0,-3.23,3.23,0.04,1.14
2000-12-21,000039,-1.19,-1.23,-1.17,-1.23,3431,9468048.0,-5.0,-2.5,-0.03,0.75
2000-12-22,000039,-1.25,-1.25,-1.21,-1.27,4634,12507740.0,-4.88,-1.63,-0.02,1.01
2000-12-25,000039,-1.26,-1.23,-1.2,-1.29,4204,11324817.0,-7.2,1.6,0.02,0.91
2000-12-26,000039,-1.22,-1.18,-1.18,-1.22,5287,14576638.0,-3.25,4.07,0.05,1.15
2000-12-27,000039,-1.17,-1.24,-1.16,-1.26,4795,13240834.0,-8.47,-5.08,-0.06,1.04
2000-12-28,000039,-1.23,-1.22,-1.2,-1.24,2271,6214403.5,-3.23,1.61,0.02,0.49
2000-12-29,000039,-1.21,-1.17,-1.16,-1.21,7548,21033734.0,-4.1,4.1,0.05,1.64
2001-01-02,000039,-1.16,-1.1,-1.08,-1.16,9551,27246472.0,-6.84,5.98,0.07,2.08
2001-01-03,000039,-1.1,-1.1,-1.09,-1.12,7804,22387528.0,-2.73,0.0,0.0,1.7
2001-01-04,000039,-1.1,-1.08,-1.06,-1.12,9768,28259848.0,-5.45,1.82,0.02,2.12
2001-01-05,000039,-1.06,-1.07,-1.05,-1.1,6648,19273996.0,-4.63,0.93,0.01,1.45
2001-01-08,000039,-1.07,-1.15,-1.04,-1.15,10292,29539876.0,-10.28,-7.48,-0.08,2.24
2001-01-09,000039,-1.16,-1.1,-1.09,-1.16,5526,15776238.0,-6.09,4.35,0.05,1.2
2001-01-10,000039,-1.1,-1.08,-1.06,-1.1,6484,18798074.0,-3.64,1.82,0.02,1.41
2001-01-11,000039,-1.07,-1.09,-1.05,-1.1,7681,22302086.0,-4.63,-0.93,-0.01,1.67
2001-01-12,000039,-1.1,-1.13,-1.09,-1.14,5329,15170056.0,-4.59,-3.67,-0.04,1.16
2001-01-15,000039,-1.16,-1.22,-1.13,-1.22,7256,20135524.0,-7.96,-7.96,-0.09,1.58
2001-01-16,000039,-1.22,-1.18,-1.18,-1.25,3466,9483291.0,-5.74,3.28,0.04,0.75
2001-01-17,000039,-1.18,-1.21,-1.16,-1.21,2427,6695547.0,-4.24,-2.54,-0.03,0.53
2001-01-18,000039,-1.24,-1.2,-1.18,-1.24,2801,7736841.5,-4.96,0.83,0.01,0.61
2001-01-19,000039,-1.19,-1.16,-1.16,-1.2,3384,9454240.0,-3.33,3.33,0.04,0.74
2001-02-05,000039,-1.14,-1.27,-1.14,-1.27,6868,18597796.0,-11.21,-9.48,-0.11,1.49
2001-02-06,000039,-1.27,-1.28,-1.27,-1.33,5793,15299520.0,-4.72,-0.79,-0.01,1.26
2001-02-07,000039,-1.28,-1.29,-1.28,-1.32,2860,7533983.0,-3.13,-0.78,-0.01,0.62
2001-02-08,000039,-1.28,-1.32,-1.25,-1.33,2876,7590636.0,-6.2,-2.33,-0.03,0.63
2001-02-09,000039,-1.31,-1.29,-1.27,-1.31,2456,6532383.5,-3.03,2.27,0.03,0.53
2001-02-12,000039,-1.29,-1.28,-1.26,-1.33,2447,6506034.5,-5.43,0.78,0.01,0.53
2001-02-13,000039,-1.28,-1.28,-1.26,-1.29,1672,4481345.0,-2.34,0.0,0.0,0.36
2001-02-14,000039,-1.29,-1.26,-1.26,-1.29,971,2598619.5,-2.34,1.56,0.02,0.21
2001-02-15,000039,-1.26,-1.26,-1.25,-1.27,1749,4697414.0,-1.59,0.0,0.0,0.38
2001-02-16,000039,-1.27,-1.25,-1.25,-1.31,3310,8822514.0,-4.76,0.79,0.01,0.72
2001-02-19,000039,-1.25,-1.21,-1.2,-1.26,3087,8466750.0,-4.8,3.2,0.04,0.67
2001-02-20,000039,-1.2,-1.27,-1.18,-1.27,9066,24740002.0,-7.44,-4.96,-0.06,1.97
2001-02-21,000039,-1.31,-1.44,-1.3,-1.5,25386,63796488.0,-15.75,-13.39,-0.17,5.52
2001-02-22,000039,-1.45,-1.42,-1.38,-1.5,7414,18495292.0,-8.33,1.39,0.02,1.61
2001-02-23,000039,-1.41,-1.37,-1.36,-1.41,5526,14041236.0,-3.52,3.52,0.05,1.2
2001-02-26,000039,-1.36,-1.33,-1.32,-1.37,5114,13245721.0,-3.65,2.92,0.04,1.11
2001-02-27,000039,-1.33,-1.32,-1.32,-1.35,5268,13752999.0,-2.26,0.75,0.01,1.15
2001-02-28,000039,-1.31,-1.34,-1.28,-1.35,3499,9124142.0,-5.3,-1.52,-0.02,0.76
2001-03-01,000039,-1.33,-1.33,-1.33,-1.35,2680,6955244.0,-1.49,0.75,0.01,0.58
2001-03-02,000039,-1.32,-1.34,-1.31,-1.34,2793,7284859.5,-2.26,-0.75,-0.01,0.61
2001-03-05,000039,-1.34,-1.36,-1.34,-1.37,3119,8040701.0,-2.24,-1.49,-0.02,0.68
2001-03-06,000039,-1.36,-1.36,-1.36,-1.4,2852,7255669.5,-2.94,0.0,0.0,0.62
2001-03-07,000039,-1.35,-1.35,-1.33,-1.36,1405,3638571.75,-2.21,0.74,0.01,0.31
2001-03-08,000039,-1.35,-1.32,-1.31,-1.35,3159,8270402.0,-2.96,2.22,0.03,0.69
2001-03-09,000039,-1.32,-1.32,-1.3,-1.32,3022,7939711.5,-1.52,0.0,0.0,0.66
2001-03-12,000039,-1.35,-1.34,-1.32,-1.35,2224,5777307.0,-2.27,-1.52,-0.02,0.48
2001-03-13,000039,-1.34,-1.35,-1.33,-1.38,1996,5151336.5,-3.73,-0.75,-0.01,0.43
2001-03-14,000039,-1.36,-1.32,-1.32,-1.37,2237,5819536.0,-3.7,2.22,0.03,0.49
2001-03-15,000039,-1.33,-1.23,-1.23,-1.33,8449,22707052.0,-7.58,6.82,0.09,1.84
2001-03-19,000039,-1.21,-1.1,-1.06,-1.22,21910,62077088.0,-13.01,10.57,0.13,4.76
2001-03-20,000039,-1.08,-1.13,-1.08,-1.14,12281,35075612.0,-5.45,-2.73,-0.03,2.67
2001-03-21,000039,-1.14,-1.11,-1.07,-1.15,11967,34308648.0,-7.08,1.77,0.02,2.6
2001-03-22,000039,-1.11,-1.09,-1.06,-1.11,16190,46886024.0,-4.5,1.8,0.02,3.52
2001-03-23,000039,-1.1,-1.18,-1.08,-1.19,12375,34988064.0,-10.09,-8.26,-0.09,2.69
2001-03-26,000039,-1.19,-1.14,-1.14,-1.2,5624,15769501.0,-5.08,3.39,0.04,1.22
2001-03-27,000039,-1.13,-1.02,-1.0,-1.14,30464,89179248.0,-12.28,10.53,0.12,6.62
2001-03-28,000039,-1.0,-0.89,-0.83,-1.05,39137,119940240.0,-21.57,12.75,0.13,8.51
2001-03-29,000039,-0.92,-0.9,-0.83,-0.98,17199,53418556.0,-16.85,-1.12,-0.01,3.74
2001-03-30,000039,-0.9,-0.89,-0.88,-0.93,13643,42209364.0,-5.56,1.11,0.01,2.97
2001-04-02,000039,-0.84,-0.81,-0.79,-0.88,17789,56841280.0,-10.11,8.99,0.08,3.87
2001-04-03,000039,-0.81,-0.88,-0.81,-0.92,13807,43356224.0,-13.58,-8.64,-0.07,3.0
2001-04-04,000039,-0.9,-0.96,-0.87,-1.0,18630,56829512.0,-14.77,-9.09,-0.08,4.05
2001-04-05,000039,-0.97,-0.82,-0.81,-1.0,18602,57896384.0,-19.79,14.58,0.14,4.04
2001-04-06,000039,-0.81,-0.93,-0.77,-0.96,34223,106274720.0,-23.17,-13.41,-0.11,7.44
2001-04-09,000039,-0.94,-0.98,-0.94,-1.0,14637,44138928.0,-6.45,-5.38,-0.05,3.18
2001-04-10,000039,-0.98,-0.98,-0.94,-0.99,9018,27251690.0,-5.1,0.0,0.0,1.96
2001-04-11,000039,-0.97,-0.92,-0.9,-0.97,12242,37664200.0,-7.14,6.12,0.06,2.66
2001-04-12,000039,-0.9,-0.95,-0.9,-0.97,8785,26809596.0,-7.61,-3.26,-0.03,1.91
2001-04-13,000039,-0.95,-0.97,-0.95,-0.99,9873,29744882.0,-4.21,-2.11,-0.02,2.15
2001-04-16,000039,-0.97,-0.94,-0.92,-0.99,9448,28700452.0,-7.22,3.09,0.03,2.05
2001-04-17,000039,-0.93,-0.97,-0.93,-0.98,8988,27155136.0,-5.32,-3.19,-0.03,1.95
2001-04-18,000039,-0.96,-0.93,-0.91,-0.97,6046,18473466.0,-6.19,4.12,0.04,1.31
2001-04-19,000039,-0.93,-0.98,-0.92,-0.99,8886,26778246.0,-7.53,-5.38,-0.05,1.93
2001-04-20,000039,-0.97,-1.14,-0.97,-1.14,28205,81048824.0,-17.35,-16.33,-0.16,6.13
2001-04-23,000039,-1.16,-1.14,-1.12,-1.2,13389,37621968.0,-7.02,0.0,0.0,2.91
2001-04-24,000039,-1.13,-1.12,-1.08,-1.13,5482,15663515.0,-4.39,1.75,0.02,1.19
2001-04-25,000039,-1.12,-1.15,-1.1,-1.17,6040,16980220.0,-6.25,-2.68,-0.03,1.31
2001-04-26,000039,-1.16,-1.2,-1.16,-1.2,5452,15166167.0,-3.48,-4.35,-0.05,1.19
2001-04-27,000039,-1.18,-1.17,-1.15,-1.19,2948,8211950.0,-3.33,2.5,0.03,0.64
2001-04-30,000039,-1.17,-1.17,-1.16,-1.18,3328,9276900.0,-1.71,0.0,0.0,0.72
2001-05-08,000039,-1.17,-1.12,-1.12,-1.17,1932,5447976.0,-4.27,4.27,0.05,0.42
2001-05-09,000039,-1.12,-1.13,-1.1,-1.14,2814,8016117.0,-3.57,-0.89,-0.01,0.61
2001-05-10,000039,-1.11,-1.13,-1.1,-1.13,2398,6828362.0,-2.65,0.0,0.0,0.52
2001-05-11,000039,-1.13,-1.16,-1.12,-1.17,2986,8403510.0,-4.42,-2.65,-0.03,0.65
2001-05-14,000039,-1.17,-1.16,-1.15,-1.2,6966,19371458.0,-4.31,0.0,0.0,1.51
2001-05-15,000039,-1.15,-1.05,-1.03,-1.16,8990,25825296.0,-11.21,9.48,0.11,1.95
2001-05-16,000039,-1.05,-0.98,-0.97,-1.05,23963,71741056.0,-7.62,6.67,0.07,5.21
2001-05-17,000039,-0.99,-1.02,-0.98,-1.04,5636,16677156.0,-6.12,-4.08,-0.04,1.23
2001-05-18,000039,-1.03,-1.06,-1.03,-1.07,4866,14182951.0,-3.92,-3.92,-0.04,1.06
2001-05-22,000039,-1.08,-1.1,-1.05,-1.13,4873,14012105.0,-7.55,-3.77,-0.04,1.06
2001-05-23,000039,-1.12,-1.1,-1.09,-1.13,3232,9221969.0,-3.64,0.0,0.0,0.7
2001-05-24,000039,-1.1,-1.15,-1.09,-1.15,3816,10837452.0,-5.45,-4.55,-0.05,0.83
2001-05-25,000039,-1.15,-1.13,-1.09,-1.15,1892,5380070.0,-5.22,1.74,0.02,0.41
2001-05-28,000039,-1.15,-1.14,-1.1,-1.15,2898,8190434.5,-4.42,-0.88,-0.01,0.63
2001-05-29,000039,-1.16,-1.16,-1.12,-1.16,1946,5481835.0,-3.51,-1.75,-0.02,0.42
2001-05-30,000039,-1.16,-1.09,-1.06,-1.16,3436,9836175.0,-8.62,6.03,0.07,0.75
2001-05-31,000039,-1.07,-1.14,-1.07,-1.14,3372,9591530.0,-6.42,-4.59,-0.05,0.73
2001-06-01,000039,-1.14,-1.1,-1.09,-1.14,2534,7216942.5,-4.39,3.51,0.04,0.55
2001-06-04,000039,-1.1,-1.08,-1.04,-1.1,4603,13377352.0,-5.45,1.82,0.02,1.0
2001-06-05,000039,-1.07,-1.1,-1.07,-1.1,2806,8103512.0,-2.78,-1.85,-0.02,0.61
2001-06-06,000039,-1.08,-1.1,-1.07,-1.12,5490,15756879.0,-4.55,0.0,0.0,1.19
2001-06-07,000039,-1.1,-1.11,-1.08,-1.12,3039,8729844.0,-3.64,-0.91,-0.01,0.66
2001-06-08,000039,-1.11,-1.1,-1.09,-1.13,2439,6981501.0,-3.6,0.9,0.01,0.53
2001-06-11,000039,-1.09,-1.11,-1.07,-1.11,2248,6463932.0,-3.64,-0.91,-0.01,0.49
2001-06-12,000039,-1.1,-1.08,-1.08,-1.13,3599,10334346.0,-4.5,2.7,0.03,0.78
2001-06-13,000039,-1.08,-1.07,-1.07,-1.12,5132,14825790.0,-4.63,0.93,0.01,1.12
2001-06-14,000039,-1.07,-1.05,-0.99,-1.08,10371,30573958.0,-8.41,1.87,0.02,2.25
2001-06-15,000039,-1.07,-1.03,-1.0,-1.07,5253,15488595.0,-6.67,1.9,0.02,1.14
2001-06-18,000039,-1.02,-1.1,-1.01,-1.11,3846,11201512.0,-9.71,-6.8,-0.07,0.84
2001-06-19,000039,-1.1,-1.07,-1.06,-1.1,2765,8005130.0,-3.64,2.73,0.03,0.6
2001-06-20,000039,-1.07,-1.11,-1.07,-1.13,1747,5021202.0,-5.61,-3.74,-0.04,0.38
2001-06-21,000039,-1.11,-1.1,-1.09,-1.13,2391,6816275.0,-3.6,0.9,0.01,0.52
2001-06-22,000039,-1.1,-1.11,-1.09,-1.13,4217,12017140.0,-3.64,-0.91,-0.01,0.92
2001-06-25,000039,-1.1,-1.07,-1.06,-1.14,3397,9789969.0,-7.21,3.6,0.04,0.74
2001-06-26,000039,-1.07,-1.05,-1.04,-1.07,3965,11593966.0,-2.8,1.87,0.02,0.86
2001-06-27,000039,-1.06,-1.06,-1.03,-1.07,2136,6250644.0,-3.81,-0.95,-0.01,0.46
2001-06-28,000039,-1.05,-1.09,-1.05,-1.09,2611,7572939.0,-3.77,-2.83,-0.03,0.57
2001-06-29,000039,-1.12,-1.06,-1.06,-1.12,2989,8642415.0,-5.5,2.75,0.03,0.65
2001-07-02,000039,-1.09,-1.08,-1.07,-1.09,1161,3359020.0,-1.89,-1.89,-0.02,0.25
2001-07-03,000039,-1.09,-1.1,-1.08,-1.12,1164,3333757.0,-3.7,-1.85,-0.02,0.25
2001-07-04,000039,-1.09,-1.1,-1.09,-1.11,738,2115706.0,-1.82,0.0,0.0,0.16
2001-07-05,000039,-1.11,-1.13,-1.1,-1.14,1641,4673829.5,-3.64,-2.73,-0.03,0.36
2001-07-06,000039,-1.14,-1.13,-1.1,-1.15,2089,5961592.0,-4.42,0.0,0.0,0.45
2001-07-09,000039,-1.14,-1.12,-1.1,-1.14,1889,5394644.5,-3.54,0.88,0.01,0.41
2001-07-10,000039,-1.11,-1.09,-1.08,-1.13,1541,4420606.5,-4.46,2.68,0.03,0.34
2001-07-11,000039,-1.08,-1.13,-1.07,-1.13,1739,4995981.5,-5.5,-3.67,-0.04,0.38
2001-07-12,000039,-1.13,-1.12,-1.1,-1.13,1419,4044287.25,-2.65,0.88,0.01,0.31
2001-07-13,000039,-1.11,-1.12,-1.08,-1.12,1017,2920952.0,-3.57,0.0,0.0,0.22
2001-07-16,000039,-1.08,-1.04,-0.95,-1.14,20365,60484376.0,-16.96,7.14,0.08,4.43
2001-07-17,000039,-1.03,-1.02,-1.01,-1.06,5567,16371344.0,-4.81,1.92,0.02,1.21
2001-07-18,000039,-1.0,-0.99,-0.94,-1.02,20948,63281860.0,-7.84,2.94,0.03,4.55
2001-07-19,000039,-0.98,-0.94,-0.93,-0.99,9353,28110436.0,-6.06,5.05,0.05,2.03
2001-07-20,000039,-0.93,-0.88,-0.86,-0.93,26805,82809056.0,-7.45,6.38,0.06,5.83
2001-07-23,000039,-0.88,-0.9,-0.83,-0.91,11166,34734080.0,-9.09,-2.27,-0.02,2.43
2001-07-24,000039,-0.93,-0.97,-0.93,-1.01,10643,31954920.0,-8.89,-7.78,-0.07,2.31
2001-07-25,000039,-0.99,-0.99,-0.95,-1.0,4716,14098916.0,-5.15,-2.06,-0.02,1.03
2001-07-26,000039,-0.99,-0.97,-0.95,-0.99,7847,23552124.0,-4.04,2.02,0.02,1.71
2001-07-27,000039,-0.97,-1.05,-0.96,-1.06,5603,16534469.0,-10.31,-8.25,-0.08,1.22
2001-07-30,000039,-1.06,-1.15,-1.04,-1.15,6052,17317402.0,-10.48,-9.52,-0.1,1.32
2001-07-31,000039,-1.17,-1.22,-1.08,-1.23,6585,18392070.0,-13.04,-6.09,-0.07,1.43
2001-08-01,000039,-1.15,-1.03,-1.01,-1.15,15825,45626024.0,-11.48,15.57,0.19,3.44
2001-08-02,000039,-1.04,-1.03,-1.01,-1.12,9278,26775556.0,-10.68,0.0,0.0,2.02
2001-08-03,000039,-1.03,-1.0,-0.97,-1.03,5036,14865369.0,-5.83,2.91,0.03,1.09
2001-08-06,000039,-0.91,-0.95,-0.9,-1.0,23532,70692752.0,-10.0,5.0,0.05,5.12
2001-08-07,000039,-0.95,-0.98,-0.91,-1.02,12506,37652604.0,-11.58,-3.16,-0.03,2.72
2001-08-08,000039,-0.98,-0.97,-0.94,-1.01,4242,12689534.0,-7.14,1.02,0.01,0.92
2001-08-09,000039,-1.01,-0.97,-0.95,-1.01,6012,17992794.0,-6.19,0.0,0.0,1.31
2001-08-10,000039,-0.95,-0.94,-0.9,-0.97,11812,36001688.0,-7.22,3.09,0.03,2.57
2001-08-13,000039,-0.92,-0.95,-0.9,-0.96,7525,22897824.0,-6.38,-1.06,-0.01,1.64
2001-08-14,000039,-0.94,-1.0,-0.94,-1.01,7094,21180318.0,-7.37,-5.26,-0.05,1.54
2001-08-15,000039,-1.0,-0.97,-0.96,-1.01,2261,6758064.0,-5.0,3.0,0.03,0.49
2001-08-16,000039,-1.0,-0.99,-0.94,-1.0,1569,4688318.5,-6.19,-2.06,-0.02,0.34
2001-08-17,000039,-1.01,-0.96,-0.95,-1.01,2220,6643504.5,-6.06,3.03,0.03,0.48
2001-08-20,000039,-0.96,-0.94,-0.94,-1.0,3491,10536622.0,-6.25,2.08,0.02,0.76
2001-08-21,000039,-0.94,-0.93,-0.92,-0.95,4254,12938869.0,-3.19,1.06,0.01,0.92
2001-08-22,000039,-0.92,-0.99,-0.92,-0.99,4998,14942029.0,-7.53,-6.45,-0.06,1.09
2001-08-23,000039,-1.01,-1.02,-1.0,-1.07,7157,20892826.0,-7.07,-3.03,-0.03,1.56
2001-08-24,000039,-1.02,-1.06,-1.0,-1.07,3457,10087162.0,-6.86,-3.92,-0.04,0.75
2001-08-27,000039,-1.07,-1.11,-1.06,-1.12,4302,12275457.0,-5.66,-4.72,-0.05,0.94
2001-08-28,000039,-1.11,-1.05,-1.04,-1.14,2339,6663354.0,-9.01,5.41,0.06,0.51
2001-08-29,000039,-1.04,-1.07,-1.03,-1.07,1510,4374589.0,-3.81,-1.9,-0.02,0.33
2001-08-30,000039,-1.07,-1.11,-1.06,-1.12,1764,5020628.5,-5.61,-3.74,-0.04,0.38
2001-08-31,000039,-1.11,-1.08,-1.08,-1.11,1458,4159208.0,-2.7,2.7,0.03,0.32
2001-09-03,000039,-1.1,-1.1,-1.07,-1.13,808,2311277.0,-5.56,-1.85,-0.02,0.18
2001-09-04,000039,-1.09,-1.05,-1.04,-1.1,1414,4094013.5,-5.45,4.55,0.05,0.31
2001-09-05,000039,-0.99,-1.06,-0.99,-1.06,1282,3741666.0,-6.67,-0.95,-0.01,0.28
2001-09-06,000039,-1.07,-1.07,-1.05,-1.09,944,2726661.25,-3.77,-0.94,-0.01,0.21
2001-09-07,000039,-1.1,-1.14,-1.07,-1.14,3960,11187145.0,-6.54,-6.54,-0.07,0.86
2001-09-10,000039,-1.17,-1.1,-1.09,-1.18,8383,23433592.0,-7.89,3.51,0.04,1.82
2001-09-11,000039,-1.1,-1.15,-1.1,-1.17,5850,16323139.0,-6.36,-4.55,-0.05,1.27
2001-09-12,000039,-1.19,-1.17,-1.14,-1.23,4881,13462754.0,-7.83,-1.74,-0.02,1.06
2001-09-13,000039,-1.19,-1.17,-1.15,-1.19,1591,4409593.0,-3.42,0.0,0.0,0.35
2001-09-14,000039,-1.15,-1.17,-1.15,-1.21,3528,9696242.0,-5.13,0.0,0.0,0.77
2001-09-17,000039,-1.2,-1.32,-1.2,-1.36,10312,27059546.0,-13.68,-12.82,-0.15,2.24
2001-09-18,000039,-1.32,-1.28,-1.25,-1.34,4062,10720569.0,-6.82,3.03,0.04,0.88
2001-09-19,000039,-1.26,-1.23,-1.23,-1.3,2369,6337785.5,-5.47,3.91,0.05,0.52
2001-09-20,000039,-1.23,-1.27,-1.21,-1.28,1282,3430800.5,-5.69,-3.25,-0.04,0.28
2001-09-21,000039,-1.31,-1.29,-1.24,-1.31,1246,3301979.5,-5.51,-1.57,-0.02,0.27
2001-09-24,000039,-1.3,-1.29,-1.28,-1.31,2307,6081500.5,-2.33,0.0,0.0,0.5
2001-09-25,000039,-1.25,-1.28,-1.23,-1.28,1098,2925846.5,-3.88,0.78,0.01,0.24
2001-09-26,000039,-1.25,-1.24,-1.2,-1.28,5142,13874971.0,-6.25,3.13,0.04,1.12
2001-09-27,000039,-1.23,-1.23,-1.22,-1.25,2480,6709911.0,-2.42,0.81,0.01,0.54
2001-09-28,000039,-1.23,-1.22,-1.2,-1.23,2449,6660906.0,-2.44,0.81,0.01,0.53
2001-10-08,000039,-1.21,-1.26,-1.19,-1.28,1315,3544730.5,-7.38,-3.28,-0.04,0.29
2001-10-09,000039,-1.26,-1.25,-1.23,-1.27,1138,3056115.0,-3.17,0.79,0.01,0.25
2001-10-10,000039,-1.25,-1.32,-1.24,-1.32,2174,5690619.0,-6.4,-5.6,-0.07,0.47
2001-10-11,000039,-1.34,-1.36,-1.29,-1.36,1944,4996924.5,-5.3,-3.03,-0.04,0.42
2001-10-12,000039,-1.35,-1.34,-1.29,-1.4,4779,12291826.0,-8.09,1.47,0.02,1.04
2001-10-15,000039,-1.33,-1.34,-1.33,-1.39,1070,2738436.75,-4.48,0.0,0.0,0.23
2001-10-17,000039,-1.27,-1.39,-1.27,-1.4,2415,6159527.5,-9.7,-3.73,-0.05,0.53
2001-10-18,000039,-1.39,-1.53,-1.39,-1.59,7307,17568394.0,-14.39,-10.07,-0.14,1.59
2001-10-19,000039,-1.57,-1.63,-1.57,-1.68,7019,15784363.0,-7.19,-6.54,-0.1,1.53
2001-10-22,000039,-1.67,-1.65,-1.61,-1.68,3305,7379736.0,-4.29,-1.23,-0.02,0.72
2001-10-23,000039,-1.45,-1.45,-1.45,-1.49,14665,35943512.0,-2.42,12.12,0.2,3.19
2001-10-24,000039,-1.32,-1.4,-1.31,-1.41,21353,54505340.0,-6.9,3.45,0.05,4.64
2001-10-25,000039,-1.4,-1.43,-1.39,-1.46,4884,12130096.0,-5.0,-2.14,-0.03,1.06
2001-10-29,000039,-1.41,-1.41,-1.4,-1.43,2907,7233995.5,-2.1,1.4,0.02,0.63
2001-10-30,000039,-1.41,-1.46,-1.41,-1.47,2167,5335163.5,-4.26,-3.55,-0.05,0.47
2001-10-31,000039,-1.47,-1.42,-1.41,-1.51,2787,6745023.0,-6.85,2.74,0.04,0.61
2001-11-01,000039,-1.41,-1.42,-1.41,-1.47,2399,5958798.5,-4.23,0.0,0.0,0.52
2001-11-02,000039,-1.37,-1.43,-1.37,-1.46,1977,4891848.5,-6.34,-0.7,-0.01,0.43
2001-11-05,000039,-1.44,-1.44,-1.42,-1.45,1472,3626306.25,-2.1,-0.7,-0.01,0.32
2001-11-06,000039,-1.5,-1.46,-1.42,-1.5,547,1333243.0,-5.56,-1.39,-0.02,0.12
2001-11-07,000039,-1.47,-1.58,-1.47,-1.59,4263,9921062.0,-8.22,-8.22,-0.12,0.93
2001-11-08,000039,-1.61,-1.56,-1.56,-1.64,2143,4914002.0,-5.06,1.27,0.02,0.47
2001-11-09,000039,-1.56,-1.56,-1.53,-1.61,3052,7040925.5,-5.13,0.0,0.0,0.66
2001-11-12,000039,-1.56,-1.6,-1.54,-1.6,1200,2766025.25,-3.85,-2.56,-0.04,0.26
2001-11-13,000039,-1.62,-1.61,-1.6,-1.63,1192,2705233.0,-1.88,-0.63,-0.01,0.26
2001-11-14,000039,-1.6,-1.62,-1.59,-1.62,1482,3362387.75,-1.86,-0.62,-0.01,0.32
2001-11-15,000039,-1.61,-1.6,-1.58,-1.61,642,1466146.25,-1.85,1.23,0.02,0.14
2001-11-16,000039,-1.4,-1.53,-1.4,-1.54,16312,40047204.0,-8.75,4.38,0.07,3.55
2001-11-19,000039,-1.51,-1.49,-1.49,-1.53,16312,40047202.0,-2.61,2.61,0.04,3.55
2001-11-20,000039,-1.49,-1.43,-1.39,-1.49,1201,2871294.0,-6.71,4.03,0.06,0.26
2001-11-21,000039,-1.43,-1.42,-1.42,-1.44,2358,5830331.0,-1.4,0.7,0.01,0.51
2001-11-22,000039,-1.41,-1.43,-1.41,-1.44,1735,4302978.0,-2.11,-0.7,-0.01,0.38
2001-11-23,000039,-1.42,-1.42,-1.41,-1.44,3460,8595239.0,-2.1,0.7,0.01,0.75
2001-11-26,000039,-1.41,-1.44,-1.41,-1.46,1172,2881570.75,-3.52,-1.41,-0.02,0.25
2001-11-27,000039,-1.44,-1.41,-1.41,-1.45,2920,7288933.0,-2.78,2.08,0.03,0.63
2001-11-28,000039,-1.41,-1.4,-1.37,-1.42,3013,7563810.0,-3.55,0.71,0.01,0.66
2001-11-29,000039,-1.4,-1.42,-1.39,-1.43,1904,4768427.5,-2.86,-1.43,-0.02,0.41
2001-11-30,000039,-1.42,-1.41,-1.4,-1.43,1476,3680315.5,-2.11,0.7,0.01,0.32
2001-12-03,000039,-1.41,-1.37,-1.35,-1.41,5750,14607797.0,-4.26,2.84,0.04,1.25
2001-12-04,000039,-1.37,-1.32,-1.32,-1.38,6157,15854446.0,-4.38,3.65,0.05,1.34
2001-12-05,000039,-1.28,-1.29,-1.18,-1.31,14598,39152148.0,-9.85,2.27,0.03,3.17
2001-12-06,000039,-1.28,-1.26,-1.24,-1.29,7507,20011062.0,-3.88,2.33,0.03,1.63
2001-12-07,000039,-1.25,-1.28,-1.24,-1.29,2491,6603149.0,-3.97,-1.59,-0.02,0.54
2001-12-10,000039,-1.28,-1.29,-1.25,-1.31,4497,11813286.0,-4.69,-0.78,-0.01,0.98
2001-12-11,000039,-1.3,-1.31,-1.26,-1.31,6576,17307400.0,-3.88,-1.55,-0.02,1.43
2001-12-12,000039,-1.31,-1.3,-1.28,-1.32,2337,6131298.0,-3.05,0.76,0.01,0.51
2001-12-13,000039,-1.31,-1.36,-1.28,-1.36,4147,10731343.0,-6.15,-4.62,-0.06,0.9
2001-12-14,000039,-1.36,-1.36,-1.34,-1.37,1832,4677549.0,-2.21,0.0,0.0,0.4
2001-12-17,000039,-1.36,-1.35,-1.33,-1.38,1687,4317666.0,-3.68,0.74,0.01,0.37
2001-12-18,000039,-1.35,-1.3,-1.29,-1.38,3636,9371073.0,-6.67,3.7,0.05,0.79
2001-12-19,000039,-1.29,-1.34,-1.28,-1.34,2171,5683808.0,-4.62,-3.08,-0.04,0.47
2001-12-20,000039,-1.35,-1.37,-1.34,-1.38,2606,6653445.5,-2.99,-2.24,-0.03,0.57
2001-12-21,000039,-1.37,-1.35,-1.34,-1.37,1016,2595282.5,-2.19,1.46,0.02,0.22
2001-12-24,000039,-1.34,-1.39,-1.34,-1.39,2060,5219636.0,-3.7,-2.96,-0.04,0.45
2001-12-25,000039,-1.39,-1.38,-1.37,-1.4,1226,3104739.0,-2.16,0.72,0.01,0.27
2001-12-26,000039,-1.39,-1.35,-1.34,-1.4,1531,3895833.0,-4.35,2.17,0.03,0.33
2001-12-27,000039,-1.34,-1.34,-1.29,-1.35,2249,5842881.5,-4.44,0.74,0.01,0.49
2001-12-28,000039,-1.34,-1.27,-1.26,-1.34,4951,13088353.0,-5.97,5.22,0.07,1.08
2001-12-31,000039,-1.26,-1.26,-1.22,-1.28,4755,12758778.0,-4.72,0.79,0.01,1.03
2002-01-04,000039,-1.27,-1.33,-1.26,-1.33,2185,5710706.5,-5.56,-5.56,-0.07,0.48
2002-01-07,000039,-1.33,-1.34,-1.33,-1.38,1703,4355948.0,-3.76,-0.75,-0.01,0.37
2002-01-08,000039,-1.34,-1.32,-1.3,-1.34,1695,4406203.5,-2.99,1.49,0.02,0.37
2002-01-09,000039,-1.33,-1.36,-1.33,-1.37,2059,5275258.5,-3.03,-3.03,-0.04,0.45
2002-01-10,000039,-1.38,-1.31,-1.29,-1.39,3488,8890595.0,-7.35,3.68,0.05,0.76
2002-01-11,000039,-1.32,-1.3,-1.28,-1.35,5111,13368912.0,-5.34,0.76,0.01,1.11
2002-01-14,000039,-1.32,-1.39,-1.32,-1.42,11825,29910142.0,-7.69,-6.92,-0.09,2.57
2002-01-15,000039,-1.41,-1.42,-1.37,-1.42,7618,19140300.0,-3.6,-2.16,-0.03,1.66
2002-01-16,000039,-1.42,-1.44,-1.37,-1.51,5839,14228292.0,-9.86,-1.41,-0.02,1.27
2002-01-17,000039,-1.46,-1.53,-1.46,-1.55,7653,18144014.0,-6.25,-6.25,-0.09,1.66
2002-01-18,000039,-1.58,-1.45,-1.44,-1.61,8908,21252448.0,-11.11,5.23,0.08,1.94
2002-01-21,000039,-1.51,-1.55,-1.5,-1.56,8827,20903688.0,-4.14,-6.9,-0.1,1.92
2002-01-22,000039,-1.55,-1.52,-1.45,-1.55,4437,10610642.0,-6.45,1.94,0.03,0.96
2002-01-23,000039,-1.5,-1.42,-1.41,-1.54,7680,18501300.0,-8.55,6.58,0.1,1.67
2002-01-24,000039,-1.43,-1.45,-1.41,-1.48,10631,26096724.0,-4.93,-2.11,-0.03,2.31
2002-01-28,000039,-1.47,-1.51,-1.42,-1.53,5946,14360377.0,-7.59,-4.14,-0.06,1.29
2002-01-29,000039,-1.57,-1.49,-1.46,-1.57,4252,10217215.0,-7.28,1.32,0.02,0.92
2002-01-30,000039,-1.49,-1.49,-1.46,-1.5,2151,5188768.5,-2.68,0.0,0.0,0.47
2002-01-31,000039,-1.28,-1.33,-1.28,-1.44,14065,36407836.0,-10.74,10.74,0.16,3.06
2002-02-01,000039,-1.34,-1.33,-1.28,-1.36,7511,19543686.0,-6.02,0.0,0.0,1.63
2002-02-04,000039,-1.32,-1.28,-1.26,-1.35,5429,14291868.0,-6.77,3.76,0.05,1.18
2002-02-05,000039,-1.34,-1.31,-1.28,-1.34,3561,9322591.0,-4.69,-2.34,-0.03,0.77
2002-02-06,000039,-1.32,-1.33,-1.31,-1.33,2798,7257737.0,-1.53,-1.53,-0.02,0.61
2002-02-07,000039,-1.35,-1.31,-1.29,-1.35,3395,8880158.0,-4.51,1.5,0.02,0.74
2002-02-08,000039,-1.3,-1.31,-1.29,-1.32,2756,7219003.5,-2.29,0.0,0.0,0.6
2002-02-25,000039,-1.28,-1.24,-1.24,-1.29,5442,14525117.0,-3.82,5.34,0.07,1.18
2002-02-26,000039,-1.27,-1.27,-1.24,-1.29,3454,9179281.0,-4.03,-2.42,-0.03,0.75
2002-02-27,000039,-1.28,-1.26,-1.24,-1.29,2861,7657605.5,-3.94,0.79,0.01,0.62
2002-02-28,000039,-1.27,-1.27,-1.23,-1.28,2310,6184261.5,-3.97,-0.79,-0.01,0.5
2002-03-01,000039,-1.27,-1.28,-1.27,-1.28,2110,5585851.5,-0.79,-0.79,-0.01,0.46
2002-03-04,000039,-1.29,-1.28,-1.28,-1.3,1358,3577015.5,-1.56,0.0,0.0,0.3
2002-03-05,000039,-1.27,-1.23,-1.22,-1.27,5306,14333271.0,-3.91,3.91,0.05,1.15
2002-03-06,000039,-1.23,-1.23,-1.18,-1.28,6490,17608064.0,-8.13,0.0,0.0,1.41
2002-03-07,000039,-1.21,-1.21,-1.21,-1.27,6622,17887850.0,-4.88,1.63,0.02,1.44
2002-03-08,000039,-1.2,-1.19,-1.18,-1.23,5911,16166800.0,-4.13,1.65,0.02,1.29
2002-03-11,000039,-1.19,-1.11,-1.1,-1.19,13655,38334820.0,-7.56,6.72,0.08,2.97
2002-03-12,000039,-1.08,-1.16,-1.08,-1.17,5103,14283291.0,-8.11,-4.5,-0.05,1.11
2002-03-13,000039,-1.19,-1.23,-1.17,-1.25,7015,19062264.0,-6.9,-6.03,-0.07,1.53
2002-03-14,000039,-1.23,-1.19,-1.19,-1.24,4089,11126534.0,-4.07,3.25,0.04,0.89
2002-03-15,000039,-1.17,-1.24,-1.17,-1.25,3023,8218042.5,-6.72,-4.2,-0.05,0.66
2002-03-18,000039,-1.23,-1.24,-1.19,-1.26,4294,11563769.0,-5.65,0.0,0.0,0.93
2002-03-19,000039,-1.22,-1.21,-1.21,-1.25,1891,5124164.5,-3.23,2.42,0.03,0.41
2002-03-20,000039,-1.21,-1.21,-1.17,-1.23,3889,10671908.0,-4.96,0.0,0.0,0.85
2002-03-21,000039,-1.2,-1.21,-1.18,-1.21,2545,6973180.0,-2.48,0.0,0.0,0.55
2002-03-22,000039,-1.21,-1.22,-1.19,-1.23,1427,3874301.75,-3.31,-0.83,-0.01,0.31
2002-03-25,000039,-1.22,-1.23,-1.22,-1.24,1631,4399882.5,-1.64,-0.82,-0.01,0.35
2002-03-26,000039,-1.22,-1.24,-1.2,-1.25,2090,5643640.0,-4.07,-0.81,-0.01,0.45
2002-03-27,000039,-1.24,-1.23,-1.21,-1.24,1219,3290982.0,-2.42,0.81,0.01,0.27
2002-03-28,000039,-1.23,-1.21,-1.21,-1.24,1851,5010284.5,-2.44,1.63,0.02,0.4
2002-03-29,000039,-1.22,-1.27,-1.21,-1.28,2120,5656198.5,-5.79,-4.96,-0.06,0.46
2002-04-01,000039,-1.27,-1.31,-1.25,-1.32,3105,8145603.5,-5.51,-3.15,-0.04,0.68
2002-04-02,000039,-1.3,-1.36,-1.3,-1.37,3534,9090855.0,-5.34,-3.82,-0.05,0.77
2002-04-03,000039,-1.36,-1.32,-1.31,-1.37,5655,14613745.0,-4.41,2.94,0.04,1.23
2002-04-04,000039,-1.32,-1.28,-1.28,-1.33,1978,5182058.0,-3.79,3.03,0.04,0.43
2002-04-05,000039,-1.28,-1.32,-1.28,-1.32,1692,4433346.5,-3.13,-3.13,-0.04,0.37
2002-04-08,000039,-1.32,-1.33,-1.31,-1.35,1153,2991550.75,-3.03,-0.76,-0.01,0.25
2002-04-09,000039,-1.32,-1.28,-1.25,-1.35,2815,7308076.5,-7.52,3.76,0.05,0.61
2002-04-10,000039,-1.28,-1.28,-1.28,-1.3,1424,3752711.75,-1.56,0.0,0.0,0.31
2002-04-11,000039,-1.28,-1.32,-1.28,-1.32,1710,4459775.0,-3.13,-3.13,-0.04,0.37
2002-04-12,000039,-1.32,-1.3,-1.29,-1.32,1277,3350367.0,-2.27,1.52,0.02,0.28
2002-04-15,000039,-1.31,-1.32,-1.3,-1.32,943,2457900.75,-1.54,-1.54,-0.02,0.21
2002-04-16,000039,-1.3,-1.31,-1.3,-1.32,964,2511761.75,-1.52,0.76,0.01,0.21
2002-04-17,000039,-1.29,-1.27,-1.26,-1.31,2429,6437617.5,-3.82,3.05,0.04,0.53
2002-04-18,000039,-1.27,-1.3,-1.26,-1.34,1667,4368647.5,-6.3,-2.36,-0.03,0.36
2002-04-19,000039,-1.31,-1.3,-1.3,-1.33,3285,8541905.0,-2.31,0.0,0.0,0.71
2002-04-22,000039,-1.29,-1.21,-1.2,-1.29,13775,37223136.0,-6.92,6.92,0.09,3.0
2002-04-23,000039,-1.21,-1.23,-1.2,-1.25,5945,16130743.0,-4.13,-1.65,-0.02,1.29
2002-04-24,000039,-1.23,-1.3,-1.22,-1.3,6492,17325212.0,-6.5,-5.69,-0.07,1.41
2002-04-25,000039,-1.29,-1.25,-1.23,-1.29,4632,12351996.0,-4.62,3.85,0.05,1.01
2002-04-26,000039,-1.23,-1.25,-1.21,-1.27,5985,16153924.0,-4.8,0.0,0.0,1.3
2002-04-29,000039,-1.24,-1.22,-1.22,-1.24,9918,26874900.0,-1.6,2.4,0.03,2.16
2002-04-30,000039,-1.16,-1.21,-1.16,-1.22,15330,41947536.0,-4.92,0.82,0.01,3.33
2002-05-08,000039,-1.19,-1.22,-1.17,-1.22,5857,16047403.0,-4.13,-0.83,-0.01,1.27
2002-05-09,000039,-1.22,-1.25,-1.21,-1.27,4078,10970314.0,-4.92,-2.46,-0.03,0.89
2002-05-10,000039,-1.25,-1.26,-1.24,-1.28,2407,6406322.0,-3.2,-0.8,-0.01,0.52
2002-05-13,000039,-1.26,-1.28,-1.25,-1.28,2045,5421486.0,-2.38,-1.59,-0.02,0.44
2002-05-14,000039,-1.29,-1.29,-1.27,-1.3,3159,8338638.0,-2.34,-0.78,-0.01,0.69
2002-05-15,000039,-1.29,-1.32,-1.29,-1.33,2152,5620821.0,-3.1,-2.33,-0.03,0.47
2002-05-16,000039,-1.34,-1.39,-1.32,-1.39,3436,8796535.0,-5.3,-5.3,-0.07,0.75
2002-05-17,000039,-1.39,-1.38,-1.35,-1.4,3984,10083733.0,-3.6,0.72,0.01,0.87
2002-05-20,000039,-1.4,-1.43,-1.4,-1.44,3067,7605717.0,-2.9,-3.62,-0.05,0.67
2002-05-21,000039,-1.39,-1.39,-1.36,-1.41,5096,12888354.0,-3.5,2.8,0.04,1.11
2002-05-22,000039,-1.39,-1.42,-1.37,-1.42,2452,6140706.0,-3.6,-2.16,-0.03,0.53
2002-05-23,000039,-1.4,-1.41,-1.37,-1.41,2177,5454644.5,-2.82,0.7,0.01,0.47
2002-05-24,000039,-1.41,-1.41,-1.39,-1.42,2458,6132520.5,-2.13,0.0,0.0,0.53
2002-05-27,000039,-1.36,-1.41,-1.32,-1.42,2206,5518590.5,-7.09,0.0,0.0,0.48
2002-05-28,000039,-1.41,-1.47,-1.41,-1.47,7631,18768718.0,-4.26,-4.26,-0.06,1.66
2002-05-29,000039,-1.47,-1.53,-1.46,-1.55,5760,13611055.0,-6.12,-4.08,-0.06,1.25
2002-05-30,000039,-1.54,-1.51,-1.5,-1.55,2893,6870676.5,-3.27,1.31,0.02,0.63
2002-06-03,000039,-1.58,-1.56,-1.54,-1.63,4407,10139644.0,-5.96,-3.31,-0.05,0.96
2002-06-04,000039,-1.56,-1.54,-1.5,-1.57,2637,6182702.0,-4.49,1.28,0.02,0.57
2002-06-05,000039,-1.53,-1.44,-1.39,-1.53,8115,20007696.0,-9.09,6.49,0.1,1.76
2002-06-06,000039,-1.44,-1.42,-1.39,-1.5,6133,15210296.0,-7.64,1.39,0.02,1.33
2002-06-07,000039,-1.42,-1.44,-1.41,-1.45,5398,13348008.0,-2.82,-1.41,-0.02,1.17
2002-06-10,000039,-1.44,-1.41,-1.39,-1.44,4517,11287907.0,-3.47,2.08,0.03,0.98
2002-06-11,000039,-1.41,-1.41,-1.39,-1.42,2720,6795975.0,-2.13,0.0,0.0,0.59
2002-06-12,000039,-1.41,-1.4,-1.4,-1.43,4711,11752273.0,-2.13,0.71,0.01,1.02
2002-06-13,000039,-1.41,-1.45,-1.41,-1.46,3300,5305336.0,-3.57,-3.57,-0.05,0.48
2002-06-14,000039,-1.47,-1.51,-1.47,-1.51,2498,3909250.5,-2.76,-4.14,-0.06,0.36
2002-06-17,000039,-1.53,-1.53,-1.51,-1.54,2095,3214525.75,-1.99,-1.32,-0.02,0.3
2002-06-18,000039,-1.53,-1.5,-1.49,-1.53,1965,3062464.5,-2.61,1.96,0.03,0.28
2002-06-19,000039,-1.5,-1.5,-1.5,-1.52,1261,1970108.12,-1.33,0.0,0.0,0.18
2002-06-20,000039,-1.47,-1.48,-1.47,-1.49,1221,1924260.5,-1.33,1.33,0.02,0.18
2002-06-21,000039,-1.48,-1.4,-1.39,-1.48,6539,10653089.0,-6.08,5.41,0.08,0.95
2002-06-24,000039,-1.18,-1.18,-1.18,-1.26,52531,94426256.0,-5.71,15.71,0.22,7.61
2002-06-25,000039,-1.12,-1.19,-1.07,-1.2,25165,46369608.0,-11.02,-0.85,-0.01,3.65
2002-06-26,000039,-1.2,-1.21,-1.19,-1.26,10816,19192914.0,-5.88,-1.68,-0.02,1.57
2002-06-27,000039,-1.21,-1.25,-1.21,-1.25,6127,10799375.0,-3.31,-3.31,-0.04,0.89
2002-06-28,000039,-1.25,-1.23,-1.22,-1.31,13112,22813284.0,-7.2,1.6,0.02,1.9
2002-07-01,000039,-1.22,-1.21,-1.17,-1.22,8916,16032526.0,-4.07,1.63,0.02,1.29
2002-07-02,000039,-1.21,-1.22,-1.21,-1.25,4483,7891424.5,-3.31,-0.83,-0.01,0.65
2002-07-03,000039,-1.22,-1.22,-1.2,-1.23,2834,5041310.0,-2.46,0.0,0.0,0.41
2002-07-04,000039,-1.21,-1.2,-1.13,-1.21,17707,32189140.0,-6.56,1.64,0.02,2.57
2002-07-05,000039,-1.2,-1.24,-1.19,-1.26,5628,9919850.0,-5.83,-3.33,-0.04,0.82
2002-07-08,000039,-1.25,-1.23,-1.21,-1.25,5827,10285618.0,-3.23,0.81,0.01,0.84
2002-07-09,000039,-1.21,-1.22,-1.21,-1.24,2433,4309226.0,-2.44,0.81,0.01,0.35
2002-07-10,000039,-1.22,-1.26,-1.22,-1.27,4158,7282160.0,-4.1,-3.28,-0.04,0.6
2002-07-11,000039,-1.26,-1.26,-1.25,-1.28,2333,4073130.0,-2.38,0.0,0.0,0.34
2002-07-12,000039,-1.22,-1.22,-1.17,-1.22,6721,12028378.0,-3.97,3.17,0.04,0.97
2002-07-15,000039,-1.23,-1.24,-1.22,-1.24,1928,3397056.75,-1.64,-1.64,-0.02,0.28
2002-07-16,000039,-1.24,-1.24,-1.23,-1.25,1659,2922543.0,-1.61,0.0,0.0,0.24
2002-07-17,000039,-1.24,-1.24,-1.24,-1.27,2744,4793485.0,-2.42,0.0,0.0,0.4
2002-07-18,000039,-1.24,-1.24,-1.22,-1.24,2493,4406369.0,-1.61,0.0,0.0,0.36
2002-07-19,000039,-1.24,-1.23,-1.22,-1.24,1639,2896445.5,-1.61,0.81,0.01,0.24
2002-07-22,000039,-1.23,-1.27,-1.23,-1.27,2605,4556316.5,-3.25,-3.25,-0.04,0.38
2002-07-23,000039,-1.27,-1.29,-1.27,-1.31,3654,6289102.5,-3.15,-1.57,-0.02,0.53
2002-07-24,000039,-1.29,-1.3,-1.27,-1.3,1974,3394660.25,-2.33,-0.78,-0.01,0.29
2002-07-25,000039,-1.27,-1.33,-1.27,-1.35,3007,5094540.0,-6.15,-2.31,-0.03,0.44
2002-07-26,000039,-1.33,-1.36,-1.33,-1.36,2393,4019744.0,-2.26,-2.26,-0.03,0.35
2002-07-29,000039,-1.36,-1.37,-1.36,-1.39,2925,4836439.0,-2.21,-0.74,-0.01,0.42
2002-07-30,000039,-1.36,-1.35,-1.34,-1.37,1240,2072416.88,-2.19,1.46,0.02,0.18
2002-07-31,000039,-1.33,-1.36,-1.33,-1.37,1679,2805553.0,-2.96,-0.74,-0.01,0.24
2002-08-01,000039,-1.37,-1.36,-1.35,-1.37,1307,2182645.0,-1.47,0.0,0.0,0.19
2002-08-02,000039,-1.36,-1.36,-1.35,-1.36,842,1407244.75,-0.74,0.0,0.0,0.12
2002-08-05,000039,-1.36,-1.37,-1.36,-1.39,1096,1816389.5,-2.21,-0.74,-0.01,0.16
2002-08-06,000039,-1.37,-1.36,-1.34,-1.38,2591,4326913.5,-2.92,0.73,0.01,0.38
2002-08-07,000039,-1.36,-1.37,-1.35,-1.38,1557,2591046.0,-2.21,-0.74,-0.01,0.23
2002-08-08,000039,-1.38,-1.38,-1.34,-1.39,1655,2739362.75,-3.65,-0.73,-0.01,0.24
2002-08-09,000039,-1.39,-1.41,-1.39,-1.41,2098,3438369.5,-1.45,-2.17,-0.03,0.3
2002-08-12,000039,-1.41,-1.43,-1.4,-1.43,1339,2168779.25,-2.13,-1.42,-0.02,0.19
2002-08-13,000039,-1.43,-1.42,-1.41,-1.43,1256,2035613.88,-1.4,0.7,0.01,0.18
2002-08-14,000039,-1.42,-1.41,-1.41,-1.42,571,929817.88,-0.7,0.7,0.01,0.08
2002-08-15,000039,-1.41,-1.43,-1.41,-1.45,1046,1689603.0,-2.84,-1.42,-0.02,0.15
2002-08-16,000039,-1.42,-1.41,-1.4,-1.44,1167,1885932.75,-2.8,1.4,0.02,0.17
2002-08-19,000039,-1.42,-1.42,-1.41,-1.43,812,1318789.0,-1.42,-0.71,-0.01,0.12
2002-08-20,000039,-1.41,-1.39,-1.39,-1.42,1337,2187404.75,-2.11,2.11,0.03,0.19
2002-08-21,000039,-1.4,-1.39,-1.39,-1.4,1115,1833899.75,-0.72,0.0,0.0,0.16
2002-08-22,000039,-1.38,-1.34,-1.33,-1.38,3691,6219310.0,-3.6,3.6,0.05,0.54
2002-08-23,000039,-1.33,-1.36,-1.33,-1.36,1669,2804565.25,-2.24,-1.49,-0.02,0.24
2002-08-26,000039,-1.35,-1.38,-1.35,-1.39,1859,3090816.75,-2.94,-1.47,-0.02,0.27
2002-08-27,000039,-1.36,-1.35,-1.33,-1.36,2605,4371319.5,-2.17,2.17,0.03,0.38
2002-08-28,000039,-1.35,-1.35,-1.33,-1.36,1750,2942251.5,-2.22,0.0,0.0,0.25
2002-08-29,000039,-1.35,-1.39,-1.35,-1.39,1433,2379605.75,-2.96,-2.96,-0.04,0.21
2002-08-30,000039,-1.39,-1.37,-1.36,-1.4,998,1650975.0,-2.88,1.44,0.02,0.14
2002-09-02,000039,-1.39,-1.38,-1.37,-1.39,972,1605766.88,-1.46,-0.73,-0.01,0.14
2002-09-03,000039,-1.38,-1.38,-1.37,-1.39,1311,2169256.25,-1.45,0.0,0.0,0.19
2002-09-04,000039,-1.38,-1.39,-1.37,-1.39,2750,4553784.5,-1.45,-0.72,-0.01,0.4
2002-09-05,000039,-1.39,-1.41,-1.39,-1.41,1534,2508786.0,-1.44,-1.44,-0.02,0.22
2002-09-06,000039,-1.41,-1.42,-1.4,-1.43,1899,3085094.5,-2.13,-0.71,-0.01,0.28
2002-09-09,000039,-1.42,-1.43,-1.42,-1.44,1458,2346521.25,-1.41,-0.7,-0.01,0.21
2002-09-10,000039,-1.44,-1.42,-1.41,-1.44,334,542933.62,-2.1,0.7,0.01,0.05
2002-09-11,000039,-1.42,-1.44,-1.42,-1.44,966,1556327.5,-1.41,-1.41,-0.02,0.14
2002-09-12,000039,-1.44,-1.44,-1.43,-1.46,1153,1848860.38,-2.08,0.0,0.0,0.17
2002-09-13,000039,-1.44,-1.44,-1.43,-1.45,674,1083244.0,-1.39,0.0,0.0,0.1
2002-09-16,000039,-1.45,-1.47,-1.45,-1.48,2492,3964703.25,-2.08,-2.08,-0.03,0.36
2002-09-17,000039,-1.46,-1.47,-1.37,-1.49,2810,4465312.5,-8.16,0.0,0.0,0.41
2002-09-18,000039,-1.48,-1.52,-1.48,-1.52,4185,6517619.5,-2.72,-3.4,-0.05,0.61
2002-09-19,000039,-1.52,-1.47,-1.46,-1.52,2005,3158316.75,-3.95,3.29,0.05,0.29
2002-09-20,000039,-1.47,-1.49,-1.46,-1.5,1203,1894488.0,-2.72,-1.36,-0.02,0.17
2002-09-23,000039,-1.48,-1.49,-1.47,-1.51,1526,2383875.5,-2.68,0.0,0.0,0.22
2002-09-24,000039,-1.5,-1.52,-1.49,-1.52,1739,2707094.25,-2.01,-2.01,-0.03,0.25
2002-09-25,000039,-1.52,-1.52,-1.49,-1.53,1388,2160552.0,-2.63,0.0,0.0,0.2
2002-09-26,000039,-1.51,-1.51,-1.5,-1.52,1732,2688877.25,-1.32,0.66,0.01,0.25
2002-09-27,000039,-1.49,-1.51,-1.49,-1.52,1325,2056550.0,-1.99,0.0,0.0,0.19
2002-10-08,000039,-1.51,-1.53,-1.51,-1.54,837,1287181.88,-1.99,-1.32,-0.02,0.12
2002-10-09,000039,-1.5,-1.58,-1.5,-1.59,2726,4126326.5,-5.88,-3.27,-0.05,0.4
2002-10-10,000039,-1.57,-1.6,-1.56,-1.6,1482,2224271.25,-2.53,-1.27,-0.02,0.21
2002-10-11,000039,-1.6,-1.59,-1.58,-1.6,1250,1874807.25,-1.25,0.63,0.01,0.18
2002-10-14,000039,-1.59,-1.6,-1.59,-1.61,1397,2074393.25,-1.26,-0.63,-0.01,0.2
2002-10-15,000039,-1.6,-1.6,-1.58,-1.61,2745,4084704.5,-1.88,0.0,0.0,0.4
2002-10-16,000039,-1.6,-1.59,-1.57,-1.6,4689,7022610.0,-1.88,0.63,0.01,0.68
2002-10-17,000039,-1.59,-1.64,-1.59,-1.64,3211,4691012.5,-3.14,-3.14,-0.05,0.47
2002-10-18,000039,-1.64,-1.69,-1.64,-1.72,10862,15350429.0,-4.88,-3.05,-0.05,1.57
2002-10-21,000039,-1.7,-1.7,-1.7,-1.72,7853,11021378.0,-1.18,-0.59,-0.01,1.14
2002-10-22,000039,-1.71,-1.66,-1.65,-1.71,4018,5752677.0,-3.53,2.35,0.04,0.58
2002-10-23,000039,-1.66,-1.66,-1.65,-1.67,1439,2075251.75,-1.2,0.0,0.0,0.21
2002-10-24,000039,-1.67,-1.67,-1.65,-1.69,1442,2064604.5,-2.41,-0.6,-0.01,0.21
2002-10-25,000039,-1.67,-1.68,-1.65,-1.68,828,1189820.0,-1.8,-0.6,-0.01,0.12
2002-10-28,000039,-1.67,-1.66,-1.65,-1.67,2735,3942765.75,-1.19,1.19,0.02,0.4
2002-10-29,000039,-1.66,-1.66,-1.64,-1.66,4650,6709859.0,-1.2,0.0,0.0,0.67
2002-10-30,000039,-1.65,-1.6,-1.59,-1.67,14029,20537042.0,-4.82,3.61,0.06,2.03
2002-10-31,000039,-1.6,-1.59,-1.59,-1.62,4554,6768906.5,-1.88,0.63,0.01,0.66
2002-11-01,000039,-1.61,-1.59,-1.58,-1.61,3245,4837477.0,-1.89,0.0,0.0,0.47
2002-11-04,000039,-1.55,-1.56,-1.55,-1.58,3137,4742132.0,-1.89,1.89,0.03,0.45
2002-11-05,000039,-1.56,-1.54,-1.54,-1.57,5540,8440105.0,-1.92,1.28,0.02,0.8
2002-11-06,000039,-1.54,-1.56,-1.53,-1.56,3090,4709450.0,-1.95,-1.3,-0.02,0.45
2002-11-07,000039,-1.56,-1.57,-1.54,-1.58,2333,3529307.5,-2.56,-0.64,-0.01,0.34
2002-11-08,000039,-1.54,-1.59,-1.52,-1.63,5265,7892118.0,-7.01,-1.27,-0.02,0.76
2002-11-11,000039,-1.6,-1.62,-1.59,-1.64,2448,3612546.25,-3.14,-1.89,-0.03,0.35
2002-11-12,000039,-1.62,-1.65,-1.61,-1.66,2874,4188066.25,-3.09,-1.85,-0.03,0.42
2002-11-13,000039,-1.67,-1.62,-1.62,-1.68,2403,3490229.0,-3.64,1.82,0.03,0.35
2002-11-14,000039,-1.62,-1.64,-1.6,-1.65,1825,2678463.0,-3.09,-1.23,-0.02,0.26
2002-11-15,000039,-1.62,-1.63,-1.6,-1.64,1770,2608433.0,-2.44,0.61,0.01,0.26
2002-11-19,000039,-1.65,-1.62,-1.62,-1.67,2295,3317396.75,-3.07,0.61,0.01,0.33
2002-11-20,000039,-1.62,-1.66,-1.62,-1.67,936,1351944.25,-3.09,-2.47,-0.04,0.14
2002-11-21,000039,-1.66,-1.7,-1.66,-1.7,3123,4450961.0,-2.41,-2.41,-0.04,0.45
2002-11-22,000039,-1.7,-1.66,-1.64,-1.71,2699,3851062.25,-4.12,2.35,0.04,0.39
2002-11-25,000039,-1.7,-1.65,-1.65,-1.7,1167,1681671.75,-3.01,0.6,0.01,0.17
2002-11-26,000039,-1.64,-1.66,-1.64,-1.67,1532,2212050.25,-1.82,-0.61,-0.01,0.22
2002-11-27,000039,-1.66,-1.67,-1.66,-1.7,1616,2300272.25,-2.41,-0.6,-0.01,0.23
2002-11-28,000039,-1.64,-1.63,-1.62,-1.67,2850,4138720.5,-2.99,2.4,0.04,0.41
2002-11-29,000039,-1.61,-1.61,-1.59,-1.64,5370,7951568.5,-3.07,1.23,0.02,0.78
2002-12-02,000039,-1.6,-1.64,-1.6,-1.64,1873,2738192.25,-2.48,-1.86,-0.03,0.27
2002-12-03,000039,-1.65,-1.63,-1.63,-1.66,2676,3884478.5,-1.83,0.61,0.01,0.39
2002-12-04,000039,-1.61,-1.63,-1.61,-1.64,938,1379729.62,-1.84,0.0,0.0,0.14
2002-12-05,000039,-1.63,-1.65,-1.61,-1.66,1140,1666003.5,-3.07,-1.23,-0.02,0.17
2002-12-06,000039,-1.67,-1.66,-1.64,-1.67,636,922242.0,-1.82,-0.61,-0.01,0.09
2002-12-09,000039,-1.67,-1.67,-1.65,-1.68,1256,1802578.88,-1.81,-0.6,-0.01,0.18
2002-12-10,000039,-1.67,-1.67,-1.65,-1.67,1090,1565960.25,-1.2,0.0,0.0,0.16
2002-12-11,000039,-1.67,-1.69,-1.66,-1.69,1791,2552545.0,-1.8,-1.2,-0.02,0.26
2002-12-12,000039,-1.69,-1.69,-1.66,-1.7,1990,2823718.5,-2.37,0.0,0.0,0.29
2002-12-13,000039,-1.69,-1.65,-1.64,-1.7,1475,2119453.75,-3.55,2.37,0.04,0.21
2002-12-16,000039,-1.68,-1.65,-1.64,-1.68,694,1004118.25,-2.42,0.0,0.0,0.1
2002-12-17,000039,-1.64,-1.64,-1.64,-1.66,851,1237844.5,-1.21,0.61,0.01,0.12
2002-12-18,000039,-1.64,-1.63,-1.61,-1.65,2202,3225295.75,-2.44,0.61,0.01,0.32
2002-12-19,000039,-1.65,-1.64,-1.62,-1.67,1500,2173394.0,-3.07,-0.61,-0.01,0.22
2002-12-20,000039,-1.63,-1.62,-1.62,-1.65,1451,2118135.75,-1.83,1.22,0.02,0.21
2002-12-23,000039,-1.62,-1.62,-1.61,-1.62,2224,3279025.5,-0.62,0.0,0.0,0.32
2002-12-24,000039,-1.62,-1.62,-1.61,-1.65,1867,2727635.25,-2.47,0.0,0.0,0.27
2002-12-25,000039,-1.62,-1.62,-1.62,-1.63,1406,2061687.38,-0.62,0.0,0.0,0.2
2002-12-26,000039,-1.64,-1.65,-1.64,-1.67,1208,1747115.0,-1.85,-1.85,-0.03,0.18
2002-12-27,000039,-1.58,-1.65,-1.58,-1.66,1778,2605614.0,-4.85,0.0,0.0,0.26
2002-12-30,000039,-1.66,-1.67,-1.65,-1.69,1589,2276859.0,-2.42,-1.21,-0.02,0.23
2002-12-31,000039,-1.67,-1.68,-1.61,-1.68,1122,1618073.5,-4.19,-0.6,-0.01,0.16
2003-01-02,000039,-1.7,-1.71,-1.66,-1.72,2701,3796814.0,-3.57,-1.79,-0.03,0.39
2003-01-03,000039,-1.71,-1.76,-1.7,-1.77,11185,15291884.0,-4.09,-2.92,-0.05,1.62
2003-01-06,000039,-1.76,-1.78,-1.76,-1.81,10366,13882494.0,-2.84,-1.14,-0.02,1.5
2003-01-07,000039,-1.78,-1.77,-1.75,-1.79,2158,2929963.75,-2.25,0.56,0.01,0.31
2003-01-08,000039,-1.77,-1.73,-1.73,-1.77,1521,2090933.5,-2.26,2.26,0.04,0.22
2003-01-09,000039,-1.73,-1.66,-1.65,-1.74,5754,8082307.5,-5.2,4.05,0.07,0.83
2003-01-10,000039,-1.66,-1.69,-1.64,-1.69,5154,7389991.0,-3.01,-1.81,-0.03,0.75
2003-01-13,000039,-1.69,-1.7,-1.67,-1.71,2620,3712745.5,-2.37,-0.59,-0.01,0.38
2003-01-14,000039,-1.7,-1.62,-1.58,-1.71,7706,11249694.0,-7.65,4.71,0.08,1.12
2003-01-15,000039,-1.61,-1.61,-1.56,-1.61,12065,18048052.0,-3.09,0.62,0.01,1.75
2003-01-16,000039,-1.6,-1.57,-1.56,-1.63,8900,13338063.0,-4.35,2.48,0.04,1.29
2003-01-17,000039,-1.57,-1.59,-1.56,-1.6,4375,6583218.5,-2.55,-1.27,-0.02,0.63
2003-01-20,000039,-1.59,-1.59,-1.59,-1.61,2322,3440543.25,-1.26,0.0,0.0,0.34
2003-01-21,000039,-1.58,-1.62,-1.58,-1.62,3265,4855046.0,-2.52,-1.89,-0.03,0.47
2003-01-22,000039,-1.65,-1.63,-1.62,-1.65,1778,2597599.25,-1.85,-0.62,-0.01,0.26
2003-01-23,000039,-1.63,-1.64,-1.61,-1.64,1714,2507715.75,-1.84,-0.61,-0.01,0.25
2003-01-24,000039,-1.64,-1.62,-1.62,-1.65,1807,2646734.5,-1.83,1.22,0.02,0.26
2003-01-27,000039,-1.62,-1.6,-1.59,-1.63,2247,3338170.0,-2.47,1.23,0.02,0.33
2003-01-28,000039,-1.6,-1.6,-1.59,-1.61,1732,2578688.0,-1.25,0.0,0.0,0.25
2003-01-29,000039,-1.6,-1.59,-1.58,-1.6,2080,3113466.0,-1.25,0.63,0.01,0.3
2003-02-10,000039,-1.61,-1.55,-1.52,-1.61,5723,8686569.0,-5.66,2.52,0.04,0.83
2003-02-11,000039,-1.56,-1.56,-1.55,-1.57,1618,2454504.75,-1.29,-0.65,-0.01,0.23
2003-02-12,000039,-1.56,-1.53,-1.53,-1.56,4995,7636711.5,-1.92,1.92,0.03,0.72
2003-02-13,000039,-1.53,-1.56,-1.53,-1.56,3817,5838021.5,-1.96,-1.96,-0.03,0.55
2003-02-14,000039,-1.57,-1.56,-1.55,-1.57,1596,2423605.25,-1.28,0.0,0.0,0.23
2003-02-17,000039,-1.56,-1.58,-1.56,-1.59,2414,3639739.0,-1.92,-1.28,-0.02,0.35
2003-02-18,000039,-1.59,-1.58,-1.57,-1.6,1298,1943242.75,-1.9,0.0,0.0,0.19
2003-02-19,000039,-1.59,-1.56,-1.56,-1.59,1278,1915840.75,-1.9,1.27,0.02,0.19
2003-02-20,000039,-1.56,-1.57,-1.55,-1.57,2193,3330620.0,-1.28,-0.64,-0.01,0.32
2003-02-21,000039,-1.59,-1.6,-1.58,-1.61,1795,2677068.75,-1.91,-1.91,-0.03,0.26
2003-02-24,000039,-1.62,-1.61,-1.6,-1.62,1345,1995171.75,-1.25,-0.63,-0.01,0.19
2003-02-25,000039,-1.61,-1.57,-1.54,-1.61,1848,2792571.5,-4.35,2.48,0.04,0.27
2003-02-26,000039,-1.57,-1.57,-1.56,-1.57,1952,2952488.0,-0.64,0.0,0.0,0.28
2003-02-27,000039,-1.57,-1.57,-1.56,-1.58,1114,1684459.62,-1.27,0.0,0.0,0.16
2003-02-28,000039,-1.57,-1.56,-1.55,-1.58,2380,3617011.0,-1.91,0.64,0.01,0.34
2003-03-03,000039,-1.56,-1.53,-1.53,-1.56,4349,6646368.5,-1.92,1.92,0.03,0.63
2003-03-04,000039,-1.52,-1.54,-1.52,-1.55,2125,3265170.5,-1.96,-0.65,-0.01,0.31
2003-03-05,000039,-1.54,-1.55,-1.54,-1.56,2178,3314869.25,-1.3,-0.65,-0.01,0.32
2003-03-06,000039,-1.55,-1.57,-1.55,-1.58,1548,2339643.0,-1.94,-1.29,-0.02,0.22
2003-03-07,000039,-1.57,-1.59,-1.57,-1.59,1891,2838782.75,-1.27,-1.27,-0.02,0.27
2003-03-10,000039,-1.59,-1.62,-1.57,-1.62,1822,2703617.5,-3.14,-1.89,-0.03,0.26
2003-03-11,000039,-1.62,-1.6,-1.59,-1.62,1443,2137702.5,-1.85,1.23,0.02,0.21
2003-03-12,000039,-1.61,-1.57,-1.57,-1.62,1957,2924193.25,-3.13,1.88,0.03,0.28
2003-03-13,000039,-1.57,-1.56,-1.55,-1.58,3750,5686459.5,-1.91,0.64,0.01,0.54
2003-03-14,000039,-1.56,-1.56,-1.55,-1.57,4019,6105924.0,-1.28,0.0,0.0,0.58
2003-03-17,000039,-1.55,-1.56,-1.54,-1.58,2533,3827535.5,-2.56,0.0,0.0,0.37
2003-03-18,000039,-1.56,-1.58,-1.54,-1.58,2674,4065654.0,-2.56,-1.28,-0.02,0.39
2003-03-19,000039,-1.58,-1.57,-1.56,-1.61,1671,2509680.5,-3.16,0.63,0.01,0.24
2003-03-20,000039,-1.57,-1.6,-1.57,-1.6,1745,2602967.5,-1.91,-1.91,-0.03,0.25
2003-03-21,000039,-1.6,-1.58,-1.57,-1.61,899,1348760.38,-2.5,1.25,0.02,0.13
2003-03-24,000039,-1.59,-1.58,-1.57,-1.6,1015,1525113.62,-1.9,0.0,0.0,0.15
2003-03-25,000039,-1.59,-1.66,-1.59,-1.67,8016,11700072.0,-5.06,-5.06,-0.08,1.16
2003-03-26,000039,-1.66,-1.68,-1.64,-1.69,3749,5379968.5,-3.01,-1.2,-0.02,0.54
2003-03-27,000039,-1.68,-1.64,-1.64,-1.69,3209,4627409.0,-2.98,2.38,0.04,0.47
2003-03-28,000039,-1.64,-1.61,-1.6,-1.65,7550,11178455.0,-3.05,1.83,0.03,1.09
2003-03-31,000039,-1.62,-1.58,-1.58,-1.63,7090,10581319.0,-3.11,1.86,0.03,1.03
2003-04-01,000039,-1.58,-1.56,-1.56,-1.58,8044,12166203.0,-1.27,1.27,0.02,1.17
2003-04-02,000039,-1.56,-1.56,-1.54,-1.57,5493,8346139.0,-1.92,0.0,0.0,0.8
2003-04-03,000039,-1.56,-1.52,-1.51,-1.56,14676,22674988.0,-3.21,2.56,0.04,2.13
2003-04-04,000039,-1.52,-1.52,-1.52,-1.54,3880,5990429.0,-1.32,0.0,0.0,0.56
2003-04-07,000039,-1.51,-1.52,-1.49,-1.52,6271,9746516.0,-1.97,0.0,0.0,0.91
2003-04-08,000039,-1.52,-1.53,-1.52,-1.54,5620,8688814.0,-1.32,-0.66,-0.01,0.81
2003-04-09,000039,-1.53,-1.43,-1.43,-1.53,21429,34152104.0,-6.54,6.54,0.1,3.11
2003-04-10,000039,-1.43,-1.41,-1.39,-1.43,12041,19620728.0,-2.8,1.4,0.02,1.75
2003-04-11,000039,-1.4,-1.41,-1.39,-1.41,10990,17971802.0,-1.42,0.0,0.0,1.59
2003-04-14,000039,-1.41,-1.38,-1.36,-1.41,12788,21120166.0,-3.55,2.13,0.03,1.85
2003-04-15,000039,-1.38,-1.31,-1.3,-1.41,18247,30625124.0,-7.97,5.07,0.07,2.64
2003-04-16,000039,-1.31,-1.35,-1.23,-1.35,19581,33717632.0,-9.16,-3.05,-0.04,2.84
2003-04-17,000039,-1.35,-1.36,-1.31,-1.38,15409,25889642.0,-5.19,-0.74,-0.01,2.23
2003-04-18,000039,-1.36,-1.32,-1.27,-1.36,8714,14871108.0,-6.62,2.94,0.04,1.26
2003-04-21,000039,-1.32,-1.38,-1.32,-1.4,7090,11752683.0,-6.06,-4.55,-0.06,1.03
2003-04-22,000039,-1.41,-1.39,-1.37,-1.41,3539,5817128.0,-2.9,-0.72,-0.01,0.51
2003-04-23,000039,-1.4,-1.45,-1.39,-1.45,6211,10073471.0,-4.32,-4.32,-0.06,0.9
2003-04-24,000039,-1.45,-1.5,-1.45,-1.54,6631,10333815.0,-6.21,-3.45,-0.05,0.96
2003-04-25,000039,-1.56,-1.51,-1.48,-1.56,3795,5912476.5,-5.33,-0.67,-0.01,0.55
2003-04-28,000039,-1.52,-1.46,-1.46,-1.56,5535,8670074.0,-6.62,3.31,0.05,0.8
2003-04-29,000039,-1.46,-1.5,-1.46,-1.5,3370,5279686.0,-2.74,-2.74,-0.04,0.49
2003-04-30,000039,-1.51,-1.47,-1.45,-1.51,5898,9317705.0,-4.0,2.0,0.03,0.85
2003-05-12,000039,-1.46,-1.42,-1.42,-1.49,5398,8680070.0,-4.76,3.4,0.05,0.78
2003-05-13,000039,-1.42,-1.42,-1.41,-1.44,9078,14712661.0,-2.11,0.0,0.0,1.32
2003-05-14,000039,-1.43,-1.38,-1.38,-1.46,5423,8886135.0,-5.63,2.82,0.04,0.79
2003-05-15,000039,-1.38,-1.34,-1.34,-1.41,6034,10079319.0,-5.07,2.9,0.04,0.87
2003-05-16,000039,-1.34,-1.34,-1.26,-1.34,15805,27055488.0,-5.97,0.0,0.0,2.29
2003-05-19,000039,-1.34,-1.31,-1.28,-1.35,12966,22214460.0,-5.22,2.24,0.03,1.88
2003-05-20,000039,-1.35,-1.34,-1.31,-1.35,3841,6498219.0,-3.05,-2.29,-0.03,0.56
2003-05-21,000039,-1.33,-1.34,-1.3,-1.34,3228,5485852.0,-2.99,0.0,0.0,0.47
2003-05-22,000039,-1.33,-1.33,-1.31,-1.33,2821,4778703.5,-1.49,0.75,0.01,0.41
2003-05-23,000039,-1.32,-1.29,-1.29,-1.32,10253,17624470.0,-2.26,3.01,0.04,1.49
2003-05-26,000039,-1.29,-1.27,-1.26,-1.29,7527,13094906.0,-2.33,1.55,0.02,1.09
2003-05-27,000039,-1.28,-1.29,-1.27,-1.31,4156,7152677.5,-3.15,-1.57,-0.02,0.6
2003-05-28,000039,-1.31,-1.33,-1.26,-1.33,7750,13310921.0,-5.43,-3.1,-0.04,1.12
2003-05-29,000039,-1.33,-1.34,-1.31,-1.35,3270,5518891.5,-3.01,-0.75,-0.01,0.47
2003-05-30,000039,-1.33,-1.32,-1.32,-1.35,3172,5342574.0,-2.24,1.49,0.02,0.46
2003-06-02,000039,-1.32,-1.35,-1.32,-1.37,3471,5821225.0,-3.79,-2.27,-0.03,0.5
2003-06-03,000039,-1.36,-1.35,-1.34,-1.36,1228,2061179.38,-1.48,0.0,0.0,0.18
2003-06-04,000039,-1.35,-1.35,-1.35,-1.37,1533,2558750.0,-1.48,0.0,0.0,0.22
2003-06-05,000039,-1.34,-1.36,-1.32,-1.36,1216,2042671.0,-2.96,-0.74,-0.01,0.18
2003-06-09,000039,-1.38,-1.42,-1.38,-1.42,2668,4342280.0,-2.94,-4.41,-0.06,0.39
2003-06-10,000039,-1.45,-1.42,-1.42,-1.45,1171,1898620.12,-2.11,0.0,0.0,0.17
2003-06-11,000039,-1.42,-1.38,-1.38,-1.42,1605,2645111.0,-2.82,2.82,0.04,0.23
2003-06-12,000039,-1.38,-1.39,-1.38,-1.4,789,1299402.75,-1.45,-0.72,-0.01,0.11
2003-06-13,000039,-1.4,-1.38,-1.38,-1.4,1800,2963652.25,-1.44,0.72,0.01,0.26
2003-06-16,000039,-1.38,-1.41,-1.38,-1.41,2551,4186286.0,-2.17,-2.17,-0.03,0.37
2003-06-17,000039,-1.41,-1.46,-1.41,-1.47,5112,8151592.0,-4.26,-3.55,-0.05,0.74
2003-06-18,000039,-1.47,-1.46,-1.45,-1.48,1392,2217495.0,-2.05,0.0,0.0,0.2
2003-06-19,000039,-1.46,-1.46,-1.45,-1.47,1365,2170267.25,-1.37,0.0,0.0,0.2
2003-06-20,000039,-1.46,-1.46,-1.45,-1.48,1736,2748221.5,-2.05,0.0,0.0,0.25
2003-06-23,000039,-1.45,-1.47,-1.45,-1.48,753,1197943.75,-2.05,-0.68,-0.01,0.11
2003-06-24,000039,-1.48,-1.46,-1.45,-1.48,988,1575293.62,-2.04,0.68,0.01,0.14
2003-06-25,000039,-1.45,-1.46,-1.45,-1.47,1006,1600229.25,-1.37,0.0,0.0,0.15
2003-06-26,000039,-1.46,-1.44,-1.43,-1.48,2724,4342923.5,-3.42,1.37,0.02,0.39
2003-06-27,000039,-1.44,-1.47,-1.44,-1.47,1411,2250291.0,-2.08,-2.08,-0.03,0.2
2003-06-30,000039,-1.47,-1.47,-1.47,-1.48,945,1493117.5,-0.68,0.0,0.0,0.14
2003-07-01,000039,-1.47,-1.48,-1.46,-1.48,736,1167382.0,-1.36,-0.68,-0.01,0.11
2003-07-02,000039,-1.49,-1.51,-1.47,-1.52,1572,2461060.5,-3.38,-2.03,-0.03,0.23
2003-07-03,000039,-1.5,-1.49,-1.48,-1.51,3008,4731986.0,-1.99,1.32,0.02,0.44
2003-07-04,000039,-1.47,-1.47,-1.45,-1.49,2582,4109191.25,-2.68,1.34,0.02,0.37
2003-07-07,000039,-1.47,-1.4,-1.39,-1.48,5477,8897374.0,-6.12,4.76,0.07,0.79
2003-07-08,000039,-1.4,-1.41,-1.4,-1.42,2379,3886430.25,-1.43,-0.71,-0.01,0.34
2003-07-09,000039,-1.41,-1.42,-1.41,-1.43,1209,1964265.5,-1.42,-0.71,-0.01,0.18
2003-07-10,000039,-1.42,-1.35,-1.29,-1.42,8971,15082213.0,-9.15,4.93,0.07,1.3
2003-07-11,000039,-1.36,-1.35,-1.33,-1.38,3817,6397376.0,-3.7,0.0,0.0,0.55
2003-07-14,000039,-1.35,-1.34,-1.32,-1.35,5299,8964605.0,-2.22,0.74,0.01,0.77
2003-07-15,000039,-1.35,-1.36,-1.33,-1.37,2191,3683894.75,-2.99,-1.49,-0.02,0.32
2003-07-16,000039,-1.36,-1.34,-1.34,-1.36,2771,4645935.0,-1.47,1.47,0.02,0.4
2003-07-17,000039,-1.33,-1.29,-1.26,-1.34,20856,35802944.0,-5.97,3.73,0.05,3.02
2003-07-18,000039,-1.27,-1.3,-1.23,-1.33,22360,39059644.0,-7.75,-0.78,-0.01,3.24
2003-07-21,000039,-1.31,-1.25,-1.25,-1.32,12809,22184588.0,-5.38,3.85,0.05,1.86
2003-07-22,000039,-1.25,-1.25,-1.22,-1.27,9455,16696885.0,-4.0,0.0,0.0,1.37
2003-07-23,000039,-1.25,-1.28,-1.24,-1.3,4452,7710580.5,-4.8,-2.4,-0.03,0.65
2003-07-24,000039,-1.31,-1.3,-1.24,-1.31,2020,3483642.75,-5.47,-1.56,-0.02,0.29
2003-07-25,000039,-1.31,-1.32,-1.23,-1.33,5040,8629252.0,-7.69,-1.54,-0.02,0.73
2003-07-28,000039,-1.32,-1.33,-1.3,-1.34,3773,6407633.5,-3.03,-0.76,-0.01,0.55
2003-07-29,000039,-1.33,-1.35,-1.32,-1.38,4015,6725721.5,-4.51,-1.5,-0.02,0.58
2003-07-30,000039,-1.36,-1.34,-1.34,-1.36,1117,1876009.75,-1.48,0.74,0.01,0.16
2003-07-31,000039,-1.33,-1.33,-1.33,-1.34,1229,2076739.88,-0.75,0.75,0.01,0.18
2003-08-01,000039,-1.33,-1.32,-1.26,-1.37,1441,2445920.5,-8.27,0.75,0.01,0.21
2003-08-04,000039,-1.32,-1.31,-1.3,-1.33,2370,4030947.0,-2.27,0.76,0.01,0.34
2003-08-05,000039,-1.31,-1.3,-1.28,-1.31,1011,1734268.88,-2.29,0.76,0.01,0.15
2003-08-06,000039,-1.3,-1.32,-1.29,-1.34,1694,2876909.5,-3.85,-1.54,-0.02,0.25
2003-08-07,000039,-1.33,-1.33,-1.32,-1.33,764,1294751.0,-0.76,-0.76,-0.01,0.11
2003-08-08,000039,-1.33,-1.34,-1.3,-1.35,2064,3479342.0,-3.76,-0.75,-0.01,0.3
2003-08-11,000039,-1.34,-1.35,-1.34,-1.35,847,1423691.62,-0.75,-0.75,-0.01,0.12
2003-08-12,000039,-1.35,-1.34,-1.33,-1.35,410,689628.12,-1.48,0.74,0.01,0.06
2003-08-13,000039,-1.34,-1.35,-1.31,-1.36,3474,5848618.5,-3.73,-0.75,-0.01,0.5
2003-08-14,000039,-1.36,-1.36,-1.32,-1.36,1642,2750341.5,-2.96,-0.74,-0.01,0.24
2003-08-15,000039,-1.36,-1.36,-1.34,-1.39,2818,4680994.5,-3.68,0.0,0.0,0.41
2003-08-18,000039,-1.32,-1.32,-1.3,-1.35,2546,4328388.0,-3.68,2.94,0.04,0.37
2003-08-19,000039,-1.31,-1.32,-1.31,-1.33,2464,4187505.0,-1.52,0.0,0.0,0.36
2003-08-20,000039,-1.32,-1.33,-1.32,-1.35,774,1303885.88,-2.27,-0.76,-0.01,0.11
2003-08-21,000039,-1.33,-1.33,-1.32,-1.36,2332,3948794.0,-3.01,0.0,0.0,0.34
2003-08-22,000039,-1.36,-1.32,-1.31,-1.36,1339,2275181.0,-3.76,0.75,0.01,0.19
2003-08-25,000039,-1.33,-1.32,-1.3,-1.34,2423,4114409.0,-3.03,0.0,0.0,0.35
2003-08-26,000039,-1.31,-1.31,-1.3,-1.32,2036,3471151.5,-1.52,0.76,0.01,0.3
2003-08-27,000039,-1.31,-1.32,-1.31,-1.33,4938,8406946.0,-1.53,-0.76,-0.01,0.72
2003-08-28,000039,-1.32,-1.32,-1.31,-1.33,7067,12024508.0,-1.52,0.0,0.0,1.02
2003-08-29,000039,-1.33,-1.32,-1.31,-1.35,1357,2293555.5,-3.03,0.0,0.0,0.2
2003-09-01,000039,-1.3,-1.32,-1.3,-1.33,6399,10881589.0,-2.27,0.0,0.0,0.93
2003-09-02,000039,-1.31,-1.3,-1.29,-1.31,12776,21906890.0,-1.52,1.52,0.02,1.85
2003-09-03,000039,-1.3,-1.33,-1.28,-1.35,5415,9149193.0,-5.38,-2.31,-0.03,0.78
2003-09-04,000039,-1.34,-1.39,-1.34,-1.39,6679,11076454.0,-3.76,-4.51,-0.06,0.97
2003-09-05,000039,-1.41,-1.41,-1.37,-1.41,3899,6377492.5,-2.88,-1.44,-0.02,0.57
2003-09-08,000039,-1.41,-1.37,-1.37,-1.41,2692,4459565.5,-2.84,2.84,0.04,0.39
2003-09-09,000039,-1.37,-1.41,-1.37,-1.41,1960,3219252.0,-2.92,-2.92,-0.04,0.28
2003-09-10,000039,-1.4,-1.43,-1.4,-1.44,4078,6611559.0,-2.84,-1.42,-0.02,0.59
2003-09-11,000039,-1.43,-1.45,-1.43,-1.45,3278,5253672.0,-1.4,-1.4,-0.02,0.48
2003-09-12,000039,-1.45,-1.46,-1.44,-1.48,1975,3144506.75,-2.76,-0.69,-0.01,0.29
2003-09-15,000039,-1.47,-1.46,-1.43,-1.47,877,1402046.0,-2.74,0.0,0.0,0.13
2003-09-16,000039,-1.47,-1.45,-1.45,-1.47,473,754810.56,-1.37,0.68,0.01,0.07
2003-09-17,000039,-1.44,-1.46,-1.44,-1.46,894,1428001.0,-1.38,-0.69,-0.01,0.13
2003-09-18,000039,-1.48,-1.46,-1.45,-1.48,861,1367045.12,-2.05,0.0,0.0,0.12
2003-09-19,000039,-1.46,-1.47,-1.45,-1.47,1450,2313377.25,-1.37,-0.68,-0.01,0.21
2003-09-22,000039,-1.46,-1.48,-1.46,-1.48,580,917429.0,-1.36,-0.68,-0.01,0.08
2003-09-23,000039,-1.47,-1.47,-1.46,-1.49,546,863226.5,-2.03,0.68,0.01,0.08
2003-09-24,000039,-1.47,-1.46,-1.45,-1.47,798,1272298.0,-1.36,0.68,0.01,0.12
2003-09-25,000039,-1.46,-1.48,-1.46,-1.48,933,1475271.25,-1.37,-1.37,-0.02,0.14
2003-09-26,000039,-1.48,-1.48,-1.48,-1.5,584,917935.06,-1.35,0.0,0.0,0.08
2003-09-29,000039,-1.48,-1.52,-1.48,-1.52,1497,2326356.25,-2.7,-2.7,-0.04,0.22
2003-09-30,000039,-1.52,-1.5,-1.48,-1.52,572,892894.94,-2.63,1.32,0.02,0.08
2003-10-08,000039,-1.5,-1.51,-1.49,-1.52,781,1219055.12,-2.0,-0.67,-0.01,0.11
2003-10-09,000039,-1.5,-1.45,-1.43,-1.5,2363,3768703.75,-4.64,3.97,0.06,0.34
2003-10-10,000039,-1.45,-1.42,-1.42,-1.46,4681,7553836.5,-2.76,2.07,0.03,0.68
2003-10-13,000039,-1.42,-1.45,-1.41,-1.46,2471,3978673.0,-3.52,-2.11,-0.03,0.36
2003-10-14,000039,-1.43,-1.43,-1.42,-1.46,1759,2830173.0,-2.76,1.38,0.02,0.26
2003-10-15,000039,-1.42,-1.46,-1.41,-1.46,1684,2720885.5,-3.5,-2.1,-0.03,0.24
2003-10-16,000039,-1.46,-1.49,-1.46,-1.49,978,1543131.0,-2.05,-2.05,-0.03,0.14
2003-10-17,000039,-1.49,-1.47,-1.47,-1.49,465,735491.62,-1.34,1.34,0.02,0.07
2003-10-20,000039,-1.48,-1.48,-1.46,-1.49,380,600940.0,-2.04,-0.68,-0.01,0.06
2003-10-21,000039,-1.48,-1.46,-1.45,-1.48,653,1038642.12,-2.03,1.35,0.02,0.09
2003-10-22,000039,-1.45,-1.41,-1.41,-1.46,2405,3884958.5,-3.42,3.42,0.05,0.35
2003-10-23,000039,-1.41,-1.44,-1.41,-1.44,1288,2079305.25,-2.13,-2.13,-0.03,0.19
2003-10-24,000039,-1.36,-1.35,-1.33,-1.41,16266,27240400.0,-5.56,6.25,0.09,2.36
2003-10-27,000039,-1.34,-1.36,-1.31,-1.38,6000,10050615.0,-5.19,-0.74,-0.01,0.87
2003-10-28,000039,-1.36,-1.34,-1.32,-1.37,7514,12670391.0,-3.68,1.47,0.02,1.09
2003-10-29,000039,-1.33,-1.3,-1.26,-1.33,20650,35548748.0,-5.22,2.99,0.04,2.99
2003-10-30,000039,-1.29,-1.31,-1.29,-1.33,10743,18369404.0,-3.08,-0.77,-0.01,1.56
2003-10-31,000039,-1.31,-1.35,-1.31,-1.39,6647,11215687.0,-6.11,-3.05,-0.04,0.96
2003-11-03,000039,-1.35,-1.3,-1.3,-1.35,6601,11209974.0,-3.7,3.7,0.05,0.96
2003-11-04,000039,-1.29,-1.26,-1.23,-1.31,28471,49587848.0,-6.15,3.08,0.04,4.13
2003-11-05,000039,-1.26,-1.31,-1.26,-1.33,6988,11986148.0,-5.56,-3.97,-0.05,1.01
2003-11-06,000039,-1.31,-1.3,-1.27,-1.34,5483,9361395.0,-5.34,0.76,0.01,0.79
2003-11-07,000039,-1.31,-1.32,-1.29,-1.32,11400,19516706.0,-2.31,-1.54,-0.02,1.65
2003-11-10,000039,-1.32,-1.32,-1.31,-1.36,2659,4490404.0,-3.79,0.0,0.0,0.39
2003-11-11,000039,-1.32,-1.32,-1.3,-1.33,7306,12423310.0,-2.27,0.0,0.0,1.06
2003-11-12,000039,-1.29,-1.33,-1.29,-1.34,2417,4091238.0,-3.79,-0.76,-0.01,0.35
2003-11-13,000039,-1.33,-1.35,-1.32,-1.35,4725,7967603.5,-2.26,-1.5,-0.02,0.68
2003-11-14,000039,-1.39,-1.39,-1.38,-1.45,14988,24361124.0,-5.19,-2.96,-0.04,2.17
2003-11-17,000039,-1.4,-1.41,-1.4,-1.42,8252,13475694.0,-1.44,-1.44,-0.02,1.2
2003-11-18,000039,-1.41,-1.43,-1.41,-1.44,5434,8803273.0,-2.13,-1.42,-0.02,0.79
2003-11-19,000039,-1.41,-1.44,-1.41,-1.46,6700,10815275.0,-3.5,-0.7,-0.01,0.97
2003-11-25,000039,-1.39,-1.38,-1.29,-1.39,15205,25547732.0,-6.94,4.17,0.06,2.2
2003-11-26,000039,-1.37,-1.39,-1.35,-1.4,5391,8940693.0,-3.62,-0.72,-0.01,0.78
2003-11-27,000039,-1.4,-1.39,-1.38,-1.41,3159,5188517.0,-2.16,0.0,0.0,0.46
2003-11-28,000039,-1.39,-1.37,-1.35,-1.39,4710,7827579.0,-2.88,1.44,0.02,0.68
2003-12-01,000039,-1.37,-1.32,-1.31,-1.38,12813,21689412.0,-5.11,3.65,0.05,1.86
2003-12-02,000039,-1.31,-1.23,-1.15,-1.31,43066,76489000.0,-12.12,6.82,0.09,6.24
2003-12-03,000039,-1.23,-1.21,-1.18,-1.25,27010,48117440.0,-5.69,1.63,0.02,3.92
2003-12-04,000039,-1.21,-1.22,-1.17,-1.23,27930,50117340.0,-4.96,-0.83,-0.01,4.05
2003-12-05,000039,-1.25,-1.05,-1.01,-1.26,316871,573813952.0,-20.49,13.93,0.17,16.77
2003-12-08,000039,-1.06,-1.01,-0.96,-1.09,138278,266447744.0,-12.38,3.81,0.04,7.32
2003-12-09,000039,-1.01,-1.04,-1.01,-1.07,38900,74223712.0,-5.94,-2.97,-0.03,2.06
2003-12-10,000039,-1.04,-1.02,-0.99,-1.06,33641,64832684.0,-6.73,1.92,0.02,1.78
2003-12-11,000039,-1.02,-0.99,-0.92,-1.06,64702,126498032.0,-13.73,2.94,0.03,3.42
2003-12-12,000039,-0.99,-1.02,-0.99,-1.03,19840,38203472.0,-4.04,-3.03,-0.03,1.05
2003-12-15,000039,-1.03,-1.04,-1.01,-1.05,13245,25386482.0,-3.92,-1.96,-0.02,0.7
2003-12-16,000039,-1.04,-0.97,-0.97,-1.05,27508,53160244.0,-7.69,6.73,0.07,1.46
2003-12-17,000039,-0.97,-1.07,-0.93,-1.07,56866,110783344.0,-14.43,-10.31,-0.1,3.01
2003-12-18,000039,-1.07,-1.06,-1.03,-1.1,36248,68551168.0,-6.54,0.93,0.01,1.92
2003-12-19,000039,-1.06,-1.06,-1.03,-1.07,38457,73075368.0,-3.77,0.0,0.0,2.03
2003-12-22,000039,-1.06,-1.02,-0.98,-1.06,44643,86007496.0,-7.55,3.77,0.04,2.36
2003-12-23,000039,-1.02,-0.87,-0.84,-1.03,108195,216052640.0,-18.63,14.71,0.15,5.73
2003-12-24,000039,-0.87,-0.8,-0.79,-0.89,45553,93720768.0,-11.49,8.05,0.07,2.41
2003-12-25,000039,-0.78,-0.84,-0.78,-0.86,45844,95059752.0,-10.0,-5.0,-0.04,2.43
2003-12-26,000039,-0.85,-0.83,-0.76,-0.86,46436,96791152.0,-11.9,1.19,0.01,2.46
2003-12-29,000039,-0.86,-0.93,-0.85,-0.93,65665,132411872.0,-9.64,-12.05,-0.1,3.47
2003-12-30,000039,-0.93,-0.9,-0.87,-0.93,23183,46874680.0,-6.45,3.23,0.03,1.23
2003-12-31,000039,-0.9,-0.92,-0.89,-0.95,40209,80198968.0,-6.67,-2.22,-0.02,2.13
2004-01-02,000039,-0.92,-0.88,-0.85,-0.92,26252,53448060.0,-7.61,4.35,0.04,1.39
2004-01-05,000039,-0.88,-0.8,-0.78,-0.89,42113,87847184.0,-12.5,9.09,0.08,2.23
2004-01-06,000039,-0.8,-0.79,-0.78,-0.83,39260,82174312.0,-6.25,1.25,0.01,2.08
2004-01-07,000039,-0.8,-0.81,-0.78,-0.83,36252,75622144.0,-6.33,-2.53,-0.02,1.92
2004-01-08,000039,-0.81,-0.81,-0.73,-0.85,38138,80157632.0,-14.81,0.0,0.0,2.02
2004-01-09,000039,-0.81,-0.76,-0.69,-0.81,70980,152339712.0,-14.81,6.17,0.05,3.76
2004-01-12,000039,-0.75,-0.69,-0.68,-0.78,55316,118600072.0,-13.16,9.21,0.07,2.93
2004-01-13,000039,-0.67,-0.71,-0.63,-0.75,29349,63865412.0,-17.39,-2.9,-0.02,1.55
2004-01-14,000039,-0.73,-0.76,-0.72,-0.78,31015,66186780.0,-8.45,-7.04,-0.05,1.64
2004-01-15,000039,-0.76,-0.82,-0.74,-0.83,30278,63824296.0,-11.84,-7.89,-0.06,1.6
2004-01-16,000039,-0.81,-0.79,-0.78,-0.85,32964,69029800.0,-8.54,3.66,0.03,1.74
2004-01-29,000039,-0.8,-0.8,-0.79,-0.85,25101,52177820.0,-7.59,-1.27,-0.01,1.33
2004-01-30,000039,-0.8,-0.88,-0.79,-0.89,38007,77800000.0,-12.5,-10.0,-0.08,2.01
2004-02-02,000039,-0.86,-0.82,-0.77,-0.87,53810,112161680.0,-11.36,6.82,0.06,2.85
2004-02-03,000039,-0.82,-0.83,-0.81,-0.87,12609,26035514.0,-7.32,-1.22,-0.01,0.67
2004-02-04,000039,-0.83,-0.82,-0.77,-0.84,50206,104788848.0,-8.43,1.2,0.01,2.66
2004-02-05,000039,-0.82,-0.87,-0.81,-0.88,35353,72643176.0,-8.54,-6.1,-0.05,1.87
2004-02-06,000039,-0.89,-0.94,-0.89,-0.94,52073,104195608.0,-5.75,-8.05,-0.07,2.76
2004-02-09,000039,-0.94,-0.88,-0.87,-0.94,50079,101357840.0,-7.45,6.38,0.06,2.65
2004-02-10,000039,-0.88,-0.93,-0.85,-0.94,54002,108456616.0,-10.23,-5.68,-0.05,2.86
2004-02-11,000039,-0.92,-0.93,-0.92,-0.96,29294,58206364.0,-4.3,0.0,0.0,1.55
2004-02-12,000039,-0.92,-0.98,-0.9,-0.99,42347,83287768.0,-9.68,-5.38,-0.05,2.24
2004-02-13,000039,-0.98,-0.94,-0.92,-0.99,23461,46547132.0,-7.14,4.08,0.04,1.24
2004-02-16,000039,-0.92,-0.87,-0.87,-0.95,29598,59628988.0,-8.51,7.45,0.07,1.57
2004-02-17,000039,-0.86,-0.82,-0.79,-0.89,40760,84519888.0,-11.49,5.75,0.05,2.16
2004-02-18,000039,-0.82,-0.81,-0.79,-0.84,31722,66120736.0,-6.1,1.22,0.01,1.68
2004-02-19,000039,-0.81,-0.81,-0.77,-0.83,26571,55594404.0,-7.41,0.0,0.0,1.41
2004-02-20,000039,-0.81,-0.81,-0.76,-0.83,33649,70483520.0,-8.64,0.0,0.0,1.78
2004-02-23,000039,-0.8,-0.89,-0.78,-0.91,17081,35173272.0,-16.05,-9.88,-0.08,0.9
2004-02-24,000039,-0.9,-0.9,-0.89,-0.94,15833,31727212.0,-5.62,-1.12,-0.01,0.84
2004-02-25,000039,-0.9,-0.94,-0.87,-0.95,15179,30571120.0,-8.89,-4.44,-0.04,0.8
2004-02-26,000039,-0.94,-0.91,-0.9,-0.96,13191,26256380.0,-6.38,3.19,0.03,0.7
2004-02-27,000039,-0.91,-0.83,-0.83,-0.92,14316,29186730.0,-9.89,8.79,0.08,0.76
2004-03-01,000039,-0.83,-0.83,-0.81,-0.87,13233,27389352.0,-7.23,0.0,0.0,0.7
2004-03-02,000039,-0.82,-0.85,-0.82,-0.87,28908,59403512.0,-6.02,-2.41,-0.02,1.53
2004-03-03,000039,-0.85,-0.78,-0.74,-0.85,51333,108391816.0,-12.94,8.24,0.07,2.72
2004-03-04,000039,-0.78,-0.77,-0.76,-0.83,19936,41974424.0,-8.97,1.28,0.01,1.05
2004-03-05,000039,-0.77,-0.72,-0.69,-0.79,33871,72691240.0,-12.99,6.49,0.05,1.79
2004-03-08,000039,-0.72,-0.81,-0.7,-0.82,26291,56008680.0,-16.67,-12.5,-0.09,1.39
2004-03-09,000039,-0.81,-0.83,-0.77,-0.83,12555,26278252.0,-7.41,-2.47,-0.02,0.66
2004-03-10,000039,-0.83,-0.76,-0.75,-0.83,20775,43766856.0,-9.64,8.43,0.07,1.1
2004-03-11,000039,-0.76,-0.69,-0.68,-0.77,30485,65990768.0,-11.84,9.21,0.07,1.61
2004-03-12,000039,-0.69,-0.69,-0.68,-0.73,17816,38619516.0,-7.25,0.0,0.0,0.94
2004-03-15,000039,-0.69,-0.56,-0.54,-0.69,70347,158871920.0,-21.74,18.84,0.13,3.72
2004-03-16,000039,-0.54,-0.58,-0.54,-0.59,20723,46998548.0,-8.93,-3.57,-0.02,1.1
2004-03-17,000039,-0.57,-0.56,-0.52,-0.59,39067,89238240.0,-12.07,3.45,0.02,2.07
2004-03-18,000039,-0.54,-0.71,-0.54,-0.79,100457,219215024.0,-44.64,-26.79,-0.15,5.32
2004-03-19,000039,-0.67,-0.67,-0.62,-0.69,48951,107838672.0,-9.86,5.63,0.04,2.59
2004-03-22,000039,-0.65,-0.63,-0.62,-0.68,31772,70065792.0,-8.96,5.97,0.04,1.68
2004-03-23,000039,-0.63,-0.65,-0.62,-0.68,25121,55467212.0,-9.52,-3.17,-0.02,1.33
2004-03-24,000039,-0.65,-0.58,-0.54,-0.65,31269,70519448.0,-16.92,10.77,0.07,1.65
2004-03-25,000039,-0.58,-0.53,-0.52,-0.6,38427,87947160.0,-13.79,8.62,0.05,2.03
2004-03-26,000039,-0.53,-0.51,-0.5,-0.56,43336,99770600.0,-11.32,3.77,0.02,2.29
2004-03-29,000039,-0.52,-0.53,-0.48,-0.53,33753,78395032.0,-9.8,-3.92,-0.02,1.79
2004-03-30,000039,-0.53,-0.57,-0.52,-0.58,18138,41454880.0,-11.32,-7.55,-0.04,0.96
2004-03-31,000039,-0.56,-0.52,-0.51,-0.56,11910,27394562.0,-8.77,8.77,0.05,0.63
2004-04-01,000039,-0.52,-0.53,-0.49,-0.55,14079,32436532.0,-11.54,-1.92,-0.01,0.74
2004-04-02,000039,-0.53,-0.49,-0.47,-0.53,12891,29989630.0,-11.32,7.55,0.04,0.68
2004-04-05,000039,-0.46,-0.46,-0.42,-0.49,22244,52534920.0,-14.29,6.12,0.03,1.18
2004-04-06,000039,-0.45,-0.38,-0.37,-0.47,41284,98253760.0,-21.74,17.39,0.08,2.18
2004-04-07,000039,-0.4,-0.36,-0.33,-0.4,18641,45395444.0,-18.42,5.26,0.02,0.99
2004-04-08,000039,-0.36,-0.34,-0.34,-0.42,24818,59891172.0,-22.22,5.56,0.02,1.31
2004-04-09,000039,-0.35,-0.48,-0.34,-0.5,28854,68822112.0,-47.06,-41.18,-0.14,1.53
2004-04-12,000039,-0.48,-0.47,-0.43,-0.53,19874,46515324.0,-20.83,2.08,0.01,1.05
2004-04-13,000039,-0.48,-0.55,-0.45,-0.55,13336,30940572.0,-21.28,-17.02,-0.08,0.71
2004-04-14,000039,-0.55,-0.6,-0.54,-0.64,24052,54144144.0,-18.18,-9.09,-0.05,1.27
2004-04-15,000039,-0.61,-0.6,-0.58,-0.63,11447,25689668.0,-8.33,0.0,0.0,0.61
2004-04-16,000039,-0.61,-0.59,-0.59,-0.7,27327,60643732.0,-18.33,1.67,0.01,1.45
2004-04-19,000039,-0.6,-0.59,-0.56,-0.6,11429,25819820.0,-6.78,0.0,0.0,0.6
2004-04-20,000039,-0.58,-0.56,-0.49,-0.58,15826,36393824.0,-15.25,5.08,0.03,0.84
2004-04-22,000039,-0.6,-0.57,-0.55,-0.65,16417,36853076.0,-17.86,-1.79,-0.01,0.87
2004-04-23,000039,-0.6,-0.6,-0.55,-0.62,16133,36632404.0,-12.28,-5.26,-0.03,0.85
2004-04-26,000039,-0.63,-0.6,-0.58,-0.63,9607,21575788.0,-8.33,0.0,0.0,0.51
2004-04-27,000039,-0.58,-0.54,-0.52,-0.61,19474,44499480.0,-15.0,10.0,0.06,1.03
2004-04-28,000039,-0.54,-0.61,-0.54,-0.64,41225,92346360.0,-18.52,-12.96,-0.07,2.18
2004-04-29,000039,-0.61,-0.72,-0.58,-0.75,35537,78280280.0,-27.87,-18.03,-0.11,1.88
2004-04-30,000039,-0.74,-0.67,-0.64,-0.75,25373,55380164.0,-15.28,6.94,0.05,1.34
2004-05-10,000039,-0.68,-0.72,-0.66,-0.74,12843,27868454.0,-11.94,-7.46,-0.05,0.68
2004-05-11,000039,-0.74,-0.72,-0.7,-0.78,9150,19612900.0,-11.11,0.0,0.0,0.48
2004-05-12,000039,-0.72,-0.66,-0.65,-0.73,6126,13441612.0,-11.11,8.33,0.06,0.32
2004-05-13,000039,-0.66,-0.65,-0.63,-0.67,10526,23272896.0,-6.06,1.52,0.01,0.56
2004-05-14,000039,-0.65,-0.7,-0.64,-0.7,13887,30508268.0,-9.23,-7.69,-0.05,0.73
2004-05-17,000039,-0.7,-0.71,-0.7,-0.75,15330,33074188.0,-7.14,-1.43,-0.01,0.81
2004-05-18,000039,-0.72,-0.74,-0.7,-0.81,19504,41185168.0,-15.49,-4.23,-0.03,1.03
2004-05-19,000039,-0.74,-0.75,-0.72,-0.77,13701,29336554.0,-6.76,-1.35,-0.01,0.72
2004-05-20,000039,-0.75,-0.74,-0.72,-0.78,14247,30410010.0,-8.0,1.33,0.01,0.75
2004-05-21,000039,-0.76,-0.71,-0.71,-0.76,13212,28373084.0,-6.76,4.05,0.03,0.7
2004-05-24,000039,-0.71,-0.69,-0.69,-0.72,12894,27981754.0,-4.23,2.82,0.02,0.68
2004-05-25,000039,-0.68,-0.71,-0.68,-0.73,19395,41953256.0,-7.25,-2.9,-0.02,1.03
2004-05-26,000039,-0.71,-0.65,-0.63,-0.72,15663,34307092.0,-12.68,8.45,0.06,0.83
2004-05-27,000039,-0.65,-0.55,-0.52,-0.65,24093,55159664.0,-20.0,15.38,0.1,1.27
2004-05-28,000039,-0.53,-0.55,-0.53,-0.58,6113,13912910.0,-9.09,0.0,0.0,0.32
2004-05-31,000039,-0.54,-0.53,-0.52,-0.6,23137,52932504.0,-14.55,3.64,0.02,1.22
2004-06-01,000039,-0.52,-0.43,-0.42,-0.53,26392,62202060.0,-20.75,18.87,0.1,1.4
2004-06-02,000039,-0.43,-0.42,-0.38,-0.43,37203,89039824.0,-11.63,2.33,0.01,1.97
2004-06-03,000039,-0.42,-0.46,-0.42,-0.48,15857,22978012.0,-14.29,-9.52,-0.04,0.52
2004-06-04,000039,-0.45,-0.5,-0.4,-0.52,16440,23815142.0,-26.09,-8.7,-0.04,0.54
2004-06-07,000039,-0.51,-0.48,-0.45,-0.55,20057,28753180.0,-20.0,4.0,0.02,0.66
2004-06-08,000039,-0.48,-0.46,-0.4,-0.5,24421,35516956.0,-20.83,4.17,0.02,0.81
2004-06-09,000039,-0.47,-0.52,-0.46,-0.56,27933,39719804.0,-21.74,-13.04,-0.06,0.92
2004-06-10,000039,-0.53,-0.51,-0.48,-0.54,16167,23019558.0,-11.54,1.92,0.01,0.53
2004-06-11,000039,-0.51,-0.52,-0.45,-0.53,19763,28284940.0,-15.69,-1.96,-0.01,0.65
2004-06-14,000039,-0.52,-0.5,-0.49,-0.64,50349,70118136.0,-28.85,3.85,0.02,1.66
2004-06-15,000039,-0.51,-0.48,-0.48,-0.54,9094,12990595.0,-12.0,4.0,0.02,0.3
2004-06-16,000039,-0.48,-0.36,-0.33,-0.5,40005,59218848.0,-35.42,25.0,0.12,1.32
2004-06-17,000039,-0.36,-0.45,-0.35,-0.46,23679,34803648.0,-30.56,-25.0,-0.09,0.78
2004-06-18,000039,-0.45,-0.5,-0.36,-0.56,50735,72931536.0,-44.44,-11.11,-0.05,1.68
2004-06-21,000039,-0.5,-0.49,-0.48,-0.55,14599,20728150.0,-14.0,2.0,0.01,0.48
2004-06-22,000039,-0.48,-0.4,-0.39,-0.51,22946,33842160.0,-24.49,18.37,0.09,0.76
2004-06-23,000039,-0.38,-0.43,-0.38,-0.44,13581,19928780.0,-15.0,-7.5,-0.03,0.45
2004-06-24,000039,-0.42,-0.43,-0.39,-0.43,16122,23716252.0,-9.3,0.0,0.0,0.53
2004-06-25,000039,-0.44,-0.48,-0.39,-0.52,21089,30611420.0,-30.23,-11.63,-0.05,0.7
2004-06-28,000039,-0.49,-0.52,-0.46,-0.54,21833,31193434.0,-16.67,-8.33,-0.04,0.72
2004-06-29,000039,-0.52,-0.48,-0.48,-0.6,28981,40962060.0,-23.08,7.69,0.04,0.96
2004-06-30,000039,-0.49,-0.49,-0.42,-0.53,27225,39343240.0,-22.92,-2.08,-0.01,0.9
2004-07-01,000039,-0.5,-0.4,-0.37,-0.54,20007,29347740.0,-34.69,18.37,0.09,0.66
2004-07-02,000039,-0.4,-0.3,-0.29,-0.42,63824,96266624.0,-32.5,25.0,0.1,2.11
2004-07-05,000039,-0.3,-0.26,-0.23,-0.33,30463,46803260.0,-33.33,13.33,0.04,1.01
2004-07-06,000039,-0.24,-0.24,-0.18,-0.26,38301,59906312.0,-30.77,7.69,0.02,1.27
2004-07-07,000039,-0.25,-0.25,-0.22,-0.28,20124,31136526.0,-25.0,-4.17,-0.01,0.67
2004-07-08,000039,-0.25,-0.25,-0.23,-0.29,7687,11842062.0,-24.0,0.0,0.0,0.25
2004-07-09,000039,-0.23,-0.28,-0.22,-0.28,19162,29760802.0,-24.0,-12.0,-0.03,0.63
2004-07-12,000039,-0.26,-0.33,-0.26,-0.35,32784,49425724.0,-32.14,-17.86,-0.05,1.08
2004-07-13,000039,-0.33,-0.32,-0.31,-0.39,49691,74200656.0,-24.24,3.03,0.01,1.64
2004-07-14,000039,-0.29,-0.11,-0.1,-0.33,115727,182229440.0,-71.88,65.63,0.21,3.82
2004-07-15,000039,-0.03,0.16,0.16,-0.05,127543,214726496.0,-190.91,245.45,0.27,4.22
2004-07-16,000039,0.17,0.21,0.3,0.12,150753,266938704.0,112.5,31.25,0.05,4.98
2004-07-19,000039,0.21,0.36,0.39,0.18,85007,154527152.0,100.0,71.43,0.15,2.81
2004-07-20,000039,0.37,0.32,0.38,0.27,38690,70511472.0,30.56,-11.11,-0.04,1.28
2004-07-21,000039,0.3,0.28,0.34,0.17,78314,139325552.0,53.13,-12.5,-0.04,2.59
2004-07-22,000039,0.28,0.22,0.28,0.2,38052,67641856.0,28.57,-21.43,-0.06,1.26
2004-07-23,000039,0.2,0.24,0.24,0.08,38811,67427936.0,72.73,9.09,0.02,1.28
2004-07-26,000039,0.18,0.21,0.31,0.16,26060,46221372.0,62.5,-12.5,-0.03,0.86
2004-07-27,000039,0.21,0.21,0.25,0.19,21221,37517204.0,28.57,0.0,0.0,0.7
2004-07-28,000039,0.25,0.28,0.3,0.21,30839,55392080.0,42.86,33.33,0.07,1.02
2004-07-29,000039,0.29,0.15,0.3,0.1,76000,133209840.0,71.43,-46.43,-0.13,2.51
2004-07-30,000039,0.17,0.16,0.21,0.08,40811,70980704.0,86.67,6.67,0.01,1.35
2004-08-02,000039,0.16,0.17,0.2,0.11,25049,43314544.0,56.25,6.25,0.01,0.83
2004-08-03,000039,0.15,0.0,0.17,-0.02,74729,126366488.0,111.76,-100.0,-0.17,2.47
2004-08-04,000039,-0.02,0.13,0.21,-0.04,35122,60431076.0,11087.26,0.0,0.13,1.16
2004-08-05,000039,0.12,0.09,0.19,0.07,20935,35938664.0,92.31,-30.77,-0.04,0.69
2004-08-06,000039,0.09,0.08,0.12,0.05,14180,24130048.0,77.78,-11.11,-0.01,0.47
2004-08-09,000039,0.07,0.2,0.21,0.07,27098,47507160.0,175.0,150.0,0.12,0.9
2004-08-10,000039,0.21,0.17,0.22,0.15,19061,33306910.0,35.0,-15.0,-0.03,0.63
2004-08-11,000039,0.18,0.19,0.22,0.14,24528,42952980.0,47.06,11.76,0.02,0.81
2004-08-12,000039,0.19,0.18,0.21,0.14,34610,60299544.0,36.84,-5.26,-0.01,1.14
2004-08-13,000039,0.18,0.36,0.37,0.17,91533,165431776.0,111.11,100.0,0.18,3.03
2004-08-16,000039,0.36,0.28,0.44,0.25,57905,106517272.0,52.78,-22.22,-0.08,1.91
2004-08-17,000039,0.26,0.28,0.32,0.24,18082,32448438.0,28.57,0.0,0.0,0.6
2004-08-18,000039,0.28,0.34,0.38,0.28,34903,63723456.0,35.71,21.43,0.06,1.15
2004-08-19,000039,0.34,0.32,0.34,0.26,21721,39274448.0,23.53,-5.88,-0.02,0.72
2004-08-20,000039,0.32,0.26,0.33,0.18,38178,67807680.0,46.88,-18.75,-0.06,1.26
2004-08-23,000039,0.22,0.2,0.24,0.09,47722,82899896.0,57.69,-23.08,-0.06,1.58
2004-08-24,000039,0.19,0.17,0.22,0.12,13839,24216040.0,50.0,-15.0,-0.03,0.46
2004-08-25,000039,0.18,0.16,0.19,0.12,7025,12203015.0,41.18,-5.88,-0.01,0.23
2004-08-26,000039,0.16,0.2,0.22,0.13,9188,16176191.0,56.25,25.0,0.04,0.3
2004-08-27,000039,0.2,0.14,0.22,0.13,10104,17583038.0,45.0,-30.0,-0.06,0.33
2004-08-30,000039,0.13,0.11,0.17,0.09,10448,18047866.0,57.14,-21.43,-0.03,0.35
2004-08-31,000039,0.2,0.18,0.24,0.13,19865,34822256.0,100.0,63.64,0.07,0.66
2004-09-01,000039,0.19,0.09,0.19,0.08,13878,23876318.0,61.11,-50.0,-0.09,0.46
2004-09-02,000039,0.09,0.09,0.11,0.02,46609,78754656.0,100.0,0.0,0.0,1.54
2004-09-03,000039,0.1,0.03,0.1,0.02,15701,26432546.0,88.89,-66.67,-0.06,0.52
2004-09-06,000039,0.03,0.07,0.1,0.03,4326,7333687.0,233.33,133.33,0.04,0.14
2004-09-07,000039,0.08,0.08,0.08,0.05,4417,7501215.0,42.86,14.29,0.01,0.15
2004-09-08,000039,0.09,0.08,0.11,0.05,6310,10746896.0,75.0,0.0,0.0,0.21
2004-09-09,000039,0.09,0.04,0.09,0.03,12879,21816716.0,75.0,-50.0,-0.04,0.43
2004-09-10,000039,0.03,0.05,0.06,-0.03,27553,45921468.0,225.0,25.0,0.01,0.91
2004-09-13,000039,0.05,0.03,0.05,-0.01,9803,16446756.0,120.0,-40.0,-0.02,0.32
2004-09-14,000039,0.03,0.13,0.14,0.03,27432,46949856.0,366.67,333.33,0.1,0.91
2004-09-15,000039,0.13,0.27,0.3,0.08,65949,117720216.0,169.23,107.69,0.14,2.18
2004-09-16,000039,0.28,0.27,0.31,0.24,23853,42904988.0,25.93,0.0,0.0,0.79
2004-09-17,000039,0.27,0.51,0.52,0.23,78088,144689888.0,107.41,88.89,0.24,2.58
2004-09-20,000039,0.59,0.72,0.83,0.59,107081,215544928.0,47.06,41.18,0.21,3.54
2004-09-21,000039,0.7,0.78,0.83,0.61,81537,164850624.0,30.56,8.33,0.06,2.69
2004-09-22,000039,0.79,0.81,0.88,0.73,89632,183468224.0,19.23,3.85,0.03,2.96
2004-09-23,000039,0.85,1.24,1.24,0.85,118605,254498224.0,48.15,53.09,0.43,3.92
2004-09-24,000039,1.37,1.24,1.51,1.04,225096,518742080.0,37.9,0.0,0.0,7.44
2004-09-27,000039,1.31,1.1,1.33,1.06,67893,151003648.0,21.77,-11.29,-0.14,2.24
2004-09-28,000039,1.1,1.22,1.28,1.1,62782,140848400.0,16.36,10.91,0.12,2.08
2004-09-29,000039,1.24,1.17,1.26,1.16,25193,56287672.0,8.2,-4.1,-0.05,0.83
2004-09-30,000039,1.16,1.32,1.39,1.11,62280,141136016.0,23.93,12.82,0.15,2.06
2004-10-08,000039,1.32,1.79,1.8,1.32,89032,215712960.0,36.36,35.61,0.47,2.94
2004-10-11,000039,1.86,1.6,1.86,1.52,87672,217172032.0,18.99,-10.61,-0.19,2.9
2004-10-12,000039,1.54,1.41,1.54,1.29,98800,229328640.0,15.63,-11.88,-0.19,3.27
2004-10-13,000039,1.34,1.54,1.55,1.31,77792,183144192.0,17.02,9.22,0.13,2.57
2004-10-14,000039,1.54,1.43,1.59,1.35,85947,203613552.0,15.58,-7.14,-0.11,2.84
2004-10-15,000039,1.65,1.58,1.87,1.56,165083,409718176.0,21.68,10.49,0.15,5.46
2004-10-18,000039,1.52,1.35,1.54,1.24,114073,263377040.0,18.99,-14.56,-0.23,3.77
2004-10-19,000039,1.35,1.37,1.48,1.31,69565,161751328.0,12.59,1.48,0.02,2.3
2004-10-20,000039,1.33,1.41,1.44,1.25,79091,181257872.0,13.87,2.92,0.04,2.61
2004-10-21,000039,1.41,1.42,1.5,1.36,36011,84520720.0,9.93,0.71,0.01,1.19
2004-10-22,000039,1.42,1.72,1.82,1.4,87089,213209504.0,29.58,21.13,0.3,2.88
2004-10-25,000039,1.76,1.57,1.81,1.54,66744,163891856.0,15.7,-8.72,-0.15,2.21
2004-10-26,000039,1.54,1.75,1.77,1.51,70857,174289728.0,16.56,11.46,0.18,2.34
2004-10-27,000039,1.76,1.7,1.82,1.68,86200,215464096.0,8.0,-2.86,-0.05,2.85
2004-10-28,000039,1.71,1.54,1.76,1.5,99779,242455408.0,15.29,-9.41,-0.16,3.3
2004-10-29,000039,1.4,1.4,1.59,1.34,73924,173783200.0,16.23,-9.09,-0.14,2.44
2004-11-01,000039,1.38,1.36,1.42,1.31,39544,91390864.0,7.86,-2.86,-0.04,1.31
2004-11-02,000039,1.33,1.42,1.42,1.31,45346,104470024.0,8.09,4.41,0.06,1.5
2004-11-03,000039,1.44,1.09,1.46,0.93,187451,413418336.0,37.32,-23.24,-0.33,6.2
2004-11-04,000039,1.07,0.8,1.13,0.77,150291,314475328.0,33.03,-26.61,-0.29,4.97
2004-11-05,000039,0.75,0.92,1.0,0.75,107321,224710176.0,31.25,15.0,0.12,3.55
2004-11-08,000039,0.87,0.88,0.93,0.76,41910,87141608.0,18.48,-4.35,-0.04,1.39
2004-11-09,000039,0.87,0.92,1.01,0.87,27794,58835168.0,15.91,4.55,0.04,0.92
2004-11-10,000039,0.96,1.11,1.12,0.9,53223,115188832.0,23.91,20.65,0.19,1.76
2004-11-11,000039,1.15,1.09,1.26,1.07,48856,108664856.0,17.12,-1.8,-0.02,1.61
2004-11-12,000039,1.05,0.97,1.11,0.96,40899,88099448.0,13.76,-11.01,-0.12,1.35
2004-11-15,000039,0.97,0.95,1.04,0.9,35152,74282760.0,14.43,-2.06,-0.02,1.16
2004-11-16,000039,0.95,1.08,1.12,0.95,47745,103725088.0,17.89,13.68,0.13,1.58
2004-11-17,000039,1.08,1.0,1.1,0.99,20707,44524476.0,10.19,-7.41,-0.08,0.68
2004-11-18,000039,1.02,1.09,1.09,0.95,19263,41479572.0,14.0,9.0,0.09,0.64
2004-11-19,000039,1.09,1.09,1.13,1.06,21297,46598728.0,6.42,0.0,0.0,0.7
2004-11-22,000039,1.08,1.0,1.12,0.98,19489,41870016.0,12.84,-8.26,-0.09,0.64
2004-11-23,000039,1.0,1.02,1.05,0.95,14947,31907418.0,10.0,2.0,0.02,0.49
2004-11-24,000039,1.02,0.97,1.03,0.96,10379,22138856.0,6.86,-4.9,-0.05,0.34
2004-11-25,000039,0.97,0.97,0.99,0.95,9010,19158660.0,4.12,0.0,0.0,0.3
2004-11-26,000039,0.97,0.97,1.06,0.96,9895,21230894.0,10.31,0.0,0.0,0.33
2004-11-29,000039,0.97,0.95,1.01,0.91,6367,13520980.0,10.31,-2.06,-0.02,0.21
2004-11-30,000039,0.93,0.97,1.01,0.93,8833,18765882.0,8.42,2.11,0.02,0.29
2004-12-01,000039,0.97,1.02,1.06,0.96,43713,93841768.0,10.31,5.15,0.05,1.44
2004-12-02,000039,1.02,1.1,1.12,1.01,35818,77985136.0,10.78,7.84,0.08,1.18
2004-12-03,000039,1.12,1.06,1.12,1.02,15055,32618392.0,9.09,-3.64,-0.04,0.5
2004-12-07,000039,1.06,0.98,1.07,0.96,13892,29698856.0,10.38,-7.55,-0.08,0.46
2004-12-08,000039,1.02,1.03,1.04,0.97,9553,20436902.0,7.14,5.1,0.05,0.32
2004-12-09,000039,1.04,1.14,1.15,1.01,29573,64867092.0,13.59,10.68,0.11,0.98
2004-12-10,000039,1.12,1.3,1.34,1.11,71082,160878160.0,20.18,14.04,0.16,2.35
2004-12-13,000039,1.26,1.37,1.4,1.25,60877,140389904.0,11.54,5.38,0.07,2.01
2004-12-14,000039,1.38,1.33,1.4,1.29,32677,75083032.0,8.03,-2.92,-0.04,1.08
2004-12-15,000039,1.33,1.32,1.4,1.3,34216,79098880.0,7.52,-0.75,-0.01,1.13
2004-12-16,000039,1.29,1.29,1.34,1.23,22861,52051416.0,8.33,-2.27,-0.03,0.76
2004-12-17,000039,1.28,1.27,1.33,1.24,19313,43923976.0,6.98,-1.55,-0.02,0.64
2004-12-20,000039,1.25,1.21,1.27,1.12,20280,45014804.0,11.81,-4.72,-0.06,0.67
2004-12-21,000039,1.18,1.26,1.32,1.14,19029,42890512.0,14.88,4.13,0.05,0.63
2004-12-22,000039,1.26,1.41,1.41,1.26,42149,97342584.0,11.9,11.9,0.15,1.39
2004-12-23,000039,1.42,1.33,1.43,1.3,13759,31705034.0,9.22,-5.67,-0.08,0.45
2004-12-24,000039,1.32,1.3,1.36,1.27,15215,34760856.0,6.77,-2.26,-0.03,0.5
2004-12-27,000039,1.27,1.26,1.3,1.24,11899,26953184.0,4.62,-3.08,-0.04,0.39
2004-12-28,000039,1.24,1.32,1.34,1.23,16732,38063064.0,8.73,4.76,0.06,0.55
2004-12-29,000039,1.33,1.29,1.33,1.27,11853,27025584.0,4.55,-2.27,-0.03,0.39
2004-12-30,000039,1.3,1.25,1.33,1.22,15644,35452940.0,8.53,-3.1,-0.04,0.52
2004-12-31,000039,1.33,1.19,1.33,1.17,13077,29422242.0,12.8,-4.8,-0.06,0.43
2005-01-04,000039,1.16,1.02,1.17,1.0,40292,87517992.0,14.29,-14.29,-0.17,1.33
2005-01-05,000039,1.0,1.09,1.16,1.0,20731,45366788.0,15.69,6.86,0.07,0.68
2005-01-06,000039,1.09,1.05,1.1,1.01,16905,36477716.0,8.26,-3.67,-0.04,0.56
2005-01-07,000039,1.03,0.94,1.08,0.85,37912,79968264.0,21.9,-10.48,-0.11,1.25
2005-01-10,000039,0.91,1.0,1.01,0.87,18069,38091608.0,14.89,6.38,0.06,0.6
2005-01-11,000039,1.0,1.0,1.03,0.98,9794,20960548.0,5.0,0.0,0.0,0.32
2005-01-12,000039,0.92,0.97,1.02,0.92,7523,15939327.0,10.0,-3.0,-0.03,0.25
2005-01-13,000039,0.98,1.04,1.05,0.93,11622,25020522.0,12.37,7.22,0.07,0.38
2005-01-14,000039,1.02,1.02,1.09,1.0,6222,13441647.0,8.65,-1.92,-0.02,0.21
2005-01-17,000039,0.95,1.01,1.03,0.92,8226,17527938.0,10.78,-0.98,-0.01,0.27
2005-01-18,000039,1.01,1.09,1.11,1.0,7993,17294668.0,10.89,7.92,0.08,0.26
2005-01-19,000039,1.09,1.14,1.15,1.04,13750,30083744.0,10.09,4.59,0.05,0.45
2005-01-20,000039,1.08,1.12,1.15,1.04,10779,23632382.0,9.65,-1.75,-0.02,0.36
2005-01-21,000039,1.12,1.23,1.28,1.06,20025,44703340.0,19.64,9.82,0.11,0.66
2005-01-24,000039,1.3,1.36,1.38,1.23,38929,89415448.0,12.2,10.57,0.13,1.29
2005-01-25,000039,1.4,1.58,1.75,1.33,87307,210576496.0,30.88,16.18,0.22,2.88
2005-01-26,000039,1.56,1.58,1.68,1.53,37419,91288032.0,9.49,0.0,0.0,1.24
2005-01-27,000039,1.57,1.51,1.58,1.47,21651,51593064.0,6.96,-4.43,-0.07,0.71
2005-01-28,000039,1.48,1.49,1.51,1.42,11959,28281342.0,5.96,-1.32,-0.02,0.39
2005-01-31,000039,1.48,1.52,1.57,1.48,22147,53093764.0,6.04,2.01,0.03,0.73
2005-02-01,000039,1.53,1.69,1.77,1.51,46103,113949480.0,17.11,11.18,0.17,1.52
2005-02-02,000039,1.68,1.84,1.86,1.67,59650,149606064.0,11.24,8.88,0.15,1.97
2005-02-03,000039,1.86,1.85,1.87,1.76,49021,124312840.0,5.98,0.54,0.01,1.62
2005-02-04,000039,1.84,1.86,1.92,1.74,34664,87985608.0,9.73,0.54,0.01,1.14
2005-02-16,000039,1.84,1.79,1.92,1.71,38449,97180432.0,11.29,-3.76,-0.07,1.27
2005-02-17,000039,1.85,1.72,1.85,1.71,27849,69503152.0,7.82,-3.91,-0.07,0.92
2005-02-18,000039,1.69,1.74,1.77,1.68,14539,36219944.0,5.23,1.16,0.02,0.48
2005-02-21,000039,1.74,1.96,1.97,1.74,49162,126437304.0,13.22,12.64,0.22,1.62
2005-02-22,000039,1.97,2.07,2.09,1.96,42669,112464128.0,6.63,5.61,0.11,1.41
2005-02-23,000039,2.07,2.16,2.24,2.03,42293,113152896.0,10.14,4.35,0.09,1.4
2005-02-24,000039,2.16,2.12,2.17,2.07,22044,58828880.0,4.63,-1.85,-0.04,0.73
2005-02-25,000039,2.11,2.09,2.16,2.07,35063,93889168.0,4.25,-1.42,-0.03,1.16
2005-02-28,000039,2.09,2.36,2.37,2.09,45593,125752320.0,13.4,12.92,0.27,1.51
2005-03-01,000039,2.42,2.29,2.42,2.2,32409,89048544.0,9.32,-2.97,-0.07,1.07
2005-03-02,000039,2.29,2.09,2.34,1.97,57949,154960112.0,16.16,-8.73,-0.2,1.91
2005-03-03,000039,2.05,2.17,2.18,2.02,46538,124714088.0,7.66,3.83,0.08,1.54
2005-03-04,000039,2.28,2.2,2.38,2.18,97704,268834912.0,9.22,1.38,0.03,3.23
2005-03-07,000039,2.22,2.36,2.42,2.22,79319,221201440.0,9.09,7.27,0.16,2.62
2005-03-08,000039,2.41,2.75,2.78,2.39,106682,311378976.0,16.53,16.53,0.39,3.53
2005-03-09,000039,2.76,2.78,2.82,2.74,78840,235794896.0,2.91,1.09,0.03,2.61
2005-03-10,000039,2.78,2.59,2.79,2.55,59928,175915424.0,8.63,-6.83,-0.19,1.98
2005-03-11,000039,2.57,3.02,3.07,2.53,110382,332613056.0,20.85,16.6,0.43,3.65
2005-03-14,000039,3.02,3.19,3.43,2.86,111207,353117024.0,18.87,5.63,0.17,3.67
2005-03-15,000039,3.14,3.08,3.33,3.07,68485,217190912.0,8.15,-3.45,-0.11,2.26
2005-03-16,000039,3.04,3.27,3.29,2.99,94565,298521248.0,9.74,6.17,0.19,3.12
2005-03-17,000039,3.25,3.14,3.32,3.12,54067,172594544.0,6.12,-3.98,-0.13,1.79
2005-03-18,000039,3.14,2.94,3.2,2.94,59607,184647552.0,8.28,-6.37,-0.2,1.97
2005-03-21,000039,2.91,2.95,3.08,2.78,29933,91545240.0,10.2,0.34,0.01,0.99
2005-03-22,000039,2.95,3.2,3.25,2.93,55589,174839344.0,10.85,8.47,0.25,1.84
2005-03-23,000039,3.21,2.69,3.27,2.67,94027,290234496.0,18.75,-15.94,-0.51,3.11
2005-03-24,000039,2.61,2.42,2.88,2.27,227256,650596480.0,22.68,-10.04,-0.27,7.51
2005-03-25,000039,2.42,2.43,2.55,2.36,75401,212598256.0,7.85,0.41,0.01,2.49
2005-03-28,000039,2.43,2.57,2.59,2.43,49127,140957088.0,6.58,5.76,0.14,1.62
2005-03-29,000039,2.59,2.51,2.65,2.48,57567,167055008.0,6.61,-2.33,-0.06,1.9
2005-03-30,000039,2.49,2.19,2.49,2.18,85773,237687152.0,12.35,-12.75,-0.32,2.83
2005-03-31,000039,2.13,2.28,2.34,2.08,49051,132786096.0,11.87,4.11,0.09,1.62
2005-04-01,000039,2.25,2.63,2.73,2.25,91583,262060992.0,21.05,15.35,0.35,3.03
2005-04-04,000039,2.58,2.66,2.8,2.46,58691,171948800.0,12.93,1.14,0.03,1.94
2005-04-05,000039,2.66,2.72,2.81,2.6,50661,150290800.0,7.89,2.26,0.06,1.67
2005-04-06,000039,2.98,3.01,3.07,2.82,186129,569295104.0,9.19,10.66,0.29,6.15
2005-04-07,000039,3.02,3.04,3.29,3.01,129552,410112192.0,9.3,1.0,0.03,4.28
2005-04-11,000039,3.13,2.79,3.23,2.77,103661,319065216.0,15.13,-8.22,-0.25,3.43
2005-04-12,000039,2.75,2.83,2.89,2.71,46263,138856736.0,6.45,1.43,0.04,1.53
2005-04-13,000039,2.95,2.84,3.02,2.72,65892,198756928.0,10.6,0.35,0.01,2.18
2005-04-14,000039,2.87,2.81,2.94,2.74,32430,97518040.0,7.04,-1.06,-0.03,1.07
2005-04-15,000039,2.75,3.02,3.05,2.75,69006,212118944.0,10.68,7.47,0.21,2.28
2005-04-18,000039,3.02,3.03,3.14,2.99,43470,135866608.0,4.97,0.33,0.01,1.44
2005-04-19,000039,3.02,2.91,3.04,2.78,49937,151302432.0,8.58,-3.96,-0.12,1.65
2005-04-20,000039,2.86,2.9,2.95,2.76,29006,87670616.0,6.53,-0.34,-0.01,0.96
2005-04-21,000039,2.91,3.12,3.12,2.85,67773,210700832.0,9.31,7.59,0.22,2.24
2005-04-22,000039,3.33,3.15,3.33,3.09,61840,196228544.0,7.69,0.96,0.03,2.04
2005-04-25,000039,3.15,3.35,3.4,3.04,210058,334376256.0,11.43,6.35,0.2,3.47
2005-04-26,000039,3.44,3.25,3.62,3.2,235109,380168256.0,12.54,-2.99,-0.1,3.88
2005-04-27,000039,3.24,3.38,3.43,3.17,109376,174202480.0,8.0,4.0,0.13,1.81
2005-04-28,000039,3.38,3.29,3.54,3.19,147988,235761616.0,10.36,-2.66,-0.09,2.45
2005-04-29,000039,3.29,2.87,3.29,2.81,227175,343241312.0,14.59,-12.77,-0.42,3.75
2005-05-09,000039,2.86,2.24,2.91,2.24,196123,274104384.0,23.34,-21.95,-0.63,3.24
2005-05-10,000039,2.07,2.4,2.49,1.86,171292,227379648.0,28.13,7.14,0.16,2.83
2005-05-11,000039,2.33,2.03,2.4,1.88,167755,219015904.0,21.67,-15.42,-0.37,2.77
2005-05-12,000039,1.94,1.86,2.1,1.81,189319,240272544.0,14.29,-8.37,-0.17,3.13
2005-05-13,000039,1.82,1.86,1.99,1.62,202384,249144624.0,19.89,0.0,0.0,3.34
2005-05-16,000039,1.86,2.06,2.08,1.71,110397,138741936.0,19.89,10.75,0.2,1.82
2005-05-17,000039,2.02,2.02,2.22,1.92,169380,221403504.0,14.56,-1.94,-0.04,2.8
2005-05-18,000039,2.01,2.0,2.09,1.76,132608,167122304.0,16.34,-0.99,-0.02,2.19
2005-05-19,000039,1.94,1.97,2.05,1.87,53136,67868528.0,9.0,-1.5,-0.03,0.88
2005-05-20,000039,1.95,1.98,2.04,1.9,52354,67014548.0,7.11,0.51,0.01,0.87
2005-05-23,000039,1.98,1.81,2.01,1.78,107537,134706144.0,11.62,-8.59,-0.17,1.78
2005-05-24,000039,1.8,1.7,1.84,1.64,154218,186925696.0,11.05,-6.08,-0.11,2.55
2005-05-25,000039,1.69,1.52,1.7,1.46,156270,184138752.0,14.12,-10.59,-0.18,2.58
2005-05-26,000039,1.5,1.57,1.64,1.48,77378,91275216.0,10.53,3.29,0.05,1.28
2005-05-27,000039,1.54,1.35,1.59,1.33,85041,98416544.0,16.56,-14.01,-0.22,1.41
2005-05-30,000039,1.33,1.18,1.33,1.06,159924,174218624.0,20.0,-12.59,-0.17,2.64
2005-05-31,000039,1.15,1.23,1.25,1.15,118582,129926048.0,8.47,4.24,0.05,1.96
2005-06-01,000039,1.23,0.92,1.23,0.91,179878,189507344.0,26.02,-25.2,-0.31,2.97
2005-06-02,000039,0.84,0.75,0.88,0.7,244013,242877408.0,19.57,-18.48,-0.17,4.03
2005-06-03,000039,0.72,0.81,0.87,0.58,188451,184162352.0,38.67,8.0,0.06,3.11
2005-06-06,000039,0.77,1.23,1.23,0.73,254058,267993152.0,61.73,51.85,0.42,4.2
2005-06-07,000039,1.33,1.27,1.59,1.23,632518,721868096.0,29.27,3.25,0.04,10.45
2005-06-08,000039,1.19,1.73,1.73,1.18,690190,818278656.0,43.31,36.22,0.46,11.4
2005-06-09,000039,1.82,1.94,1.99,1.68,728239,911696768.0,17.92,12.14,0.21,12.03
2005-06-10,000039,1.9,1.67,1.9,1.57,449254,546386240.0,17.01,-13.92,-0.27,7.42
2005-06-13,000039,1.66,1.62,1.76,1.44,260535,309962368.0,19.16,-2.99,-0.05,4.3
2005-06-14,000039,1.65,1.43,1.73,1.42,275633,324565376.0,19.14,-11.73,-0.19,4.55
2005-06-15,000039,1.4,1.19,1.4,1.02,379155,411715456.0,26.57,-16.78,-0.24,6.26
2005-06-16,000039,1.17,1.2,1.22,1.03,284928,306717408.0,15.97,0.84,0.01,4.71
2005-06-17,000039,1.14,0.75,1.14,0.75,676297,681800832.0,32.5,-37.5,-0.45,11.17
2005-06-20,000039,0.68,0.85,0.93,0.39,625538,607639488.0,72.0,13.33,0.1,10.34
2005-06-21,000039,0.78,0.72,0.85,0.67,285384,281669984.0,21.18,-15.29,-0.13,4.72
2005-06-22,000039,0.64,0.65,0.69,0.56,244786,234102656.0,18.06,-9.72,-0.07,4.04
2005-06-23,000039,0.65,0.86,1.02,0.65,442716,449348768.0,56.92,32.31,0.21,7.31
2005-06-24,000039,0.81,0.82,0.85,0.73,160305,159869680.0,13.95,-4.65,-0.04,2.65
2005-06-27,000039,0.87,0.91,1.02,0.87,316754,325747616.0,18.29,10.98,0.09,5.23
2005-06-28,000039,0.89,0.82,0.94,0.79,153407,154896976.0,16.48,-9.89,-0.09,2.53
2005-06-29,000039,0.82,0.79,0.87,0.76,131693,131656624.0,13.41,-3.66,-0.03,2.18
2005-06-30,000039,0.77,0.58,0.77,0.56,221974,212774640.0,26.58,-26.58,-0.21,3.67
2005-07-01,000039,0.56,0.65,0.72,0.5,156814,149223840.0,37.93,12.07,0.07,2.59
2005-07-04,000039,0.61,0.68,0.75,0.58,110884,107398032.0,26.15,4.62,0.03,1.83
2005-07-05,000039,0.67,0.59,0.68,0.56,73828,70359152.0,17.65,-13.24,-0.09,1.22
2005-07-06,000039,0.6,0.57,0.66,0.55,63620,60301652.0,18.64,-3.39,-0.02,1.05
2005-07-07,000039,0.56,0.56,0.6,0.51,72944,68499576.0,15.79,-1.75,-0.01,1.21
2005-07-08,000039,0.53,0.46,0.53,0.44,81033,74537424.0,16.07,-17.86,-0.1,1.34
2005-07-11,000039,0.55,0.41,0.62,0.39,101746,94278496.0,50.0,-10.87,-0.05,1.68
2005-07-12,000039,0.41,0.57,0.62,0.36,175383,163655984.0,63.41,39.02,0.16,2.9
2005-07-13,000039,0.53,0.5,0.56,0.49,87155,81309464.0,12.28,-12.28,-0.07,1.44
2005-07-14,000039,0.5,0.54,0.59,0.45,95756,89867200.0,28.0,8.0,0.04,1.58
2005-07-15,000039,0.53,0.59,0.61,0.52,112849,106787968.0,16.67,9.26,0.05,1.86
2005-07-18,000039,0.64,0.67,0.75,0.64,165574,160947168.0,18.64,13.56,0.08,2.74
2005-07-19,000039,0.67,0.76,0.8,0.64,153048,150808944.0,23.88,13.43,0.09,2.53
2005-07-20,000039,0.75,0.68,0.76,0.65,126375,122843240.0,14.47,-10.53,-0.08,2.09
2005-07-21,000039,0.68,0.58,0.68,0.55,103474,98333136.0,19.12,-14.71,-0.1,1.71
2005-07-22,000039,0.5,0.59,0.64,0.48,182200,170916080.0,27.59,1.72,0.01,3.01
2005-07-25,000039,0.57,0.46,0.57,0.45,177060,163345296.0,20.34,-22.03,-0.13,2.93
2005-07-26,000039,0.44,0.6,0.62,0.39,226545,211593712.0,50.0,30.43,0.14,3.74
2005-07-27,000039,0.58,0.63,0.65,0.54,194612,185105296.0,18.33,5.0,0.03,3.22
2005-07-28,000039,0.64,0.78,0.89,0.64,423152,423599296.0,39.68,23.81,0.15,6.99
2005-07-29,000039,0.77,0.73,0.84,0.69,212793,210097200.0,19.23,-6.41,-0.05,3.52
2005-08-01,000039,0.72,0.78,0.83,0.71,126466,125619976.0,16.44,6.85,0.05,2.09
2005-08-02,000039,0.8,0.85,0.85,0.76,144340,144527968.0,11.54,8.97,0.07,2.38
2005-08-03,000039,0.87,0.93,1.01,0.85,301386,310386528.0,18.82,9.41,0.08,4.98
2005-08-04,000039,0.93,0.85,0.93,0.81,138803,140730688.0,12.9,-8.6,-0.08,2.29
2005-08-05,000039,0.85,0.93,0.96,0.83,151537,155438704.0,15.29,9.41,0.08,2.5
2005-08-08,000039,0.94,0.98,1.03,0.93,166630,173348944.0,10.75,5.38,0.05,2.75
2005-08-09,000039,0.98,0.95,0.99,0.86,165480,169633952.0,13.27,-3.06,-0.03,2.73
2005-08-10,000039,0.94,0.91,0.96,0.85,178392,182006688.0,11.58,-4.21,-0.04,2.95
2005-08-11,000039,0.92,1.19,1.22,0.92,415890,442053344.0,32.97,30.77,0.28,6.87
2005-08-12,000039,1.2,1.29,1.43,1.2,455356,509932992.0,19.33,8.4,0.1,7.52
2005-08-15,000039,1.3,1.36,1.44,1.3,223719,253049920.0,10.85,5.43,0.07,3.7
2005-08-16,000039,1.38,1.28,1.4,1.23,190446,212607504.0,12.5,-5.88,-0.08,3.15
2005-08-17,000039,1.26,1.32,1.33,1.11,213945,234568128.0,17.19,3.13,0.04,3.53
2005-08-18,000039,1.35,1.02,1.35,1.0,309795,337197888.0,26.52,-22.73,-0.3,5.12
2005-08-19,000039,1.0,0.96,1.08,0.89,192892,200758928.0,18.63,-5.88,-0.06,3.19
2005-08-22,000039,0.96,1.16,1.22,0.9,203973,216995664.0,33.33,20.83,0.2,3.37
2005-08-23,000039,1.16,1.03,1.17,1.01,132743,140917616.0,13.79,-11.21,-0.13,2.19
2005-08-24,000039,1.03,1.04,1.15,0.98,117498,124334144.0,16.5,0.97,0.01,1.94
2005-08-25,000039,1.04,1.03,1.1,0.98,95227,99948464.0,11.54,-0.96,-0.01,1.57
2005-08-26,000039,1.04,0.99,1.06,0.95,73927,77179048.0,10.68,-3.88,-0.04,1.22
2005-08-29,000039,0.98,0.88,0.98,0.88,110438,113037184.0,10.1,-11.11,-0.11,1.82
2005-08-30,000039,0.83,0.77,0.85,0.75,128858,128241168.0,11.36,-12.5,-0.11,2.13
2005-08-31,000039,0.77,0.86,0.87,0.72,87159,87442480.0,19.48,11.69,0.09,1.44
2005-09-01,000039,0.86,0.94,0.96,0.83,103158,105159144.0,15.12,9.3,0.08,1.7
2005-09-02,000039,0.94,0.9,0.97,0.87,75429,77154360.0,10.64,-4.26,-0.04,1.25
2005-09-05,000039,0.9,0.96,1.0,0.9,64642,66819852.0,11.11,6.67,0.06,1.07
2005-09-06,000039,0.96,0.92,1.04,0.91,125369,130286256.0,13.54,-4.17,-0.04,2.07
2005-09-07,000039,0.91,0.96,0.97,0.85,100108,102405864.0,13.04,4.35,0.04,1.65
2005-09-08,000039,0.96,0.93,0.98,0.91,91303,94261520.0,7.29,-3.13,-0.03,1.51
2005-09-09,000039,0.93,0.89,0.96,0.88,63155,64648756.0,8.6,-4.3,-0.04,1.04
2005-09-12,000039,0.89,0.86,0.91,0.85,51806,52578936.0,6.74,-3.37,-0.03,0.86
2005-09-13,000039,0.86,0.99,0.99,0.85,104590,107838880.0,16.28,15.12,0.13,1.73
2005-09-14,000039,1.0,0.97,1.01,0.93,94782,98178640.0,8.08,-2.02,-0.02,1.57
2005-09-15,000039,0.97,0.94,0.99,0.93,59909,61880588.0,6.19,-3.09,-0.03,0.99
2005-09-16,000039,0.94,0.91,0.95,0.89,54573,55902168.0,6.38,-3.19,-0.03,0.9
2005-09-19,000039,0.91,0.93,0.95,0.88,60342,61806116.0,7.69,2.2,0.02,1.0
2005-09-20,000039,0.93,0.86,0.93,0.85,99050,100653000.0,8.6,-7.53,-0.07,1.64
2005-09-21,000039,0.86,0.76,0.86,0.75,129876,129320000.0,12.79,-11.63,-0.1,2.15
2005-09-22,000039,0.75,0.73,0.81,0.67,72713,71656848.0,18.42,-3.95,-0.03,1.2
2005-09-23,000039,0.72,0.71,0.76,0.69,40206,39340400.0,9.59,-2.74,-0.02,0.66
2005-09-26,000039,0.71,0.73,0.75,0.69,26701,26135100.0,8.45,2.82,0.02,0.44
2005-09-27,000039,0.73,0.59,0.73,0.58,70029,66961916.0,20.55,-19.18,-0.14,1.16
2005-09-28,000039,0.59,0.58,0.62,0.56,34589,32754634.0,10.17,-1.69,-0.01,0.57
2005-09-29,000039,0.58,0.61,0.62,0.58,38292,36407704.0,6.9,5.17,0.03,0.63
2005-09-30,000039,0.63,0.76,0.79,0.61,86855,85485904.0,29.51,24.59,0.15,1.44
2005-10-10,000039,0.77,0.85,0.91,0.75,95224,96516200.0,21.05,11.84,0.09,1.57
2005-10-11,000039,0.85,0.88,0.92,0.83,51051,51709400.0,10.59,3.53,0.03,0.84
2005-10-12,000039,0.88,0.84,0.88,0.78,61635,61778956.0,11.36,-4.55,-0.04,1.02
2005-10-13,000039,0.84,0.75,0.87,0.73,50797,50285796.0,16.67,-10.71,-0.09,0.84
2005-10-14,000039,0.74,0.69,0.81,0.69,52718,51734984.0,16.0,-8.0,-0.06,0.87
2005-10-17,000039,0.69,0.62,0.69,0.58,75582,72060840.0,15.94,-10.14,-0.07,1.25
2005-10-18,000039,0.61,0.64,0.72,0.6,52043,50204500.0,19.35,3.23,0.02,0.86
2005-10-19,000039,0.64,0.59,0.66,0.57,70604,67087708.0,14.06,-7.81,-0.05,1.17
2005-10-20,000039,0.56,0.45,0.56,0.41,148793,136034976.0,25.42,-23.73,-0.14,2.46
2005-10-21,000039,0.45,0.41,0.47,0.4,158087,143286320.0,15.56,-8.89,-0.04,2.61
2005-10-24,000039,0.41,0.49,0.51,0.41,78039,71600672.0,24.39,19.51,0.08,1.29
2005-10-26,000039,0.18,0.11,0.3,0.11,249995,211800048.0,38.78,-77.55,-0.38,4.13
2005-10-27,000039,0.05,0.14,0.16,-0.01,109952,90644576.0,154.55,27.27,0.03,1.82
2005-10-28,000039,0.12,0.03,0.13,0.0,89423,72993304.0,92.86,-78.57,-0.11,1.48
2005-10-31,000039,0.05,0.08,0.14,0.03,66937,55429372.0,366.67,166.67,0.05,1.11
2005-11-01,000039,0.07,-0.02,0.07,-0.07,98356,79045120.0,175.0,-125.0,-0.1,1.63
2005-11-02,000039,-0.05,0.01,0.03,-0.05,71926,58156672.0,-400.0,150.0,0.03,1.19
2005-11-03,000039,0.01,0.02,0.08,-0.01,63477,51837812.0,900.0,100.0,0.01,1.05
2005-11-04,000039,0.03,0.0,0.04,0.0,51542,41728672.0,200.0,-100.0,-0.02,0.85
2005-11-07,000039,0.01,-0.04,0.02,-0.07,60273,48201812.0,36569.14,0.0,-0.04,1.0
2005-11-08,000039,-0.03,-0.03,-0.02,-0.08,56952,45292452.0,-150.0,25.0,0.01,0.94
2005-11-09,000039,-0.04,0.0,0.04,-0.05,67433,54649252.0,-300.0,100.0,0.03,1.11
2005-11-10,000039,0.0,-0.07,0.0,-0.08,57383,45829256.0,1801.48,0.0,-0.07,0.95
2005-11-11,000039,-0.06,-0.04,-0.04,-0.08,45938,36454516.0,-57.14,42.86,0.03,0.76
2005-11-14,000039,-0.04,-0.29,-0.04,-0.34,177251,133477488.0,-750.0,-625.0,-0.25,2.93
2005-11-15,000039,-0.29,-0.29,-0.2,-0.32,92257,68666240.0,-41.38,0.0,0.0,1.52
2005-11-16,000039,-0.28,-0.31,-0.26,-0.43,115272,82895544.0,-58.62,-6.9,-0.02,1.9
2005-11-17,000039,-0.3,-0.38,-0.3,-0.39,79012,57079908.0,-29.03,-22.58,-0.07,1.31
2005-11-18,000039,-0.39,-0.08,-0.08,-0.4,191795,146511120.0,-84.21,78.95,0.3,3.17
2005-11-21,000039,-0.01,0.11,0.22,-0.02,439242,364404160.0,-300.0,237.5,0.19,7.26
2005-11-22,000039,0.09,0.04,0.12,0.03,183313,151030336.0,81.82,-63.64,-0.07,3.03
2005-11-23,000039,0.03,0.08,0.12,-0.02,156356,128939392.0,350.0,100.0,0.04,2.58
2005-11-24,000039,0.06,0.03,0.11,0.0,110733,90897856.0,137.5,-62.5,-0.05,1.83
2005-11-25,000039,0.03,0.02,0.05,-0.01,71594,58113356.0,200.0,-33.33,-0.01,1.18
2005-11-28,000039,0.02,0.03,0.05,-0.01,53866,43872780.0,300.0,50.0,0.01,0.89
2005-11-29,000039,0.03,-0.08,0.04,-0.08,82823,66318348.0,400.0,-366.67,-0.11,1.37
2005-11-30,000039,-0.1,-0.12,-0.09,-0.22,104113,80315536.0,-162.5,-50.0,-0.04,1.72
2005-12-01,000039,-0.13,-0.05,0.0,-0.18,98635,78270104.0,-150.0,58.33,0.07,1.63
2005-12-02,000039,-0.06,-0.08,0.02,-0.09,73584,58760568.0,-220.0,-60.0,-0.03,1.22
2005-12-05,000039,-0.08,-0.14,-0.08,-0.16,48192,37443360.0,-100.0,-75.0,-0.06,0.8
2005-12-06,000039,-0.15,-0.1,-0.04,-0.15,61047,48104432.0,-78.57,28.57,0.04,1.01
2005-12-07,000039,-0.1,-0.05,-0.05,-0.13,73920,58466932.0,-80.0,50.0,0.05,1.22
2005-12-08,000039,-0.04,0.06,0.07,-0.06,160301,129578680.0,-260.0,220.0,0.11,2.65
2005-12-09,000039,0.04,0.04,0.06,0.0,140463,114555488.0,100.0,-33.33,-0.02,2.32
2005-12-12,000039,0.03,0.02,0.04,-0.04,100865,81469040.0,200.0,-50.0,-0.02,1.67
2005-12-13,000039,0.03,0.17,0.2,0.02,293535,243640528.0,900.0,750.0,0.15,4.85
2005-12-14,000039,0.16,0.17,0.2,0.1,175235,147956800.0,58.82,0.0,0.0,2.9
2005-12-15,000039,0.16,0.07,0.17,0.05,157182,131068216.0,70.59,-58.82,-0.1,2.6
2005-12-16,000039,0.04,0.03,0.06,0.0,179240,145800224.0,85.71,-57.14,-0.04,2.96
2005-12-19,000039,0.01,-0.01,0.03,-0.05,171580,137820112.0,266.67,-133.33,-0.04,2.83
2005-12-20,000039,-0.01,0.02,0.03,-0.03,62363,50465428.0,-600.0,300.0,0.03,1.03
2005-12-21,000039,0.02,-0.02,0.03,-0.02,59436,48029028.0,250.0,-200.0,-0.04,0.98
2005-12-22,000039,-0.02,0.03,0.05,-0.05,78732,63843588.0,-500.0,250.0,0.05,1.3
2005-12-23,000039,0.03,0.05,0.07,0.02,78904,64692912.0,166.67,66.67,0.02,1.3
2005-12-26,000039,0.04,0.08,0.1,0.03,104368,86143072.0,140.0,60.0,0.03,1.72
2005-12-27,000039,0.08,0.03,0.11,0.03,69971,57369208.0,100.0,-62.5,-0.05,1.16
2005-12-28,000039,0.03,0.06,0.08,0.03,73658,60538532.0,166.67,100.0,0.03,1.22
2005-12-30,000039,0.11,0.15,0.23,0.06,397713,338415424.0,283.33,150.0,0.09,6.57
2006-01-04,000039,0.15,0.33,0.39,0.15,295391,260882992.0,160.0,120.0,0.18,4.88
2006-01-05,000039,0.33,0.56,0.59,0.3,408805,377516032.0,87.88,69.7,0.23,6.75
2006-01-06,000039,0.56,0.53,0.59,0.47,246361,230277520.0,21.43,-5.36,-0.03,4.07
2006-01-09,000039,0.53,0.57,0.62,0.45,197961,184849008.0,32.08,7.55,0.04,3.27
2006-01-10,000039,0.56,0.53,0.56,0.48,141712,131671960.0,14.04,-7.02,-0.04,2.34
2006-01-11,000039,0.53,0.43,0.56,0.43,166544,153432928.0,24.53,-18.87,-0.1,2.75
2006-01-12,000039,0.42,0.54,0.55,0.4,133737,123561912.0,34.88,25.58,0.11,2.21
2006-01-13,000039,0.54,0.54,0.58,0.48,107116,99962624.0,18.52,0.0,0.0,1.77
2006-01-16,000039,0.54,0.42,0.54,0.41,92790,85444568.0,24.07,-22.22,-0.12,1.53
2006-01-17,000039,0.4,0.33,0.45,0.32,183293,164275824.0,30.95,-21.43,-0.09,3.03
2006-01-18,000039,0.33,0.47,0.51,0.33,155951,142213856.0,54.55,42.42,0.14,2.58
2006-01-19,000039,0.48,0.43,0.53,0.38,171411,156184672.0,31.91,-8.51,-0.04,2.83
2006-01-20,000039,0.43,0.42,0.45,0.34,158589,142668048.0,25.58,-2.33,-0.01,2.62
2006-01-23,000039,0.42,0.45,0.48,0.37,115683,105233784.0,26.19,7.14,0.03,1.91
2006-01-24,000039,0.45,0.51,0.57,0.39,203518,188448944.0,40.0,13.33,0.06,3.36
2006-01-25,000039,0.5,0.5,0.54,0.45,125275,115945320.0,17.65,-1.96,-0.01,2.07
2006-02-06,000039,0.53,0.59,0.59,0.51,172310,161990496.0,16.0,18.0,0.09,2.85
2006-02-07,000039,0.61,0.75,0.79,0.61,293956,288642048.0,30.51,27.12,0.16,4.86
2006-02-08,000039,0.75,0.7,0.76,0.64,132290,128493168.0,16.0,-6.67,-0.05,2.19
2006-02-09,000039,0.69,0.57,0.72,0.56,147928,141542256.0,22.86,-18.57,-0.13,2.44
2006-02-10,000039,0.57,0.64,0.66,0.56,102592,97951720.0,17.54,12.28,0.07,1.7
2006-02-13,000039,0.64,0.58,0.65,0.52,115865,109339152.0,20.31,-9.38,-0.06,1.91
2006-02-14,000039,0.58,0.58,0.6,0.53,71922,67865256.0,12.07,0.0,0.0,1.19
2006-02-15,000039,0.58,0.63,0.71,0.58,138218,133210648.0,22.41,8.62,0.05,2.28
2006-02-16,000039,0.63,0.49,0.66,0.48,133264,124801000.0,28.57,-22.22,-0.14,2.2
2006-02-17,000039,0.48,0.49,0.53,0.45,99803,92325680.0,16.33,0.0,0.0,1.65
2006-02-20,000039,0.49,0.51,0.57,0.47,77580,72277208.0,20.41,4.08,0.02,1.28
2006-02-21,000039,0.51,0.55,0.56,0.45,74573,69099424.0,21.57,7.84,0.04,1.23
2006-02-22,000039,0.56,0.66,0.75,0.54,214580,207106288.0,38.18,20.0,0.11,3.55
2006-02-23,000039,0.66,0.65,0.7,0.59,100926,96984104.0,16.67,-1.52,-0.01,1.67
2006-02-24,000039,0.66,0.66,0.72,0.64,87442,84613656.0,12.31,1.54,0.01,1.44
2006-02-27,000039,0.67,0.56,0.68,0.55,111806,106142112.0,19.7,-15.15,-0.1,1.85
2006-02-28,000039,0.55,0.54,0.55,0.48,103229,95874320.0,12.5,-3.57,-0.02,1.71
2006-03-01,000039,0.54,0.61,0.66,0.54,82757,78659056.0,22.22,12.96,0.07,1.37
2006-03-02,000039,0.6,0.52,0.61,0.5,101213,95164720.0,18.03,-14.75,-0.09,1.67
2006-03-03,000039,0.51,0.51,0.55,0.48,70798,65759404.0,13.46,-1.92,-0.01,1.17
2006-03-06,000039,0.51,0.51,0.54,0.49,36261,33735364.0,9.8,0.0,0.0,0.6
2006-03-07,000039,0.52,0.4,0.52,0.39,84907,77689160.0,25.49,-21.57,-0.11,1.4
2006-03-08,000039,0.4,0.32,0.4,0.22,112672,99351264.0,45.0,-20.0,-0.08,1.86
2006-03-09,000039,0.3,0.27,0.33,0.27,48327,42451444.0,18.75,-15.63,-0.05,0.8
2006-03-10,000039,0.28,0.45,0.51,0.28,169156,154103168.0,85.19,66.67,0.18,2.79
2006-04-13,000039,0.84,0.84,0.84,0.84,111718,112611808.0,0.0,86.67,0.39,1.85
2006-04-14,000039,1.05,1.02,1.07,0.84,705185,734071296.0,27.38,21.43,0.18,11.65
2006-04-17,000039,1.1,1.46,1.46,1.06,190470,216661632.0,39.22,43.14,0.44,3.15
2006-04-18,000039,1.65,1.81,1.95,1.48,698051,858598464.0,32.19,23.97,0.35,11.53
2006-04-19,000039,1.77,1.72,1.82,1.64,221490,269624800.0,9.94,-4.97,-0.09,3.66
2006-04-20,000039,1.73,1.8,1.94,1.73,231146,286256640.0,12.21,4.65,0.08,3.82
2006-04-21,000039,1.86,1.75,1.86,1.72,270830,333560320.0,7.78,-2.78,-0.05,4.47
2006-05-24,000039,2.32,2.06,2.66,1.9,663246,890939968.0,43.43,17.71,0.31,10.95
2006-05-25,000039,2.08,2.48,2.49,2.08,443171,604066176.0,19.9,20.39,0.42,7.31
2006-05-26,000039,2.5,2.8,3.07,2.37,418593,612573504.0,28.23,12.9,0.32,6.91
2006-05-29,000039,2.89,2.85,2.95,2.68,245403,364546976.0,9.64,1.79,0.05,4.05
2006-05-30,000039,2.84,2.65,2.85,2.63,192236,278072640.0,7.72,-7.02,-0.2,3.17
2006-05-31,000039,2.64,2.37,2.64,2.33,266909,368982880.0,11.7,-10.57,-0.28,4.41
2006-06-01,000039,2.34,2.47,2.55,2.33,140379,195517408.0,9.28,4.22,0.1,2.32
2006-06-02,000039,2.47,2.28,2.48,2.24,192445,261585232.0,9.72,-7.69,-0.19,3.18
2006-06-05,000039,2.28,2.3,2.48,2.23,109194,148861744.0,10.96,0.88,0.02,1.8
2006-06-06,000039,2.3,2.42,2.63,2.29,142790,199060384.0,14.78,5.22,0.12,2.36
2006-06-07,000039,2.41,2.28,2.53,2.28,145168,199397312.0,10.33,-5.79,-0.14,2.4
2006-06-08,000039,2.24,2.34,2.43,2.18,132750,180369280.0,10.96,2.63,0.06,2.19
2006-06-09,000039,2.33,2.65,2.74,2.25,283181,400093056.0,20.94,13.25,0.31,4.67
2006-06-12,000039,2.61,3.08,3.25,2.57,307493,461756128.0,25.66,16.23,0.43,5.08
2006-06-13,000039,3.08,2.91,3.22,2.86,163591,248998784.0,11.69,-5.52,-0.17,2.7
2006-06-14,000039,2.86,2.72,2.86,2.5,122678,177440928.0,12.37,-6.53,-0.19,2.02
2006-06-15,000039,2.7,2.64,2.8,2.61,63133,91384472.0,6.99,-2.94,-0.08,1.04
2006-06-16,000039,2.63,2.83,2.85,2.62,93818,137534048.0,8.71,7.2,0.19,1.55
2006-06-19,000039,2.7,2.85,2.97,2.69,103255,154057664.0,9.89,0.71,0.02,1.7
2006-06-20,000039,2.83,2.82,2.87,2.68,88602,129817080.0,6.67,-1.05,-0.03,1.46
2006-06-21,000039,2.77,2.74,2.85,2.69,59773,87468752.0,5.67,-2.84,-0.08,0.99
2006-06-22,000039,2.74,2.67,2.78,2.66,45756,66352528.0,4.38,-2.55,-0.07,0.76
2006-06-23,000039,2.7,2.82,2.9,2.63,69078,101554800.0,10.11,5.62,0.15,1.14
2006-06-26,000039,2.85,3.23,3.27,2.84,203768,315100352.0,15.25,14.54,0.41,3.36
2006-06-27,000039,3.25,3.2,3.5,3.17,154545,247917328.0,10.22,-0.93,-0.03,2.55
2006-06-28,000039,3.19,3.19,3.35,3.12,85188,133959464.0,7.19,-0.31,-0.01,1.41
2006-06-29,000039,3.24,3.38,3.48,3.24,126209,204049552.0,7.52,5.96,0.19,2.08
2006-07-03,000039,3.46,3.71,3.78,3.44,147176,246880176.0,10.06,9.76,0.33,2.43
2006-07-04,000039,3.77,3.61,3.84,3.57,111629,187640656.0,7.28,-2.7,-0.1,1.84
2006-07-05,000039,3.62,3.6,3.69,3.42,61102,101075040.0,7.48,-0.28,-0.01,1.01
2006-07-06,000039,3.59,3.65,3.7,3.54,53734,89579072.0,4.44,1.39,0.05,0.89
2006-07-07,000039,3.67,3.72,3.81,3.63,80155,135622352.0,4.93,1.92,0.07,1.32
2006-07-10,000039,3.78,3.61,3.8,3.5,65242,108664088.0,8.06,-2.96,-0.11,1.08
2006-07-11,000039,3.61,3.42,3.62,3.38,84831,138319056.0,6.65,-5.26,-0.19,1.4
2006-07-12,000039,3.42,3.4,3.5,3.38,64114,104056880.0,3.51,-0.58,-0.02,1.06
2006-07-13,000039,3.46,3.01,3.54,2.86,140220,219559856.0,20.0,-11.47,-0.39,2.31
2006-07-14,000039,2.93,2.97,3.11,2.83,105638,160132800.0,9.3,-1.33,-0.04,1.74
2006-07-17,000039,2.98,3.16,3.27,2.98,66903,103867280.0,9.76,6.4,0.19,1.1
2006-07-18,000039,3.21,3.17,3.24,3.03,45933,70899408.0,6.65,0.32,0.01,0.76
2006-07-19,000039,3.2,3.14,3.21,3.04,69121,106606632.0,5.36,-0.95,-0.03,1.14
2006-07-20,000039,3.18,3.05,3.26,3.01,47027,64502748.0,7.96,-2.87,-0.09,0.71
2006-07-21,000039,2.92,2.94,3.01,2.85,87156,116078648.0,5.25,-3.61,-0.11,1.31
2006-07-24,000039,2.94,2.83,2.94,2.79,42464,55930548.0,5.1,-3.74,-0.11,0.64
2006-07-25,000039,2.85,3.05,3.19,2.84,69014,93661016.0,12.37,7.77,0.22,1.04
2006-07-26,000039,3.07,3.1,3.22,3.07,53236,73491776.0,4.92,1.64,0.05,0.8
2006-07-27,000039,3.12,2.98,3.12,2.92,60052,81121360.0,6.45,-3.87,-0.12,0.9
2006-07-28,000039,2.98,2.59,2.98,2.5,257632,327728768.0,16.11,-13.09,-0.39,3.87
2006-07-31,000039,2.59,2.19,2.59,2.17,154237,183935376.0,16.22,-15.44,-0.4,2.32
2006-08-01,000039,2.17,2.08,2.24,2.06,109153,126742320.0,8.22,-5.02,-0.11,1.64
2006-08-02,000039,2.08,1.95,2.11,1.69,185952,205156640.0,20.19,-6.25,-0.13,2.79
2006-08-03,000039,1.94,1.93,2.07,1.83,112165,125388472.0,12.31,-1.03,-0.02,1.68
2006-08-04,000039,1.95,1.85,2.02,1.82,70274,78299440.0,10.36,-4.15,-0.08,1.06
2006-08-07,000039,1.85,1.94,1.95,1.77,81597,90698608.0,9.73,4.86,0.09,1.23
2006-08-08,000039,1.92,2.03,2.1,1.92,108752,122842480.0,9.28,4.64,0.09,1.63
2006-08-09,000039,2.06,1.93,2.07,1.91,59450,67029824.0,7.88,-4.93,-0.1,0.89
2006-08-10,000039,1.93,1.93,1.98,1.85,76543,85059576.0,6.74,0.0,0.0,1.15
2006-08-11,000039,1.95,2.0,2.02,1.93,65387,73723752.0,4.66,3.63,0.07,0.98
2006-08-14,000039,2.01,1.88,2.12,1.85,89228,100748144.0,13.5,-6.0,-0.12,1.34
2006-08-15,000039,1.88,1.94,1.94,1.8,54521,60193260.0,7.45,3.19,0.06,0.82
2006-08-16,000039,1.94,2.07,2.09,1.91,94665,107392864.0,9.28,6.7,0.13,1.42
2006-08-17,000039,2.07,2.01,2.07,1.97,45764,51847180.0,4.83,-2.9,-0.06,0.69
2006-08-18,000039,2.01,2.06,2.12,1.97,69490,79722392.0,7.46,2.49,0.05,1.04
2006-08-21,000039,1.85,1.99,2.01,1.82,54242,60744688.0,9.22,-3.4,-0.07,0.81
2006-08-22,000039,1.98,2.19,2.25,1.95,98674,114231824.0,15.08,10.05,0.2,1.48
2006-08-23,000039,2.18,2.12,2.23,2.1,66772,78175864.0,5.94,-3.2,-0.07,1.0
2006-08-24,000039,2.13,2.1,2.15,2.04,32949,37922912.0,5.19,-0.94,-0.02,0.49
2006-08-25,000039,2.1,2.12,2.17,2.09,54169,62719216.0,3.81,0.95,0.02,0.81
2006-08-28,000039,2.12,2.36,2.4,2.12,147777,176609456.0,13.21,11.32,0.24,2.22
2006-08-29,000039,2.4,2.54,2.81,2.4,221551,279937568.0,17.37,7.63,0.18,3.33
2006-08-30,000039,2.52,2.59,2.63,2.48,83214,104290584.0,5.91,1.97,0.05,1.25
2006-08-31,000039,2.62,2.7,2.8,2.62,131528,169364176.0,6.95,4.25,0.11,1.98
2006-09-01,000039,2.7,2.46,2.79,2.45,105375,132408352.0,12.59,-8.89,-0.24,1.58
2006-09-04,000039,2.45,2.49,2.57,2.45,89403,111001328.0,4.88,1.22,0.03,1.34
2006-09-05,000039,2.52,2.38,2.54,2.36,91267,111691984.0,7.23,-4.42,-0.11,1.37
2006-09-06,000039,2.38,2.49,2.53,2.38,96645,119013480.0,6.3,4.62,0.11,1.45
2006-09-07,000039,2.54,2.38,2.59,2.38,56374,69149448.0,8.43,-4.42,-0.11,0.85
2006-09-08,000039,2.43,2.21,2.44,2.16,149790,178345632.0,11.76,-7.14,-0.17,2.25
2006-09-11,000039,2.21,2.1,2.27,2.02,105359,121607816.0,11.31,-4.98,-0.11,1.58
2006-09-12,000039,2.1,2.15,2.21,2.1,152367,177457232.0,5.24,2.38,0.05,2.29
2006-09-13,000039,2.17,2.07,2.24,2.05,148957,171894016.0,8.84,-3.72,-0.08,2.24
2006-09-14,000039,2.04,2.02,2.08,1.97,103314,117119576.0,5.31,-2.42,-0.05,1.55
2006-09-15,000039,2.02,2.18,2.18,2.01,120919,140271968.0,8.42,7.92,0.16,1.82
2006-09-18,000039,2.22,2.32,2.32,2.22,149300,177499264.0,4.59,6.42,0.14,2.24
2006-09-19,000039,2.35,2.22,2.38,2.21,102451,121778728.0,7.33,-4.31,-0.1,1.54
2006-09-20,000039,2.22,2.11,2.22,2.08,99968,116053184.0,6.31,-4.95,-0.11,1.5
2006-09-21,000039,2.13,2.08,2.2,2.06,104304,120478688.0,6.64,-1.42,-0.03,1.57
2006-09-22,000039,2.09,2.03,2.13,2.0,85085,97399472.0,6.25,-2.4,-0.05,1.28
2006-09-25,000039,2.05,2.04,2.1,2.0,85561,97565400.0,4.93,0.49,0.01,1.29
2006-09-26,000039,2.04,2.03,2.08,1.99,67601,76749808.0,4.41,-0.49,-0.01,1.02
2006-09-27,000039,2.03,1.99,2.04,1.87,143826,160216336.0,8.37,-1.97,-0.04,2.16
2006-09-28,000039,1.99,2.01,2.1,1.93,97668,110990264.0,8.54,1.01,0.02,1.47
2006-09-29,000039,2.05,2.29,2.37,2.04,257524,303982656.0,16.42,13.93,0.28,3.87
2006-10-09,000039,2.32,2.35,2.45,2.26,206132,249255136.0,8.3,2.62,0.06,3.1
2006-10-10,000039,2.37,2.24,2.37,2.18,153390,182006112.0,8.09,-4.68,-0.11,2.3
2006-10-11,000039,2.22,2.32,2.35,2.2,127157,151844192.0,6.7,3.57,0.08,1.91
2006-10-12,000039,2.33,2.19,2.34,2.19,80592,95107216.0,6.47,-5.6,-0.13,1.21
2006-10-13,000039,2.18,2.2,2.28,2.15,58817,69338856.0,5.94,0.46,0.01,0.88
2006-10-16,000039,2.2,2.17,2.25,2.13,65503,76750264.0,5.45,-1.36,-0.03,0.98
2006-10-17,000039,2.17,2.2,2.25,2.13,50952,59830480.0,5.53,1.38,0.03,0.77
2006-10-18,000039,2.2,2.22,2.24,2.14,66152,77627784.0,4.55,0.91,0.02,0.99
2006-10-19,000039,2.22,2.38,2.53,2.2,251464,306563872.0,14.86,7.21,0.16,3.78
2006-10-20,000039,2.41,2.32,2.44,2.27,83438,100644080.0,7.14,-2.52,-0.06,1.25
2006-10-23,000039,2.33,2.18,2.39,2.12,112551,132529936.0,11.64,-6.03,-0.14,1.69
2006-10-24,000039,2.18,2.38,2.39,2.18,156373,187624448.0,9.63,9.17,0.2,2.35
2006-10-25,000039,2.38,2.56,2.63,2.31,480884,599336704.0,13.45,7.56,0.18,7.22
2006-10-26,000039,2.6,2.49,2.6,2.42,172449,213340048.0,7.03,-2.73,-0.07,2.59
2006-10-27,000039,2.5,2.68,2.75,2.45,331820,418005856.0,12.05,7.63,0.19,4.98
2006-10-30,000039,2.7,2.79,2.91,2.6,305028,397969280.0,11.57,4.1,0.11,4.58
2006-10-31,000039,2.79,3.01,3.07,2.74,372761,496478816.0,11.83,7.89,0.22,5.6
2006-11-01,000039,3.01,3.02,3.03,2.92,200758,269461920.0,3.65,0.33,0.01,3.02
2006-11-02,000039,3.03,2.86,3.04,2.85,221824,295942784.0,6.29,-5.3,-0.16,3.33
2006-11-03,000039,2.86,2.81,2.91,2.78,235101,308395808.0,4.55,-1.75,-0.05,3.53
2006-11-06,000039,2.78,3.01,3.03,2.74,185762,247838512.0,10.32,7.12,0.2,2.79
2006-11-07,000039,3.06,3.19,3.3,3.01,273935,380450528.0,9.63,5.98,0.18,4.11
2006-11-08,000039,3.2,3.04,3.25,3.04,173202,238353952.0,6.58,-4.7,-0.15,2.6
2006-11-09,000039,3.03,3.1,3.12,2.97,162626,220437600.0,4.93,1.97,0.06,2.44
2006-11-10,000039,3.13,2.87,3.15,2.78,203178,271288608.0,11.94,-7.42,-0.23,3.05
2006-11-13,000039,2.85,2.56,2.91,2.55,196560,252282864.0,12.54,-10.8,-0.31,2.95
2006-11-14,000039,2.54,2.64,2.65,2.41,171846,215123520.0,9.38,3.13,0.08,2.58
2006-11-15,000039,2.65,2.86,2.89,2.56,200437,259604592.0,12.5,8.33,0.22,3.01
2006-11-16,000039,2.92,2.76,3.09,2.75,241483,321840128.0,11.89,-3.5,-0.1,3.63
2006-11-17,000039,2.75,3.08,3.13,2.75,270730,364571616.0,13.77,11.59,0.32,4.07
2006-11-20,000039,3.11,3.56,3.65,3.11,566569,806281216.0,17.53,15.58,0.48,8.51
2006-11-21,000039,3.52,3.66,3.77,3.32,410100,604380352.0,12.64,2.81,0.1,6.16
2006-11-22,000039,3.67,3.59,3.8,3.54,304127,454134400.0,7.1,-1.91,-0.07,4.57
2006-11-23,000039,3.59,3.54,3.8,3.51,202037,300188032.0,8.08,-1.39,-0.05,3.03
2006-11-24,000039,3.55,3.44,3.61,3.38,246112,356040832.0,6.5,-2.82,-0.1,3.7
2006-11-27,000039,3.44,3.89,3.89,3.39,326664,485402976.0,14.53,13.08,0.45,4.91
2006-11-28,000039,3.91,3.76,3.98,3.66,217401,330548512.0,8.23,-3.34,-0.13,3.27
2006-11-29,000039,3.63,3.83,3.96,3.52,189740,288432288.0,11.7,1.86,0.07,2.85
2006-11-30,000039,3.83,4.03,4.05,3.83,259545,404270368.0,5.74,5.22,0.2,3.9
2006-12-01,000039,4.05,4.24,4.33,3.94,317058,506694176.0,9.68,5.21,0.21,4.76
2006-12-04,000039,4.29,4.3,4.54,4.26,267494,442097216.0,6.6,1.42,0.06,4.02
2006-12-05,000039,4.3,4.24,4.44,4.21,252693,410700704.0,5.35,-1.4,-0.06,3.8
2006-12-06,000039,4.24,4.01,4.26,3.74,293130,461257824.0,12.26,-5.42,-0.23,4.4
2006-12-07,000039,3.99,4.44,4.74,3.95,468651,774856640.0,19.7,10.72,0.43,7.04
2006-12-08,000039,4.4,4.61,5.03,4.26,453021,775019840.0,17.34,3.83,0.17,6.8
2006-12-11,000039,4.69,4.86,4.93,4.54,282673,489147680.0,8.46,5.42,0.25,4.25
2006-12-12,000039,4.86,4.86,5.07,4.7,185299,324537280.0,7.61,0.0,0.0,2.78
2006-12-13,000039,4.87,4.89,5.03,4.75,150885,265940160.0,5.76,0.62,0.03,2.27
2006-12-14,000039,4.89,4.82,4.99,4.77,163390,285951936.0,4.5,-1.43,-0.07,2.45
2006-12-15,000039,4.82,5.19,5.22,4.81,190903,341545536.0,8.51,7.68,0.37,2.87
2006-12-18,000039,5.26,5.69,5.79,5.25,204072,387658816.0,10.4,9.63,0.5,3.07
2006-12-19,000039,5.79,5.57,5.88,5.35,160335,305813664.0,9.31,-2.11,-0.12,2.41
2006-12-20,000039,5.55,5.73,5.76,5.37,120075,227745248.0,7.0,2.87,0.16,1.8
2006-12-21,000039,5.72,5.37,5.73,5.35,170826,323364576.0,6.63,-6.28,-0.36,2.57
2006-12-22,000039,5.25,4.99,5.43,4.96,191933,347118048.0,8.75,-7.08,-0.38,2.88
2006-12-25,000039,4.99,5.25,5.44,4.99,135950,248603360.0,9.02,5.21,0.26,2.04
2006-12-26,000039,5.28,5.0,5.35,4.82,136676,245020480.0,10.1,-4.76,-0.25,2.05
2006-12-27,000039,5.0,5.11,5.3,4.92,103013,186288736.0,7.6,2.2,0.11,1.55
2006-12-28,000039,5.12,5.11,5.39,5.05,172072,314872864.0,6.65,0.0,0.0,2.58
2006-12-29,000039,5.15,5.48,5.54,5.1,206503,384700352.0,8.61,7.24,0.37,3.1
2007-01-04,000039,5.61,5.3,5.81,5.25,275801,524578336.0,10.22,-3.28,-0.18,4.14
2007-01-05,000039,5.23,5.21,5.25,5.03,230081,416030336.0,4.15,-1.7,-0.09,3.46
2007-01-08,000039,5.22,5.57,5.6,5.21,186823,350166368.0,7.49,6.91,0.36,2.81
2007-01-09,000039,5.58,6.17,6.31,5.58,253663,509086528.0,13.11,10.77,0.6,3.81
2007-01-10,000039,6.27,6.25,6.32,5.93,166972,337154976.0,6.32,1.3,0.08,2.51
2007-01-11,000039,6.25,6.55,6.85,6.11,267177,567527872.0,11.84,4.8,0.3,4.01
2007-01-12,000039,6.39,6.53,7.01,6.25,270066,583225408.0,11.6,-0.31,-0.02,4.06
2007-01-15,000039,6.53,7.5,7.5,6.53,241944,547933952.0,14.85,14.85,0.97,3.63
2007-01-16,000039,7.8,8.19,8.23,7.55,236105,569454592.0,9.07,9.2,0.69,3.55
2007-01-17,000039,8.17,7.64,8.4,7.55,204453,492624960.0,10.38,-6.72,-0.55,3.07
2007-01-18,000039,7.63,7.59,7.94,6.94,235253,540250112.0,13.09,-0.65,-0.05,3.53
2007-01-19,000039,7.57,8.01,8.38,7.57,188486,457957984.0,10.67,5.53,0.42,2.83
2007-01-22,000039,8.2,8.84,8.89,8.19,148331,379247040.0,8.74,10.36,0.83,2.23
2007-01-23,000039,8.93,8.87,9.1,8.51,158993,413545280.0,6.67,0.34,0.03,2.39
2007-01-24,000039,8.9,8.94,9.17,8.61,118742,312395776.0,6.31,0.79,0.07,1.78
2007-01-25,000039,8.8,8.28,8.88,8.28,176392,451419296.0,6.71,-7.38,-0.66,2.65
2007-01-26,000039,7.93,8.52,8.7,7.41,190457,459524192.0,15.58,2.9,0.24,2.86
2007-01-29,000039,8.57,8.78,8.93,8.39,196101,506756320.0,6.34,3.05,0.26,2.95
2007-01-30,000039,8.77,8.57,8.84,8.45,139893,358124736.0,4.44,-2.39,-0.21,2.1
2007-01-31,000039,8.57,7.38,8.57,7.38,258155,616775040.0,13.89,-13.89,-1.19,3.88
2007-02-01,000039,6.97,7.17,7.38,6.33,242990,534730944.0,14.23,-2.85,-0.21,3.65
2007-02-02,000039,7.04,6.37,7.15,6.33,163694,349512256.0,11.44,-11.16,-0.8,2.46
2007-02-05,000039,6.25,6.52,6.81,5.69,225120,463039456.0,17.58,2.35,0.15,3.38
2007-02-06,000039,6.48,6.91,7.18,6.18,272034,582291904.0,15.34,5.98,0.39,4.09
2007-02-07,000039,7.03,7.35,7.63,7.03,197450,454609568.0,8.68,6.37,0.44,2.97
2007-02-08,000039,7.16,7.58,7.94,6.71,215590,495236384.0,16.73,3.13,0.23,3.24
2007-02-09,000039,7.5,7.32,7.69,7.27,125858,289133216.0,5.54,-3.43,-0.26,1.89
2007-02-12,000039,7.27,7.64,7.64,7.21,113024,262142672.0,5.87,4.37,0.32,1.7
2007-02-13,000039,7.71,7.95,8.14,7.71,86965,209948688.0,5.63,4.06,0.31,1.31
2007-02-14,000039,7.99,8.38,8.47,7.95,98480,245783376.0,6.54,5.41,0.43,1.48
2007-02-15,000039,8.47,8.79,8.9,8.47,105800,274078688.0,5.13,4.89,0.41,1.59
2007-02-16,000039,8.83,9.38,9.83,8.77,167374,453546880.0,12.06,6.71,0.59,2.51
2007-02-26,000039,9.49,9.44,9.65,8.99,115434,315422720.0,7.04,0.64,0.06,1.73
2007-02-27,000039,9.42,8.18,9.43,8.18,229908,580838848.0,13.24,-13.35,-1.26,3.45
2007-02-28,000039,7.49,8.04,8.27,7.4,236419,559222528.0,10.64,-1.71,-0.14,3.55
2007-03-01,000039,7.96,7.21,7.96,7.05,165385,382380992.0,11.32,-10.32,-0.83,2.48
2007-03-02,000039,7.15,7.5,7.72,7.08,131511,304321632.0,8.88,4.02,0.29,1.98
2007-03-05,000039,7.53,7.45,7.73,6.85,137492,316320384.0,11.73,-0.67,-0.05,2.07
2007-03-06,000039,7.41,8.11,8.33,7.27,178830,430891680.0,14.23,8.86,0.66,2.69
2007-03-07,000039,8.33,8.33,8.57,8.13,93771,235191696.0,5.43,2.71,0.22,1.41
2007-03-08,000039,8.36,8.49,8.57,8.07,103802,259449744.0,6.0,1.92,0.16,1.56
2007-03-09,000039,8.48,8.47,8.59,8.2,139819,350798880.0,4.59,-0.24,-0.02,2.1
2007-03-12,000039,8.34,8.14,8.43,7.97,120012,294308256.0,5.43,-3.9,-0.33,1.8
2007-03-13,000039,8.1,7.81,8.1,7.78,122897,294832224.0,3.93,-4.05,-0.33,1.85
2007-03-14,000039,7.69,7.66,7.81,7.35,140691,329871328.0,5.89,-1.92,-0.15,2.11
2007-03-15,000039,7.64,7.77,7.85,7.5,146463,345762080.0,4.57,1.44,0.11,2.2
2007-03-16,000039,7.79,7.89,8.15,7.52,130308,311113824.0,8.11,1.54,0.12,1.96
2007-03-19,000039,7.54,7.9,8.02,7.45,118834,284239168.0,7.22,0.13,0.01,1.78
2007-03-20,000039,7.96,7.75,8.14,7.68,181583,435381568.0,5.82,-1.9,-0.15,2.73
2007-03-21,000039,7.89,8.01,8.08,7.7,162521,390216928.0,4.9,3.35,0.26,2.44
2007-03-22,000039,8.11,8.27,8.57,8.08,224361,561678208.0,6.12,3.25,0.26,3.37
2007-03-23,000039,8.32,8.24,8.54,8.0,156384,387973312.0,6.53,-0.36,-0.03,2.35
2007-03-26,000039,8.29,8.34,8.43,8.1,148408,369609536.0,4.0,1.21,0.1,2.23
2007-03-27,000039,8.38,8.26,8.46,8.15,164598,409816992.0,3.72,-0.96,-0.08,2.47
2007-03-28,000039,8.26,7.96,8.26,7.64,216344,525388416.0,7.51,-3.63,-0.3,3.25
2007-03-29,000039,7.98,8.38,8.52,7.79,375108,916278784.0,9.17,5.28,0.42,5.63
2007-03-30,000039,8.33,8.11,8.38,8.06,169186,417590112.0,3.82,-3.22,-0.27,2.54
2007-04-02,000039,8.24,8.69,8.78,8.19,300564,765873792.0,7.27,7.15,0.58,4.51
2007-04-03,000039,8.75,8.81,9.12,8.61,281495,736745600.0,5.87,1.38,0.12,4.23
2007-04-04,000039,8.81,8.74,8.94,8.61,181196,470204384.0,3.75,-0.79,-0.07,2.72
2007-04-05,000039,8.69,8.75,8.87,8.61,141909,366850560.0,2.97,0.11,0.01,2.13
2007-04-06,000039,8.66,8.72,8.9,8.59,153331,396308544.0,3.54,-0.34,-0.03,2.3
2007-04-09,000039,8.75,8.83,9.1,8.73,244818,639999744.0,4.24,1.26,0.11,3.68
2007-04-10,000039,8.83,9.12,9.19,8.7,344858,911156672.0,5.55,3.28,0.29,5.18
2007-04-11,000039,9.12,9.0,9.17,8.8,248402,656194688.0,4.06,-1.32,-0.12,3.73
2007-04-12,000039,9.0,9.4,9.52,8.92,302378,817323264.0,6.67,4.44,0.4,4.54
2007-04-13,000039,9.4,9.07,9.4,9.03,303076,813645440.0,3.94,-3.51,-0.33,4.55
2007-04-16,000039,9.07,9.24,9.37,8.98,311559,831764224.0,4.3,1.87,0.17,4.68
2007-04-17,000039,9.26,8.85,9.31,8.64,441581,1161617408.0,7.25,-4.22,-0.39,6.63
2007-04-18,000039,8.89,9.03,9.25,8.8,322036,853685312.0,5.08,2.03,0.18,4.84
2007-04-19,000039,8.98,8.16,9.0,7.87,354808,899705344.0,12.51,-9.63,-0.87,5.33
2007-04-20,000039,8.2,8.7,8.78,8.2,211472,541317568.0,7.11,6.62,0.54,3.18
2007-04-24,000039,9.26,8.94,9.39,8.83,348545,932216128.0,6.44,2.76,0.24,5.24
2007-04-25,000039,8.94,8.7,9.14,8.61,281211,733394176.0,5.93,-2.68,-0.24,4.22
2007-04-26,000039,8.84,9.46,9.47,8.61,487823,1305576448.0,9.89,8.74,0.76,7.33
2007-04-27,000039,9.49,9.08,9.53,9.0,263927,706725824.0,5.6,-4.02,-0.38,3.96
2007-04-30,000039,9.07,9.12,9.22,8.76,296333,782008000.0,5.07,0.44,0.04,4.45
2007-05-08,000039,9.78,10.35,10.35,9.63,532221,1541077376.0,7.89,13.49,1.23,7.99
2007-05-09,000039,11.0,10.59,11.04,9.8,713045,2135341312.0,11.98,2.32,0.24,10.71
2007-05-10,000039,10.51,10.37,10.65,10.09,278487,818923136.0,5.29,-2.08,-0.22,4.18
2007-05-11,000039,10.19,10.01,10.2,9.73,248192,708308224.0,4.53,-3.47,-0.36,3.73
2007-05-14,000039,9.79,10.0,10.32,9.67,201215,576945088.0,6.49,-0.1,-0.01,3.02
2007-05-15,000039,10.09,9.64,10.31,9.58,233092,662496704.0,7.3,-3.6,-0.36,3.5
2007-05-16,000039,9.91,10.08,10.13,9.58,259118,733320192.0,5.71,4.56,0.44,3.89
2007-05-17,000039,10.15,10.29,10.54,10.15,276580,813982464.0,3.87,2.08,0.21,4.15
2007-05-18,000039,10.21,10.58,10.82,10.09,296275,883385088.0,7.09,2.82,0.29,4.45
2007-05-21,000039,10.08,10.24,10.57,10.0,279448,817896640.0,5.39,-3.21,-0.34,4.2
2007-05-22,000039,10.33,10.79,11.02,10.33,379251,1142430080.0,6.74,5.37,0.55,5.7
2007-05-23,000039,11.01,11.31,11.52,10.7,297107,925794624.0,7.6,4.82,0.52,4.46
2007-05-24,000039,11.3,10.97,11.76,10.74,279507,870149952.0,9.02,-3.01,-0.34,4.2
2007-05-25,000039,11.07,11.41,11.57,11.07,205086,648232320.0,4.56,4.01,0.44,3.08
2007-05-28,000039,11.67,12.88,12.88,11.67,192826,654392832.0,10.6,12.88,1.47,2.9
2007-05-29,000039,13.47,13.41,13.66,12.92,295129,1055450112.0,5.75,4.11,0.53,4.43
2007-05-30,000039,11.76,12.17,13.23,11.76,445113,1502703104.0,10.96,-9.25,-1.24,6.69
2007-05-31,000039,12.18,13.51,13.61,12.18,410826,1439610112.0,11.75,11.01,1.34,6.17
2007-06-01,000039,13.65,13.29,14.46,13.07,464667,1399737088.0,10.29,-1.63,-0.22,5.81
2007-06-04,000039,13.51,11.66,13.51,11.66,298628,811587328.0,13.92,-12.26,-1.63,3.73
2007-06-05,000039,11.4,12.29,12.51,10.24,432527,1108726656.0,19.47,5.4,0.63,5.41
2007-06-06,000039,12.51,12.23,12.63,11.64,283041,779653696.0,8.06,-0.49,-0.06,3.54
2007-06-07,000039,12.34,12.51,12.69,12.01,262679,731611712.0,5.56,2.29,0.28,3.28
2007-06-08,000039,12.61,12.95,13.35,12.4,272622,782497344.0,7.59,3.52,0.44,3.41
2007-06-11,000039,13.07,13.32,13.76,13.04,198787,588177344.0,5.56,2.86,0.37,2.49
2007-06-12,000039,13.4,13.6,13.73,12.56,285989,842135872.0,8.78,2.1,0.28,3.58
2007-06-13,000039,13.82,14.12,14.9,13.82,284288,891895680.0,7.94,3.82,0.52,3.55
2007-06-14,000039,14.01,13.85,14.46,13.51,189270,581981312.0,6.73,-1.91,-0.27,2.37
2007-06-15,000039,13.79,13.74,14.16,13.57,162138,492236544.0,4.26,-0.79,-0.11,2.03
2007-06-18,000039,14.12,14.26,14.46,13.93,195437,606836672.0,3.86,3.78,0.52,2.44
2007-06-19,000039,14.28,14.83,15.0,14.28,249667,800570944.0,5.05,4.0,0.57,3.12
2007-06-20,000039,14.89,14.11,15.18,13.79,231014,737195776.0,9.37,-4.86,-0.72,2.89
2007-06-21,000039,14.02,13.79,14.45,13.59,182362,555370880.0,6.09,-2.27,-0.32,2.28
2007-06-22,000039,13.78,13.36,14.3,13.07,225572,678218560.0,8.92,-3.12,-0.43,2.82
2007-06-25,000039,13.57,12.89,13.87,12.68,182733,540895808.0,8.91,-3.52,-0.47,2.28
2007-06-26,000039,12.79,13.35,13.35,12.57,121060,349354560.0,6.05,3.57,0.46,1.51
2007-06-27,000039,13.64,13.99,14.18,13.35,172667,523982752.0,6.22,4.79,0.64,2.16
2007-06-28,000039,14.69,13.63,15.01,13.57,204661,641190272.0,10.29,-2.57,-0.36,2.56
2007-06-29,000039,13.08,13.25,13.79,13.0,131240,386728128.0,5.8,-2.79,-0.38,1.64
2007-07-02,000039,13.38,12.61,13.4,12.4,135825,388380384.0,7.55,-4.83,-0.64,1.7
2007-07-03,000039,12.6,12.79,12.96,12.58,126851,359081920.0,3.01,1.43,0.18,1.59
2007-07-04,000039,12.82,11.99,12.83,11.9,184145,505046496.0,7.27,-6.25,-0.8,2.3
2007-07-05,000039,11.74,10.85,11.85,10.82,157890,407208320.0,8.59,-9.51,-1.14,1.97
2007-07-06,000039,10.85,11.4,11.54,10.63,134288,343419168.0,8.39,5.07,0.55,1.68
2007-07-09,000039,11.68,11.76,12.11,11.66,142263,381410112.0,3.95,3.16,0.36,1.78
2007-07-10,000039,11.8,11.28,11.85,11.14,128098,332758656.0,6.04,-4.08,-0.48,1.6
2007-07-11,000039,11.29,11.21,11.4,11.06,131364,336785472.0,3.01,-0.62,-0.07,1.64
2007-07-12,000039,11.24,11.39,11.59,11.18,85824,222749264.0,3.66,1.61,0.18,1.07
2007-07-13,000039,11.4,11.31,11.46,11.13,47492,122019784.0,2.9,-0.7,-0.08,0.59
2007-07-16,000039,11.3,11.18,11.57,11.14,94245,243883712.0,3.8,-1.15,-0.13,1.18
2007-07-17,000039,11.13,11.23,11.4,10.96,105064,267928496.0,3.94,0.45,0.05,1.31
2007-07-18,000039,11.27,11.35,11.6,10.79,181927,463622912.0,7.21,1.07,0.12,2.27
2007-07-19,000039,11.29,11.06,11.36,10.93,90713,231072448.0,3.79,-2.56,-0.29,1.13
2007-07-20,000039,11.18,11.71,11.74,11.08,214095,558219904.0,5.97,5.88,0.65,2.68
2007-07-23,000039,11.77,12.63,12.68,11.76,257181,710572864.0,7.86,7.86,0.92,3.22
2007-07-24,000039,12.82,12.4,12.93,12.4,189162,531468256.0,4.2,-1.82,-0.23,2.37
2007-07-25,000039,12.44,12.64,12.71,12.32,212559,595129728.0,3.15,1.94,0.24,2.66
2007-07-26,000039,12.9,13.14,13.33,12.9,286947,834987456.0,3.4,3.96,0.5,3.59
2007-07-27,000039,12.8,13.0,13.15,12.76,231645,666142592.0,2.97,-1.07,-0.14,2.9
2007-07-30,000039,13.0,13.18,13.4,12.98,203876,594501248.0,3.23,1.38,0.18,2.55
2007-08-06,000039,14.8,14.8,14.8,14.25,381295,1223466240.0,4.17,12.29,1.62,4.77
2007-08-07,000039,15.3,15.01,15.67,14.73,512911,1682519936.0,6.35,1.42,0.21,6.41
2007-08-08,000039,14.74,14.1,14.84,13.75,272256,846548928.0,7.26,-6.06,-0.91,3.4
2007-08-09,000039,13.9,14.04,14.53,13.85,183122,564225216.0,4.82,-0.43,-0.06,2.29
2007-08-10,000039,14.07,13.68,14.18,13.53,167240,506586720.0,4.63,-2.56,-0.36,2.09
2007-08-13,000039,13.68,13.9,14.07,13.28,183262,547251840.0,5.77,1.61,0.22,2.29
2007-08-14,000039,13.89,14.02,14.24,13.72,129290,398363072.0,3.74,0.86,0.12,1.62
2007-08-15,000039,14.02,13.67,14.29,13.35,151782,456577408.0,6.7,-2.5,-0.35,1.9
2007-08-16,000039,13.6,13.28,13.6,13.07,170027,498967360.0,3.88,-2.85,-0.39,2.13
2007-08-17,000039,13.07,13.07,13.7,12.98,211071,619897472.0,5.42,-1.58,-0.21,2.64
2007-08-20,000039,13.29,13.59,13.63,13.05,225368,667605824.0,4.44,3.98,0.52,2.82
2007-08-21,000039,13.63,13.24,13.73,13.2,302907,891399488.0,3.9,-2.58,-0.35,3.79
2007-08-22,000039,13.06,13.93,14.29,12.9,561620,1674808192.0,10.5,5.21,0.69,7.02
2007-08-23,000039,13.94,13.75,14.06,13.6,245303,741990976.0,3.3,-1.29,-0.18,3.07
2007-08-24,000039,13.96,13.79,14.18,13.62,277474,844748352.0,4.07,0.29,0.04,3.47
2007-08-27,000039,14.01,14.11,14.35,13.9,306730,949227328.0,3.26,2.32,0.32,3.84
2007-08-28,000039,14.12,13.76,14.18,13.58,245051,740280576.0,4.25,-2.48,-0.35,3.06
2007-08-29,000039,13.68,13.18,13.68,13.07,221943,653225408.0,4.43,-4.22,-0.58,2.78
2007-08-30,000039,13.32,13.47,13.62,13.18,129122,382572736.0,3.34,2.2,0.29,1.61
2007-08-31,000039,13.47,13.74,13.82,13.29,210412,630146688.0,3.93,2.0,0.27,2.63
2007-09-03,000039,13.85,13.82,14.07,13.66,241009,733557952.0,2.98,0.58,0.08,3.01
2007-09-04,000039,13.95,14.4,14.5,13.45,446266,1370787456.0,7.6,4.2,0.58,5.58
2007-09-05,000039,14.58,14.73,15.07,14.41,532723,1714255616.0,4.58,2.29,0.33,5.71
2007-09-06,000039,14.89,14.63,15.06,14.46,294781,940877440.0,4.07,-0.68,-0.1,3.16
2007-09-07,000039,14.56,13.89,14.61,13.8,259995,802542784.0,5.54,-5.06,-0.74,2.79
2007-09-10,000039,13.57,13.81,13.88,13.29,164534,492359648.0,4.25,-0.58,-0.08,1.76
2007-09-11,000039,13.83,12.85,13.84,12.84,191885,568394880.0,7.24,-6.95,-0.96,2.06
2007-09-12,000039,12.8,12.93,13.23,12.4,225697,638870592.0,6.46,0.62,0.08,2.42
2007-09-13,000039,12.98,13.01,13.06,12.78,187020,535923968.0,2.17,0.62,0.08,2.01
2007-09-14,000039,13.07,13.51,13.62,12.85,213208,626481472.0,5.92,3.84,0.5,2.29
2007-09-17,000039,13.4,13.79,14.16,13.27,236166,711505920.0,6.59,2.07,0.28,2.53
2007-09-18,000039,13.96,14.9,15.47,13.96,752324,2424588032.0,10.95,8.05,1.11,8.07
2007-09-19,000039,15.07,14.29,15.39,14.21,370627,1188346496.0,7.92,-4.09,-0.61,3.98
2007-09-20,000039,14.49,15.89,16.02,14.46,778846,2593312512.0,10.92,11.2,1.6,8.35
2007-09-21,000039,15.79,15.76,15.79,15.02,378918,1261597440.0,4.85,-0.82,-0.13,4.06
2007-09-24,000039,15.78,15.07,15.93,14.96,234675,777093504.0,6.15,-4.38,-0.69,2.52
2007-09-25,000039,15.13,14.9,15.25,14.46,203234,650883968.0,5.24,-1.13,-0.17,2.18
2007-09-26,000039,14.9,15.11,15.13,14.29,200696,644497856.0,5.64,1.41,0.21,2.15
2007-09-27,000039,15.04,15.15,15.46,14.46,179166,582624192.0,6.62,0.26,0.04,1.92
2007-09-28,000039,15.31,15.57,16.01,15.17,324082,1087928704.0,5.54,2.77,0.42,3.48
2007-10-08,000039,16.01,14.85,16.13,14.82,295265,970823040.0,8.41,-4.62,-0.72,3.17
2007-10-09,000039,14.88,14.7,14.88,14.4,260549,825275584.0,3.23,-1.01,-0.15,2.79
2007-10-10,000039,14.67,14.41,14.92,14.29,295960,937442432.0,4.29,-1.97,-0.29,3.17
2007-10-11,000039,14.38,14.56,14.65,14.07,271550,848380544.0,4.02,1.04,0.15,2.91
2007-10-12,000039,14.65,14.03,14.65,13.45,267822,820377664.0,8.24,-3.64,-0.53,2.87
2007-10-15,000039,13.96,14.24,14.45,13.4,328528,1003630592.0,7.48,1.5,0.21,3.52
2007-10-16,000039,14.35,14.17,14.44,13.9,405934,1251592448.0,3.79,-0.49,-0.07,4.35
2007-10-18,000039,14.18,13.28,14.19,13.26,356548,1060398720.0,6.56,-6.28,-0.89,3.82
2007-10-19,000039,13.33,13.08,13.56,12.97,179596,522945088.0,4.44,-1.51,-0.2,1.93
2007-10-22,000039,12.9,12.74,13.06,12.53,181527,516594816.0,4.05,-2.6,-0.34,1.95
2007-10-23,000039,12.74,13.0,13.03,12.53,135256,385855744.0,3.92,2.04,0.26,1.45
2007-10-24,000039,13.18,12.93,13.45,12.84,218469,638975104.0,4.69,-0.54,-0.07,2.34
2007-10-25,000039,12.93,11.78,12.93,11.76,218799,602047488.0,9.05,-8.89,-1.15,2.35
2007-10-26,000039,11.56,11.64,12.0,11.43,125729,332342912.0,4.84,-1.19,-0.14,1.35
2007-10-29,000039,11.67,11.82,12.23,11.57,163646,437021440.0,5.67,1.55,0.18,1.76
2007-10-30,000039,12.03,12.06,12.07,11.64,218422,584523840.0,3.64,2.03,0.24,2.34
2007-10-31,000039,12.26,12.5,12.71,12.05,228700,633534336.0,5.47,3.65,0.44,2.45
2007-11-01,000039,12.52,11.85,12.61,11.85,198727,539332224.0,6.08,-5.2,-0.65,2.13
2007-11-02,000039,11.71,11.21,11.71,10.85,178494,459364128.0,7.26,-5.4,-0.64,1.91
2007-11-05,000039,11.13,11.95,12.11,10.85,204588,535691360.0,11.24,6.6,0.74,2.19
2007-11-06,000039,11.98,11.8,12.19,11.6,111262,297561184.0,4.94,-1.26,-0.15,1.19
2007-11-07,000039,11.95,11.49,12.04,11.21,90537,237225392.0,7.03,-2.63,-0.31,0.97
2007-11-08,000039,11.46,10.89,11.46,10.88,110802,282011072.0,5.05,-5.22,-0.6,1.19
2007-11-09,000039,10.85,10.29,11.0,10.29,147869,364095488.0,6.52,-5.51,-0.6,1.59
2007-11-12,000039,10.14,9.64,10.2,9.18,160373,365402848.0,9.91,-6.32,-0.65,1.72
2007-11-13,000039,9.9,9.71,10.17,9.46,117039,271462432.0,7.37,0.73,0.07,1.26
2007-11-14,000039,9.91,10.31,10.32,9.7,122579,288693280.0,6.39,6.18,0.6,1.31
2007-11-15,000039,10.32,9.97,10.36,9.91,97396,231299568.0,4.36,-3.3,-0.34,1.04
2007-11-16,000039,9.74,10.35,10.55,9.65,114610,270984992.0,9.03,3.81,0.38,1.23
2007-11-19,000039,10.38,10.54,10.79,10.24,90816,222409360.0,5.31,1.84,0.19,0.97
2007-11-20,000039,10.5,10.8,10.96,10.35,100047,248032528.0,5.79,2.47,0.26,1.07
2007-11-21,000039,10.85,10.33,10.96,10.29,107498,263209440.0,6.2,-4.35,-0.47,1.15
2007-11-22,000039,10.04,9.57,10.15,9.51,86964,201222608.0,6.2,-7.36,-0.76,0.93
2007-11-23,000039,9.47,9.89,9.95,9.38,56711,129332176.0,5.96,3.34,0.32,0.61
2007-11-26,000039,9.99,9.53,10.18,9.51,86249,200008448.0,6.77,-3.64,-0.36,0.93
2007-11-27,000039,9.46,9.54,9.7,9.38,52899,119960864.0,3.36,0.1,0.01,0.57
2007-11-28,000039,9.57,9.45,9.73,9.38,47402,107481664.0,3.67,-0.94,-0.09,0.51
2007-11-29,000039,9.58,9.84,9.85,9.4,91520,209687392.0,4.76,4.13,0.39,0.98
2007-11-30,000039,9.86,9.51,9.86,9.46,68829,156486000.0,4.07,-3.35,-0.33,0.74
2007-12-03,000039,9.49,9.56,9.66,9.4,55526,125536824.0,2.73,0.53,0.05,0.6
2007-12-04,000039,9.6,9.71,9.8,9.59,91827,210171536.0,2.2,1.57,0.15,0.99
2007-12-05,000039,9.8,10.01,10.15,9.74,168068,394081728.0,4.22,3.09,0.3,1.8
2007-12-06,000039,10.1,9.96,10.23,9.8,96550,225443632.0,4.3,-0.5,-0.05,1.04
2007-12-07,000039,9.96,10.34,10.35,9.88,110194,260872624.0,4.72,3.82,0.38,1.18
2007-12-10,000039,10.13,10.56,10.62,10.01,168181,407096608.0,5.9,2.13,0.22,1.8
2007-12-11,000039,10.63,10.46,10.71,10.24,175413,424812768.0,4.45,-0.95,-0.1,1.88
2007-12-12,000039,10.45,10.25,10.45,10.17,128812,308381056.0,2.68,-2.01,-0.21,1.38
2007-12-13,000039,10.23,9.86,10.32,9.85,115665,274808736.0,4.59,-3.8,-0.39,1.24
2007-12-14,000039,9.74,9.94,9.99,9.63,96736,223563200.0,3.65,0.81,0.08,1.04
2007-12-17,000039,10.0,9.67,10.04,9.64,109527,251938784.0,4.02,-2.72,-0.27,1.17
2007-12-18,000039,9.64,9.93,10.11,9.56,80125,185537488.0,5.69,2.69,0.26,0.86
2007-12-19,000039,10.08,10.35,10.38,9.94,151302,360974112.0,4.43,4.23,0.42,1.62
2007-12-20,000039,10.42,10.37,10.45,10.25,120590,291029024.0,1.93,0.19,0.02,1.29
2007-12-21,000039,10.29,11.08,11.21,10.21,312162,776521408.0,9.64,6.85,0.71,3.35
2007-12-24,000039,11.16,11.03,11.33,11.0,265681,678826816.0,2.98,-0.45,-0.05,2.85
2007-12-25,000039,11.06,11.0,11.13,10.84,153411,387352864.0,2.63,-0.27,-0.03,1.65
2007-12-26,000039,11.01,11.4,11.45,11.01,175810,452472864.0,4.0,3.64,0.4,1.89
2007-12-27,000039,11.49,11.36,11.51,11.24,177609,461231232.0,2.37,-0.35,-0.04,1.91
2007-12-28,000039,11.41,11.34,11.73,11.29,178433,466902368.0,3.87,-0.18,-0.02,1.91
2008-01-02,000039,11.36,11.55,11.64,11.24,159012,414221472.0,3.53,1.85,0.21,1.71
2008-01-03,000039,11.49,11.59,11.6,11.24,179550,465391424.0,3.12,0.35,0.04,1.93
2008-01-04,000039,11.68,11.71,11.9,11.6,169038,449871584.0,2.59,1.04,0.12,1.81
2008-01-07,000039,11.68,11.68,11.79,11.51,168201,444063168.0,2.39,-0.26,-0.03,1.8
2008-01-08,000039,11.68,11.88,12.09,11.51,355527,950233536.0,4.97,1.71,0.2,3.81
2008-01-09,000039,11.88,12.18,12.24,11.74,246938,668397696.0,4.21,2.53,0.3,2.65
2008-01-10,000039,12.3,12.4,12.72,12.09,301174,841200832.0,5.17,1.81,0.22,3.23
2008-01-11,000039,12.45,12.35,12.56,12.08,200409,552155968.0,3.87,-0.4,-0.05,2.15
2008-01-14,000039,12.34,12.39,12.63,12.32,157572,440208768.0,2.51,0.32,0.04,1.69
2008-01-15,000039,12.46,12.43,12.55,12.13,191976,533461632.0,3.39,0.32,0.04,2.06
2008-01-16,000039,12.28,11.56,12.28,11.54,244942,655883328.0,5.95,-7.0,-0.87,2.63
2008-01-17,000039,11.46,11.0,11.74,10.55,217957,559826560.0,10.29,-4.84,-0.56,2.34
2008-01-18,000039,10.87,11.19,11.23,10.85,99165,252185200.0,3.45,1.73,0.19,1.06
2008-01-21,000039,11.21,10.24,11.24,10.14,153978,380477952.0,9.83,-8.49,-0.95,1.65
2008-01-22,000039,9.95,9.13,10.1,8.91,273479,615019648.0,11.62,-10.84,-1.11,2.93
2008-01-23,000039,9.26,9.86,9.88,9.14,172902,393066848.0,8.11,8.0,0.73,1.85
2008-01-24,000039,10.04,9.8,10.07,9.2,192007,441212352.0,8.82,-0.61,-0.06,2.06
2008-01-25,000039,9.84,9.83,10.11,9.5,128695,295932992.0,6.22,0.31,0.03,1.38
2008-01-28,000039,9.82,8.67,9.82,8.54,182023,392082624.0,13.02,-11.8,-1.16,1.95
2008-01-29,000039,8.69,8.63,8.96,8.52,95078,200923456.0,5.07,-0.46,-0.04,1.02
2008-01-30,000039,8.9,8.73,9.07,8.51,80434,171333504.0,6.49,1.16,0.1,0.86
2008-01-31,000039,8.76,8.68,8.9,8.63,55119,117142728.0,3.09,-0.57,-0.05,0.59
2008-02-01,000039,8.79,8.19,8.8,7.88,89651,183766448.0,10.6,-5.65,-0.49,0.96
2008-02-04,000039,8.57,9.28,9.3,8.44,104405,225673184.0,10.5,13.31,1.09,1.12
2008-02-05,000039,9.32,9.24,9.46,8.96,88268,194984544.0,5.39,-0.43,-0.04,0.95
2008-02-13,000039,9.13,9.07,9.29,8.91,43331,94675704.0,4.11,-1.84,-0.17,0.46
2008-02-14,000039,9.18,9.19,9.29,9.07,38560,84917968.0,2.43,1.32,0.12,0.41
2008-02-15,000039,9.13,8.93,9.13,8.76,51693,111052256.0,4.03,-2.83,-0.26,0.55
2008-02-18,000039,9.08,9.18,9.24,8.99,79651,174869232.0,2.8,2.8,0.25,0.85
2008-02-19,000039,9.29,9.46,9.5,9.11,111411,248339216.0,4.25,3.05,0.28,1.2
2008-02-20,000039,9.53,9.19,9.6,9.18,95635,213156656.0,4.44,-2.85,-0.27,1.03
2008-02-21,000039,9.12,8.96,9.17,8.8,66895,144802624.0,4.03,-2.5,-0.23,0.72
2008-02-22,000039,8.9,8.48,8.94,8.35,121688,253968528.0,6.58,-5.36,-0.48,1.31
2008-02-25,000039,8.6,8.01,8.63,7.99,106414,214743216.0,7.55,-5.54,-0.47,1.14
2008-02-26,000039,8.31,8.18,8.4,7.93,106089,212576224.0,5.87,2.12,0.17,1.14
2008-02-27,000039,8.23,8.4,8.46,8.07,81395,166575824.0,4.77,2.69,0.22,0.87
2008-02-28,000039,8.4,8.21,8.42,8.07,67629,137198544.0,4.17,-2.26,-0.19,0.73
2008-02-29,000039,8.26,9.34,9.34,8.26,171803,377174976.0,13.15,13.76,1.13,1.84
2008-03-03,000039,9.54,9.77,9.99,9.35,328505,752359360.0,6.85,4.6,0.43,3.52
2008-03-04,000039,9.74,9.18,9.74,9.18,186060,416652288.0,5.73,-6.04,-0.59,2.0
2008-03-05,000039,9.07,9.23,9.26,8.63,136683,294710944.0,6.86,0.54,0.05,1.47
2008-03-06,000039,9.16,9.08,9.41,8.91,102089,224261760.0,5.42,-1.63,-0.15,1.1
2008-03-07,000039,9.04,9.07,9.28,8.85,85973,186911568.0,4.74,-0.11,-0.01,0.92
2008-03-10,000039,9.01,8.58,9.01,8.51,73719,156018032.0,5.51,-5.4,-0.49,0.79
2008-03-11,000039,8.43,8.51,8.73,8.31,64570,134154656.0,4.9,-0.82,-0.07,0.69
2008-03-12,000039,8.79,8.9,8.92,8.4,90921,191949328.0,6.11,4.58,0.39,0.98
2008-03-13,000039,8.76,8.26,8.76,8.01,103572,212525216.0,8.43,-7.19,-0.64,1.11
2008-03-14,000039,8.24,8.01,8.35,7.96,87298,174397008.0,4.72,-3.03,-0.25,0.94
2008-03-17,000039,8.14,7.85,8.26,7.85,119720,238758304.0,5.12,-2.0,-0.16,1.28
2008-03-18,000039,7.85,7.0,8.17,6.76,142658,268579328.0,17.96,-10.83,-0.85,1.53
2008-03-19,000039,7.13,7.4,7.68,7.05,100966,188819648.0,9.0,5.71,0.4,1.08
2008-03-20,000039,7.29,7.61,7.75,6.79,108904,202542912.0,12.97,2.84,0.21,1.17
2008-03-21,000039,7.63,7.67,7.78,7.41,79350,152413952.0,4.86,0.79,0.06,0.85
2008-03-24,000039,8.07,7.8,8.38,7.8,177736,357151008.0,7.56,1.69,0.13,1.91
2008-03-25,000039,7.68,8.52,8.59,7.57,227244,463091392.0,13.08,9.23,0.72,2.44
2008-03-26,000039,8.56,8.27,8.66,8.18,107673,221125472.0,5.63,-2.93,-0.25,1.15
2008-03-27,000039,8.07,7.69,8.18,7.67,85325,168110784.0,6.17,-7.01,-0.58,0.92
2008-03-28,000039,7.51,8.03,8.07,7.28,85853,167200128.0,10.27,4.42,0.34,0.92
2008-03-31,000039,7.79,7.68,7.89,7.52,55656,107148896.0,4.61,-4.36,-0.35,0.6
2008-04-01,000039,7.66,6.79,7.73,6.76,109739,199206560.0,12.63,-11.59,-0.89,1.18
2008-04-02,000039,6.96,6.95,7.4,6.8,102151,187384880.0,8.84,2.36,0.16,1.1
2008-04-03,000039,7.04,7.35,7.51,6.95,92772,171906976.0,8.06,5.76,0.4,1.0
2008-04-07,000039,7.25,7.83,7.94,7.13,101792,196385600.0,11.02,6.53,0.48,1.09
2008-04-08,000039,7.8,7.77,8.0,7.59,114536,223652928.0,5.24,-0.77,-0.06,1.23
2008-04-09,000039,7.66,7.26,7.86,7.25,84612,161692128.0,7.85,-6.56,-0.51,0.91
2008-04-10,000039,7.11,7.3,7.33,6.96,70521,129635648.0,5.1,0.55,0.04,0.76
2008-04-11,000039,7.4,7.34,7.51,7.27,51629,96877440.0,3.29,0.55,0.04,0.55
2008-04-14,000039,7.18,6.66,7.18,6.63,103202,183811520.0,7.49,-9.26,-0.68,1.11
2008-04-15,000039,6.66,6.8,6.84,6.41,60825,105476168.0,6.46,2.1,0.14,0.65
2008-04-16,000039,6.8,6.45,6.8,6.42,45227,78095608.0,5.59,-5.15,-0.35,0.49
2008-04-17,000039,6.46,5.98,6.66,5.88,67800,112797376.0,12.09,-7.29,-0.47,0.73
2008-04-18,000039,5.9,5.41,5.9,5.29,85649,131998232.0,10.2,-9.53,-0.57,0.92
2008-04-21,000039,6.18,5.46,6.18,5.35,99325,156151936.0,15.34,0.92,0.05,1.07
2008-04-22,000039,5.43,5.3,5.49,4.84,85859,127356464.0,11.9,-2.93,-0.16,0.92
2008-04-23,000039,5.29,5.72,5.77,5.23,87844,136110144.0,10.19,7.92,0.42,0.94
2008-04-24,000039,6.54,6.6,6.6,6.21,260746,448161024.0,6.82,15.38,0.88,2.8
2008-04-25,000039,6.63,6.61,6.96,6.46,204167,359775040.0,7.58,0.15,0.01,2.19
2008-04-29,000039,6.06,5.96,6.24,5.86,290560,473019520.0,5.75,-9.83,-0.65,3.12
2008-04-30,000039,5.99,6.3,6.39,5.92,228653,377036736.0,7.89,5.7,0.34,2.45
2008-05-05,000039,6.37,6.51,6.53,6.14,184741,312007040.0,6.19,3.33,0.21,1.98
2008-05-06,000039,6.48,6.23,6.48,6.18,167527,281359264.0,4.61,-4.3,-0.28,1.8
2008-05-07,000039,6.18,5.71,6.29,5.69,148188,241141280.0,9.63,-8.35,-0.52,1.59
2008-05-08,000039,5.59,5.94,5.99,5.5,125827,198878064.0,8.58,4.03,0.23,1.35
2008-05-09,000039,6.34,6.12,6.46,6.02,163405,273387712.0,7.41,3.03,0.18,1.75
2008-05-12,000039,6.05,6.03,6.13,5.68,106744,171719440.0,7.35,-1.47,-0.09,1.15
2008-05-13,000039,5.73,5.73,5.85,5.58,113488,178997264.0,4.48,-4.98,-0.3,1.22
2008-05-14,000039,5.68,6.0,6.04,5.65,108138,174249808.0,6.81,4.71,0.27,1.16
2008-05-15,000039,6.09,6.1,6.4,6.01,157966,262981696.0,6.5,1.67,0.1,1.69
2008-05-16,000039,6.07,6.01,6.23,5.86,87680,143487536.0,6.07,-1.48,-0.09,0.94
2008-05-19,000039,5.95,5.81,5.95,5.74,60148,96010952.0,3.49,-3.33,-0.2,0.65
2008-05-20,000039,5.85,5.3,5.89,5.29,96670,150526528.0,10.33,-8.78,-0.51,1.04
2008-05-21,000039,5.29,5.39,5.45,5.03,92010,136121632.0,7.92,1.7,0.09,0.99
2008-05-22,000039,5.27,5.15,5.29,5.1,83737,124016520.0,3.53,-4.45,-0.24,0.9
2008-05-23,000039,5.14,5.19,5.28,5.07,58583,86545072.0,4.08,0.78,0.04,0.63
2008-05-26,000039,5.19,5.24,5.5,5.14,82450,123994544.0,6.94,0.96,0.05,0.88
2008-05-27,000039,5.24,5.21,5.34,5.1,43757,64618228.0,4.58,-0.57,-0.03,0.47
2008-05-28,000039,5.24,5.42,5.5,5.21,72377,109489416.0,5.57,4.03,0.21,0.78
2008-05-29,000039,5.42,5.2,5.46,5.19,52025,78379040.0,4.98,-4.06,-0.22,0.56
2008-05-30,000039,5.21,5.29,5.36,5.18,46295,69142432.0,3.46,1.73,0.09,0.5
2008-06-02,000039,5.29,5.35,5.36,5.21,56580,84878680.0,2.84,1.13,0.06,0.61
2008-06-03,000039,5.34,5.15,5.34,5.11,53531,79197464.0,4.3,-3.74,-0.2,0.57
2008-06-04,000039,5.14,4.9,5.15,4.79,84590,121121368.0,6.99,-4.85,-0.25,0.91
2008-06-05,000039,4.86,4.89,4.99,4.85,35915,51457888.0,2.86,-0.2,-0.01,0.39
2008-06-06,000039,4.9,4.88,5.0,4.85,30507,43666744.0,3.07,-0.2,-0.01,0.33
2008-06-10,000039,4.67,4.09,4.67,4.09,91050,119444176.0,11.89,-16.19,-0.79,0.98
2008-06-11,000039,4.06,3.83,4.06,3.75,59057,73684896.0,7.58,-6.36,-0.26,0.63
2008-06-12,000039,3.84,3.65,3.9,3.52,80279,96939568.0,9.92,-4.7,-0.18,0.86
2008-06-13,000039,3.7,3.37,3.73,3.35,52389,61908260.0,10.41,-7.67,-0.28,0.56
2008-06-16,000039,3.36,3.32,3.51,3.18,46933,53969940.0,9.79,-1.48,-0.05,0.5
2008-06-17,000039,3.32,3.01,3.4,2.99,52397,58649504.0,12.35,-9.34,-0.31,0.56
2008-06-18,000039,3.01,3.29,3.34,2.81,101887,113430696.0,17.61,9.3,0.28,1.09
2008-06-19,000039,3.29,2.75,3.34,2.75,95514,105811096.0,17.93,-16.41,-0.54,1.02
2008-06-20,000039,2.84,3.02,3.19,2.63,86319,93122120.0,20.36,9.82,0.27,0.93
2008-06-23,000039,2.97,3.06,3.17,2.85,61435,67583656.0,10.6,1.32,0.04,0.66
2008-06-24,000039,3.16,3.42,3.44,3.07,100340,114973568.0,12.09,11.76,0.36,1.08
2008-06-25,000039,3.42,4.01,4.04,3.35,161305,196785328.0,20.18,17.25,0.59,1.73
2008-06-26,000039,3.98,3.8,3.98,3.68,150110,178079584.0,7.48,-5.24,-0.21,1.61
2008-06-27,000039,3.51,3.26,3.6,3.19,105823,116984056.0,10.79,-14.21,-0.54,1.14
2008-06-30,000039,3.2,3.25,3.31,3.13,53682,57748308.0,5.52,-0.31,-0.01,0.58
2008-07-01,000039,3.09,2.99,3.24,2.96,63153,66106076.0,8.62,-8.0,-0.26,0.68
2008-07-02,000039,2.96,3.01,3.1,2.96,47228,49190636.0,4.68,0.67,0.02,0.44
2008-07-03,000039,2.94,3.19,3.27,2.81,76299,80014016.0,15.28,5.98,0.18,0.72
2008-07-04,000039,3.18,3.1,3.29,3.05,48755,52096148.0,7.52,-2.82,-0.09,0.46
2008-07-07,000039,3.13,3.45,3.51,3.13,85999,95085520.0,12.26,11.29,0.35,0.81
2008-07-08,000039,3.49,3.48,3.63,3.35,78987,88764456.0,8.12,0.87,0.03,0.74
2008-07-09,000039,3.49,3.76,3.82,3.49,112318,130212904.0,9.48,8.05,0.28,1.05
2008-07-10,000039,3.69,3.79,4.08,3.6,158387,187779728.0,12.77,0.8,0.03,1.49
2008-07-11,000039,3.76,3.66,3.83,3.56,84548,97632200.0,7.12,-3.43,-0.13,0.79
2008-07-14,000039,3.57,3.62,3.72,3.51,59342,67805584.0,5.74,-1.09,-0.04,0.56
2008-07-15,000039,3.64,3.43,3.73,3.38,75887,86037840.0,9.67,-5.25,-0.19,0.71
2008-07-16,000039,3.35,3.13,3.38,3.01,64555,69264344.0,10.79,-8.75,-0.3,0.61
2008-07-17,000039,3.21,3.09,3.33,3.08,38599,41442144.0,7.99,-1.28,-0.04,0.36
2008-07-18,000039,3.16,3.31,3.35,3.06,38815,41631688.0,9.39,7.12,0.22,0.36
2008-07-21,000039,3.29,3.53,3.57,3.24,51948,58195244.0,9.97,6.65,0.22,0.49
2008-07-22,000039,3.51,3.51,3.6,3.47,48562,55070980.0,3.68,-0.57,-0.02,0.46
2008-07-23,000039,3.55,3.45,3.61,3.45,43398,49119128.0,4.56,-1.71,-0.06,0.41
2008-07-24,000039,3.46,3.66,3.73,3.46,71304,81766432.0,7.83,6.09,0.21,0.67
2008-07-25,000039,3.57,3.55,3.64,3.51,48263,55114408.0,3.55,-3.01,-0.11,0.45
2008-07-28,000039,3.57,3.6,3.68,3.57,53386,61345556.0,3.1,1.41,0.05,0.5
2008-07-29,000039,3.55,3.36,3.55,3.29,68755,76373368.0,7.22,-6.67,-0.24,0.65
2008-07-30,000039,3.45,3.35,3.5,3.32,36298,40212484.0,5.36,-0.3,-0.01,0.34
2008-07-31,000039,3.42,3.2,3.42,3.18,37289,40500996.0,7.16,-4.48,-0.15,0.35
2008-08-01,000039,3.19,3.22,3.29,3.03,39556,42097424.0,8.13,0.63,0.02,0.37
2008-08-04,000039,3.18,3.04,3.19,3.01,30431,32111110.0,5.59,-5.59,-0.18,0.29
2008-08-05,000039,2.99,2.9,3.1,2.88,36463,37462852.0,7.24,-4.61,-0.14,0.34
2008-08-06,000039,2.99,2.92,3.01,2.88,25125,25777858.0,4.48,0.69,0.02,0.24
2008-08-07,000039,2.94,2.97,3.0,2.9,20525,21065412.0,3.42,1.71,0.05,0.19
2008-08-08,000039,2.95,2.68,2.95,2.68,50877,51022804.0,9.09,-9.76,-0.29,0.48
2008-08-11,000039,2.69,2.23,2.73,2.21,53227,49589012.0,19.4,-16.79,-0.45,0.5
2008-08-12,000039,2.24,2.29,2.34,2.17,34237,31060510.0,7.62,2.69,0.06,0.32
2008-08-13,000039,2.27,2.23,2.33,2.11,36473,32627604.0,9.61,-2.62,-0.06,0.34
2008-08-14,000039,2.25,2.28,2.32,2.19,21568,19529178.0,5.83,2.24,0.05,0.2
2008-08-15,000039,2.28,2.28,2.35,2.21,21616,19638550.0,6.14,0.0,0.0,0.2
2008-08-18,000039,2.26,1.93,2.31,1.92,32661,28618860.0,17.11,-15.35,-0.35,0.31
2008-08-19,000039,1.92,1.96,2.01,1.85,22598,19162362.0,8.29,1.55,0.03,0.21
2008-08-20,000039,2.01,2.34,2.35,1.9,61784,55360684.0,22.96,19.39,0.38,0.58
2008-08-21,000039,2.24,2.14,2.33,2.11,39511,35265540.0,9.4,-8.55,-0.2,0.37
2008-08-22,000039,2.17,2.04,2.17,1.9,34259,29394562.0,12.62,-4.67,-0.1,0.32
2008-08-25,000039,2.03,2.05,2.12,2.0,18017,15639114.0,5.88,0.49,0.01,0.17
2008-08-26,000039,2.01,1.88,2.06,1.84,29189,24621042.0,10.73,-8.29,-0.17,0.27
2008-08-27,000039,1.9,1.89,1.98,1.8,22899,19153416.0,9.57,0.53,0.01,0.21
2008-08-28,000039,1.89,1.94,2.04,1.89,22926,19532936.0,7.94,2.65,0.05,0.22
2008-08-29,000039,1.99,2.1,2.14,1.96,32743,28464810.0,9.28,8.25,0.16,0.31
2008-09-01,000039,2.07,1.99,2.07,1.96,23404,20093302.0,5.24,-5.24,-0.11,0.22
2008-09-02,000039,2.01,2.08,2.1,1.94,21733,18773242.0,8.04,4.52,0.09,0.2
2008-09-03,000039,2.02,2.1,2.13,1.99,25282,21977886.0,6.73,0.96,0.02,0.24
2008-09-04,000039,2.07,2.12,2.16,2.06,26880,23593882.0,4.76,0.95,0.02,0.25
2008-09-05,000039,2.01,1.93,2.04,1.92,32368,27599022.0,5.66,-8.96,-0.19,0.3
2008-09-08,000039,1.93,1.74,1.96,1.74,28096,23262852.0,11.4,-9.84,-0.19,0.26
2008-09-09,000039,1.78,1.81,1.85,1.74,15398,12635752.0,6.32,4.02,0.07,0.14
2008-09-10,000039,1.81,1.84,1.96,1.75,15623,13017466.0,11.6,1.66,0.03,0.15
2008-09-11,000039,1.88,1.75,1.89,1.74,23740,19401520.0,8.15,-4.89,-0.09,0.22
2008-09-12,000039,1.71,1.76,1.83,1.71,15533,12707711.0,6.86,0.57,0.01,0.15
2008-09-16,000039,1.79,1.68,1.79,1.64,35586,28535530.0,8.52,-4.55,-0.08,0.33
2008-09-17,000039,1.66,1.51,1.73,1.51,35928,28405974.0,13.1,-10.12,-0.17,0.34
2008-09-18,000039,1.46,1.3,1.46,1.14,50740,37127124.0,21.19,-13.91,-0.21,0.48
2008-09-19,000039,1.68,1.71,1.71,1.63,59862,48058764.0,6.15,31.54,0.41,0.56
2008-09-22,000039,2.1,1.93,2.16,1.78,147627,125979472.0,22.22,12.87,0.22,1.39
2008-09-23,000039,1.82,1.78,1.87,1.68,81862,66934984.0,9.84,-7.77,-0.15,0.77
2008-09-24,000039,1.71,1.76,1.81,1.61,39270,31539570.0,11.24,-1.12,-0.02,0.37
2008-09-25,000039,1.78,1.95,1.99,1.76,91486,77104600.0,13.07,10.8,0.19,0.86
2008-10-06,000039,1.79,1.73,1.84,1.69,45151,36947244.0,7.69,-11.28,-0.22,0.42
2008-10-07,000039,1.57,1.64,1.69,1.49,36520,28623694.0,11.56,-5.2,-0.09,0.34
2008-10-08,000039,1.54,1.5,1.57,1.46,32212,24832406.0,6.71,-8.54,-0.14,0.3
2008-10-09,000039,1.61,1.5,1.62,1.5,24673,19120422.0,8.0,0.0,0.0,0.23
2008-10-10,000039,1.43,1.25,1.43,1.24,35152,25698150.0,12.67,-16.67,-0.25,0.33
2008-10-13,000039,1.25,1.35,1.35,1.16,33468,24092572.0,15.2,8.0,0.1,0.31
2008-10-14,000039,1.49,1.29,1.56,1.29,36672,27702578.0,20.0,-4.44,-0.06,0.34
2008-10-15,000039,1.28,1.28,1.32,1.24,17547,12759498.0,6.2,-0.78,-0.01,0.16
2008-10-16,000039,1.2,1.07,1.2,1.07,44473,31089706.0,10.16,-16.41,-0.21,0.42
2008-10-17,000039,1.09,1.1,1.15,1.03,19836,13794752.0,11.21,2.8,0.03,0.19
2008-10-20,000039,1.13,1.19,1.21,1.05,24276,17021188.0,14.55,8.18,0.09,0.23
2008-10-21,000039,1.22,1.15,1.23,1.14,31627,22443618.0,7.56,-3.36,-0.04,0.3
2008-10-22,000039,1.14,1.07,1.15,1.06,22110,15387340.0,7.83,-6.96,-0.08,0.21
2008-10-23,000039,1.0,1.03,1.04,0.98,26083,17719486.0,5.61,-3.74,-0.04,0.24
2008-10-24,000039,1.02,0.95,1.07,0.93,28308,19043688.0,13.59,-7.77,-0.08,0.27
2008-10-27,000039,0.89,0.58,0.9,0.58,43397,27209512.0,33.68,-38.95,-0.37,0.41
2008-10-28,000039,0.56,0.71,0.75,0.51,42401,26076178.0,41.38,22.41,0.13,0.4
2008-10-29,000039,0.76,0.66,0.79,0.66,34427,21654922.0,18.31,-7.04,-0.05,0.32
2008-10-30,000039,0.67,0.7,0.76,0.65,28434,17815730.0,16.67,6.06,0.04,0.27
2008-10-31,000039,0.73,0.67,0.74,0.66,17181,10698502.0,11.43,-4.29,-0.03,0.16
2008-11-03,000039,0.67,0.69,0.73,0.66,18407,11483556.0,10.45,2.99,0.02,0.17
2008-11-04,000039,0.68,0.7,0.73,0.65,25375,15785660.0,11.59,1.45,0.01,0.24
2008-11-05,000039,0.76,0.79,0.88,0.72,48601,31101658.0,22.86,12.86,0.09,0.46
2008-11-06,000039,0.74,0.73,0.78,0.71,22836,14387608.0,8.86,-7.59,-0.06,0.21
2008-11-07,000039,0.68,0.75,0.78,0.67,25843,16266192.0,15.07,2.74,0.02,0.24
2008-11-10,000039,0.81,1.01,1.05,0.78,65643,43885868.0,36.0,34.67,0.26,0.62
2008-11-11,000039,1.02,0.91,1.02,0.9,59150,39622216.0,11.88,-9.9,-0.1,0.56
2008-11-12,000039,0.88,0.94,0.95,0.86,37492,24727954.0,9.89,3.3,0.03,0.35
2008-11-13,000039,0.91,1.1,1.13,0.88,104721,71843280.0,26.6,17.02,0.16,0.98
2008-11-14,000039,1.11,1.34,1.38,1.07,143532,102546520.0,28.18,21.82,0.24,1.35
2008-11-17,000039,1.29,1.39,1.4,1.2,135869,99300280.0,14.93,3.73,0.05,1.28
2008-11-18,000039,1.34,0.98,1.38,0.98,123802,87826352.0,28.78,-29.5,-0.41,1.16
2008-11-19,000039,0.97,1.22,1.24,0.96,77250,53854960.0,28.57,24.49,0.24,0.73
2008-11-20,000039,1.13,1.17,1.3,1.1,94198,67260272.0,16.39,-4.1,-0.05,0.88
2008-11-21,000039,1.08,1.1,1.2,0.97,82147,56709088.0,19.66,-5.98,-0.07,0.77
2008-11-24,000039,1.09,1.01,1.16,1.01,49992,34617748.0,13.64,-8.18,-0.09,0.47
2008-11-25,000039,1.09,1.01,1.12,0.96,30828,20993736.0,15.84,0.0,0.0,0.29
2008-11-26,000039,1.01,1.03,1.09,0.99,28131,19257554.0,9.9,1.98,0.02,0.26
2008-11-27,000039,1.29,1.07,1.33,1.07,75071,53354712.0,25.24,3.88,0.04,0.7
2008-11-28,000039,1.07,0.98,1.09,0.95,34346,23348242.0,13.08,-8.41,-0.09,0.32
2008-12-01,000039,0.99,1.03,1.03,0.9,37196,25073690.0,13.27,5.1,0.05,0.35
2008-12-02,000039,0.94,1.08,1.08,0.91,68351,46624560.0,16.5,4.85,0.05,0.64
2008-12-03,000039,1.11,1.32,1.37,1.08,206324,148487952.0,26.85,22.22,0.24,1.94
2008-12-04,000039,1.34,1.31,1.49,1.3,238466,178083072.0,14.39,-0.76,-0.01,2.24
2008-12-08,000039,1.24,1.5,1.55,1.24,380287,285126272.0,23.66,14.5,0.19,3.57
2008-12-09,000039,1.47,1.35,1.48,1.33,203385,152364304.0,10.0,-10.0,-0.15,1.91
2008-12-10,000039,1.34,1.36,1.38,1.24,146352,107440616.0,10.37,0.74,0.01,1.37
2008-12-11,000039,1.32,1.24,1.43,1.24,162951,120310736.0,13.97,-8.82,-0.12,1.53
2008-12-12,000039,1.2,0.95,1.23,0.93,173660,119008304.0,24.19,-23.39,-0.29,1.63
2008-12-15,000039,0.99,0.93,1.01,0.88,91279,60985100.0,13.68,-2.11,-0.02,0.86
2008-12-16,000039,0.91,1.08,1.12,0.79,100596,66313072.0,35.48,16.13,0.15,0.94
2008-12-17,000039,1.04,1.03,1.1,1.0,117111,80133888.0,9.26,-4.63,-0.05,1.1
2008-12-18,000039,1.01,1.04,1.05,0.91,104069,70182592.0,13.59,0.97,0.01,0.98
2008-12-19,000039,1.05,1.11,1.15,1.03,152107,105747456.0,11.54,6.73,0.07,1.43
2008-12-22,000039,1.12,1.05,1.14,0.98,86449,59308548.0,14.41,-5.41,-0.06,0.81
2008-12-23,000039,1.06,0.85,1.06,0.85,87714,58258628.0,20.0,-19.05,-0.2,0.82
2008-12-24,000039,0.79,0.94,1.01,0.78,73865,47971492.0,27.06,10.59,0.09,0.69
2008-12-25,000039,0.93,0.91,0.94,0.84,52466,34555260.0,10.64,-3.19,-0.03,0.49
2008-12-26,000039,0.91,0.81,1.01,0.81,77354,51012652.0,21.98,-10.99,-0.1,0.73
2008-12-29,000039,0.79,0.71,0.8,0.66,80093,50037196.0,17.28,-12.35,-0.1,0.75
2008-12-30,000039,0.73,0.68,0.75,0.66,38156,23764030.0,12.68,-4.23,-0.03,0.36
2008-12-31,000039,0.68,0.68,0.71,0.66,36646,22726416.0,7.35,0.0,0.0,0.34
2009-01-05,000039,0.73,0.76,0.78,0.7,48176,30376006.0,11.76,11.76,0.08,0.45
2009-01-06,000039,0.78,0.87,0.89,0.74,74545,48109220.0,19.74,14.47,0.11,0.7
2009-01-07,000039,0.88,0.85,0.9,0.81,65396,42552724.0,10.34,-2.3,-0.02,0.61
2009-01-08,000039,0.79,0.71,0.8,0.69,57410,36237112.0,12.94,-16.47,-0.14,0.54
2009-01-09,000039,0.73,0.8,0.8,0.72,60201,38197504.0,11.27,12.68,0.09,0.57
2009-01-12,000039,0.77,0.84,0.88,0.71,81540,52768848.0,21.25,5.0,0.04,0.77
2009-01-13,000039,0.81,0.8,0.83,0.78,48985,31398752.0,5.95,-4.76,-0.04,0.46
2009-01-14,000039,0.81,1.0,1.1,0.79,112438,74012104.0,38.75,25.0,0.2,1.06
2009-01-15,000039,0.93,0.94,1.0,0.9,155945,104156984.0,10.0,-6.0,-0.06,1.46
2009-01-16,000039,0.96,0.99,1.06,0.94,143147,97358016.0,12.77,5.32,0.05,1.34
2009-01-19,000039,1.06,1.02,1.12,0.98,149839,103209912.0,14.14,3.03,0.03,1.41
2009-01-20,000039,1.01,1.03,1.04,0.95,80840,54761132.0,8.82,0.98,0.01,0.76
2009-01-21,000039,0.96,0.98,1.03,0.94,69996,47154068.0,8.74,-4.85,-0.05,0.66
2009-01-22,000039,1.0,1.11,1.14,0.99,142003,97864088.0,15.31,13.27,0.13,1.33
2009-01-23,000039,1.05,1.03,1.11,1.02,106409,73216680.0,8.11,-7.21,-0.08,1.0
2009-02-02,000039,1.06,1.08,1.1,1.0,111262,76343968.0,9.71,4.85,0.05,1.04
2009-02-03,000039,1.08,1.26,1.26,1.07,218300,155460880.0,17.59,16.67,0.18,2.05
2009-02-04,000039,1.25,1.33,1.33,1.24,213777,155802224.0,7.14,5.56,0.07,2.01
2009-02-05,000039,1.34,1.25,1.41,1.22,272175,200950960.0,14.29,-6.02,-0.08,2.55
2009-02-06,000039,1.26,1.51,1.55,1.26,368883,278629984.0,23.2,20.8,0.26,3.46
2009-02-09,000039,1.58,1.63,1.66,1.53,397933,312288704.0,8.61,7.95,0.12,3.74
2009-02-10,000039,1.6,1.85,1.87,1.54,373849,299183456.0,20.25,13.5,0.22,3.51
2009-02-11,000039,1.76,1.76,1.94,1.68,397885,327139744.0,14.05,-4.86,-0.09,3.73
2009-02-12,000039,1.82,1.69,1.88,1.55,351087,282660768.0,18.75,-3.98,-0.07,3.3
2009-02-13,000039,1.66,1.88,1.89,1.63,397104,323913248.0,15.38,11.24,0.19,3.73
2009-02-16,000039,1.95,1.96,2.0,1.79,426391,357330496.0,11.17,4.26,0.08,4.0
2009-02-17,000039,1.99,1.78,2.0,1.76,340742,284293152.0,12.24,-9.18,-0.18,3.2
2009-02-18,000039,1.65,1.48,1.74,1.47,281391,221064416.0,15.17,-16.85,-0.3,2.64
2009-02-19,000039,1.51,1.53,1.59,1.43,165430,127212328.0,10.81,3.38,0.05,1.55
2009-02-20,000039,1.51,1.6,1.62,1.45,153868,119225432.0,11.11,4.58,0.07,1.44
2009-02-23,000039,1.56,1.75,1.78,1.51,231182,184269984.0,16.88,9.38,0.15,2.17
2009-02-24,000039,1.68,1.49,1.73,1.48,268202,210981328.0,14.29,-14.86,-0.26,2.52
2009-02-25,000039,1.56,1.53,1.6,1.4,172216,132473640.0,13.42,2.68,0.04,1.62
2009-02-26,000039,1.54,1.55,1.8,1.44,332582,265684160.0,23.53,1.31,0.02,3.12
2009-02-27,000039,1.49,1.28,1.54,1.23,188900,138979392.0,20.0,-17.42,-0.27,1.77
2009-03-02,000039,1.26,1.29,1.33,1.22,99224,72303168.0,8.59,0.78,0.01,0.93
2009-03-03,000039,1.18,1.21,1.26,1.13,89536,63868080.0,10.08,-6.2,-0.08,0.84
2009-03-04,000039,1.23,1.42,1.45,1.22,155578,115148800.0,19.01,17.36,0.21,1.46
2009-03-05,000039,1.43,1.46,1.51,1.34,190254,143955184.0,11.97,2.82,0.04,1.79
2009-03-06,000039,1.36,1.59,1.68,1.34,224992,173595056.0,23.29,8.9,0.13,2.11
2009-03-09,000039,1.59,1.34,1.65,1.34,177793,136197680.0,19.5,-15.72,-0.25,1.67
2009-03-10,000039,1.31,1.51,1.55,1.25,134384,100943728.0,22.39,12.69,0.17,1.26
2009-03-11,000039,1.6,1.43,1.61,1.4,135994,104329496.0,13.91,-5.3,-0.08,1.28
2009-03-12,000039,1.41,1.4,1.44,1.29,86099,63816032.0,10.49,-2.1,-0.03,0.81
2009-03-13,000039,1.45,1.34,1.46,1.33,70692,52898124.0,9.29,-4.29,-0.06,0.66
2009-03-16,000039,1.33,1.37,1.4,1.29,65348,48370964.0,8.21,2.24,0.03,0.61
2009-03-17,000039,1.38,1.51,1.54,1.34,152332,115946176.0,14.6,10.22,0.14,1.43
2009-03-18,000039,1.55,1.55,1.66,1.54,182665,143509440.0,7.95,2.65,0.04,1.71
2009-03-19,000039,1.58,1.76,1.79,1.57,299632,242543632.0,14.19,13.55,0.21,2.81
2009-03-20,000039,1.77,1.7,1.78,1.63,193701,155239312.0,8.52,-3.41,-0.06,1.82
2009-03-23,000039,1.75,1.78,1.85,1.73,237494,194647296.0,7.06,4.71,0.08,2.23
2009-03-24,000039,1.88,1.77,1.9,1.71,230791,189387888.0,10.67,-0.56,-0.01,2.17
2009-03-25,000039,1.74,1.6,1.76,1.6,163962,131376920.0,9.04,-9.6,-0.17,1.54
2009-03-26,000039,1.61,1.76,1.78,1.61,191539,154434880.0,10.63,10.0,0.16,1.8
2009-03-27,000039,1.79,1.8,1.88,1.75,279504,230822160.0,7.39,2.27,0.04,2.62
2009-03-30,000039,1.84,1.87,1.91,1.79,219574,182984256.0,6.67,3.89,0.07,2.06
2009-03-31,000039,1.78,1.9,1.91,1.74,212016,174902560.0,9.09,1.6,0.03,1.99
2009-04-01,000039,1.93,1.92,1.96,1.87,247035,208099920.0,4.74,1.05,0.02,2.32
2009-04-02,000039,1.91,2.06,2.29,1.91,473148,417056928.0,19.79,7.29,0.14,4.44
2009-04-03,000039,2.13,2.31,2.43,2.09,646013,586429888.0,16.5,12.14,0.25,6.06
2009-04-07,000039,2.3,2.24,2.4,2.17,303813,275254272.0,9.96,-3.03,-0.07,2.85
2009-04-08,000039,2.22,2.07,2.23,2.05,289680,254851024.0,8.04,-7.59,-0.17,2.72
2009-04-09,000039,2.05,2.1,2.13,1.98,139172,120578128.0,7.25,1.45,0.03,1.31
2009-04-10,000039,2.13,2.2,2.26,2.06,197791,176131568.0,9.52,4.76,0.1,1.86
2009-04-13,000039,2.23,2.31,2.51,2.2,311178,287391264.0,14.09,5.0,0.11,2.92
2009-04-14,000039,2.34,2.28,2.43,2.24,167083,152541552.0,8.23,-1.3,-0.03,1.57
2009-04-15,000039,2.26,2.21,2.27,2.07,235333,208581648.0,8.77,-3.07,-0.07,2.21
2009-04-16,000039,2.19,2.21,2.26,2.11,160867,144067136.0,6.79,0.0,0.0,1.51
2009-04-17,000039,2.21,2.09,2.21,2.07,156304,137169840.0,6.33,-5.43,-0.12,1.47
2009-04-21,000039,2.16,2.13,2.24,2.03,263031,231550080.0,10.05,1.91,0.04,2.47
2009-04-22,000039,2.15,1.98,2.22,1.96,257834,226217456.0,12.21,-7.04,-0.15,2.42
2009-04-23,000039,1.93,1.93,1.98,1.85,168079,141090720.0,6.57,-2.53,-0.05,1.58
2009-04-24,000039,1.93,1.88,1.99,1.88,138218,116468136.0,5.7,-2.59,-0.05,1.3
2009-04-27,000039,1.86,1.78,1.91,1.73,142009,116821384.0,9.57,-5.32,-0.1,1.33
2009-04-28,000039,1.76,1.86,1.9,1.74,140820,116895552.0,8.99,4.49,0.08,1.32
2009-04-29,000039,1.88,1.94,1.98,1.84,167211,140673408.0,7.53,4.3,0.08,1.57
2009-04-30,000039,1.95,1.93,1.97,1.9,130685,110508472.0,3.61,-0.52,-0.01,1.23
2009-05-04,000039,1.93,2.08,2.1,1.92,153456,132243240.0,9.33,7.77,0.15,1.44
2009-05-05,000039,2.15,2.09,2.18,2.04,161587,141743856.0,6.73,0.48,0.01,1.52
2009-05-06,000039,2.1,2.15,2.2,2.06,214955,189754368.0,6.7,2.87,0.06,2.02
2009-05-07,000039,2.2,2.1,2.24,2.03,195896,172639056.0,9.77,-2.33,-0.05,1.84
2009-05-08,000039,2.08,2.2,2.22,2.04,252089,222711024.0,8.57,4.76,0.1,2.37
2009-05-11,000039,2.24,2.08,2.33,2.08,309594,278711744.0,11.36,-5.45,-0.12,2.91
2009-05-12,000039,2.02,2.16,2.16,2.0,166409,145546288.0,7.69,3.85,0.08,1.56
2009-05-13,000039,2.19,2.3,2.33,2.16,287947,260893456.0,7.87,6.48,0.14,2.7
2009-05-14,000039,2.29,2.24,2.29,2.19,195318,176055024.0,4.35,-2.61,-0.06,1.83
2009-05-15,000039,2.26,2.29,2.39,2.25,213684,195430464.0,6.25,2.23,0.05,2.01
2009-05-18,000039,2.33,2.35,2.39,2.26,239961,219474720.0,5.68,2.62,0.06,2.25
2009-05-19,000039,2.4,2.3,2.4,2.29,190005,174064464.0,4.68,-2.13,-0.05,1.78
2009-05-20,000039,2.31,2.17,2.31,2.17,237937,213303808.0,6.09,-5.65,-0.13,2.23
2009-05-21,000039,2.15,2.09,2.21,2.06,161371,141696656.0,6.91,-3.69,-0.08,1.51
2009-05-22,000039,2.06,2.07,2.13,2.04,117229,102189992.0,4.31,-0.96,-0.02,1.1
2009-05-25,000039,2.0,2.09,2.11,1.93,142284,122635168.0,8.7,0.97,0.02,1.34
2009-05-26,000039,2.08,2.04,2.13,2.03,145113,126582560.0,4.78,-2.39,-0.05,1.36
2009-05-27,000039,2.09,2.21,2.24,2.08,199205,176794992.0,7.84,8.33,0.17,1.87
2009-06-01,000039,2.24,2.3,2.33,2.24,216130,196863200.0,4.07,4.07,0.09,2.03
2009-06-02,000039,2.39,2.29,2.41,2.28,243538,223779392.0,5.65,-0.43,-0.01,2.29
2009-06-03,000039,2.3,2.8,2.8,2.27,711166,691816256.0,23.14,22.27,0.51,6.68
2009-06-04,000039,2.82,2.85,2.89,2.7,629456,629606272.0,6.79,1.79,0.05,5.91
2009-06-05,000039,2.88,2.68,2.89,2.66,325700,323470912.0,8.07,-5.96,-0.17,3.06
2009-06-08,000039,2.68,2.6,2.73,2.55,236261,229080000.0,6.72,-2.99,-0.08,2.22
2009-06-09,000039,2.6,2.69,2.7,2.46,211984,203837104.0,9.23,3.46,0.09,1.99
2009-06-10,000039,2.68,2.73,2.77,2.62,229916,225915392.0,5.58,1.49,0.04,2.16
2009-06-11,000039,2.73,2.59,2.73,2.54,190284,184494608.0,6.96,-5.13,-0.14,1.79
2009-06-12,000039,2.6,2.45,2.64,2.4,196841,184366064.0,9.27,-5.41,-0.14,1.85
2009-06-15,000039,2.45,2.54,2.56,2.42,139763,130159056.0,5.71,3.67,0.09,1.14
2009-06-16,000039,2.49,2.49,2.54,2.46,99728,92929312.0,3.15,-1.97,-0.05,0.81
2009-06-17,000039,2.49,2.76,2.79,2.48,350443,338579104.0,12.45,10.84,0.27,2.85
2009-06-18,000039,2.75,2.75,2.8,2.68,214232,208489968.0,4.35,-0.36,-0.01,1.74
2009-06-19,000039,2.75,2.84,2.93,2.71,333550,330744000.0,8.0,3.27,0.09,2.71
2009-06-23,000039,2.7,2.7,2.79,2.6,263882,255441696.0,6.69,-4.93,-0.14,2.14
2009-06-24,000039,2.7,2.75,2.81,2.65,207512,202169104.0,5.93,1.85,0.05,1.69
2009-06-25,000039,2.77,2.69,2.84,2.65,189397,185131696.0,6.91,-2.18,-0.06,1.54
2009-06-26,000039,2.71,2.7,2.73,2.63,125461,121048768.0,3.72,0.37,0.01,1.02
2009-06-29,000039,2.71,2.78,2.81,2.65,197668,193738352.0,5.93,2.96,0.08,1.61
2009-06-30,000039,2.8,2.78,2.97,2.76,267752,267087424.0,7.55,0.0,0.0,2.17
2009-07-01,000039,2.79,2.85,2.86,2.73,208386,206194224.0,4.68,2.52,0.07,1.69
2009-07-02,000039,2.88,2.91,2.93,2.79,288516,288028032.0,4.91,2.11,0.06,2.34
2009-07-03,000039,2.88,3.07,3.15,2.83,349408,358590048.0,11.0,5.5,0.16,2.84
2009-07-06,000039,3.15,3.19,3.26,3.0,342640,358834176.0,8.47,3.91,0.12,2.78
2009-07-07,000039,3.18,3.01,3.18,3.0,303128,313810592.0,5.64,-5.64,-0.18,2.46
2009-07-08,000039,2.99,3.09,3.1,2.93,256991,263703952.0,5.65,2.66,0.08,2.09
2009-07-09,000039,3.09,3.14,3.18,3.05,203138,212010448.0,4.21,1.62,0.05,1.65
2009-07-10,000039,3.15,3.31,3.4,3.13,312444,334370976.0,8.6,5.41,0.17,2.54
2009-07-13,000039,3.26,3.42,3.51,3.24,325164,355098112.0,8.16,3.32,0.11,2.64
2009-07-14,000039,3.41,3.44,3.48,3.35,226316,248037632.0,3.8,0.58,0.02,1.84
2009-07-15,000039,3.45,3.57,3.75,3.43,336864,381202880.0,9.3,3.78,0.13,2.74
2009-07-16,000039,3.8,3.56,3.9,3.48,390075,447735296.0,11.76,-0.28,-0.01,3.17
2009-07-17,000039,3.49,3.46,3.59,3.35,336253,370168032.0,6.74,-2.81,-0.1,2.73
2009-07-20,000039,3.47,3.68,3.76,3.43,302184,343614752.0,9.54,6.36,0.22,2.45
2009-07-21,000039,3.69,3.45,3.76,3.43,336059,378693888.0,8.97,-6.25,-0.23,2.73
2009-07-22,000039,3.45,3.49,3.57,3.45,207429,230483376.0,3.48,1.16,0.04,1.68
2009-07-23,000039,3.49,3.58,3.63,3.45,198868,223002704.0,5.16,2.58,0.09,1.62
2009-07-24,000039,3.63,3.53,3.7,3.41,247001,277366240.0,8.1,-1.4,-0.05,2.01
2009-07-27,000039,3.55,3.8,3.82,3.46,406043,462794144.0,10.2,7.65,0.27,3.3
2009-07-28,000039,3.82,4.21,4.26,3.73,615150,741745472.0,13.95,10.79,0.41,5.0
2009-07-29,000039,4.15,3.69,4.26,3.53,452945,537519360.0,17.34,-12.35,-0.52,3.68
2009-07-30,000039,3.71,4.01,4.11,3.71,425207,503479936.0,10.84,8.67,0.32,3.45
2009-07-31,000039,4.04,4.38,4.53,3.99,511475,641448192.0,13.47,9.23,0.37,4.15
2009-08-03,000039,4.42,5.04,5.08,4.27,745195,1003691712.0,18.49,15.07,0.66,6.05
2009-08-04,000039,5.04,5.0,5.25,4.86,444679,616402432.0,7.74,-0.79,-0.04,3.61
2009-08-05,000039,4.99,4.8,5.04,4.6,388665,522932480.0,8.8,-4.0,-0.2,3.16
2009-08-06,000039,4.71,4.49,4.74,4.38,316513,410695104.0,7.5,-6.46,-0.31,2.57
2009-08-07,000039,4.49,4.08,4.62,4.05,369088,465064032.0,12.69,-9.13,-0.41,3.0
2009-08-10,000039,4.22,4.26,4.31,4.09,262252,324907872.0,5.39,4.41,0.18,2.13
2009-08-11,000039,4.32,4.15,4.38,4.14,204166,254740800.0,5.63,-2.58,-0.11,1.66
2009-08-12,000039,4.16,3.73,4.18,3.71,282338,333097440.0,11.33,-10.12,-0.42,2.29
2009-08-13,000039,3.73,3.84,3.86,3.61,186797,217195984.0,6.7,2.95,0.11,1.52
2009-08-14,000039,3.84,3.54,3.85,3.46,306223,346837408.0,10.16,-7.81,-0.3,2.49
2009-08-17,000039,3.43,3.04,3.51,2.99,247816,265513872.0,14.69,-14.12,-0.5,2.01
2009-08-18,000039,3.01,3.26,3.29,2.98,203467,213764464.0,10.2,7.24,0.22,1.65
2009-08-19,000039,3.26,2.91,3.34,2.81,208017,216214608.0,16.26,-10.74,-0.35,1.69
2009-08-20,000039,2.93,3.13,3.15,2.9,222139,228702976.0,8.59,7.56,0.22,1.8
2009-08-21,000039,3.09,3.31,3.34,3.04,237669,253443040.0,9.58,5.75,0.18,1.93
2009-08-24,000039,3.32,3.35,3.39,3.22,186890,201488672.0,5.14,1.21,0.04,1.52
2009-08-25,000039,3.32,3.1,3.32,2.96,188927,196363600.0,10.75,-7.46,-0.25,1.53
2009-08-26,000039,3.1,3.35,3.49,3.07,188889,203996096.0,13.55,8.06,0.25,1.53
2009-08-27,000039,3.33,3.51,3.59,3.23,258026,285615488.0,10.75,4.78,0.16,2.1
2009-08-28,000039,3.52,3.31,3.53,3.24,152696,165358336.0,8.26,-5.7,-0.2,1.24
2009-08-31,000039,3.2,2.85,3.21,2.84,179372,182265536.0,11.18,-13.9,-0.46,1.46
2009-09-01,000039,2.83,2.86,2.94,2.6,172221,169633280.0,11.93,0.35,0.01,1.4
2009-09-02,000039,2.82,2.78,2.88,2.66,125711,123621552.0,7.69,-2.8,-0.08,1.02
2009-09-03,000039,2.77,3.05,3.1,2.76,152292,154533264.0,12.23,9.71,0.27,1.24
2009-09-04,000039,3.07,3.06,3.13,2.98,131266,135350400.0,4.92,0.33,0.01,1.07
2009-09-07,000039,3.12,3.07,3.19,3.04,168216,175403696.0,4.9,0.33,0.01,1.37
2009-09-08,000039,3.04,3.28,3.31,2.93,201285,212069216.0,12.38,6.84,0.21,1.63
2009-09-09,000039,3.26,3.43,3.47,3.15,214594,230827696.0,9.76,4.57,0.15,1.74
2009-09-10,000039,3.43,3.26,3.43,3.25,144464,156337440.0,5.25,-4.96,-0.17,1.17
2009-09-11,000039,3.25,3.31,3.39,3.23,119184,128901784.0,4.91,1.53,0.05,0.97
2009-09-14,000039,3.34,3.5,3.54,3.24,213970,234417056.0,9.06,5.74,0.19,1.74
2009-09-15,000039,3.51,3.46,3.54,3.37,194520,215231008.0,4.86,-1.14,-0.04,1.58
2009-09-16,000039,3.43,3.33,3.44,3.25,179317,194239392.0,5.49,-3.76,-0.13,1.46
2009-09-17,000039,3.43,3.71,3.74,3.43,349403,395838336.0,9.31,11.41,0.38,2.84
2009-09-18,000039,3.69,3.43,3.7,3.38,269309,302716864.0,8.63,-7.55,-0.28,2.19
2009-09-21,000039,3.35,3.53,3.54,3.19,173858,189485344.0,10.2,2.92,0.1,1.41
2009-09-22,000039,3.53,3.3,3.55,3.29,129996,142823488.0,7.37,-6.52,-0.23,1.06
2009-09-23,000039,3.29,3.09,3.38,3.05,125035,132118904.0,10.0,-6.36,-0.21,1.02
2009-09-24,000039,3.04,3.04,3.17,2.93,98176,101119000.0,7.77,-1.62,-0.05,0.8
2009-09-25,000039,3.05,3.06,3.14,3.0,63974,66225660.0,4.61,0.66,0.02,0.52
2009-09-28,000039,3.06,2.9,3.13,2.88,64547,66114952.0,8.17,-5.23,-0.16,0.52
2009-09-29,000039,2.85,2.82,2.93,2.66,94060,92633376.0,9.31,-2.76,-0.08,0.76
2009-09-30,000039,2.85,2.78,2.9,2.75,105755,104704728.0,5.32,-1.42,-0.04,0.86
2009-10-09,000039,2.88,3.13,3.15,2.88,115814,118865680.0,9.71,12.59,0.35,0.94
2009-10-12,000039,3.08,3.07,3.14,3.03,93127,96496888.0,3.51,-1.92,-0.06,0.76
2009-10-13,000039,3.06,3.11,3.11,3.01,75174,77782552.0,3.26,1.3,0.04,0.61
2009-10-14,000039,3.13,3.18,3.29,3.08,121965,129158648.0,6.75,2.25,0.07,0.99
2009-10-15,000039,3.24,3.18,3.31,3.14,96967,102819664.0,5.35,0.0,0.0,0.79
2009-10-16,000039,3.19,3.09,3.21,2.96,112032,115803848.0,7.86,-2.83,-0.09,0.91
2009-10-19,000039,3.08,3.24,3.26,3.05,114397,120701040.0,6.8,4.85,0.15,0.93
2009-10-20,000039,3.3,3.34,3.38,3.27,150320,162621056.0,3.4,3.09,0.1,1.22
2009-10-21,000039,3.39,3.39,3.52,3.36,234765,259434080.0,4.79,1.5,0.05,1.91
2009-10-22,000039,3.38,3.32,3.41,3.28,117709,127504576.0,3.83,-2.06,-0.07,0.96
2009-10-23,000039,3.32,3.45,3.51,3.32,188909,208371936.0,5.72,3.92,0.13,1.53
2009-10-26,000039,3.45,3.46,3.57,3.42,128618,142632720.0,4.35,0.29,0.01,1.04
2009-10-27,000039,3.44,3.19,3.44,3.17,127501,136845936.0,7.8,-7.8,-0.27,1.04
2009-10-28,000039,3.13,3.22,3.24,3.08,97142,102083584.0,5.02,0.94,0.03,0.79
2009-10-29,000039,3.13,3.0,3.15,2.99,106102,109427840.0,4.97,-6.83,-0.22,0.86
2009-10-30,000039,3.1,3.04,3.14,3.04,76425,79388064.0,3.33,1.33,0.04,0.62
2009-11-02,000039,2.98,3.21,3.23,2.9,148027,153924400.0,10.86,5.59,0.17,1.2
2009-11-03,000039,3.36,3.38,3.48,3.32,228188,249748512.0,4.98,5.3,0.17,1.85
2009-11-04,000039,3.35,3.41,3.51,3.33,152587,167588816.0,5.33,0.89,0.03,1.24
2009-11-05,000039,3.41,3.51,3.51,3.38,180139,199325648.0,3.81,2.93,0.1,1.46
2009-11-06,000039,3.6,3.53,3.64,3.5,253374,284962048.0,3.99,0.57,0.02,2.06
2009-11-09,000039,3.55,3.7,3.71,3.52,232372,262529024.0,5.38,4.82,0.17,1.89
2009-11-10,000039,3.76,3.74,3.9,3.71,320188,373069312.0,5.14,1.08,0.04,2.6
2009-11-11,000039,3.71,3.65,3.79,3.6,156990,180004448.0,5.08,-2.41,-0.09,1.28
2009-11-12,000039,3.79,3.98,4.2,3.77,558930,670166336.0,11.78,9.04,0.33,4.54
2009-11-13,000039,3.96,4.35,4.47,3.94,550470,681298240.0,13.32,9.3,0.37,4.47
2009-11-16,000039,4.35,4.43,4.59,4.26,403858,515691040.0,7.59,1.84,0.08,3.28
2009-11-17,000039,4.42,4.35,4.45,4.2,280445,353466880.0,5.64,-1.81,-0.08,2.28
2009-11-18,000039,4.34,4.25,4.4,4.21,229265,287647200.0,4.37,-2.3,-0.1,1.86
2009-11-19,000039,4.3,4.45,4.5,4.25,251716,319673280.0,5.88,4.71,0.2,2.04
2009-11-20,000039,4.45,4.38,4.51,4.29,212918,271283872.0,4.94,-1.57,-0.07,1.73
2009-11-23,000039,4.38,4.49,4.54,4.31,182566,233933152.0,5.25,2.51,0.11,1.48
2009-11-24,000039,4.58,4.16,4.78,4.1,389962,506036960.0,15.14,-7.35,-0.33,3.17
2009-11-25,000039,4.15,4.33,4.34,4.04,239226,296325504.0,7.21,4.09,0.17,1.94
2009-11-26,000039,4.29,4.1,4.54,4.04,271947,341666368.0,11.55,-5.31,-0.23,2.21
2009-11-27,000039,3.99,3.69,4.11,3.65,235763,277514144.0,11.22,-10.0,-0.41,1.91
2009-11-30,000039,3.73,3.91,3.95,3.73,147095,173216304.0,5.96,5.96,0.22,1.19
2009-12-01,000039,3.92,4.08,4.09,3.85,161613,193206432.0,6.14,4.35,0.17,1.31
2009-12-02,000039,4.04,4.18,4.26,4.04,179173,220734544.0,5.39,2.45,0.1,1.46
2009-12-03,000039,4.18,4.1,4.21,4.0,148124,180279968.0,5.02,-1.91,-0.08,1.2
2009-12-04,000039,4.09,4.08,4.15,3.88,190991,230406192.0,6.59,-0.49,-0.02,1.55
2009-12-07,000039,4.06,4.2,4.21,4.03,181177,221903984.0,4.41,2.94,0.12,1.47
2009-12-08,000039,4.21,4.13,4.21,4.05,133695,163491824.0,3.81,-1.67,-0.07,1.09
2009-12-09,000039,4.05,3.97,4.09,3.94,120762,145382736.0,3.63,-3.87,-0.16,0.98
2009-12-10,000039,4.0,4.03,4.07,3.95,77341,93023992.0,3.02,1.51,0.06,0.63
2009-12-11,000039,4.07,4.11,4.21,4.02,157117,192860560.0,4.71,1.99,0.08,1.28
2009-12-14,000039,4.25,4.57,4.65,4.17,496298,628990400.0,11.68,11.19,0.46,4.03
2009-12-15,000039,4.49,4.54,4.71,4.48,360771,473456224.0,5.03,-0.66,-0.03,2.93
2009-12-17,000039,4.54,4.21,4.54,4.18,202359,255226096.0,7.93,-7.27,-0.33,1.64
2009-12-18,000039,4.14,3.95,4.15,3.92,134565,162795392.0,5.46,-6.18,-0.26,1.09
2009-12-21,000039,3.93,4.01,4.06,3.84,98143,116730896.0,5.57,1.52,0.06,0.8
2009-12-22,000039,4.06,3.73,4.06,3.73,87602,103104656.0,8.23,-6.98,-0.28,0.71
2009-12-23,000039,3.75,3.82,3.85,3.6,78445,90548648.0,6.7,2.41,0.09,0.64
2009-12-24,000039,3.85,4.13,4.18,3.77,135529,163492464.0,10.73,8.12,0.31,1.1
2009-12-25,000039,4.11,4.26,4.4,4.1,217807,272714912.0,7.26,3.15,0.13,1.77
2009-12-28,000039,4.26,4.28,4.34,4.2,108817,136307264.0,3.29,0.47,0.02,0.88
2009-12-29,000039,4.29,4.27,4.32,4.12,80235,99556248.0,4.67,-0.23,-0.01,0.65
2009-12-30,000039,4.46,4.65,4.9,4.46,446660,593719232.0,10.3,8.9,0.38,3.63
2009-12-31,000039,4.6,4.6,4.7,4.49,170650,223239232.0,4.52,-1.08,-0.05,1.39
2010-01-04,000039,4.68,4.59,4.74,4.59,125737,165895408.0,3.26,-0.22,-0.01,1.02
2010-01-05,000039,4.59,4.69,4.76,4.42,182579,239394048.0,7.41,2.18,0.1,1.48
2010-01-06,000039,4.72,4.83,5.01,4.72,286727,391867456.0,6.18,2.99,0.14,2.33
2010-01-07,000039,4.85,4.71,4.96,4.65,306058,413000192.0,6.42,-2.48,-0.12,2.49
2010-01-08,000039,4.65,4.72,4.76,4.55,136622,180206480.0,4.46,0.21,0.01,1.11
2010-01-11,000039,4.99,5.09,5.28,4.82,412804,577230080.0,9.75,7.84,0.37,3.35
2010-01-12,000039,5.09,5.65,5.74,5.09,565121,835722048.0,12.77,11.0,0.56,4.59
2010-01-13,000039,5.38,5.43,5.69,5.3,366147,539195264.0,6.9,-3.89,-0.22,2.97
2010-01-14,000039,5.43,5.59,5.8,5.43,273944,411277056.0,6.81,2.95,0.16,2.22
2010-01-15,000039,5.61,5.61,5.65,5.42,204605,302497984.0,4.11,0.36,0.02,1.66
2010-01-18,000039,5.6,5.8,5.84,5.54,198632,301354432.0,5.35,3.39,0.19,1.61
2010-01-19,000039,5.8,5.58,5.8,5.49,172943,257834592.0,5.34,-3.79,-0.22,1.4
2010-01-20,000039,5.54,5.15,5.57,5.03,339780,486387200.0,9.68,-7.71,-0.43,2.76
2010-01-21,000039,5.15,5.19,5.27,4.96,145858,205053392.0,6.02,0.78,0.04,1.18
2010-01-22,000039,5.08,5.13,5.31,4.9,180592,253880880.0,7.9,-1.16,-0.06,1.47
2010-01-25,000039,5.15,5.17,5.41,5.13,170547,244732592.0,5.46,0.78,0.04,1.39
2010-01-26,000039,5.17,4.76,5.25,4.76,148391,203149712.0,9.48,-7.93,-0.41,1.21
2010-01-27,000039,4.71,4.69,4.87,4.59,106545,141907936.0,5.88,-1.47,-0.07,0.87
2010-01-28,000039,4.72,4.82,4.9,4.64,88542,119194928.0,5.54,2.77,0.13,0.72
2010-01-29,000039,4.76,4.93,5.04,4.66,123057,168915424.0,7.88,2.28,0.11,1.0
2010-02-01,000039,4.93,4.76,4.95,4.65,73311,98284304.0,6.09,-3.45,-0.17,0.6
2010-02-02,000039,4.83,5.13,5.18,4.82,202569,283312416.0,7.56,7.77,0.37,1.65
2010-02-03,000039,5.16,5.26,5.31,4.97,202004,284974272.0,6.63,2.53,0.13,1.64
2010-02-04,000039,5.26,5.2,5.35,5.17,111463,159260688.0,3.42,-1.14,-0.06,0.91
2010-02-05,000039,4.99,4.88,5.01,4.82,131465,179495632.0,3.65,-6.15,-0.32,1.07
2010-02-08,000039,4.82,4.78,4.92,4.68,72281,96924416.0,4.92,-2.05,-0.1,0.59
2010-02-09,000039,4.75,4.83,4.94,4.73,51932,70178912.0,4.39,1.05,0.05,0.42
2010-02-10,000039,4.88,5.05,5.08,4.84,68223,93992496.0,4.97,4.55,0.22,0.55
2010-02-11,000039,5.02,4.94,5.07,4.93,48388,66917732.0,2.77,-2.18,-0.11,0.39
2010-02-12,000039,4.88,5.04,5.06,4.88,34539,47844660.0,3.64,2.02,0.1,0.28
2010-02-22,000039,5.04,5.15,5.28,4.95,79741,112689800.0,6.55,2.18,0.11,0.65
2010-02-23,000039,5.17,5.19,5.24,4.99,69413,97454760.0,4.85,0.78,0.04,0.56
2010-02-24,000039,5.17,5.38,5.39,5.1,107468,154832592.0,5.59,3.66,0.19,0.87
2010-02-25,000039,5.43,5.58,5.6,5.42,168883,249657616.0,3.35,3.72,0.2,1.37
2010-02-26,000039,5.56,5.63,5.69,5.43,144473,215385328.0,4.66,0.9,0.05,1.17
2010-03-01,000039,5.61,5.59,5.68,5.49,102771,153082272.0,3.37,-0.71,-0.04,0.83
2010-03-02,000039,5.55,5.43,5.61,5.41,93816,137868672.0,3.58,-2.86,-0.16,0.76
2010-03-03,000039,5.43,5.82,5.87,5.39,199245,300723424.0,8.84,7.18,0.39,1.62
2010-03-04,000039,5.82,5.49,5.83,5.46,129112,193120160.0,6.36,-5.67,-0.33,1.05
2010-03-05,000039,5.49,5.47,5.64,5.38,81587,120703408.0,4.74,-0.36,-0.02,0.66
2010-03-08,000039,5.49,5.6,5.64,5.4,67734,100159720.0,4.39,2.38,0.13,0.55
2010-03-09,000039,5.55,5.35,5.59,5.35,117814,171768416.0,4.29,-4.46,-0.25,0.96
2010-03-10,000039,5.37,5.19,5.43,5.15,87291,124834024.0,5.23,-2.99,-0.16,0.71
2010-03-11,000039,5.2,5.15,5.31,5.08,87716,123937992.0,4.43,-0.77,-0.04,0.71
2010-03-12,000039,5.15,5.11,5.2,5.1,49054,69292552.0,1.94,-0.78,-0.04,0.4
2010-03-15,000039,5.13,5.03,5.18,4.96,49866,69342912.0,4.31,-1.57,-0.08,0.4
2010-03-16,000039,5.07,5.19,5.2,5.0,41918,58733672.0,3.98,3.18,0.16,0.34
2010-03-17,000039,5.21,5.32,5.34,5.18,66448,94945728.0,3.08,2.5,0.13,0.54
2010-03-18,000039,5.32,5.25,5.39,5.23,54760,78720928.0,3.01,-1.32,-0.07,0.44
2010-03-19,000039,5.26,5.46,5.5,5.26,85653,125112000.0,4.57,4.0,0.21,0.7
2010-03-22,000039,5.48,5.48,5.53,5.39,51976,75950096.0,2.56,0.37,0.02,0.42
2010-03-23,000039,5.43,5.22,5.43,5.21,88178,126356256.0,4.01,-4.74,-0.26,0.72
2010-03-24,000039,5.27,5.19,5.3,5.17,54191,77051120.0,2.49,-0.57,-0.03,0.44
2010-03-25,000039,5.21,5.24,5.31,5.13,59596,85074472.0,3.47,0.96,0.05,0.48
2010-03-26,000039,5.25,5.42,5.48,5.21,88517,128630352.0,5.15,3.44,0.18,0.72
2010-03-29,000039,5.46,5.46,5.51,5.36,107031,156699056.0,2.77,0.74,0.04,0.87
2010-03-30,000039,5.45,5.3,5.5,5.27,148406,214691808.0,4.21,-2.93,-0.16,1.21
2010-03-31,000039,5.26,5.16,5.32,5.1,142647,201845184.0,4.15,-2.64,-0.14,1.16
2010-04-01,000039,5.16,5.21,5.26,5.12,109424,154944048.0,2.71,0.97,0.05,0.89
2010-04-02,000039,5.22,5.13,5.24,5.09,126950,178425200.0,2.88,-1.54,-0.08,1.03
2010-04-06,000039,5.12,5.23,5.25,5.1,106212,150523184.0,2.92,1.95,0.1,0.86
2010-04-07,000039,5.2,5.15,5.21,5.1,91135,128012544.0,2.1,-1.53,-0.08,0.74
2010-04-08,000039,5.13,4.99,5.13,4.94,160955,222647616.0,3.69,-3.11,-0.16,1.31
2010-04-09,000039,4.95,5.07,5.07,4.95,64241,89170136.0,2.4,1.6,0.08,0.52
2010-04-12,000039,5.08,4.9,5.1,4.82,129983,178109680.0,5.52,-3.35,-0.17,1.06
2010-04-13,000039,4.88,5.09,5.1,4.85,120082,166341376.0,5.1,3.88,0.19,0.98
2010-04-14,000039,5.08,5.0,5.15,4.93,104951,145289568.0,4.32,-1.77,-0.09,0.85
2010-04-15,000039,5.01,4.86,5.03,4.8,128082,174109680.0,4.6,-2.8,-0.14,1.04
2010-04-16,000039,4.88,4.9,4.93,4.81,49895,67925712.0,2.47,0.82,0.04,0.41
2010-04-19,000039,4.83,4.49,4.88,4.49,117094,155281360.0,7.96,-8.37,-0.41,0.95
2010-04-20,000039,4.5,4.71,4.79,4.38,99959,129846912.0,9.13,4.9,0.22,0.81
2010-04-21,000039,4.7,4.78,4.81,4.66,61601,82482360.0,3.18,1.49,0.07,0.5
2010-04-22,000039,4.76,4.67,4.76,4.63,66129,87490552.0,2.72,-2.3,-0.11,0.54
2010-04-23,000039,4.67,4.79,4.81,4.67,73420,97957864.0,3.0,2.57,0.12,0.6
2010-04-27,000039,4.76,4.5,4.93,4.38,152314,202132960.0,11.48,-6.05,-0.29,1.24
2010-04-28,000039,4.51,4.39,4.51,4.33,56200,71811144.0,4.0,-2.44,-0.11,0.46
2010-04-29,000039,4.42,4.4,4.54,4.39,42764,55002088.0,3.42,0.23,0.01,0.35
2010-04-30,000039,4.41,4.24,4.47,4.05,67947,84319176.0,9.55,-3.64,-0.16,0.55
2010-05-04,000039,4.2,4.06,4.25,4.03,47713,58416020.0,5.19,-4.25,-0.18,0.39
2010-05-05,000039,3.99,4.2,4.22,3.99,50544,62005216.0,5.67,3.45,0.14,0.41
2010-05-06,000039,4.2,4.01,4.24,3.99,74683,91159216.0,5.95,-4.52,-0.19,0.61
2010-05-07,000039,3.93,3.91,4.07,3.89,69994,83788632.0,4.49,-2.49,-0.1,0.57
2010-05-10,000039,3.9,4.15,4.15,3.88,72254,87684448.0,6.91,6.14,0.24,0.59
2010-05-11,000039,4.27,4.12,4.38,4.08,117750,146836160.0,7.23,-0.72,-0.03,0.96
2010-05-12,000039,4.15,4.13,4.26,3.98,58380,71682896.0,6.8,0.24,0.01,0.47
2010-05-13,000039,4.13,4.27,4.33,4.13,64465,80297176.0,4.84,3.39,0.14,0.52
2010-05-14,000039,4.26,4.24,4.35,4.16,60051,74721776.0,4.45,-0.7,-0.03,0.49
2010-05-17,000039,4.19,3.93,4.19,3.93,53406,64352112.0,6.13,-7.31,-0.31,0.43
2010-05-18,000039,3.94,3.76,4.06,3.54,73461,85516344.0,13.23,-4.33,-0.17,0.6
2010-05-19,000039,3.74,3.73,3.87,3.54,57200,65714800.0,8.78,-0.8,-0.03,0.46
2010-05-20,000039,3.67,3.8,3.89,3.63,70491,82812712.0,6.97,1.88,0.07,0.57
2010-05-21,000039,3.62,3.82,3.86,3.54,48811,56324000.0,8.42,0.53,0.02,0.4
2010-05-24,000039,3.84,4.01,4.11,3.83,64196,77539464.0,7.33,4.97,0.19,0.52
2010-05-25,000039,3.99,3.86,4.06,3.83,48774,58079300.0,5.74,-3.74,-0.15,0.4
2010-05-26,000039,3.9,4.05,4.13,3.86,55997,67495312.0,6.99,4.92,0.19,0.45
2010-05-27,000039,4.06,4.16,4.18,4.0,59053,72162824.0,4.44,2.72,0.11,0.48
2010-05-28,000039,4.16,4.11,4.24,4.07,44922,55004096.0,4.09,-1.2,-0.05,0.36
2010-05-31,000039,4.07,3.99,4.18,3.99,44012,53629812.0,4.62,-2.92,-0.12,0.36
2010-06-01,000039,3.98,4.03,4.1,3.93,43885,52904640.0,4.26,1.0,0.04,0.36
2010-06-02,000039,4.03,4.15,4.15,3.93,46150,55782948.0,5.46,2.98,0.12,0.37
2010-06-03,000039,4.19,4.26,4.38,4.15,108312,136058192.0,5.54,2.65,0.11,0.88
2010-06-04,000039,4.26,4.32,4.42,4.19,49646,62588048.0,5.4,1.41,0.06,0.4
2010-06-07,000039,4.18,4.0,4.24,3.96,101867,123977048.0,6.48,-7.41,-0.32,0.83
2010-06-08,000039,4.02,4.13,4.18,4.02,46501,56843680.0,4.0,3.25,0.13,0.38
2010-06-09,000039,4.21,4.24,4.24,4.08,43086,53233396.0,3.87,2.66,0.11,0.35
2010-06-10,000039,4.24,4.3,4.32,4.15,44086,55255084.0,4.01,1.42,0.06,0.36
2010-06-11,000039,4.34,4.26,4.38,4.25,40692,51267260.0,3.02,-0.93,-0.04,0.33
2010-06-17,000039,4.27,4.38,4.4,4.27,43657,55396320.0,3.05,2.82,0.12,0.35
2010-06-18,000039,4.4,4.18,4.51,4.18,76123,96635280.0,7.53,-4.57,-0.2,0.62
2010-06-21,000039,4.18,4.53,4.54,4.15,84861,108138752.0,9.33,8.37,0.35,0.69
2010-06-22,000039,4.49,4.46,4.53,4.4,58937,75793528.0,2.87,-1.55,-0.07,0.48
2010-06-23,000039,4.44,4.33,4.53,4.25,60856,77549992.0,6.28,-2.91,-0.13,0.49
2010-06-24,000039,4.33,4.41,4.48,4.28,28038,35736540.0,4.62,1.85,0.08,0.23
2010-06-25,000039,4.4,4.43,4.49,4.34,30818,38959200.0,3.4,0.45,0.02,0.25
2010-06-28,000039,4.38,4.34,4.41,4.33,34759,43612276.0,1.81,-2.03,-0.09,0.28
2010-06-29,000039,4.34,4.05,4.38,4.05,56322,69020920.0,7.6,-6.68,-0.29,0.46
2010-06-30,000039,4.05,4.0,4.15,3.93,38901,46356004.0,5.43,-1.23,-0.05,0.32
2010-07-01,000039,4.0,3.7,4.05,3.7,32370,37860712.0,8.75,-7.5,-0.3,0.26
2010-07-02,000039,3.71,3.57,3.87,3.41,84925,94981856.0,12.43,-3.51,-0.13,0.69
2010-07-05,000039,3.51,3.55,3.63,3.43,33772,37533228.0,5.6,-0.56,-0.02,0.27
2010-07-06,000039,3.55,3.64,3.69,3.54,34373,38567040.0,4.23,2.54,0.09,0.28
2010-07-07,000039,3.68,3.69,3.72,3.62,35809,40456280.0,2.75,1.37,0.05,0.29
2010-07-08,000039,3.7,3.72,3.81,3.69,39073,44671568.0,3.25,0.81,0.03,0.32
2010-07-09,000039,3.77,3.92,3.95,3.64,46872,54360672.0,8.33,5.38,0.2,0.38
2010-07-12,000039,3.94,3.97,4.03,3.9,37053,43998300.0,3.32,1.28,0.05,0.3
2010-07-13,000039,3.9,3.88,3.93,3.84,37139,43434332.0,2.27,-2.27,-0.09,0.3
2010-07-14,000039,3.89,3.95,4.03,3.87,40512,47783296.0,4.12,1.8,0.07,0.33
2010-07-15,000039,3.96,3.77,4.03,3.76,32284,37812572.0,6.84,-4.56,-0.18,0.26
2010-07-16,000039,3.75,3.72,3.83,3.68,46379,53083348.0,3.98,-1.33,-0.05,0.38
2010-07-19,000039,3.72,3.97,4.03,3.61,70029,81396936.0,11.29,6.72,0.25,0.57
2010-07-20,000039,3.97,4.11,4.26,3.95,106193,128795096.0,7.81,3.53,0.14,0.86
2010-07-21,000039,4.11,4.24,4.29,4.11,100672,123124928.0,4.38,3.16,0.13,0.82
2010-07-22,000039,4.22,4.3,4.43,4.17,100583,124432072.0,6.13,1.42,0.06,0.82
2010-07-23,000039,4.31,4.19,4.32,4.11,76536,93626128.0,4.88,-2.56,-0.11,0.62
2010-07-26,000039,4.21,4.5,4.51,4.16,156476,196441280.0,8.35,7.4,0.31,1.27
2010-07-27,000039,4.49,4.6,4.74,4.42,164069,213994112.0,7.11,2.22,0.1,1.33
2010-07-28,000039,4.62,4.65,4.74,4.5,104647,136541664.0,5.22,1.09,0.05,0.85
2010-07-29,000039,4.68,4.79,4.89,4.68,144427,192906624.0,4.52,3.01,0.14,1.17
2010-07-30,000039,4.7,4.73,4.84,4.7,73689,97814344.0,2.92,-1.25,-0.06,0.6
2010-08-02,000039,4.73,4.76,4.91,4.69,133248,177665104.0,4.65,0.63,0.03,1.08
2010-08-03,000039,4.78,4.68,4.83,4.64,101933,134677360.0,3.99,-1.68,-0.08,0.83
2010-08-04,000039,4.64,4.83,4.84,4.64,149612,197686640.0,4.27,3.21,0.15,1.22
2010-08-05,000039,4.82,4.91,5.1,4.8,202013,275937952.0,6.21,1.66,0.08,1.64
2010-08-06,000039,4.94,5.14,5.15,4.87,125734,173381296.0,5.7,4.68,0.23,1.02
2010-08-09,000039,5.11,5.09,5.16,4.99,102106,141392528.0,3.31,-0.97,-0.05,0.83
2010-08-10,000039,5.06,4.81,5.2,4.81,152354,209999072.0,7.66,-5.5,-0.28,1.24
2010-08-11,000039,4.75,4.86,4.95,4.75,84971,114629120.0,4.16,1.04,0.05,0.69
2010-08-12,000039,4.83,5.08,5.11,4.78,145661,200189600.0,6.79,4.53,0.22,1.18
2010-08-13,000039,5.08,5.09,5.18,5.0,75059,104041224.0,3.54,0.2,0.01,0.61
2010-08-16,000039,5.06,5.36,5.41,5.06,163841,232894896.0,6.88,5.3,0.27,1.33
2010-08-17,000039,5.36,5.36,5.45,5.28,93624,134791808.0,3.17,0.0,0.0,0.76
2010-08-18,000039,5.36,5.2,5.39,5.13,91643,128973016.0,4.85,-2.99,-0.16,0.74
2010-08-19,000039,5.21,5.3,5.39,5.21,86919,123995312.0,3.46,1.92,0.1,0.71
2010-08-20,000039,5.27,5.23,5.4,5.23,93012,132552248.0,3.21,-1.32,-0.07,0.76
2010-08-23,000039,5.28,5.35,5.41,5.16,95522,136239328.0,4.78,2.29,0.12,0.78
2010-08-24,000039,5.45,5.38,5.54,5.35,128322,186126448.0,3.55,0.56,0.03,1.04
2010-08-25,000039,5.34,4.99,5.34,4.98,134103,186331968.0,6.69,-7.25,-0.39,1.09
2010-08-26,000039,4.99,5.06,5.16,4.99,55160,76380960.0,3.41,1.4,0.07,0.45
2010-08-27,000039,5.08,5.09,5.15,5.03,29836,41365860.0,2.37,0.59,0.03,0.24
2010-08-30,000039,5.1,5.28,5.32,5.1,82844,117095296.0,4.32,3.73,0.19,0.67
2010-08-31,000039,5.27,5.19,5.32,5.1,87648,122866272.0,4.17,-1.7,-0.09,0.71
2010-09-01,000039,5.16,5.13,5.29,5.07,85490,119932528.0,4.24,-1.16,-0.06,0.69
2010-09-02,000039,5.25,5.33,5.45,5.23,148517,212835120.0,4.29,3.9,0.2,1.21
2010-09-03,000039,5.36,5.41,5.46,5.3,94593,136219568.0,3.0,1.5,0.08,0.77
2010-09-06,000039,5.44,5.49,5.61,5.43,83836,122834608.0,3.33,1.48,0.08,0.68
2010-09-07,000039,5.53,5.44,5.57,5.28,82063,118365088.0,5.28,-0.91,-0.05,0.67
2010-09-08,000039,5.39,5.28,5.43,5.16,139868,197689728.0,4.96,-2.94,-0.16,1.14
2010-09-09,000039,5.29,5.21,5.34,5.2,69392,98168776.0,2.65,-1.33,-0.07,0.56
2010-09-10,000039,5.23,5.1,5.28,5.0,80869,112297880.0,5.37,-2.11,-0.11,0.66
2010-09-13,000039,5.1,5.22,5.26,5.06,114203,159858320.0,3.92,2.35,0.12,0.93
2010-09-14,000039,5.25,4.98,5.25,4.93,187169,258285648.0,6.13,-4.6,-0.24,1.52
2010-09-15,000039,5.0,4.74,5.04,4.65,176613,235542000.0,7.83,-4.82,-0.24,1.43
2010-09-16,000039,4.75,4.8,4.85,4.71,98952,131534208.0,2.95,1.27,0.06,0.8
2010-09-20,000039,4.77,4.67,4.85,4.64,93848,123950312.0,4.38,-2.71,-0.13,0.76
2010-09-21,000039,4.7,4.82,4.86,4.66,124240,164793072.0,4.28,3.21,0.15,1.01
2010-09-27,000039,4.81,4.98,4.98,4.81,117291,158170928.0,3.53,3.32,0.16,0.95
2010-09-28,000039,4.94,4.73,5.05,4.71,177895,238802560.0,6.83,-5.02,-0.25,1.44
2010-09-29,000039,4.75,4.82,5.0,4.66,127615,171295424.0,7.19,1.9,0.09,1.04
2010-09-30,000039,4.79,5.33,5.38,4.77,275369,386989184.0,12.66,10.58,0.51,2.24
2010-10-08,000039,5.43,5.82,6.09,5.31,442384,656835264.0,14.63,9.19,0.49,3.59
2010-10-11,000039,5.83,6.06,6.38,5.75,315864,495220608.0,10.82,4.12,0.24,2.57
2010-10-12,000039,6.05,6.1,6.33,5.93,217907,344729088.0,6.6,0.66,0.04,1.77
2010-10-13,000039,6.0,6.44,6.56,5.95,289479,465140384.0,10.0,5.57,0.34,2.35
2010-10-14,000039,6.43,6.24,6.49,6.16,220614,353679840.0,5.12,-3.11,-0.2,1.79
2010-10-15,000039,6.23,6.53,6.55,6.23,258684,421400128.0,5.13,4.65,0.29,2.1
2010-10-18,000039,6.61,6.2,6.63,6.14,244372,393316320.0,7.5,-5.05,-0.33,1.98
2010-10-19,000039,6.2,6.44,6.44,6.15,167077,267168448.0,4.68,3.87,0.24,1.36
2010-10-20,000039,6.26,6.7,6.86,6.23,280961,468145728.0,9.78,4.04,0.26,2.28
2010-10-21,000039,6.66,6.65,6.81,6.59,128645,215331424.0,3.28,-0.75,-0.05,1.04
2010-10-22,000039,6.66,6.43,6.72,6.33,207889,339853568.0,5.86,-3.31,-0.22,1.69
2010-10-25,000039,6.49,6.97,7.0,6.44,246626,417051584.0,8.71,8.4,0.54,2.0
2010-10-26,000039,6.94,7.06,7.09,6.74,191920,328486464.0,5.02,1.29,0.09,1.56
2010-10-27,000039,7.0,6.79,7.26,6.75,171737,296109792.0,7.22,-3.82,-0.27,1.39
2010-10-28,000039,6.96,6.62,7.04,6.41,212923,357812384.0,9.28,-2.5,-0.17,1.73
2010-10-29,000039,6.66,6.83,6.98,6.45,178001,298623296.0,8.01,3.17,0.21,1.45
2010-11-01,000039,6.85,7.62,7.77,6.84,278253,501006944.0,13.62,11.57,0.79,2.26
2010-11-02,000039,7.64,7.85,8.39,7.45,380973,728531200.0,12.34,3.02,0.23,3.09
2010-11-03,000039,7.85,7.53,8.24,7.49,246978,466622080.0,9.55,-4.08,-0.32,2.01
2010-11-04,000039,7.54,8.0,8.19,7.54,203526,386878336.0,8.63,6.24,0.47,1.65
2010-11-05,000039,8.0,8.08,8.21,7.88,203381,390892672.0,4.13,1.0,0.08,1.65
2010-11-08,000039,8.11,7.91,8.2,7.8,174010,330414592.0,4.95,-2.1,-0.17,1.41
2010-11-09,000039,7.88,7.8,7.88,7.61,152046,282608992.0,3.41,-1.39,-0.11,1.23
2010-11-10,000039,7.76,7.9,8.04,7.61,137948,260310832.0,5.51,1.28,0.1,1.12
2010-11-11,000039,7.8,7.78,8.05,7.77,173174,328956416.0,3.54,-1.52,-0.12,1.41
2010-11-12,000039,7.71,6.91,7.71,6.75,359354,633000128.0,12.34,-11.18,-0.87,2.92
2010-11-16,000039,7.2,6.63,7.29,6.28,303663,520980128.0,14.62,-4.05,-0.28,2.47
2010-11-17,000039,6.53,6.72,6.99,6.39,233645,395687648.0,9.05,1.36,0.09,1.9
2010-11-18,000039,6.94,6.88,6.98,6.78,109599,187153184.0,2.98,2.38,0.16,0.89
2010-11-19,000039,6.94,6.99,7.0,6.56,121384,206085920.0,6.4,1.6,0.11,0.99
2010-11-22,000039,7.09,7.36,7.52,6.96,213147,381953248.0,8.01,5.29,0.37,1.73
2010-11-23,000039,7.33,7.08,7.33,6.93,136693,240241280.0,5.43,-3.8,-0.28,1.11
2010-11-24,000039,6.94,7.55,7.63,6.94,168445,303276224.0,9.75,6.64,0.47,1.37
2010-11-25,000039,7.61,7.85,8.14,7.45,221116,418964352.0,9.14,3.97,0.3,1.8
2010-11-26,000039,7.78,8.0,8.19,7.75,194028,372004992.0,5.61,1.91,0.15,1.58
2010-11-29,000039,8.0,8.15,8.28,7.86,167214,321823776.0,5.25,1.88,0.15,1.36
2010-11-30,000039,8.05,7.76,8.16,7.39,182390,339224224.0,9.45,-4.79,-0.39,1.48
2010-12-01,000039,7.65,7.75,7.88,7.65,71553,133387320.0,2.96,-0.13,-0.01,0.58
2010-12-02,000039,7.91,7.89,8.08,7.84,119419,227565872.0,3.1,1.81,0.14,0.97
2010-12-03,000039,8.05,8.75,8.92,8.0,334767,674931968.0,11.66,10.9,0.86,2.72
2010-12-06,000039,8.72,8.78,9.19,8.54,262995,545176768.0,7.43,0.34,0.03,2.14
2010-12-07,000039,8.55,8.9,8.98,8.36,159217,322677984.0,7.06,1.37,0.12,1.29
2010-12-08,000039,8.83,9.54,9.71,8.78,326163,710020352.0,10.45,7.19,0.64,2.65
2010-12-09,000039,9.39,9.36,9.85,9.32,273804,601770624.0,5.56,-1.89,-0.18,2.22
2010-12-10,000039,9.16,10.16,10.19,9.11,278719,620425728.0,11.54,8.55,0.8,2.26
2010-12-13,000039,10.3,10.4,10.55,10.05,282739,660060800.0,4.92,2.36,0.24,2.3
2010-12-14,000039,10.41,10.5,10.66,10.11,186123,434197696.0,5.29,0.96,0.1,1.51
2010-12-15,000039,10.44,9.8,10.46,9.75,298865,676610816.0,6.76,-6.67,-0.7,2.43
2010-12-16,000039,9.77,9.83,10.08,9.63,194456,435791680.0,4.59,0.31,0.03,1.58
2010-12-17,000039,9.81,9.76,9.93,9.61,112664,251101760.0,3.26,-0.71,-0.07,0.92
2010-12-20,000039,9.76,10.24,10.44,9.76,293291,674507520.0,6.97,4.92,0.48,2.38
2010-12-21,000039,10.25,10.72,10.85,10.2,228912,546153088.0,6.35,4.69,0.48,1.86
2010-12-22,000039,10.71,10.59,11.03,10.28,174191,419628384.0,7.0,-1.21,-0.13,1.41
2010-12-23,000039,10.6,10.05,10.91,10.03,150128,348814912.0,8.31,-5.1,-0.54,1.22
2010-12-24,000039,9.89,9.51,9.89,9.49,176074,388242528.0,3.98,-5.37,-0.54,1.43
2010-12-27,000039,9.5,9.54,10.11,9.49,164100,366459168.0,6.52,0.32,0.03,1.33
2010-12-28,000039,9.61,9.23,9.69,8.94,191712,408246784.0,7.86,-3.25,-0.31,1.56
2010-12-29,000039,9.26,9.4,9.4,9.05,134905,287859488.0,3.79,1.84,0.17,1.1
2010-12-30,000039,9.36,9.87,9.93,9.25,161367,357386528.0,7.23,5.0,0.47,1.31
2010-12-31,000039,9.87,10.16,10.23,9.71,138969,316002720.0,5.27,2.94,0.29,1.13
2011-01-04,000039,10.17,10.19,10.53,10.14,168224,391093056.0,3.84,0.3,0.03,1.37
2011-01-05,000039,10.17,10.48,10.76,10.09,214810,509281152.0,6.58,2.85,0.29,1.74
2011-01-06,000039,10.48,10.38,10.71,10.27,89136,208792336.0,4.2,-0.95,-0.1,0.72
2011-01-07,000039,10.44,10.22,10.83,10.21,182101,430031552.0,5.97,-1.54,-0.16,1.48
2011-01-10,000039,10.22,9.83,10.54,9.83,162433,372975008.0,6.95,-3.82,-0.39,1.32
2011-01-11,000039,9.71,9.64,9.93,9.44,142415,312313664.0,4.98,-1.93,-0.19,1.16
2011-01-12,000039,9.66,9.69,9.94,9.5,87193,193209152.0,4.56,0.52,0.05,0.71
2011-01-13,000039,9.74,9.63,9.88,9.51,61914,137025648.0,3.82,-0.62,-0.06,0.5
2011-01-14,000039,9.63,9.65,9.86,9.53,77348,171729632.0,3.43,0.21,0.02,0.63
2011-01-17,000039,9.54,9.04,9.83,8.5,201334,423146560.0,13.78,-6.32,-0.61,1.64
2011-01-18,000039,8.94,9.09,9.15,8.83,76163,159563680.0,3.54,0.55,0.05,0.62
2011-01-19,000039,9.04,9.89,10.08,8.95,170801,375220416.0,12.43,8.8,0.8,1.39
2011-01-20,000039,9.88,9.73,10.06,9.59,182343,408529312.0,4.75,-1.62,-0.16,1.48
2011-01-21,000039,9.89,10.66,10.79,9.79,285977,672200000.0,10.28,9.56,0.93,2.32
2011-01-24,000039,10.69,10.71,11.44,10.53,289688,708029376.0,8.54,0.47,0.05,2.35
2011-01-25,000039,10.61,10.58,10.7,10.05,162257,377986848.0,6.07,-1.21,-0.13,1.32
2011-01-26,000039,10.55,11.06,11.14,10.38,179216,432548320.0,7.18,4.54,0.48,1.46
2011-01-27,000039,10.89,11.63,11.86,10.73,318500,808710656.0,10.22,5.15,0.57,2.59
2011-01-28,000039,11.61,11.53,11.81,11.34,168141,430962080.0,4.04,-0.86,-0.1,1.37
2011-01-31,000039,11.49,11.68,11.86,11.38,228478,585182144.0,4.16,1.3,0.15,1.86
2011-02-01,000039,11.68,11.25,11.76,11.0,157156,393322112.0,6.51,-3.68,-0.43,1.28
2011-02-09,000039,11.11,11.41,11.45,11.04,144224,359978112.0,3.64,1.42,0.16,1.17
2011-02-10,000039,11.23,11.35,11.44,10.84,191361,473952512.0,5.26,-0.53,-0.06,1.55
2011-02-11,000039,11.23,11.91,12.18,11.23,206812,540532032.0,8.37,4.93,0.56,1.68
2011-02-14,000039,11.91,12.4,12.45,11.91,248274,667443712.0,4.53,4.11,0.49,2.02
2011-02-15,000039,12.33,12.31,12.66,12.25,161180,436903424.0,3.31,-0.73,-0.09,1.31
2011-02-16,000039,12.26,13.21,13.39,12.2,241165,672860480.0,9.67,7.31,0.9,1.96
2011-02-17,000039,13.14,13.36,13.77,12.87,182072,521938848.0,6.81,1.14,0.15,1.48
2011-02-18,000039,13.23,13.25,13.84,13.05,139118,401902400.0,5.91,-0.82,-0.11,1.13
2011-02-21,000039,13.03,13.26,13.44,12.91,139659,395433376.0,4.0,0.08,0.01,1.13
2011-02-22,000039,13.26,12.27,13.32,12.15,256244,698480832.0,8.82,-7.47,-0.99,2.08
2011-02-23,000039,12.19,12.06,12.49,11.89,134009,355138176.0,4.89,-1.71,-0.21,1.09
2011-02-24,000039,12.05,12.33,12.59,11.86,102236,274416704.0,6.05,2.24,0.27,0.83
2011-02-25,000039,12.39,12.32,12.5,11.79,100849,268234832.0,5.76,-0.08,-0.01,0.82
2011-02-28,000039,12.32,13.35,13.5,11.94,209855,585070912.0,12.66,8.36,1.03,1.7
2011-03-01,000039,13.28,12.83,13.36,12.78,173775,489432320.0,4.34,-3.9,-0.52,1.41
2011-03-02,000039,12.79,12.39,12.79,12.03,190956,513281824.0,5.92,-3.43,-0.44,1.55
2011-03-03,000039,12.38,12.11,12.6,11.91,154594,410797024.0,5.57,-2.26,-0.28,1.26
2011-03-04,000039,12.06,12.25,12.3,12.0,99156,263548064.0,2.48,1.16,0.14,0.81
2011-03-07,000039,12.25,12.48,12.66,12.02,219899,592281280.0,5.22,1.88,0.23,1.79
2011-03-08,000039,12.53,12.24,12.54,12.11,119100,318539680.0,3.45,-1.92,-0.24,0.97
2011-03-09,000039,12.27,12.56,12.75,12.27,210442,574131328.0,3.92,2.61,0.32,1.71
2011-03-10,000039,12.55,12.78,12.94,12.26,197368,542398336.0,5.41,1.75,0.22,1.6
2011-03-11,000039,12.58,12.32,12.91,12.31,130419,358480320.0,4.69,-3.6,-0.46,1.06
2011-03-14,000039,12.18,11.9,12.49,11.76,170410,447192448.0,5.93,-3.41,-0.42,1.38
2011-03-15,000039,11.89,11.55,11.89,11.16,186430,471812896.0,6.13,-2.94,-0.35,1.51
2011-03-16,000039,11.61,11.66,11.82,11.56,157397,405270176.0,2.25,0.95,0.11,1.28
2011-03-17,000039,11.44,11.5,11.79,11.16,110033,280422752.0,5.4,-1.37,-0.16,0.89
2011-03-18,000039,11.74,11.58,11.79,11.43,91582,233729728.0,3.13,0.7,0.08,0.74
2011-03-21,000039,11.61,11.38,11.74,11.27,125298,318155264.0,4.06,-1.73,-0.2,1.02
2011-03-22,000039,11.53,11.98,12.18,11.43,189803,494969824.0,6.59,5.27,0.6,1.54
2011-03-23,000039,11.83,11.94,11.99,11.64,154774,402463616.0,2.92,-0.33,-0.04,1.26
2011-03-24,000039,11.94,11.54,12.03,11.53,144085,371963680.0,4.19,-3.35,-0.4,1.17
2011-03-25,000039,11.55,11.37,11.65,11.28,266390,671445824.0,3.21,-1.47,-0.17,2.16
2011-03-28,000039,11.38,10.79,11.44,10.71,340298,830653056.0,6.42,-5.1,-0.58,2.76
2011-03-29,000039,10.79,10.78,10.9,10.46,149249,356917120.0,4.08,-0.09,-0.01,1.21
2011-03-30,000039,10.83,10.95,11.08,10.71,171122,417560416.0,3.43,1.58,0.17,1.39
2011-03-31,000039,10.95,10.72,11.05,10.5,103245,247797504.0,5.02,-2.1,-0.23,0.84
2011-04-01,000039,10.73,11.0,11.01,10.73,106805,260360176.0,2.61,2.61,0.28,0.87
2011-04-06,000039,11.0,11.01,11.2,10.86,134514,329791552.0,3.09,0.09,0.01,1.09
2011-04-07,000039,11.03,10.86,11.16,10.8,143211,350417568.0,3.27,-1.36,-0.15,1.16
2011-04-08,000039,10.83,12.06,12.21,10.63,454555,1164475264.0,14.55,11.05,1.2,3.69
2011-04-11,000039,12.11,12.25,12.44,11.92,320647,853607744.0,4.31,1.58,0.19,2.6
2011-04-12,000039,12.21,12.0,12.3,11.72,173877,457191136.0,4.73,-2.04,-0.25,1.41
2011-04-14,000039,12.44,11.86,12.58,11.83,247920,656181760.0,6.25,-1.17,-0.14,2.01
2011-04-15,000039,11.75,11.34,11.75,11.16,301957,762137920.0,4.97,-4.38,-0.52,2.45
2011-04-18,000039,11.22,10.85,11.34,10.78,253034,616475008.0,4.94,-4.32,-0.49,2.06
2011-04-19,000039,10.72,10.84,10.96,10.47,167563,400986944.0,4.52,-0.09,-0.01,1.36
2011-04-20,000039,10.78,10.93,10.99,10.67,85070,207281952.0,2.95,0.83,0.09,0.69
2011-04-21,000039,10.99,10.94,11.04,10.89,85843,209396304.0,1.37,0.09,0.01,0.7
2011-04-22,000039,10.89,10.74,10.89,10.61,109611,262724592.0,2.56,-1.83,-0.2,0.89
2011-04-25,000039,10.72,10.72,10.88,10.61,91177,219155088.0,2.51,-0.19,-0.02,0.74
2011-04-26,000039,10.97,10.72,11.09,10.7,143702,347837248.0,3.64,0.0,0.0,1.17
2011-04-27,000039,10.76,10.26,10.85,10.11,134090,315866944.0,6.9,-4.29,-0.46,1.09
2011-04-28,000039,10.33,10.11,10.43,10.05,127298,294049344.0,3.7,-1.46,-0.15,1.03
2011-04-29,000039,10.15,10.16,10.21,10.05,101309,232348608.0,1.58,0.49,0.05,0.82
2011-05-03,000039,10.15,10.34,10.35,10.11,83225,193227600.0,2.36,1.77,0.18,0.68
2011-05-04,000039,10.31,9.46,10.31,9.42,213769,473564544.0,8.61,-8.51,-0.88,1.74
2011-05-05,000039,9.33,9.43,9.54,9.14,152493,328074432.0,4.23,-0.32,-0.03,1.24
2011-05-06,000039,9.22,9.25,9.43,9.16,105661,226154672.0,2.86,-1.91,-0.18,0.86
2011-05-09,000039,9.31,9.55,9.71,9.3,143993,316276800.0,4.43,3.24,0.3,1.17
2011-05-10,000039,9.56,9.74,9.77,9.5,99601,219903168.0,2.83,1.99,0.19,0.81
2011-05-11,000039,9.74,9.71,9.86,9.57,106843,237503680.0,2.98,-0.31,-0.03,0.87
2011-05-12,000039,9.59,9.4,9.76,9.38,98555,215786464.0,3.91,-3.19,-0.31,0.8
2011-05-13,000039,9.46,9.52,9.54,9.21,71784,154905184.0,3.51,1.28,0.12,0.58
2011-05-16,000039,9.53,9.25,9.58,9.25,69797,150990880.0,3.47,-2.84,-0.27,0.57
2011-05-17,000039,9.19,9.56,9.83,9.17,149582,326564096.0,7.14,3.35,0.31,1.21
2011-05-18,000039,9.5,9.61,9.79,9.47,92932,205190400.0,3.35,0.52,0.05,0.75
2011-05-19,000039,9.65,9.42,9.75,9.39,89346,195660752.0,3.75,-1.98,-0.19,0.73
2011-05-20,000039,9.43,9.21,9.45,9.16,95911,204851936.0,3.08,-2.23,-0.21,0.78
2011-05-23,000039,9.24,8.6,9.24,8.58,138105,282440448.0,7.17,-6.62,-0.61,1.12
2011-05-24,000039,8.61,8.56,8.66,8.43,92581,185781840.0,2.67,-0.47,-0.04,0.75
2011-05-25,000039,8.56,8.51,8.73,8.46,82551,166201632.0,3.15,-0.58,-0.05,0.67
2011-05-26,000039,8.59,8.35,8.66,8.3,92824,184800192.0,4.23,-1.88,-0.16,0.75
2011-05-27,000039,8.36,8.39,8.61,8.22,94577,187856608.0,4.67,0.48,0.04,0.77
2011-05-30,000039,8.48,8.59,8.74,8.4,120424,243416336.0,4.05,2.38,0.2,0.98
2011-05-31,000039,8.66,8.89,8.96,8.42,124619,254158256.0,6.29,3.49,0.3,1.01
2011-06-01,000039,8.94,9.09,9.22,8.81,163979,339138912.0,4.61,2.25,0.2,1.33
2011-06-02,000039,8.91,8.86,9.01,8.65,113996,230386656.0,3.96,-2.53,-0.23,0.93
2011-06-03,000039,8.81,9.18,9.33,8.69,161211,333996384.0,7.22,3.61,0.32,1.31
2011-06-07,000039,9.13,9.09,9.28,9.05,146712,305278528.0,2.51,-0.98,-0.09,1.19
2011-06-08,000039,9.08,9.08,9.17,8.81,101637,209042960.0,3.96,-0.11,-0.01,0.83
2011-06-09,000039,9.09,8.75,9.18,8.75,94829,193835920.0,4.74,-3.63,-0.33,0.77
2011-06-10,000039,8.7,8.81,8.94,8.6,97788,196663024.0,3.89,0.69,0.06,0.79
2011-06-13,000039,8.66,8.7,8.8,8.63,64819,129721872.0,1.93,-1.25,-0.11,0.53
2011-06-14,000039,8.66,8.88,9.04,8.66,131974,268651680.0,4.37,2.07,0.18,1.07
2011-06-15,000039,8.85,8.83,9.17,8.83,115148,236591376.0,3.83,-0.56,-0.05,0.94
2011-06-16,000039,8.65,8.41,8.7,8.34,147475,289916064.0,4.08,-4.76,-0.42,1.2
2011-06-17,000039,8.4,8.18,8.46,8.18,92695,179110368.0,3.33,-2.73,-0.23,0.75
2011-06-20,000039,8.14,7.91,8.19,7.86,102590,192236096.0,4.03,-3.3,-0.27,0.83
2011-06-21,000039,7.96,8.1,8.13,7.91,95105,178836544.0,2.78,2.4,0.19,0.77
2011-06-22,000039,8.09,7.97,8.16,7.88,74405,139692832.0,3.46,-1.6,-0.13,0.6
2011-06-23,000039,7.97,8.62,8.69,7.78,231562,446594752.0,11.42,8.16,0.65,1.88
2011-06-24,000039,8.69,9.34,9.4,8.63,427589,886772992.0,8.93,8.35,0.72,3.47
2011-06-27,000039,9.35,9.44,9.71,9.2,297703,638583872.0,5.46,1.07,0.1,2.42
2011-06-28,000039,9.47,9.58,9.66,9.2,191269,409458592.0,4.87,1.48,0.14,1.55
2011-06-29,000039,9.51,9.25,9.61,9.25,147986,314906528.0,3.76,-3.44,-0.33,1.2
2011-06-30,000039,9.37,9.74,9.86,9.3,278480,605532608.0,6.05,5.3,0.49,2.26
2011-07-01,000039,9.75,9.68,9.86,9.57,164087,358224224.0,2.98,-0.62,-0.06,1.33
2011-07-04,000039,9.8,9.94,9.97,9.7,216634,478024768.0,2.79,2.69,0.26,1.76
2011-07-05,000039,9.91,10.26,10.41,9.86,258303,586344448.0,5.53,3.22,0.32,2.1
2011-07-06,000039,10.19,10.18,10.25,9.98,159982,360691008.0,2.63,-0.78,-0.08,1.3
2011-07-07,000039,10.21,9.85,10.44,9.83,232685,523864544.0,5.99,-3.24,-0.33,1.89
2011-07-08,000039,9.85,9.91,10.08,9.76,155405,344417344.0,3.25,0.61,0.06,1.26
2011-07-11,000039,9.93,10.06,10.07,9.72,157149,348643296.0,3.53,1.51,0.15,1.28
2011-07-12,000039,9.93,9.69,9.99,9.61,171759,376915680.0,3.78,-3.68,-0.37,1.39
2011-07-13,000039,9.68,10.1,10.15,9.64,192431,427966688.0,5.26,4.23,0.41,1.56
2011-07-14,000039,10.11,10.04,10.18,9.89,144753,324103072.0,2.87,-0.59,-0.06,1.18
2011-07-15,000039,10.0,9.99,10.06,9.84,102705,228742560.0,2.19,-0.5,-0.05,0.83
2011-07-18,000039,10.01,9.78,10.07,9.69,159542,351577600.0,3.8,-2.1,-0.21,1.3
2011-07-19,000039,9.73,9.49,9.76,9.46,135295,292356000.0,3.07,-2.97,-0.29,1.1
2011-07-20,000039,9.59,9.32,9.71,9.14,252088,534877728.0,6.01,-1.79,-0.17,2.05
2011-07-21,000039,9.53,10.23,10.49,9.47,624372,1393858560.0,10.94,9.76,0.91,5.07
2011-07-22,000039,10.17,9.99,10.28,9.84,364242,816291392.0,4.3,-2.35,-0.24,2.96
2011-07-25,000039,9.86,9.4,9.86,9.17,333801,712698112.0,6.91,-5.91,-0.59,2.71
2011-07-26,000039,9.25,9.2,9.39,9.06,183968,384475680.0,3.51,-2.13,-0.2,1.49
2011-07-27,000039,9.08,9.26,9.35,9.02,154239,322725920.0,3.59,0.65,0.06,1.25
2011-07-28,000039,9.08,8.97,9.11,8.86,164177,336061888.0,2.7,-3.13,-0.29,1.33
2011-07-29,000039,8.97,9.0,9.13,8.87,115427,237661760.0,2.9,0.33,0.03,0.94
2011-08-01,000039,9.02,9.08,9.26,8.98,115616,240557264.0,3.11,0.89,0.08,0.94
2011-08-02,000039,9.03,8.86,9.03,8.6,169885,341098304.0,4.74,-2.42,-0.22,1.38
2011-08-03,000039,8.69,8.71,8.91,8.64,156899,315092832.0,3.05,-1.69,-0.15,1.27
2011-08-04,000039,8.74,8.69,8.87,8.64,125019,251211264.0,2.64,-0.23,-0.02,1.02
2011-08-05,000039,8.35,8.29,8.41,8.15,222827,429471872.0,2.99,-4.6,-0.4,1.81
2011-08-08,000039,8.03,7.71,8.14,7.59,271002,499910816.0,6.63,-7.0,-0.58,2.2
2011-08-09,000039,7.36,7.57,7.74,7.24,219604,391164160.0,6.49,-1.82,-0.14,1.78
2011-08-10,000039,7.86,7.6,7.94,7.58,239179,439198272.0,4.76,0.4,0.03,1.94
2011-08-12,000039,7.91,8.08,8.33,7.8,342327,645123008.0,6.97,6.32,0.48,2.78
2011-08-15,000039,8.07,8.3,8.36,7.91,237355,449622144.0,5.57,2.72,0.22,1.93
2011-08-16,000039,8.25,8.05,8.25,8.0,157399,298899904.0,3.01,-3.01,-0.25,1.28
2011-08-17,000039,8.03,7.99,8.11,7.96,86386,162634240.0,1.86,-0.75,-0.06,0.7
2011-08-18,000039,8.0,7.86,8.18,7.83,102902,192808032.0,4.38,-1.63,-0.13,0.84
2011-08-19,000039,7.59,7.65,7.68,7.47,140995,253569520.0,2.67,-2.67,-0.21,1.15
2011-08-22,000039,7.69,7.72,7.88,7.64,109508,200446256.0,3.14,0.92,0.07,0.89
2011-08-23,000039,7.8,8.06,8.06,7.75,159445,296851520.0,4.02,4.4,0.34,1.29
2011-08-24,000039,8.19,7.82,8.21,7.79,207016,388619072.0,5.21,-2.98,-0.24,1.68
2011-08-25,000039,7.86,8.25,8.29,7.74,322564,610627712.0,7.03,5.5,0.43,2.62
2011-08-26,000039,8.2,8.14,8.28,8.06,210097,400515808.0,2.67,-1.33,-0.11,1.71
2011-08-29,000039,8.05,7.84,8.06,7.83,170203,316763712.0,2.83,-3.69,-0.3,1.38
2011-08-30,000039,7.92,7.73,8.05,7.73,131185,243810624.0,4.08,-1.4,-0.11,1.07
2011-08-31,000039,7.7,7.59,7.78,7.5,158782,286195200.0,3.62,-1.81,-0.14,1.29
2011-09-01,000039,7.66,7.44,7.69,7.39,153742,274768032.0,3.95,-1.98,-0.15,1.25
2011-09-02,000039,7.41,7.3,7.5,7.24,102335,179684832.0,3.49,-1.88,-0.14,0.83
2011-09-05,000039,7.15,6.89,7.16,6.88,155509,263700688.0,3.84,-5.62,-0.41,1.26
2011-09-06,000039,6.8,6.7,6.85,6.61,132888,218756464.0,3.48,-2.76,-0.19,1.08
2011-09-07,000039,6.77,6.95,6.95,6.7,210500,350907072.0,3.73,3.73,0.25,1.71
2011-09-08,000039,6.97,6.78,7.01,6.76,110691,185565216.0,3.6,-2.45,-0.17,0.9
2011-09-09,000039,6.78,6.6,6.91,6.54,113988,187405728.0,5.46,-2.65,-0.18,0.93
2011-09-13,000039,6.41,6.33,6.41,6.19,144475,226399168.0,3.33,-4.09,-0.27,1.17
2011-09-14,000039,6.4,6.6,6.6,6.14,172962,273419264.0,7.27,4.27,0.27,1.4
2011-09-15,000039,6.59,6.5,6.68,6.5,120206,194816320.0,2.73,-1.52,-0.1,0.98
2011-09-16,000039,6.61,6.43,6.71,6.41,120247,194446640.0,4.62,-1.08,-0.07,0.98
2011-09-19,000039,6.43,6.2,6.43,6.19,107875,168395600.0,3.73,-3.58,-0.23,0.88
2011-09-20,000039,6.14,6.33,6.43,6.14,100582,157788032.0,4.68,2.1,0.13,0.82
2011-09-21,000039,6.3,6.94,7.16,6.25,366605,609425984.0,14.38,9.64,0.61,2.98
2011-09-23,000039,6.33,6.58,6.65,6.28,249647,399390144.0,5.33,-5.19,-0.36,2.03
2011-09-26,000039,6.5,6.43,6.72,6.41,139496,225003408.0,4.71,-2.28,-0.15,1.13
2011-09-27,000039,6.58,6.72,6.78,6.52,170188,277287232.0,4.04,4.51,0.29,1.38
2011-09-28,000039,6.83,6.51,6.86,6.44,143121,234061072.0,6.25,-3.13,-0.21,1.16
2011-09-29,000039,6.44,6.4,6.63,6.35,122508,196383840.0,4.3,-1.69,-0.11,0.99
2011-09-30,000039,6.41,6.29,6.49,6.2,106548,167396960.0,4.53,-1.72,-0.11,0.87
2011-10-10,000039,6.39,6.38,6.5,6.34,89076,141418480.0,2.54,1.43,0.09,0.72
2011-10-11,000039,6.7,6.59,6.81,6.48,194906,318124032.0,5.17,3.29,0.21,1.58
2011-10-12,000039,6.5,7.37,7.43,6.48,464787,803540864.0,14.42,11.84,0.78,3.77
2011-10-13,000039,7.29,7.3,7.36,7.18,240212,418904192.0,2.44,-0.95,-0.07,1.95
2011-10-14,000039,7.3,7.35,7.44,7.18,239767,420478944.0,3.56,0.68,0.05,1.95
2011-10-17,000039,7.35,7.26,7.5,7.19,183655,322627200.0,4.22,-1.22,-0.09,1.49
2011-10-18,000039,7.17,6.83,7.17,6.78,226621,382090656.0,5.37,-5.92,-0.43,1.84
2011-10-19,000039,6.85,6.82,7.04,6.75,160966,269874912.0,4.25,-0.15,-0.01,1.31
2011-10-20,000039,6.75,6.69,6.76,6.53,131897,215087056.0,3.37,-1.91,-0.13,1.07
2011-10-21,000039,6.68,6.41,6.76,6.4,124422,201040832.0,5.38,-4.19,-0.28,1.01
2011-10-24,000039,6.49,6.96,6.99,6.3,212884,349674912.0,10.76,8.58,0.55,1.73
2011-10-25,000039,6.94,7.11,7.23,6.75,259660,441138720.0,6.9,2.16,0.15,2.11
2011-10-26,000039,7.03,7.16,7.4,6.99,280492,486608384.0,5.77,0.7,0.05,2.28
2011-10-27,000039,7.22,7.24,7.34,7.09,165947,287076256.0,3.49,1.12,0.08,1.35
2011-10-28,000039,7.3,7.38,7.45,7.18,368185,645348032.0,3.73,1.93,0.14,2.99
2011-10-31,000039,7.33,7.14,7.34,7.09,198041,342653856.0,3.39,-3.25,-0.24,1.61
2011-11-01,000039,7.03,7.16,7.34,6.99,298206,515162272.0,4.9,0.28,0.02,2.42
2011-11-02,000039,6.97,7.28,7.29,6.9,222758,380621536.0,5.45,1.68,0.12,1.81
2011-11-03,000039,7.32,7.33,7.57,7.27,330885,585246528.0,4.12,0.69,0.05,2.69
2011-11-04,000039,7.39,7.46,7.56,7.27,250126,443075200.0,3.96,1.77,0.13,2.03
2011-11-07,000039,7.44,7.31,7.55,7.29,173812,307414624.0,3.49,-2.01,-0.15,1.41
2011-11-08,000039,7.34,7.32,7.5,7.24,140468,247527920.0,3.56,0.14,0.01,1.14
2011-11-09,000039,7.44,7.61,7.61,7.31,247579,440279648.0,4.1,3.96,0.29,2.01
2011-11-10,000039,7.46,7.35,7.54,7.35,225352,399829024.0,2.5,-3.42,-0.26,1.83
2011-11-11,000039,7.35,7.24,7.41,7.17,128903,224866672.0,3.27,-1.5,-0.11,1.05
2011-11-14,000039,7.41,7.41,7.44,7.31,156637,276480960.0,1.8,2.35,0.17,1.27
2011-11-15,000039,7.41,7.25,7.41,7.21,154131,269517088.0,2.7,-2.16,-0.16,1.25
2011-11-16,000039,7.29,6.79,7.3,6.76,224500,380078016.0,7.45,-6.34,-0.46,1.82
2011-11-17,000039,6.86,6.77,6.96,6.77,129114,215401264.0,2.8,-0.29,-0.02,1.05
2011-11-18,000039,6.72,6.56,6.72,6.41,113498,183768304.0,4.58,-3.1,-0.21,0.92
2011-11-21,000039,6.5,6.7,6.72,6.5,77144,125421496.0,3.35,2.13,0.14,0.63
2011-11-22,000039,6.58,6.61,6.64,6.48,71884,116386280.0,2.39,-1.34,-0.09,0.58
2011-11-23,000039,6.64,6.5,6.72,6.47,86509,139810048.0,3.78,-1.66,-0.11,0.7
2011-11-24,000039,6.39,6.35,6.49,6.19,136430,215181200.0,4.62,-2.31,-0.15,1.11
2011-11-25,000039,6.3,6.14,6.34,6.13,173918,269437568.0,3.31,-3.31,-0.21,1.41
2011-11-28,000039,6.16,5.84,6.18,5.74,216799,324799168.0,7.17,-4.89,-0.3,1.76
2011-11-29,000039,5.94,6.01,6.07,5.76,171383,257777920.0,5.31,2.91,0.17,1.39
2011-11-30,000039,6.02,5.53,6.03,5.36,220112,319624256.0,11.15,-7.99,-0.48,1.79
2011-12-01,000039,5.9,5.59,5.91,5.59,231488,341280800.0,5.79,1.08,0.06,1.88
2011-12-02,000039,5.53,5.63,5.69,5.41,119998,172351760.0,5.01,0.72,0.04,0.97
2011-12-05,000039,5.6,5.34,5.6,5.31,94756,133192216.0,5.15,-5.15,-0.29,0.77
2011-12-06,000039,5.35,5.41,5.49,5.3,83516,117281440.0,3.56,1.31,0.07,0.68
2011-12-07,000039,5.41,5.43,5.5,5.36,65963,93270576.0,2.59,0.37,0.02,0.54
2011-12-08,000039,5.44,5.41,5.53,5.23,94892,132982776.0,5.52,-0.37,-0.02,0.77
2011-12-09,000039,5.3,5.29,5.44,5.28,61231,85441280.0,2.96,-2.22,-0.12,0.5
2011-12-12,000039,5.33,5.34,5.46,5.28,85979,120534944.0,3.4,0.95,0.05,0.7
2011-12-13,000039,5.29,5.08,5.29,5.06,89840,122896000.0,4.31,-4.87,-0.26,0.73
2011-12-14,000039,5.07,5.02,5.22,5.0,73830,99816600.0,4.33,-1.18,-0.06,0.6
2011-12-15,000039,5.0,4.47,5.08,4.47,184007,238476192.0,12.15,-10.96,-0.55,1.49
2011-12-16,000039,4.47,4.68,4.69,4.25,157854,195710736.0,9.84,4.7,0.21,1.28
2011-12-19,000039,4.54,4.61,4.72,4.39,104444,130094616.0,7.05,-1.5,-0.07,0.85
2011-12-20,000039,4.59,4.59,4.79,4.57,97887,125020944.0,4.77,-0.43,-0.02,0.79
2011-12-21,000039,4.72,4.4,4.74,4.38,88680,112032000.0,7.84,-4.14,-0.19,0.72
2011-12-22,000039,4.26,4.4,4.52,4.16,114161,138676928.0,8.18,0.0,0.0,0.93
2011-12-23,000039,4.36,4.56,4.71,4.31,142560,178863520.0,9.09,3.64,0.16,1.16
2011-12-26,000039,4.52,4.55,4.68,4.51,85425,107815040.0,3.73,-0.22,-0.01,0.69
2011-12-27,000039,4.49,4.36,4.57,4.35,69571,86114960.0,4.84,-4.18,-0.19,0.57
2011-12-28,000039,4.36,4.64,4.66,4.28,152111,189075872.0,8.72,6.42,0.28,1.24
2011-12-29,000039,4.57,4.65,4.79,4.55,142433,181729184.0,5.17,0.22,0.01,1.16
2011-12-30,000039,4.68,4.72,4.76,4.61,105923,135804000.0,3.23,1.51,0.07,0.86
2012-01-04,000039,4.78,4.39,4.86,4.39,137459,175165200.0,9.96,-6.99,-0.33,1.12
2012-01-05,000039,4.3,4.33,4.5,4.28,91246,111844640.0,5.01,-1.37,-0.06,0.74
2012-01-06,000039,4.35,4.41,4.44,4.18,106397,128700184.0,6.0,1.85,0.08,0.86
2012-01-09,000039,4.41,4.84,4.86,4.39,165122,210450608.0,10.66,9.75,0.43,1.34
2012-01-10,000039,4.8,5.24,5.36,4.77,344621,463589696.0,12.19,8.26,0.4,2.8
2012-01-11,000039,5.19,5.16,5.28,5.06,183261,249733248.0,4.2,-1.53,-0.08,1.49
2012-01-12,000039,5.13,5.13,5.38,5.09,147674,203566464.0,5.62,-0.58,-0.03,1.2
2012-01-13,000039,5.18,4.9,5.2,4.84,149575,198649392.0,7.02,-4.48,-0.23,1.21
2012-01-16,000039,4.86,4.95,4.99,4.8,119646,158209904.0,3.88,1.02,0.05,0.97
2012-01-17,000039,4.94,5.45,5.49,4.86,238704,329513216.0,12.73,10.1,0.5,1.94
2012-01-18,000039,5.44,5.25,5.53,5.22,167128,234107728.0,5.69,-3.67,-0.2,1.36
2012-01-19,000039,5.25,5.4,5.49,5.21,144915,202770864.0,5.33,2.86,0.15,1.18
2012-01-20,000039,5.4,5.66,5.74,5.4,271134,390898816.0,6.3,4.81,0.26,2.2
2012-01-30,000039,5.68,5.45,5.68,5.43,139135,199608368.0,4.42,-3.71,-0.21,1.13
2012-01-31,000039,5.43,5.38,5.5,5.29,83013,116250936.0,3.85,-1.28,-0.07,0.67
2012-02-01,000039,5.36,5.2,5.48,5.18,97689,136154528.0,5.58,-3.35,-0.18,0.79
2012-02-02,000039,5.24,5.38,5.39,5.19,214720,296656160.0,3.85,3.46,0.18,1.74
2012-02-03,000039,5.3,5.34,5.4,5.18,231683,322304064.0,4.09,-0.74,-0.04,1.88
2012-02-06,000039,5.36,5.34,5.44,5.28,149628,209635584.0,3.0,0.0,0.0,1.21
2012-02-07,000039,5.29,5.19,5.29,5.15,112590,154447264.0,2.62,-2.81,-0.15,0.91
2012-02-08,000039,5.17,5.43,5.44,5.17,161007,224846768.0,5.2,4.62,0.24,1.31
2012-02-09,000039,5.43,5.41,5.51,5.39,154473,218749872.0,2.21,-0.37,-0.02,1.25
2012-02-10,000039,5.39,5.45,5.6,5.36,187538,267562144.0,4.44,0.74,0.04,1.52
2012-02-13,000039,5.41,5.61,5.65,5.37,204276,293637760.0,5.14,2.94,0.16,1.66
2012-02-14,000039,5.63,5.51,5.63,5.49,115759,165547024.0,2.5,-1.78,-0.1,0.94
2012-02-15,000039,5.51,5.64,5.75,5.43,181355,262002080.0,5.81,2.36,0.13,1.47
2012-02-16,000039,5.64,5.55,5.7,5.45,168304,242432384.0,4.43,-1.6,-0.09,1.37
2012-02-17,000039,5.59,5.55,5.64,5.49,108648,156150384.0,2.7,0.0,0.0,0.88
2012-02-20,000039,5.71,5.66,5.84,5.65,259138,380913056.0,3.42,1.98,0.11,2.1
2012-02-21,000039,5.61,5.73,5.76,5.53,154876,224651984.0,4.06,1.24,0.07,1.26
2012-02-22,000039,5.86,5.81,5.89,5.76,164856,244213872.0,2.27,1.4,0.08,1.34
2012-02-23,000039,5.79,5.81,5.94,5.75,135685,201471248.0,3.27,0.0,0.0,1.1
2012-02-24,000039,5.82,6.19,6.25,5.75,340961,517021248.0,8.61,6.54,0.38,2.77
2012-02-27,000039,6.13,6.16,6.39,6.11,268164,418357344.0,4.52,-0.48,-0.03,2.18
2012-02-28,000039,6.14,6.2,6.42,6.11,227222,355296448.0,5.03,0.65,0.04,1.85
2012-02-29,000039,6.18,6.08,6.23,5.99,171192,262326048.0,3.87,-1.94,-0.12,1.39
2012-03-02,000039,6.12,6.43,6.49,6.12,232644,366670848.0,6.09,5.76,0.35,1.89
2012-03-05,000039,6.48,6.54,6.76,6.48,298133,485880768.0,4.35,1.71,0.11,2.42
2012-03-06,000039,6.48,6.46,6.53,6.32,186864,297039488.0,3.21,-1.22,-0.08,1.52
2012-03-07,000039,6.36,6.42,6.68,6.31,192467,308678304.0,5.73,-0.62,-0.04,1.56
2012-03-08,000039,6.48,6.46,6.55,6.32,168672,269202016.0,3.58,0.62,0.04,1.37
2012-03-09,000039,6.51,6.69,6.72,6.4,169534,275026752.0,4.95,3.56,0.23,1.38
2012-03-12,000039,6.69,6.58,6.8,6.46,189791,307266432.0,5.08,-1.64,-0.11,1.54
2012-03-13,000039,6.61,6.64,6.69,6.51,136638,221842512.0,2.74,0.91,0.06,1.11
2012-03-14,000039,6.68,6.22,6.75,6.11,288157,458050944.0,9.64,-6.33,-0.42,2.34
2012-03-15,000039,6.19,6.02,6.26,5.91,178278,271607424.0,5.63,-3.22,-0.2,1.45
2012-03-16,000039,6.01,6.19,6.2,5.99,145134,222775616.0,3.49,2.82,0.17,1.18
2012-03-19,000039,6.19,6.35,6.36,6.04,127972,198070928.0,5.17,2.58,0.16,1.04
2012-03-20,000039,6.3,6.09,6.3,6.08,102458,157840750.0,3.46,-4.09,-0.26,0.83
2012-03-21,000039,6.11,6.11,6.19,5.99,88349,135323967.0,3.28,0.33,0.02,0.72
2012-03-22,000039,6.2,6.11,6.3,6.04,106151,163929186.0,4.26,0.0,0.0,0.86
2012-03-23,000039,6.04,5.76,6.05,5.73,150603,224300262.0,5.24,-5.73,-0.35,1.22
2012-03-26,000039,5.75,5.58,5.8,5.5,125417,181359960.0,5.21,-3.13,-0.18,1.02
2012-03-27,000039,5.61,5.6,5.71,5.57,77152,111770962.0,2.51,0.36,0.02,0.63
2012-03-28,000039,5.59,5.38,5.65,5.31,116237,166125948.0,6.07,-3.93,-0.22,0.94
2012-03-29,000039,5.37,5.14,5.37,5.06,108658,149260548.0,5.76,-4.46,-0.24,0.88
2012-03-30,000039,5.14,5.14,5.22,5.08,64251,87390310.0,2.72,0.0,0.0,0.52
2012-04-05,000039,5.15,5.5,5.6,5.09,139175,195388862.0,9.92,7.0,0.36,1.13
2012-04-06,000039,5.49,5.45,5.54,5.37,101338,143763164.0,3.09,-0.91,-0.05,0.82
2012-04-09,000039,5.4,5.43,5.55,5.34,79024,112133187.0,3.85,-0.37,-0.02,0.64
2012-04-10,000039,5.36,5.45,5.45,5.11,106363,147913130.0,6.26,0.37,0.02,0.86
2012-04-11,000039,5.34,5.4,5.54,5.27,68488,96341228.0,4.95,-0.92,-0.05,0.56
2012-04-12,000039,5.25,5.18,5.26,4.81,313435,423144896.0,8.33,-4.07,-0.22,2.55
2012-04-13,000039,5.35,5.57,5.74,5.25,322693,456796144.0,9.46,7.53,0.39,2.62
2012-04-16,000039,5.47,5.55,5.69,5.46,151005,217673476.0,4.13,-0.36,-0.02,1.23
2012-04-17,000039,5.48,5.38,5.53,5.35,109459,154560865.0,3.24,-3.06,-0.17,0.89
2012-04-18,000039,5.4,5.6,5.67,5.36,137679,197785691.0,5.76,4.09,0.22,1.12
2012-04-19,000039,5.58,5.64,5.69,5.51,86709,125267163.0,3.21,0.71,0.04,0.7
2012-04-20,000039,5.61,5.68,5.73,5.58,90188,131299516.0,2.66,0.71,0.04,0.73
2012-04-23,000039,5.68,5.71,5.76,5.61,99270,145013911.0,2.64,0.53,0.03,0.81
2012-04-24,000039,5.64,5.58,5.78,5.46,115917,167774404.0,5.6,-2.28,-0.13,0.94
2012-04-25,000039,5.57,5.9,5.93,5.51,194378,289071424.0,7.53,5.73,0.32,1.58
2012-04-26,000039,5.91,6.19,6.33,5.91,238433,369203392.0,7.12,4.92,0.29,1.94
2012-04-27,000039,6.17,6.19,6.36,6.13,149975,233899301.0,3.72,0.0,0.0,1.22
2012-05-02,000039,6.35,6.41,6.47,6.18,167497,264408883.0,4.68,3.55,0.22,1.36
2012-05-03,000039,6.41,6.45,6.58,6.34,117775,188691360.0,3.74,0.62,0.04,0.96
2012-05-04,000039,6.45,6.36,6.51,6.29,110028,173761057.0,3.41,-1.4,-0.09,0.89
2012-05-07,000039,6.29,6.19,6.45,6.18,142012,222674655.0,4.25,-2.67,-0.17,1.15
2012-05-08,000039,6.2,6.27,6.45,6.19,142372,224054598.0,4.2,1.29,0.08,1.16
2012-05-09,000039,6.18,6.19,6.39,6.07,156218,243392518.0,5.1,-1.28,-0.08,1.27
2012-05-10,000039,6.25,6.13,6.36,6.04,94897,147282711.0,5.17,-0.97,-0.06,0.77
2012-05-11,000039,6.08,6.13,6.29,6.05,104774,161887273.0,3.92,0.0,0.0,0.85
2012-05-14,000039,6.22,6.03,6.28,5.99,76628,118109686.0,4.73,-1.63,-0.1,0.62
2012-05-15,000039,5.92,6.13,6.13,5.89,105140,159439863.0,3.98,1.66,0.1,0.85
2012-05-16,000039,6.13,5.83,6.13,5.78,139088,207997297.0,5.71,-4.89,-0.3,1.13
2012-05-17,000039,5.83,5.87,5.98,5.55,128162,189210606.0,7.38,0.69,0.04,1.04
2012-05-18,000039,5.74,5.73,5.87,5.67,60320,88730972.0,3.41,-2.39,-0.14,0.49
2012-05-21,000039,5.7,5.75,5.81,5.7,41361,60889077.0,1.92,0.35,0.02,0.34
2012-05-22,000039,5.81,5.97,5.97,5.79,78553,117773921.0,3.13,3.83,0.22,0.64
2012-05-23,000039,5.94,5.86,6.03,5.79,63890,95453856.0,4.02,-1.84,-0.11,0.52
2012-05-24,000039,5.81,5.76,5.9,5.75,45556,67588954.0,2.56,-1.71,-0.1,0.37
2012-05-28,000039,5.62,5.75,5.75,5.51,111686,161431441.0,4.17,-0.17,-0.01,0.91
2012-05-29,000039,5.74,5.88,5.99,5.7,123482,183912111.0,5.04,2.26,0.13,1.0
2012-05-30,000039,5.87,5.92,5.95,5.82,68762,102913671.0,2.21,0.68,0.04,0.56
2012-05-31,000039,5.86,5.93,6.02,5.82,69053,103645158.0,3.38,0.17,0.01,0.56
2012-06-01,000039,5.96,5.94,6.11,5.89,77930,118255782.0,3.71,0.17,0.01,0.63
2012-06-04,000039,5.76,5.65,5.82,5.64,68526,100418221.0,3.03,-4.88,-0.29,0.56
2012-06-05,000039,5.69,5.69,5.76,5.65,50779,74141000.0,1.95,0.71,0.04,0.41
2012-06-06,000039,5.69,5.68,5.77,5.63,30756,44882682.0,2.46,-0.18,-0.01,0.25
2012-06-07,000039,5.78,5.49,5.79,5.45,56488,81414074.0,5.99,-3.35,-0.19,0.46
2012-06-08,000039,5.6,5.41,5.6,5.41,42820,61076935.0,3.46,-1.46,-0.08,0.35
2012-06-11,000039,5.5,5.49,5.56,5.36,50099,71002372.0,3.7,1.48,0.08,0.41
2012-06-12,000039,5.45,5.43,5.49,5.41,25672,36314064.0,1.46,-1.09,-0.06,0.21
2012-06-13,000039,5.44,5.59,5.6,5.44,38797,55607463.0,2.95,2.95,0.16,0.32
2012-06-14,000039,5.6,5.6,5.69,5.6,38506,55900201.0,1.61,0.18,0.01,0.31
2012-06-15,000039,5.64,5.67,5.71,5.52,39931,57814891.0,3.39,1.25,0.07,0.32
2012-06-18,000039,5.78,5.73,5.78,5.67,41883,61363588.0,1.94,1.06,0.06,0.34
2012-06-19,000039,5.73,5.75,5.83,5.71,49611,73070185.0,2.09,0.35,0.02,0.4
2012-06-20,000039,5.79,5.71,5.79,5.68,45784,67150697.0,1.91,-0.7,-0.04,0.37
2012-06-21,000039,5.72,5.48,5.72,5.46,56047,77665556.0,4.55,-4.03,-0.23,0.46
2012-06-25,000039,5.49,5.11,5.55,5.09,88510,119006605.0,8.39,-6.75,-0.37,0.72
2012-06-26,000039,5.12,5.01,5.23,4.99,74537,97187471.0,4.7,-1.96,-0.1,0.61
2012-06-27,000039,5.04,5.17,5.38,5.04,101229,134977458.0,6.79,3.19,0.16,0.82
2012-06-28,000039,5.2,5.12,5.22,5.03,56516,74195747.0,3.68,-0.97,-0.05,0.46
2012-06-29,000039,5.07,5.23,5.24,5.07,40621,53542658.0,3.32,2.15,0.11,0.33
2012-07-02,000039,5.31,5.2,5.31,5.15,48896,65115782.0,3.06,-0.57,-0.03,0.4
2012-07-03,000039,5.2,5.3,5.41,5.2,71969,96999938.0,4.04,1.92,0.1,0.58
2012-07-04,000039,5.39,5.19,5.4,5.11,75296,100017483.0,5.47,-2.08,-0.11,0.61
2012-07-05,000039,5.13,5.06,5.16,5.04,46086,59989303.0,2.31,-2.5,-0.13,0.37
2012-07-06,000039,5.1,5.14,5.18,4.94,58121,75453248.0,4.74,1.58,0.08,0.47
2012-07-09,000039,5.1,4.93,5.11,4.93,49121,63591787.0,3.5,-4.09,-0.21,0.4
2012-07-10,000039,4.93,4.98,5.05,4.92,32842,42349246.0,2.64,1.01,0.05,0.27
2012-07-11,000039,4.98,5.04,5.11,4.98,32948,42725161.0,2.61,1.2,0.06,0.27
2012-07-12,000039,5.05,5.13,5.18,4.95,55823,72744856.0,4.56,1.79,0.09,0.45
2012-07-13,000039,5.11,5.11,5.17,5.06,40085,52583218.0,2.14,-0.39,-0.02,0.33
2012-08-15,000039,5.11,4.39,5.11,4.39,318844,381002624.0,14.09,-14.09,-0.72,2.59
2012-08-16,000039,4.23,4.05,4.23,3.98,223318,249834481.0,5.69,-7.74,-0.34,1.81
2012-08-17,000039,4.0,4.08,4.1,3.95,135743,151128349.0,3.7,0.74,0.03,1.1
2012-08-20,000039,3.99,4.12,4.16,3.95,124721,139537679.0,5.15,0.98,0.04,1.01
2012-08-21,000039,4.09,4.05,4.15,4.01,119329,133991699.0,3.4,-1.7,-0.07,0.97
2012-08-22,000039,4.05,3.77,4.05,3.73,210821,227337178.0,7.9,-6.91,-0.28,1.71
2012-08-23,000039,3.78,3.8,3.81,3.69,73467,78459105.0,3.18,0.8,0.03,0.6
2012-08-24,000039,3.77,3.65,3.77,3.6,101745,106562533.0,4.47,-3.95,-0.15,0.83
2012-08-27,000039,3.64,3.56,3.73,3.53,123451,129139381.0,5.48,-2.47,-0.09,1.0
2012-08-28,000039,3.54,3.55,3.63,3.49,69372,71554312.0,3.93,-0.28,-0.01,0.56
2012-08-29,000039,3.55,3.51,3.6,3.5,50808,52227530.0,2.82,-1.13,-0.04,0.41
2012-08-30,000039,3.53,3.45,3.57,3.38,70762,71796778.0,5.41,-1.71,-0.06,0.57
2012-08-31,000039,3.46,3.45,3.55,3.44,58407,59326990.0,3.19,0.0,0.0,0.47
2012-09-03,000039,3.45,3.48,3.5,3.4,90165,91276088.0,2.9,0.87,0.03,0.73
2012-09-04,000039,3.49,3.25,3.5,3.25,115524,115089096.0,7.18,-6.61,-0.23,0.94
2012-09-05,000039,3.24,3.13,3.24,3.09,102033,97577329.0,4.62,-3.69,-0.12,0.83
2012-09-06,000039,3.13,3.18,3.21,3.12,79575,76330836.0,2.88,1.6,0.05,0.65
2012-09-07,000039,3.23,3.59,3.71,3.23,276822,283468576.0,15.09,12.89,0.41,2.25
2012-09-10,000039,3.6,3.55,3.69,3.48,226422,233747696.0,5.85,-1.11,-0.04,1.84
2012-09-11,000039,3.54,3.51,3.54,3.45,98131,99802338.0,2.54,-1.13,-0.04,0.8
2012-09-12,000039,3.56,3.68,3.7,3.5,154037,159504795.0,5.7,4.84,0.17,1.25
2012-09-13,000039,3.68,3.57,3.76,3.56,135646,142719486.0,5.43,-2.99,-0.11,1.1
2012-09-14,000039,3.6,3.59,3.66,3.56,98298,102058443.0,2.8,0.56,0.02,0.8
2012-09-17,000039,3.58,3.38,3.59,3.36,82465,83834599.0,6.41,-5.85,-0.21,0.67
2012-09-18,000039,3.34,3.3,3.39,3.28,51001,50367344.0,3.25,-2.37,-0.08,0.41
2012-09-19,000039,3.31,3.36,3.44,3.3,43709,43590206.0,4.24,1.82,0.06,0.35
2012-09-20,000039,3.33,3.15,3.34,3.11,66256,64306129.0,6.85,-6.25,-0.21,0.54
2012-09-21,000039,3.15,3.16,3.24,3.11,49645,47693363.0,4.13,0.32,0.01,0.4
2012-09-24,000039,3.15,3.2,3.23,3.0,72679,69153806.0,7.28,1.27,0.04,0.59
2012-09-25,000039,3.18,3.09,3.2,3.08,48562,46270712.0,3.75,-3.44,-0.11,0.39
2012-09-26,000039,3.12,3.13,3.34,3.11,95002,91890208.0,7.44,1.29,0.04,0.77
2012-09-27,000039,3.11,3.33,3.36,3.09,105086,102424456.0,8.63,6.39,0.2,0.85
2012-09-28,000039,3.29,3.55,3.64,3.25,208151,213230830.0,11.71,6.61,0.22,1.69
2012-10-08,000039,3.53,3.5,3.67,3.48,98109,100655814.0,5.35,-1.41,-0.05,0.8
2012-10-09,000039,3.56,3.63,3.65,3.5,106200,110368718.0,4.29,3.71,0.13,0.86
2012-10-10,000039,3.63,3.63,3.64,3.55,71681,74363592.0,2.48,0.0,0.0,0.58
2012-10-11,000039,3.61,3.52,3.62,3.48,74301,76359390.0,3.86,-3.03,-0.11,0.6
2012-10-12,000039,3.53,3.49,3.61,3.46,46712,47810648.0,4.26,-0.85,-0.03,0.38
2012-10-15,000039,3.47,3.43,3.47,3.34,54586,54487437.0,3.72,-1.72,-0.06,0.44
2012-10-16,000039,3.43,3.43,3.48,3.36,45163,45477688.0,3.5,0.0,0.0,0.37
2012-10-17,000039,3.46,3.43,3.49,3.38,33438,33655968.0,3.21,0.0,0.0,0.27
2012-10-18,000039,3.45,3.59,3.63,3.43,87556,90236782.0,5.83,4.66,0.16,0.71
2012-10-19,000039,3.6,3.55,3.63,3.54,46175,47711017.0,2.51,-1.11,-0.04,0.37
2012-10-22,000039,3.53,3.54,3.56,3.45,43340,44131059.0,3.1,-0.28,-0.01,0.35
2012-10-23,000039,3.55,3.49,3.58,3.47,46557,47700030.0,3.11,-1.41,-0.05,0.38
2012-10-24,000039,3.45,3.55,3.6,3.44,52656,54120895.0,4.58,1.72,0.06,0.43
2012-10-25,000039,3.55,3.6,3.69,3.53,103381,107738424.0,4.51,1.41,0.05,0.84
2012-10-26,000039,3.6,3.37,3.6,3.35,72666,73132786.0,6.94,-6.39,-0.23,0.59
2012-10-29,000039,3.34,3.36,3.41,3.31,36191,36046083.0,2.97,-0.3,-0.01,0.29
2012-10-30,000039,3.36,3.4,3.46,3.36,39122,39324209.0,2.98,1.19,0.04,0.32
2012-10-31,000039,3.38,3.39,3.43,3.34,36709,36589907.0,2.65,-0.29,-0.01,0.3
2012-11-01,000039,3.39,3.55,3.57,3.36,73170,74559022.0,6.19,4.72,0.16,0.59
2012-11-02,000039,3.56,3.53,3.6,3.51,57864,59480875.0,2.54,-0.56,-0.02,0.47
2012-11-05,000039,3.53,3.54,3.6,3.51,41607,42824455.0,2.55,0.28,0.01,0.34
2012-11-06,000039,3.54,3.48,3.57,3.39,51509,52045082.0,5.08,-1.69,-0.06,0.42
2012-11-07,000039,3.48,3.45,3.5,3.43,39391,39927261.0,2.01,-0.86,-0.03,0.32
2012-11-08,000039,3.41,3.25,3.41,3.24,79740,78887875.0,4.93,-5.8,-0.2,0.65
2012-11-09,000039,3.26,3.28,3.3,3.21,37112,36196483.0,2.77,0.92,0.03,0.3
2012-11-12,000039,3.29,3.34,3.34,3.28,33172,32672802.0,1.83,1.83,0.06,0.27
2012-11-13,000039,3.33,3.23,3.36,3.21,35247,34434052.0,4.49,-3.29,-0.11,0.29
2012-11-14,000039,3.22,3.24,3.26,3.19,28774,28014795.0,2.17,0.31,0.01,0.23
2012-11-15,000039,3.21,3.16,3.28,3.16,33306,32221421.0,3.7,-2.47,-0.08,0.27
2012-11-16,000039,3.2,3.13,3.2,3.09,32210,30724570.0,3.48,-0.95,-0.03,0.26
2012-11-19,000039,3.13,3.13,3.16,3.04,33826,31922112.0,3.83,0.0,0.0,0.27
2012-11-20,000039,3.15,3.14,3.24,3.13,31194,29972292.0,3.51,0.32,0.01,0.25
2012-11-21,000039,3.14,3.24,3.24,3.13,36426,35078365.0,3.5,3.18,0.1,0.3
2012-11-22,000039,3.19,3.16,3.21,3.14,26563,25525807.0,2.16,-2.47,-0.08,0.22
2012-11-23,000039,3.18,3.2,3.25,3.17,20761,20092050.0,2.53,1.27,0.04,0.17
2012-11-26,000039,3.18,3.18,3.23,3.15,23332,22522255.0,2.5,-0.63,-0.02,0.19
2012-11-27,000039,3.16,3.04,3.19,3.03,35919,34080797.0,5.03,-4.4,-0.14,0.29
2012-11-28,000039,3.01,3.0,3.06,2.96,34700,32278591.0,3.29,-1.32,-0.04,0.28
2012-11-29,000039,2.99,2.98,3.05,2.96,22579,20968706.0,3.0,-0.67,-0.02,0.18
2012-11-30,000039,2.98,3.04,3.09,2.98,30429,28392178.0,3.69,2.01,0.06,0.25
2012-12-03,000039,3.04,2.92,3.05,2.9,38843,36101560.0,4.93,-3.95,-0.12,0.32
2012-12-04,000039,2.94,2.95,2.99,2.89,45803,42036485.0,3.42,1.03,0.03,0.37
2012-12-05,000039,2.95,3.14,3.2,2.93,85713,81430474.0,9.15,6.44,0.19,0.7
2012-12-06,000039,3.15,3.29,3.31,3.14,89939,87179483.0,5.41,4.78,0.15,0.73
2012-12-07,000039,3.26,3.51,3.55,3.25,146193,146905313.0,9.12,6.69,0.22,1.19
2012-12-10,000039,3.54,3.51,3.59,3.45,112365,115067053.0,3.99,0.0,0.0,0.91
2012-12-11,000039,3.51,3.68,3.68,3.44,105318,108540598.0,6.84,4.84,0.17,0.86
2012-12-12,000039,3.79,3.86,4.03,3.6,255271,274663696.0,11.68,4.89,0.18,2.07
2012-12-13,000039,3.79,3.61,3.83,3.59,194213,204437355.0,6.22,-6.48,-0.25,1.58
2012-12-14,000039,3.62,3.86,3.89,3.61,236183,252989687.0,7.76,6.93,0.25,1.92
2012-12-17,000039,3.83,3.83,3.89,3.78,171355,185077225.0,2.85,-0.78,-0.03,1.39
2012-12-18,000039,3.81,3.89,4.04,3.81,198980,219430562.0,6.01,1.57,0.06,1.62
2012-12-19,000039,3.88,3.78,3.89,3.76,133584,143786099.0,3.34,-2.83,-0.11,1.08
2012-12-20,000039,3.77,3.84,3.9,3.71,146154,157655787.0,5.03,1.59,0.06,1.19
2012-12-21,000039,3.86,3.82,3.94,3.79,98750,106739320.0,3.91,-0.52,-0.02,0.8
2012-12-24,000039,3.8,3.74,3.89,3.72,83390,89458113.0,4.45,-2.09,-0.08,0.68
2012-12-25,000039,3.73,3.85,3.92,3.67,158181,170702703.0,6.68,2.94,0.11,1.28
2012-12-26,000039,3.85,4.22,4.44,3.84,313549,357919568.0,15.58,9.61,0.37,2.55
2012-12-27,000039,4.25,4.17,4.3,4.07,172851,196278307.0,5.45,-1.18,-0.05,1.4
2012-12-28,000039,4.15,4.2,4.24,4.13,100802,115460409.0,2.64,0.72,0.03,0.82
2012-12-31,000039,4.2,4.24,4.36,4.2,133167,153830638.0,3.81,0.95,0.04,1.08
2013-01-04,000039,4.78,4.59,4.88,4.54,394258,488221808.0,8.02,8.25,0.35,3.2
2013-01-07,000039,4.59,4.79,4.86,4.5,241652,297573504.0,7.84,4.36,0.2,1.96
2013-01-08,000039,4.75,4.86,5.04,4.71,219513,277500688.0,6.89,1.46,0.07,1.78
2013-01-09,000039,4.83,4.84,4.96,4.73,155374,195259962.0,4.73,-0.41,-0.02,1.26
2013-01-10,000039,4.81,4.9,4.95,4.75,150553,190451277.0,4.13,1.24,0.06,1.22
2013-01-11,000039,4.89,4.9,5.14,4.84,258610,333935728.0,6.12,0.0,0.0,2.1
2013-01-14,000039,4.89,5.17,5.22,4.79,176295,228451707.0,8.78,5.51,0.27,1.43
2013-01-15,000039,5.18,5.11,5.3,5.01,152459,200770880.0,5.61,-1.16,-0.06,1.24
2013-01-16,000039,5.11,5.01,5.16,4.87,125827,162558301.0,5.68,-1.96,-0.1,1.02
2013-01-17,000039,4.98,4.88,5.11,4.81,104700,134000913.0,5.99,-2.59,-0.13,0.85
2013-01-18,000039,4.96,5.04,5.07,4.86,121970,156964465.0,4.3,3.28,0.16,0.99
2013-01-21,000039,5.05,5.12,5.21,4.98,123623,162100510.0,4.56,1.59,0.08,1.0
2013-01-22,000039,5.13,5.48,5.73,5.05,319141,434758112.0,13.28,7.03,0.36,2.59
2013-01-23,000039,5.73,5.76,6.19,5.68,458107,664270608.0,9.31,5.11,0.28,3.72
2013-01-24,000039,5.62,5.74,6.03,5.61,350624,506288016.0,7.29,-0.35,-0.02,2.85
2013-01-25,000039,5.67,5.58,5.78,5.44,141210,197017046.0,5.92,-2.79,-0.16,1.15
2013-01-28,000039,5.6,5.74,5.83,5.51,127757,181163704.0,5.73,2.87,0.16,1.04
2013-01-29,000039,5.8,5.7,5.95,5.6,131709,187801722.0,6.1,-0.7,-0.04,1.07
2013-01-30,000039,5.77,5.74,5.88,5.65,114888,163362727.0,4.04,0.7,0.04,0.93
2013-01-31,000039,5.68,5.66,5.78,5.59,100060,140530960.0,3.31,-1.39,-0.08,0.81
2013-02-01,000039,5.66,5.68,5.75,5.59,120100,169515520.0,2.83,0.35,0.02,0.98
2013-02-04,000039,5.69,5.76,5.93,5.69,132626,190145045.0,4.23,1.41,0.08,1.08
2013-02-05,000039,5.71,5.59,5.83,5.5,163214,228978247.0,5.73,-2.95,-0.17,1.33
2013-02-06,000039,5.59,5.52,5.65,5.48,106299,147051886.0,3.04,-1.25,-0.07,0.86
2013-02-07,000039,5.55,5.56,5.59,5.43,84545,116883685.0,2.9,0.72,0.04,0.69
2013-02-08,000039,5.58,5.8,5.86,5.58,145154,206182678.0,5.04,4.32,0.24,1.18
2013-02-18,000039,5.84,5.75,5.91,5.66,79014,112825007.0,4.31,-0.86,-0.05,0.64
2013-02-19,000039,5.68,5.58,5.75,5.55,77432,108515792.0,3.48,-2.96,-0.17,0.63
2013-02-20,000039,5.56,5.81,5.84,5.56,112635,159453167.0,5.02,4.12,0.23,0.91
2013-02-21,000039,5.73,5.29,5.73,5.23,163798,224028399.0,8.61,-8.95,-0.52,1.33
2013-02-22,000039,5.33,5.11,5.44,5.09,113690,152559928.0,6.62,-3.4,-0.18,0.92
2013-02-25,000039,5.18,5.26,5.32,5.11,80946,107389847.0,4.11,2.94,0.15,0.66
2013-02-26,000039,5.22,4.95,5.23,4.89,94725,123739893.0,6.46,-5.89,-0.31,0.77
2013-02-27,000039,4.98,5.07,5.11,4.95,67683,87716203.0,3.23,2.42,0.12,0.55
2013-02-28,000039,5.09,5.33,5.37,5.09,87584,117132432.0,5.52,5.13,0.26,0.71
2013-03-01,000039,5.35,5.24,5.38,5.19,99115,132763719.0,3.56,-1.69,-0.09,0.8
2013-03-04,000039,5.2,4.98,5.2,4.93,103156,133910495.0,5.15,-4.96,-0.26,0.84
2013-03-05,000039,5.05,5.2,5.24,4.94,79200,103935653.0,6.02,4.42,0.22,0.64
2013-03-06,000039,5.21,5.26,5.34,5.17,95338,127455522.0,3.27,1.15,0.06,0.77
2013-03-07,000039,5.25,5.35,5.5,5.19,111967,151935348.0,5.89,1.71,0.09,0.91
2013-03-08,000039,5.34,5.35,5.52,5.33,54328,74053495.0,3.55,0.0,0.0,0.44
2013-03-11,000039,5.35,5.34,5.51,5.33,59331,80691707.0,3.36,-0.19,-0.01,0.48
2013-03-12,000039,5.36,5.24,5.38,5.04,88865,117438846.0,6.37,-1.87,-0.1,0.72
2013-03-13,000039,5.2,4.99,5.24,4.95,65808,85684910.0,5.53,-4.77,-0.25,0.53
2013-03-14,000039,4.94,4.93,5.05,4.86,47102,60302593.0,3.81,-1.2,-0.06,0.38
2013-03-15,000039,4.99,4.79,5.08,4.78,79639,101428507.0,6.09,-2.84,-0.14,0.65
2013-03-18,000039,4.76,4.61,4.84,4.56,70505,87160561.0,5.85,-3.76,-0.18,0.57
2013-03-19,000039,4.68,4.73,4.8,4.65,44487,55305069.0,3.25,2.6,0.12,0.36
2013-03-20,000039,4.73,4.93,4.96,4.7,78138,98361790.0,5.5,4.23,0.2,0.63
2013-03-21,000039,4.97,5.13,5.2,4.95,92985,121603306.0,5.07,4.06,0.2,0.76
2013-03-22,000039,5.11,5.06,5.11,4.95,53889,69851324.0,3.12,-1.36,-0.07,0.44
2013-03-25,000039,5.06,5.03,5.16,4.98,45016,58366965.0,3.56,-0.59,-0.03,0.37
2013-03-26,000039,5.0,4.9,5.0,4.85,52312,66539942.0,2.98,-2.58,-0.13,0.42
2013-03-27,000039,4.91,4.98,5.08,4.89,37843,48609521.0,3.88,1.63,0.08,0.31
2013-03-28,000039,4.86,4.78,4.98,4.75,86420,109046043.0,4.62,-4.02,-0.2,0.7
2013-03-29,000039,4.85,4.76,4.88,4.76,38708,48654202.0,2.51,-0.42,-0.02,0.31
2013-04-01,000039,4.76,4.8,4.89,4.73,36457,45801346.0,3.36,0.84,0.04,0.3
2013-04-02,000039,4.75,4.86,4.97,4.75,53922,68614561.0,4.58,1.25,0.06,0.44
2013-04-03,000039,4.9,4.84,4.99,4.74,51333,65143116.0,5.14,-0.41,-0.02,0.42
2013-04-08,000039,4.64,4.74,4.85,4.56,67816,83636131.0,5.99,-2.07,-0.1,0.55
2013-04-09,000039,4.8,4.7,4.83,4.68,58396,72503658.0,3.16,-0.84,-0.04,0.47
2013-04-10,000039,4.7,4.63,4.78,4.61,47659,58837076.0,3.62,-1.49,-0.07,0.39
2013-04-11,000039,4.71,4.5,4.73,4.48,50654,61459641.0,5.4,-2.81,-0.13,0.41
2013-04-12,000039,4.5,4.43,4.54,4.42,30699,36708978.0,2.67,-1.56,-0.07,0.25
2013-04-15,000039,4.44,4.36,4.49,4.32,32594,38478644.0,3.84,-1.58,-0.07,0.26
2013-04-16,000039,4.33,4.43,4.43,4.28,47804,56017445.0,3.44,1.61,0.07,0.39
2013-04-17,000039,4.44,4.38,4.49,4.3,35768,42123201.0,4.29,-1.13,-0.05,0.29
2013-04-18,000039,4.38,4.41,4.44,4.3,39696,46819377.0,3.2,0.68,0.03,0.32
2013-04-19,000039,4.44,4.58,4.6,4.39,53276,64174554.0,4.76,3.85,0.17,0.43
2013-04-22,000039,4.59,4.75,4.78,4.53,96290,117757221.0,5.46,3.71,0.17,0.78
2013-04-23,000039,4.7,4.36,4.7,4.29,100520,119830415.0,8.63,-8.21,-0.39,0.82
2013-04-24,000039,4.38,4.48,4.51,4.33,49083,58287594.0,4.13,2.75,0.12,0.4
2013-04-25,000039,4.44,4.39,4.51,4.34,46144,54736364.0,3.79,-2.01,-0.09,0.37
2013-04-26,000039,4.42,4.2,4.48,4.2,45671,53323954.0,6.38,-4.33,-0.19,0.37
2013-05-02,000039,3.95,3.95,4.04,3.83,88306,96580183.0,5.0,-5.95,-0.25,0.72
2013-05-03,000039,3.96,4.03,4.15,3.96,42925,48176764.0,4.81,2.03,0.08,0.35
2013-05-06,000039,4.03,4.06,4.11,3.99,54516,61010699.0,2.98,0.74,0.03,0.44
2013-05-07,000039,4.05,4.04,4.06,3.99,35365,39381051.0,1.72,-0.49,-0.02,0.29
2013-05-08,000039,4.09,4.12,4.18,4.09,58337,66181631.0,2.23,1.98,0.08,0.47
2013-05-09,000039,4.13,4.03,4.15,3.97,38187,42667647.0,4.37,-2.18,-0.09,0.31
2013-05-10,000039,4.01,4.17,4.2,3.99,61610,69336806.0,5.21,3.47,0.14,0.5
2013-05-13,000039,4.17,4.3,4.39,4.11,94254,109326146.0,6.71,3.12,0.13,0.77
2013-05-14,000039,4.3,4.47,4.58,4.14,111004,130955642.0,10.23,3.95,0.17,0.9
2013-05-15,000039,4.51,4.38,4.56,4.35,56651,67127721.0,4.7,-2.01,-0.09,0.46
2013-05-16,000039,4.4,4.54,4.56,4.34,75095,90131079.0,5.02,3.65,0.16,0.61
2013-05-17,000039,4.56,4.79,4.81,4.56,120163,149104351.0,5.51,5.51,0.25,0.98
2013-05-20,000039,4.8,4.84,4.89,4.73,93289,117190129.0,3.34,1.04,0.05,0.76
2013-05-21,000039,4.85,4.83,4.9,4.75,74269,93180539.0,3.1,-0.21,-0.01,0.6
2013-05-22,000039,4.83,4.61,4.83,4.59,96931,119582673.0,4.97,-4.55,-0.22,0.79
2013-05-23,000039,4.56,4.55,4.66,4.49,66032,80062906.0,3.69,-1.3,-0.06,0.54
2013-05-24,000039,4.58,4.67,4.75,4.55,74897,92037504.0,4.4,2.64,0.12,0.61
2013-05-27,000039,4.7,4.61,4.72,4.58,63926,78336377.0,3.0,-1.28,-0.06,0.52
2013-05-28,000039,4.64,4.78,4.8,4.54,112860,139295035.0,5.64,3.69,0.17,0.92
2013-05-29,000039,4.81,4.64,4.83,4.64,146710,181843025.0,3.97,-2.93,-0.14,1.19
2013-05-30,000039,4.62,4.65,4.69,4.6,54743,67138605.0,1.94,0.22,0.01,0.44
2013-05-31,000039,4.65,4.95,5.05,4.63,234730,299535888.0,9.03,6.45,0.3,1.91
2013-06-03,000039,4.99,4.87,4.99,4.84,98993,125801840.0,3.03,-1.62,-0.08,0.8
2013-06-04,000039,4.86,4.7,4.86,4.63,78520,97152400.0,4.72,-3.49,-0.17,0.64
2013-06-05,000039,4.7,4.55,4.75,4.54,96192,117640540.0,4.47,-3.19,-0.15,0.78
2013-06-06,000039,4.56,4.33,4.6,4.3,122212,144041409.0,6.59,-4.84,-0.22,0.99
2013-06-07,000039,4.33,4.08,4.36,4.0,97965,111834395.0,8.31,-5.77,-0.25,0.8
2013-06-13,000039,3.95,3.87,3.99,3.84,86074,93864094.0,3.68,-5.15,-0.21,0.7
2013-06-14,000039,3.9,3.9,3.96,3.89,49294,54006378.0,1.81,0.78,0.03,0.4
2013-06-17,000039,3.92,4.06,4.11,3.92,76366,85083050.0,4.87,4.1,0.16,0.62
2013-06-18,000039,4.06,4.14,4.14,4.03,64152,72411804.0,2.71,1.97,0.08,0.52
2013-06-19,000039,4.11,4.03,4.19,4.0,57898,64992944.0,4.59,-2.66,-0.11,0.47
2013-06-20,000039,4.06,3.81,4.06,3.79,53886,58923470.0,6.7,-5.46,-0.22,0.44
2013-06-21,000039,3.67,3.68,3.79,3.61,65764,69279990.0,4.72,-3.41,-0.13,0.53
2013-06-24,000039,3.68,3.18,3.69,3.15,102105,101130329.0,14.67,-13.59,-0.5,0.83
2013-06-25,000039,3.15,3.14,3.17,2.83,99375,92662619.0,10.69,-1.26,-0.04,0.81
2013-06-26,000039,3.19,3.23,3.31,3.16,143977,139888849.0,4.78,2.87,0.09,1.17
2013-06-27,000039,3.28,3.43,3.66,3.18,109555,109904156.0,14.86,6.19,0.2,0.89
2013-06-28,000039,3.5,3.58,3.7,3.46,120188,124251762.0,7.0,4.37,0.15,0.98
2013-07-01,000039,3.58,3.55,3.59,3.35,75172,76537213.0,6.7,-0.84,-0.03,0.61
2013-07-02,000039,3.55,3.49,3.55,3.42,54893,55754468.0,3.66,-1.69,-0.06,0.45
2013-07-03,000039,3.45,3.38,3.45,3.31,57690,57285471.0,4.01,-3.15,-0.11,0.47
2013-07-04,000039,3.39,3.69,3.69,3.38,103060,106161760.0,9.17,9.17,0.31,0.84
2013-07-05,000039,3.7,3.55,3.7,3.53,118642,122903683.0,4.61,-3.79,-0.14,0.96
2013-07-08,000039,3.44,3.34,3.49,3.33,59268,59354195.0,4.51,-5.92,-0.21,0.48
2013-07-09,000039,3.35,3.3,3.43,3.23,34083,33740064.0,5.99,-1.2,-0.04,0.28
2013-07-10,000039,3.31,3.5,3.5,3.26,74099,74346350.0,7.27,6.06,0.2,0.6
2013-07-11,000039,3.54,3.73,3.79,3.48,140511,147028690.0,8.86,6.57,0.23,1.14
2013-07-12,000039,3.68,3.56,3.73,3.53,72377,75357745.0,5.36,-4.56,-0.17,0.59
2013-07-15,000039,3.54,3.58,3.68,3.54,58582,60805479.0,3.93,0.56,0.02,0.48
2013-07-16,000039,3.54,3.65,3.68,3.46,70563,72694324.0,6.15,1.96,0.07,0.57
2013-07-17,000039,3.61,3.5,3.74,3.45,121479,126930827.0,7.95,-4.11,-0.15,0.99
2013-07-18,000039,3.52,3.39,3.62,3.38,88262,90247684.0,6.86,-3.14,-0.11,0.72
2013-07-19,000039,3.41,3.31,3.44,3.25,74802,74111596.0,5.6,-2.36,-0.08,0.61
2013-07-22,000039,3.26,3.35,3.38,3.23,36511,36145070.0,4.53,1.21,0.04,0.3
2013-07-23,000039,3.39,3.69,3.75,3.39,165943,173272319.0,10.75,10.15,0.34,1.35
2013-07-24,000039,3.66,3.96,3.99,3.61,236214,254724045.0,10.3,7.32,0.27,1.92
2013-07-25,000039,3.98,3.95,4.03,3.88,124263,136569077.0,3.79,-0.25,-0.01,1.01
2013-07-26,000039,3.97,3.96,4.14,3.85,125614,139086271.0,7.34,0.25,0.01,1.02
2013-07-29,000039,3.89,3.73,3.89,3.63,166082,175892490.0,6.57,-5.81,-0.23,1.35
2013-07-30,000039,3.73,3.86,4.01,3.67,118013,128486425.0,9.12,3.49,0.13,0.96
2013-07-31,000039,3.89,3.85,4.1,3.81,68806,75969723.0,7.51,-0.26,-0.01,0.56
2013-08-01,000039,3.89,4.08,4.11,3.89,114707,128342475.0,5.71,5.97,0.23,0.93
2013-08-02,000039,4.14,4.06,4.31,4.03,101083,115390570.0,6.86,-0.49,-0.02,0.82
2013-08-05,000039,4.06,4.12,4.15,4.05,72158,81373203.0,2.46,1.48,0.06,0.59
2013-08-06,000039,4.09,4.08,4.11,3.99,74724,83440198.0,2.91,-0.97,-0.04,0.61
2013-08-07,000039,4.05,4.06,4.2,4.02,73914,83694288.0,4.41,-0.49,-0.02,0.6
2013-08-08,000039,4.06,3.98,4.08,3.97,52608,58484372.0,2.71,-1.97,-0.08,0.43
2013-08-09,000039,4.01,3.98,4.08,3.86,48482,53649029.0,5.53,0.0,0.0,0.39
2013-08-12,000039,4.05,4.16,4.2,4.0,98667,111863706.0,5.03,4.52,0.18,0.8
2013-08-13,000039,4.18,4.12,4.18,4.09,57587,65269755.0,2.16,-0.96,-0.04,0.47
2013-08-14,000039,4.13,4.28,4.35,4.11,129031,148999157.0,5.83,3.88,0.16,1.05
2013-08-15,000039,4.3,4.19,4.3,4.19,62639,70801171.0,2.57,-2.1,-0.09,0.51
2013-08-16,000039,4.21,4.1,4.38,4.08,94503,105916600.0,7.16,-2.15,-0.09,0.77
2013-08-19,000039,4.09,4.17,4.2,4.07,48634,54164716.0,3.17,1.71,0.07,0.39
2013-08-20,000039,4.17,4.11,4.26,4.09,59101,65933438.0,4.08,-1.44,-0.06,0.48
2013-08-21,000039,4.16,4.05,4.16,3.99,56032,61604435.0,4.14,-1.46,-0.06,0.45
2013-08-22,000039,4.01,4.01,4.12,3.98,83344,91342269.0,3.46,-0.99,-0.04,0.68
2013-08-23,000039,4.06,3.82,4.1,3.74,95747,102262046.0,8.98,-4.74,-0.19,0.78
2013-08-26,000039,3.83,4.08,4.09,3.78,106687,115404345.0,8.12,6.81,0.26,0.87
2013-08-27,000039,4.13,4.24,4.39,4.08,210443,238349967.0,7.6,3.92,0.16,1.71
2013-08-28,000039,4.16,4.6,4.8,4.09,346432,403676288.0,16.75,8.49,0.36,2.81
2013-08-29,000039,4.56,4.71,4.85,4.51,287742,348191728.0,7.39,2.39,0.11,2.34
2013-08-30,000039,4.67,4.9,5.16,4.65,452187,572271264.0,10.83,4.03,0.19,3.67
2013-09-02,000039,4.95,4.61,4.98,4.54,221821,267272217.0,8.98,-5.92,-0.29,1.8
2013-09-03,000039,4.61,4.8,4.88,4.6,168909,206294703.0,6.07,4.12,0.19,1.37
2013-09-04,000039,4.84,4.68,4.91,4.64,152956,187263359.0,5.63,-2.5,-0.12,1.24
2013-09-05,000039,4.66,4.92,5.0,4.51,182148,222109373.0,10.47,5.13,0.24,1.48
2013-09-06,000039,4.82,5.22,5.3,4.76,313888,405173536.0,10.98,6.1,0.3,2.55
2013-09-09,000039,5.19,5.64,5.85,5.16,426990,580302048.0,13.22,8.05,0.42,3.47
2013-09-10,000039,5.61,5.63,5.83,5.48,343417,475472448.0,6.21,-0.18,-0.01,2.79
2013-09-11,000039,5.65,5.51,5.78,5.44,270101,370235632.0,6.04,-2.13,-0.12,2.19
2013-09-12,000039,5.46,5.44,5.56,5.18,246659,328634112.0,6.9,-1.27,-0.07,2.0
2013-09-13,000039,5.4,6.19,6.19,5.33,485168,688760032.0,15.81,13.79,0.75,3.94
2013-09-16,000039,6.3,6.08,6.43,5.94,471218,700053520.0,7.92,-1.78,-0.11,3.83
2013-09-17,000039,6.1,5.81,6.29,5.76,302862,439806672.0,8.72,-4.44,-0.27,2.46
2013-09-18,000039,5.74,5.84,5.88,5.6,175393,244556300.0,4.82,0.52,0.03,1.42
2013-09-23,000039,5.83,5.94,6.16,5.75,169200,244187307.0,7.02,1.71,0.1,1.37
2013-09-24,000039,5.89,5.85,5.93,5.58,189540,265601008.0,5.89,-1.52,-0.09,1.54
2013-09-25,000039,5.77,5.64,5.89,5.63,140925,197388866.0,4.44,-3.59,-0.21,1.14
2013-09-26,000039,5.58,5.12,5.64,5.09,229830,304643136.0,9.75,-9.22,-0.52,1.87
2013-09-27,000039,5.09,5.16,5.27,5.02,115998,150036163.0,4.88,0.78,0.04,0.94
2013-09-30,000039,5.13,5.28,5.36,5.12,78954,104073354.0,4.65,2.33,0.12,0.64
2013-10-08,000039,5.24,5.46,5.51,5.19,158249,212248520.0,6.06,3.41,0.18,1.28
2013-10-09,000039,5.41,5.53,5.61,5.36,114620,155661691.0,4.58,1.28,0.07,0.93
2013-10-10,000039,5.5,5.65,5.81,5.45,248262,344450992.0,6.51,2.17,0.12,2.02
2013-10-11,000039,5.68,5.61,5.72,5.58,128015,176691886.0,2.48,-0.71,-0.04,1.04
2013-10-14,000039,5.63,5.59,5.73,5.57,124965,172706468.0,2.85,-0.36,-0.02,1.01
2013-10-15,000039,5.66,5.8,5.94,5.46,224940,314470240.0,8.59,3.76,0.21,1.83
2013-10-16,000039,5.69,5.39,5.71,5.19,167182,226020689.0,8.97,-7.07,-0.41,1.36
2013-10-17,000039,5.42,5.3,5.5,5.26,92165,122489328.0,4.45,-1.67,-0.09,0.75
2013-10-18,000039,5.29,5.31,5.42,5.2,64929,86118252.0,4.15,0.19,0.01,0.53
2013-10-21,000039,5.31,5.42,5.46,5.29,75548,100983812.0,3.2,2.07,0.11,0.61
2013-10-22,000039,5.43,5.29,5.58,5.28,101579,136764838.0,5.54,-2.4,-0.13,0.82
2013-10-23,000039,5.32,5.05,5.38,5.03,112613,146054323.0,6.62,-4.54,-0.24,0.91
2013-10-24,000039,5.06,5.06,5.25,5.0,68005,87459837.0,4.95,0.2,0.01,0.55
2013-10-25,000039,4.97,4.8,5.1,4.69,139972,173909976.0,8.1,-5.14,-0.26,1.14
2013-10-28,000039,4.78,4.74,4.88,4.73,92797,114145953.0,3.13,-1.25,-0.06,0.75
2013-10-29,000039,4.73,4.59,4.84,4.51,109974,132007107.0,6.96,-3.16,-0.15,0.89
2013-10-30,000039,4.61,4.85,4.88,4.58,131043,158975233.0,6.54,5.66,0.26,1.06
2013-10-31,000039,5.08,5.01,5.28,4.9,193105,246513690.0,7.84,3.3,0.16,1.57
2013-11-01,000039,4.8,4.9,5.0,4.74,77305,96096836.0,5.19,-2.2,-0.11,0.63
2013-11-04,000039,4.9,5.01,5.11,4.89,68411,87039210.0,4.49,2.24,0.11,0.56
2013-11-05,000039,5.04,5.11,5.15,4.96,87111,111483599.0,3.79,2.0,0.1,0.71
2013-11-06,000039,5.08,4.91,5.11,4.9,88840,112425765.0,4.11,-3.91,-0.2,0.72
2013-11-07,000039,4.86,4.82,4.94,4.76,65095,80734730.0,3.67,-1.83,-0.09,0.53
2013-11-08,000039,4.83,4.74,4.91,4.73,61994,76370621.0,3.73,-1.66,-0.08,0.5
2013-11-11,000039,4.74,4.81,4.86,4.69,57227,70267128.0,3.59,1.48,0.07,0.46
2013-11-12,000039,4.82,4.94,4.95,4.82,62842,78532637.0,2.7,2.7,0.13,0.51
2013-11-13,000039,4.89,4.76,4.92,4.74,63889,78821926.0,3.64,-3.64,-0.18,0.52
2013-11-14,000039,4.82,4.91,4.96,4.71,77848,96828262.0,5.25,3.15,0.15,0.63
2013-11-15,000039,4.94,5.12,5.21,4.94,152927,196512529.0,5.5,4.28,0.21,1.24
2013-11-18,000039,5.3,5.74,5.84,5.3,425258,594771488.0,10.55,12.11,0.62,3.45
2013-11-19,000039,5.72,5.68,5.81,5.55,180189,249096264.0,4.53,-1.05,-0.06,1.46
2013-11-20,000039,5.71,5.86,5.95,5.63,204986,290187472.0,5.63,3.17,0.18,1.66
2013-11-21,000039,5.81,5.81,6.19,5.65,316203,453378032.0,9.22,-0.85,-0.05,2.57
2013-11-22,000039,5.75,5.78,5.82,5.55,188586,262063652.0,4.65,-0.52,-0.03,1.53
2013-11-25,000039,5.74,5.75,5.94,5.64,211461,300010400.0,5.19,-0.52,-0.03,1.72
2013-11-26,000039,5.74,5.61,5.77,5.57,115797,159980409.0,3.48,-2.43,-0.14,0.94
2013-11-27,000039,5.6,5.69,5.8,5.59,126598,176219012.0,3.74,1.43,0.08,1.03
2013-11-28,000039,5.71,5.81,5.98,5.69,173285,247008556.0,5.1,2.11,0.12,1.41
2013-11-29,000039,5.81,5.96,6.06,5.81,190638,274669600.0,4.3,2.58,0.15,1.55
2013-12-02,000039,5.84,6.23,6.23,5.6,415023,600440768.0,10.57,4.53,0.27,3.37
2013-12-03,000039,6.11,6.26,6.41,6.05,229657,342968192.0,5.78,0.48,0.03,1.86
2013-12-04,000039,6.24,6.46,6.71,6.16,421281,648669456.0,8.79,3.19,0.2,3.42
2013-12-05,000039,6.43,6.29,6.58,6.27,210413,318220112.0,4.8,-2.63,-0.17,1.71
2013-12-06,000039,6.27,6.31,6.5,6.24,157456,238817152.0,4.13,0.32,0.02,1.28
2013-12-09,000039,6.3,6.33,6.46,6.08,170127,255002805.0,6.02,0.32,0.02,1.38
2013-12-10,000039,6.33,6.09,6.36,6.05,167273,247811344.0,4.9,-3.79,-0.24,1.36
2013-12-11,000039,6.1,5.91,6.17,5.71,242838,346077344.0,7.55,-2.96,-0.18,1.97
2013-12-12,000039,5.88,5.81,5.99,5.79,86363,122934317.0,3.38,-1.69,-0.1,0.7
2013-12-13,000039,5.75,5.9,6.0,5.74,91086,130340893.0,4.48,1.55,0.09,0.74
2013-12-16,000039,5.86,5.85,6.06,5.79,106430,152283739.0,4.58,-0.85,-0.05,0.86
2013-12-17,000039,5.85,5.69,5.88,5.68,110816,155063240.0,3.42,-2.74,-0.16,0.9
2013-12-18,000039,5.71,5.76,5.91,5.65,66128,92973853.0,4.57,1.23,0.07,0.54
2013-12-19,000039,5.79,5.77,5.88,5.74,73979,104514643.0,2.43,0.17,0.01,0.6
2013-12-20,000039,5.76,5.63,5.86,5.61,87607,122246558.0,4.33,-2.43,-0.14,0.71
2013-12-23,000039,5.68,5.64,5.73,5.5,59740,82468565.0,4.09,0.18,0.01,0.49
2013-12-25,000039,5.9,6.17,6.19,5.83,260107,378548624.0,6.38,9.4,0.53,2.11
2013-12-26,000039,6.11,6.27,6.49,6.11,300665,456490592.0,6.16,1.62,0.1,2.44
2013-12-27,000039,6.24,6.36,6.46,6.18,132599,200201666.0,4.47,1.44,0.09,1.08
2013-12-30,000039,6.36,6.42,6.47,6.21,117736,177715526.0,4.09,0.94,0.06,0.96
2013-12-31,000039,6.35,6.22,6.36,6.14,132299,196515032.0,3.43,-3.12,-0.2,1.07
2014-01-02,000039,6.18,6.56,6.66,6.17,205349,315618144.0,7.88,5.47,0.34,1.67
2014-01-03,000039,6.65,6.7,7.05,6.6,248629,397207808.0,6.86,2.13,0.14,2.02
2014-01-06,000039,6.55,6.41,6.72,6.39,175142,270627376.0,4.93,-4.33,-0.29,1.42
2014-01-07,000039,6.35,6.66,6.7,6.32,161847,251603102.0,5.93,3.9,0.25,1.31
2014-01-08,000039,6.66,6.63,6.83,6.56,92554,145348956.0,4.05,-0.45,-0.03,0.75
2014-01-09,000039,6.61,6.78,6.94,6.61,143089,228895717.0,4.98,2.26,0.15,1.16
2014-01-10,000039,6.85,6.51,6.85,6.34,135354,208460725.0,7.52,-3.98,-0.27,1.1
2014-01-13,000039,6.52,6.49,6.64,6.26,168909,258913757.0,5.84,-0.31,-0.02,1.37
2014-01-14,000039,6.41,6.83,6.98,6.41,166301,264335238.0,8.78,5.24,0.34,1.35
2014-01-15,000039,6.88,6.88,6.95,6.71,107790,172518496.0,3.51,0.73,0.05,0.88
2014-01-16,000039,6.88,7.14,7.27,6.86,219730,362486560.0,5.96,3.78,0.26,1.78
2014-01-17,000039,7.19,7.02,7.26,6.94,103507,169147224.0,4.48,-1.68,-0.12,0.84
2014-01-20,000039,6.99,7.04,7.24,6.88,74724,122515398.0,5.13,0.28,0.02,0.61
2014-01-21,000039,7.06,7.38,7.39,7.06,140629,235757879.0,4.69,4.83,0.34,1.14
2014-01-22,000039,7.38,7.35,7.52,7.28,239713,405301552.0,3.25,-0.41,-0.03,1.95
2014-01-23,000039,7.35,7.3,7.46,7.13,125454,209399511.0,4.49,-0.68,-0.05,1.02
2014-01-24,000039,7.31,7.25,7.35,7.06,133351,221763630.0,3.97,-0.68,-0.05,1.08
2014-01-27,000039,7.19,6.84,7.19,6.83,173041,278827184.0,4.97,-5.66,-0.41,1.41
2014-01-28,000039,6.85,6.92,7.06,6.85,90792,147121345.0,3.07,1.17,0.08,0.74
2014-01-29,000039,6.94,6.7,7.21,6.63,126943,202582161.0,8.38,-3.18,-0.22,1.03
2014-01-30,000039,6.69,6.71,6.85,6.62,86783,136351860.0,3.43,0.15,0.01,0.7
2014-02-07,000039,6.55,6.83,6.96,6.52,67064,106201143.0,6.56,1.79,0.12,0.54
2014-02-10,000039,6.86,6.8,7.09,6.71,226622,363961008.0,5.56,-0.44,-0.03,1.84
2014-02-11,000039,6.8,6.73,6.9,6.61,137325,216557582.0,4.26,-1.03,-0.07,1.12
2014-02-12,000039,6.75,7.06,7.06,6.75,181222,292600080.0,4.61,4.9,0.33,1.47
2014-02-13,000039,7.04,6.89,7.04,6.88,106429,171732670.0,2.27,-2.41,-0.17,0.86
2014-02-14,000039,6.88,6.93,6.98,6.86,71091,114404121.0,1.74,0.58,0.04,0.58
2014-02-17,000039,6.96,6.95,7.01,6.8,81935,131657701.0,3.03,0.29,0.02,0.67
2014-02-18,000039,6.94,6.71,6.94,6.67,133869,211803495.0,3.88,-3.45,-0.24,1.09
2014-02-19,000039,6.69,6.56,6.69,6.52,159485,247011997.0,2.53,-2.24,-0.15,1.3
2014-02-20,000039,6.58,6.57,6.76,6.54,101274,158421930.0,3.35,0.15,0.01,0.82
2014-02-21,000039,6.59,6.49,6.64,6.44,86807,133693963.0,3.04,-1.22,-0.08,0.71
2014-02-24,000039,6.48,6.25,6.48,6.03,168714,250047633.0,6.93,-3.7,-0.24,1.37
2014-02-25,000039,6.24,5.94,6.28,5.91,114823,167891525.0,5.92,-4.96,-0.31,0.93
2014-02-26,000039,5.93,6.04,6.07,5.7,139202,197269442.0,6.23,1.68,0.1,1.13
2014-02-27,000039,6.03,5.83,6.04,5.8,96945,138772937.0,3.97,-3.48,-0.21,0.79
2014-02-28,000039,5.93,6.14,6.15,5.93,119909,174342866.0,3.77,5.32,0.31,0.97
2014-03-03,000039,6.09,6.39,6.44,6.06,157097,236613644.0,6.19,4.07,0.25,1.28
2014-03-04,000039,6.34,6.27,6.36,6.13,101988,151930486.0,3.6,-1.88,-0.12,0.83
2014-03-05,000039,6.31,6.28,6.38,6.26,60329,90628235.0,1.91,0.16,0.01,0.49
2014-03-06,000039,6.27,6.39,6.45,6.21,67494,101913733.0,3.82,1.75,0.11,0.55
2014-03-07,000039,6.34,6.21,6.43,6.14,65543,97777313.0,4.54,-2.82,-0.18,0.53
2014-03-10,000039,6.18,5.78,6.18,5.78,85747,122539170.0,6.44,-6.92,-0.43,0.7
2014-03-11,000039,5.76,5.8,5.88,5.74,53421,75417860.0,2.42,0.35,0.02,0.43
2014-03-12,000039,5.77,5.61,5.77,5.56,90079,124532405.0,3.62,-3.28,-0.19,0.73
2014-03-13,000039,5.61,5.74,5.8,5.61,51374,71795831.0,3.39,2.32,0.13,0.42
2014-03-14,000039,5.73,5.63,5.73,5.56,35296,48795181.0,2.96,-1.92,-0.11,0.29
2014-03-17,000039,5.66,5.82,5.84,5.58,49672,69449159.0,4.62,3.37,0.19,0.4
2014-03-18,000039,5.84,5.96,6.1,5.84,80850,117046284.0,4.47,2.41,0.14,0.66
2014-03-19,000039,5.93,5.99,6.06,5.87,46243,66329202.0,3.19,0.5,0.03,0.38
2014-03-20,000039,5.98,5.7,6.01,5.7,54440,77351849.0,5.18,-4.84,-0.29,0.44
2014-03-21,000039,5.68,5.92,5.98,5.6,61925,87159621.0,6.67,3.86,0.22,0.5
2014-03-24,000039,5.95,5.88,5.96,5.79,59820,85217625.0,2.87,-0.68,-0.04,0.49
2014-03-25,000039,5.85,6.21,6.25,5.83,125880,185230384.0,7.14,5.61,0.33,1.02
2014-03-26,000039,6.27,6.1,6.36,6.08,81288,120166898.0,4.51,-1.77,-0.11,0.66
2014-03-27,000039,6.26,6.3,6.46,6.1,180830,271955232.0,5.9,3.28,0.2,1.47
2014-03-28,000039,6.28,6.13,6.35,6.11,149106,220675616.0,3.81,-2.7,-0.17,1.21
2014-03-31,000039,6.07,6.13,6.16,6.02,60491,88559553.0,2.28,0.0,0.0,0.49
2014-04-01,000039,6.13,6.37,6.39,6.11,112610,169160579.0,4.57,3.92,0.24,0.91
2014-04-02,000039,6.33,6.36,6.43,6.26,65674,98707045.0,2.67,-0.16,-0.01,0.53
2014-04-03,000039,6.4,6.09,6.43,6.06,107760,159642568.0,5.82,-4.25,-0.27,0.88
2014-04-04,000039,6.08,6.13,6.17,6.02,41489,60750825.0,2.46,0.66,0.04,0.34
2014-04-08,000039,6.11,6.24,6.35,6.06,93060,137899901.0,4.73,1.79,0.11,0.76
2014-04-09,000039,6.24,6.13,6.24,6.03,172738,252947985.0,3.37,-1.76,-0.11,1.4
2014-04-10,000039,6.11,6.19,6.25,6.07,122463,180628887.0,2.94,0.98,0.06,0.99
2014-04-11,000039,6.18,6.18,6.25,6.12,87768,129804704.0,2.1,-0.16,-0.01,0.71
2014-04-14,000039,6.14,6.11,6.2,6.06,61605,90236770.0,2.27,-1.13,-0.07,0.5
2014-04-15,000039,6.08,5.95,6.08,5.95,77867,112701729.0,2.13,-2.62,-0.16,0.63
2014-04-16,000039,5.9,5.98,6.05,5.88,39953,57638874.0,2.86,0.5,0.03,0.32
2014-04-17,000039,6.0,5.93,6.04,5.91,37043,53390725.0,2.17,-0.84,-0.05,0.3
2014-04-18,000039,5.88,5.92,5.93,5.78,63892,90503409.0,2.53,-0.17,-0.01,0.52
2014-04-21,000039,5.86,5.74,5.94,5.66,59308,83691591.0,4.73,-3.04,-0.18,0.48
2014-04-22,000039,5.72,5.56,5.79,5.48,111025,152644185.0,5.4,-3.14,-0.18,0.9
2014-04-23,000039,5.55,5.57,5.61,5.51,47457,64835985.0,1.8,0.18,0.01,0.39
2014-04-24,000039,5.54,5.59,5.76,5.54,70262,97290180.0,3.95,0.36,0.02,0.57
2014-04-25,000039,5.61,5.43,5.63,5.4,55347,74884224.0,4.11,-2.86,-0.16,0.45
2014-04-28,000039,5.29,4.71,5.36,4.68,214968,270845536.0,12.52,-13.26,-0.72,1.75
2014-04-29,000039,4.66,4.83,4.88,4.66,68041,83211741.0,4.67,2.55,0.12,0.55
2014-04-30,000039,4.86,5.02,5.11,4.8,67240,85174701.0,6.42,3.93,0.19,0.55
2014-05-05,000039,5.02,4.94,5.02,4.84,38032,47491022.0,3.59,-1.59,-0.08,0.31
2014-05-06,000039,4.94,5.04,5.1,4.92,47542,60140435.0,3.64,2.02,0.1,0.39
2014-05-07,000039,4.96,4.83,4.98,4.83,46144,57359209.0,2.98,-4.17,-0.21,0.37
2014-05-08,000039,4.8,4.85,4.95,4.75,49743,61782053.0,4.14,0.41,0.02,0.4
2014-05-09,000039,4.84,4.83,4.86,4.75,36440,44858208.0,2.27,-0.41,-0.02,0.3
2014-05-12,000039,4.86,5.02,5.05,4.86,79442,100350506.0,3.93,3.93,0.19,0.65
2014-05-13,000039,4.99,5.0,5.04,4.96,31237,39519349.0,1.59,-0.4,-0.02,0.25
2014-05-14,000039,4.99,5.0,5.06,4.96,40391,51171249.0,2.0,0.0,0.0,0.33
2014-05-15,000039,5.0,4.91,5.05,4.9,38033,47934202.0,3.0,-1.8,-0.09,0.31
2014-05-16,000039,4.91,4.91,4.96,4.86,33952,42488087.0,2.04,0.0,0.0,0.28
2014-05-19,000039,4.86,4.77,4.89,4.73,35362,43504750.0,3.26,-2.85,-0.14,0.29
2014-05-20,000039,4.81,4.79,4.86,4.69,43618,53357213.0,3.56,0.42,0.02,0.35
2014-05-21,000039,4.71,4.85,4.86,4.71,39446,48423188.0,3.13,1.25,0.06,0.32
2014-05-22,000039,4.85,4.87,4.97,4.8,48564,60629896.0,3.51,0.41,0.02,0.39
2014-05-23,000039,4.87,4.93,4.95,4.86,27237,34097715.0,1.85,1.23,0.06,0.22
2014-05-26,000039,5.05,4.96,5.05,4.92,46127,58247403.0,2.64,0.61,0.03,0.37
2014-05-27,000039,4.96,4.91,5.01,4.88,31190,39257379.0,2.62,-1.01,-0.05,0.25
2014-05-28,000039,4.91,4.98,4.98,4.85,55190,69056577.0,2.65,1.43,0.07,0.45
2014-05-29,000039,4.98,4.96,5.0,4.91,59156,74556703.0,1.81,-0.4,-0.02,0.48
2014-05-30,000039,4.99,4.98,5.0,4.92,36265,45697166.0,1.61,0.4,0.02,0.29
2014-06-03,000039,4.96,4.96,5.0,4.92,34554,43546111.0,1.61,-0.4,-0.02,0.28
2014-06-04,000039,4.95,4.8,4.95,4.73,54915,67445821.0,4.44,-3.23,-0.16,0.45
2014-06-05,000039,4.8,4.85,4.88,4.77,37268,46064793.0,2.29,1.04,0.05,0.3
2014-06-06,000039,4.86,4.78,4.88,4.69,34624,42478992.0,3.92,-1.44,-0.07,0.28
2014-06-09,000039,4.75,4.77,4.86,4.73,36720,45183932.0,2.72,-0.21,-0.01,0.3
2014-06-10,000039,4.77,4.81,4.83,4.75,37255,45821543.0,1.68,0.84,0.04,0.3
2014-06-11,000039,4.81,4.88,4.9,4.77,51343,63452841.0,2.7,1.46,0.07,0.42
2014-06-12,000039,4.89,4.82,4.9,4.8,36002,44513986.0,2.05,-1.23,-0.06,0.29
2014-06-13,000039,4.8,4.93,4.95,4.79,64574,80522449.0,3.32,2.28,0.11,0.52
2014-06-16,000039,4.93,5.07,5.13,4.9,98892,126017540.0,4.67,2.84,0.14,0.8
2014-06-17,000039,5.08,5.08,5.18,5.05,72356,93030201.0,2.56,0.2,0.01,0.59
2014-06-18,000039,5.1,4.88,5.15,4.85,58645,74104610.0,5.91,-3.94,-0.2,0.48
2014-06-19,000039,4.91,4.85,5.0,4.8,46709,58381258.0,4.1,-0.61,-0.03,0.38
2014-06-20,000039,4.8,4.93,4.94,4.79,50917,63084689.0,3.09,1.65,0.08,0.41
2014-06-23,000039,4.94,4.91,4.99,4.89,45745,57410555.0,2.03,-0.41,-0.02,0.37
2014-06-24,000039,4.9,4.91,4.95,4.88,33235,41547198.0,1.43,0.0,0.0,0.27
2014-06-25,000039,4.91,4.86,4.91,4.82,22910,28426324.0,1.83,-1.02,-0.05,0.19
2014-06-26,000039,4.86,4.96,4.98,4.85,61213,76472152.0,2.67,2.06,0.1,0.5
2014-06-27,000039,4.95,5.04,5.07,4.94,69280,87768099.0,2.62,1.61,0.08,0.56
2014-06-30,000039,5.04,5.44,5.7,5.04,232330,311759888.0,13.1,7.94,0.4,1.88
2014-07-01,000039,5.38,5.54,5.67,5.38,173246,236444469.0,5.33,1.84,0.1,1.4
2014-07-02,000039,5.54,5.59,5.63,5.44,105254,143404119.0,3.43,0.9,0.05,0.85
2014-07-03,000039,5.6,5.65,5.76,5.6,139282,193630560.0,2.86,1.07,0.06,1.13
2014-07-04,000039,5.69,5.65,5.69,5.51,97874,134305985.0,3.19,0.0,0.0,0.79
2014-07-07,000039,5.65,5.6,5.66,5.53,72806,100200963.0,2.3,-0.88,-0.05,0.59
2014-07-08,000039,5.6,5.56,5.6,5.48,55286,75414870.0,2.14,-0.71,-0.04,0.45
2014-07-09,000039,5.56,5.64,5.73,5.53,95025,131192105.0,3.6,1.44,0.08,0.77
2014-07-10,000039,5.6,5.79,5.84,5.59,129352,180585935.0,4.43,2.66,0.15,1.05
2014-07-11,000039,5.85,5.71,5.85,5.7,76711,107732384.0,2.59,-1.38,-0.08,0.62
2014-07-14,000039,5.7,5.99,6.01,5.69,121206,173588332.0,5.6,4.9,0.28,0.98
2014-07-15,000039,6.1,6.01,6.12,5.96,139799,203449549.0,2.67,0.33,0.02,1.13
2014-07-16,000039,6.01,5.9,6.03,5.89,72282,103683484.0,2.33,-1.83,-0.11,0.59
2014-07-17,000039,5.88,5.85,5.88,5.8,47326,67024474.0,1.36,-0.85,-0.05,0.38
2014-07-18,000039,5.8,5.85,5.91,5.79,41025,58312112.0,2.05,0.0,0.0,0.33
2014-07-21,000039,5.89,5.8,6.02,5.77,58271,82947563.0,4.27,-0.85,-0.05,0.47
2014-07-22,000039,5.8,5.8,5.84,5.69,81848,115018681.0,2.59,0.0,0.0,0.66
2014-07-23,000039,5.81,5.85,5.93,5.73,106185,151101478.0,3.45,0.86,0.05,0.86
2014-07-24,000039,5.86,6.04,6.04,5.82,105758,151738207.0,3.76,3.25,0.19,0.86
2014-07-25,000039,6.02,6.06,6.1,5.9,96281,139446633.0,3.31,0.33,0.02,0.78
2014-07-28,000039,6.09,6.22,6.23,6.09,112467,166291486.0,2.31,2.64,0.16,0.91
2014-07-29,000039,6.22,6.3,6.36,6.12,129109,193337642.0,3.86,1.29,0.08,1.05
2014-07-30,000039,6.29,6.31,6.58,6.29,96359,146011107.0,4.6,0.16,0.01,0.78
2014-07-31,000039,6.4,6.31,6.4,6.25,59959,88406643.0,2.38,0.0,0.0,0.49
2014-08-01,000039,6.28,6.36,6.44,6.26,94015,139621939.0,2.85,0.79,0.05,0.76
2014-08-04,000039,6.32,6.45,6.46,6.31,73754,110176926.0,2.36,1.42,0.09,0.6
2014-08-05,000039,6.45,6.52,6.54,6.44,73977,111614995.0,1.55,1.09,0.07,0.6
2014-08-06,000039,6.5,6.39,6.5,6.31,90692,134701134.0,2.91,-1.99,-0.13,0.74
2014-08-07,000039,6.39,6.23,6.42,6.23,75629,111745314.0,2.97,-2.5,-0.16,0.61
2014-08-08,000039,6.27,6.31,6.34,6.24,36435,53667472.0,1.61,1.28,0.08,0.3
2014-08-11,000039,6.35,6.48,6.5,6.32,85656,128313408.0,2.85,2.69,0.17,0.69
2014-08-12,000039,6.42,6.48,6.49,6.38,53323,79695788.0,1.7,0.0,0.0,0.43
2014-08-13,000039,6.48,6.34,6.49,6.33,73906,110110189.0,2.47,-2.16,-0.14,0.6
2014-08-14,000039,6.34,6.23,6.38,6.19,101015,148063980.0,3.0,-1.74,-0.11,0.82
2014-08-15,000039,6.27,6.29,6.32,6.19,52659,77317463.0,2.09,0.96,0.06,0.43
2014-08-18,000039,6.28,6.31,6.4,6.25,78153,115375701.0,2.38,0.32,0.02,0.63
2014-08-19,000039,6.31,6.27,6.31,6.2,60950,89221440.0,1.74,-0.63,-0.04,0.49
2014-08-20,000039,6.23,6.32,6.38,6.18,94933,139662641.0,3.19,0.8,0.05,0.77
2014-08-21,000039,6.29,6.14,6.31,6.04,84729,122583912.0,4.27,-2.85,-0.18,0.69
2014-08-22,000039,6.1,6.09,6.16,6.0,102377,146313735.0,2.61,-0.81,-0.05,0.83
2014-08-25,000039,6.09,6.4,6.55,6.02,182009,268868576.0,8.7,5.09,0.31,1.48
2014-08-26,000039,6.36,6.26,6.45,6.18,111791,164455499.0,4.22,-2.19,-0.14,0.91
2014-08-27,000039,6.25,6.26,6.33,6.18,69788,102111365.0,2.4,0.0,0.0,0.57
2014-08-28,000039,6.25,6.03,6.25,5.99,87232,124880092.0,4.15,-3.67,-0.23,0.71
2014-08-29,000039,6.0,6.04,6.06,5.94,54805,77934654.0,1.99,0.17,0.01,0.44
2014-09-01,000039,6.05,6.2,6.27,6.04,77509,112664912.0,3.81,2.65,0.16,0.63
2014-09-02,000039,6.19,6.29,6.32,6.17,110364,161749180.0,2.42,1.45,0.09,0.89
2014-09-03,000039,6.35,6.89,6.94,6.33,428104,665292976.0,9.7,9.54,0.6,3.47
2014-09-04,000039,6.86,6.81,6.87,6.69,142294,222326380.0,2.61,-1.16,-0.08,1.15
2014-09-05,000039,6.81,6.94,7.08,6.78,164697,262067110.0,4.41,1.91,0.13,1.34
2014-09-09,000039,6.93,7.06,7.13,6.87,157092,252035082.0,3.75,1.73,0.12,1.27
2014-09-10,000039,7.04,7.0,7.17,6.95,121644,195194362.0,3.12,-0.85,-0.06,0.99
2014-09-11,000039,6.99,6.84,7.06,6.83,138033,218536126.0,3.29,-2.29,-0.16,1.12
2014-09-12,000039,6.83,6.94,7.01,6.81,123814,196580504.0,2.92,1.46,0.1,1.0
2014-09-15,000039,6.89,6.83,6.94,6.78,109668,172006772.0,2.31,-1.59,-0.11,0.89
2014-09-16,000039,6.85,6.46,6.91,6.44,149572,230115570.0,6.88,-5.42,-0.37,1.21
2014-09-17,000039,6.46,6.47,6.58,6.37,93426,140548844.0,3.25,0.15,0.01,0.76
2014-09-18,000039,6.4,6.5,6.57,6.36,95376,142842713.0,3.25,0.46,0.03,0.77
2014-09-19,000039,6.58,6.7,6.75,6.55,105804,162886426.0,3.08,3.08,0.2,0.86
2014-09-22,000039,6.68,6.79,6.98,6.52,157284,245053184.0,6.87,1.34,0.09,1.27
2014-09-23,000039,6.72,6.76,6.87,6.69,97636,152313386.0,2.65,-0.44,-0.03,0.79
2014-09-24,000039,6.73,6.87,6.94,6.67,160454,251759735.0,3.99,1.63,0.11,1.3
2014-09-25,000039,6.83,6.86,6.98,6.81,123552,195044831.0,2.47,-0.15,-0.01,1.0
2014-09-26,000039,6.85,6.73,6.89,6.71,107438,167173774.0,2.62,-1.9,-0.13,0.87
2014-09-29,000039,6.74,6.67,6.78,6.63,107322,165939165.0,2.23,-0.89,-0.06,0.87
2014-09-30,000039,6.68,6.69,6.74,6.64,72757,112239194.0,1.5,0.3,0.02,0.59
2014-10-08,000039,6.73,6.7,6.77,6.65,101971,157498279.0,1.79,0.15,0.01,0.82
2014-10-09,000039,6.74,6.95,7.05,6.74,219805,349100144.0,4.63,3.73,0.25,1.77
2014-10-10,000039,7.0,6.93,7.06,6.84,149106,237166595.0,3.17,-0.29,-0.02,1.2
2014-10-13,000039,6.95,6.83,6.95,6.73,92897,145320733.0,3.17,-1.44,-0.1,0.75
2014-10-14,000039,6.81,7.16,7.2,6.78,314340,507410944.0,6.15,4.83,0.33,2.53
2014-10-15,000039,7.09,7.05,7.13,6.92,161957,259638713.0,2.93,-1.54,-0.11,1.3
2014-10-16,000039,6.98,6.73,6.98,6.73,185406,292145072.0,3.55,-4.54,-0.32,1.49
2014-10-17,000039,6.71,6.59,6.73,6.43,149821,228272074.0,4.46,-2.08,-0.14,1.21
2014-10-20,000039,6.59,6.64,6.73,6.57,72159,110812451.0,2.43,0.76,0.05,0.58
2014-10-21,000039,6.64,6.47,6.65,6.46,87099,131974229.0,2.86,-2.56,-0.17,0.7
2014-10-22,000039,6.47,6.5,6.56,6.39,77019,116112654.0,2.63,0.46,0.03,0.62
2014-10-23,000039,6.48,6.29,6.53,6.27,89623,133474437.0,4.0,-3.23,-0.21,0.72
2014-10-24,000039,6.29,6.37,6.41,6.29,61830,91696668.0,1.91,1.27,0.08,0.5
2014-10-27,000039,6.33,6.57,6.69,6.31,97741,148755759.0,5.97,3.14,0.2,0.79
2014-10-28,000039,6.67,6.74,6.81,6.64,143667,222604172.0,2.59,2.59,0.17,1.16
2014-10-29,000039,6.83,7.43,7.58,6.78,637529,1046770192.0,11.87,10.24,0.69,5.13
2014-10-30,000039,7.36,7.41,7.53,7.33,300867,504963824.0,2.69,-0.27,-0.02,2.42
2014-10-31,000039,7.41,7.49,7.71,7.36,319672,543103184.0,4.72,1.08,0.08,2.57
2014-11-03,000039,7.65,7.69,7.95,7.59,289745,504160416.0,4.81,2.67,0.2,2.33
2014-11-04,000039,7.69,8.03,8.61,7.54,424508,765552128.0,13.91,4.42,0.34,3.42
2014-11-05,000039,8.1,8.1,8.22,7.78,210010,372005328.0,5.48,0.87,0.07,1.69
2014-11-06,000039,8.05,8.06,8.23,7.86,173861,311211152.0,4.57,-0.49,-0.04,1.4
2014-11-07,000039,8.19,7.8,8.3,7.64,251117,444208352.0,8.19,-3.23,-0.26,2.02
2014-11-10,000039,7.8,7.88,7.94,7.7,164702,288035024.0,3.08,1.03,0.08,1.33
2014-11-11,000039,7.88,7.51,7.98,7.35,274245,467485456.0,7.99,-4.7,-0.37,2.21
2014-11-12,000039,7.47,7.7,7.78,7.45,124593,214080858.0,4.39,2.53,0.19,1.0
2014-11-13,000039,7.71,7.62,7.72,7.46,151329,257152840.0,3.38,-1.04,-0.08,1.22
2014-11-14,000039,7.51,7.88,7.92,7.41,203111,353069280.0,6.69,3.41,0.26,1.64
2014-11-17,000039,8.01,7.94,8.2,7.84,198868,354741264.0,4.57,0.76,0.06,1.6
2014-11-18,000039,7.89,8.14,8.17,7.85,236198,421438800.0,4.03,2.52,0.2,1.9
2014-11-19,000039,8.09,7.83,8.09,7.81,175372,309640576.0,3.44,-3.81,-0.31,1.41
2014-11-20,000039,7.78,7.82,7.88,7.57,128981,222356366.0,3.96,-0.13,-0.01,1.04
2014-11-21,000039,7.83,7.95,7.95,7.73,164559,289195008.0,2.81,1.66,0.13,1.33
2014-11-24,000039,8.11,8.23,8.43,7.93,303047,550802896.0,6.29,3.52,0.28,2.44
2014-11-25,000039,8.34,8.64,8.83,8.34,310775,588240448.0,5.95,4.98,0.41,2.5
2014-11-26,000039,8.67,8.58,8.67,8.43,169951,318788528.0,2.78,-0.69,-0.06,1.37
2014-11-27,000039,8.59,8.36,8.61,8.28,205382,379818960.0,3.85,-2.56,-0.22,1.65
2014-11-28,000039,8.27,8.19,8.35,8.06,293849,532708464.0,3.47,-2.03,-0.17,2.37
2014-12-01,000039,8.2,7.94,8.32,7.93,295047,528507360.0,4.76,-3.05,-0.25,2.38
2014-12-02,000039,7.94,8.23,8.38,7.94,342603,621337232.0,5.54,3.65,0.29,2.76
2014-12-03,000039,8.15,8.75,8.77,8.12,523972,968654576.0,7.9,6.32,0.52,4.22
2014-12-04,000039,8.75,9.22,9.37,8.61,662332,1302659360.0,8.69,5.37,0.47,5.33
2014-12-05,000039,9.28,8.94,9.43,8.28,561534,1094939616.0,12.47,-3.04,-0.28,4.52
2014-12-08,000039,9.39,9.83,10.0,9.27,812856,1688634912.0,8.17,9.96,0.89,6.55
2014-12-09,000039,9.83,9.45,10.83,9.31,798052,1734991440.0,15.46,-3.87,-0.38,6.43
2014-12-10,000039,9.45,10.58,10.58,9.36,525734,1112192960.0,12.91,11.96,1.13,4.23
2014-12-11,000039,10.66,10.6,11.17,10.34,526909,1201751520.0,7.84,0.19,0.02,4.24
2014-12-12,000039,10.67,10.74,10.89,10.28,416079,933912288.0,5.75,1.32,0.14,3.35
2014-12-15,000039,11.6,10.32,11.6,10.11,674298,1524638320.0,13.87,-3.91,-0.42,5.43
2014-12-16,000039,10.06,10.7,10.78,9.88,499468,1090638192.0,8.72,3.68,0.38,4.02
2014-12-17,000039,10.65,11.06,11.06,10.43,626639,1434584032.0,5.89,3.36,0.36,5.05
2014-12-18,000039,11.25,10.73,11.39,10.65,436651,1005686816.0,6.69,-2.98,-0.33,3.52
2014-12-19,000039,10.67,10.74,10.88,10.19,402448,900312208.0,6.43,0.09,0.01,3.24
2014-12-22,000039,10.56,9.75,10.59,9.56,474204,1011426400.0,9.59,-9.22,-0.99,3.82
2014-12-23,000039,9.67,9.23,9.85,9.16,299060,614997664.0,7.08,-5.33,-0.52,2.41
2014-12-24,000039,9.13,9.48,9.53,8.94,334151,665930288.0,6.39,2.71,0.25,2.69
2014-12-25,000039,9.5,9.62,9.83,9.34,261173,540179840.0,5.17,1.48,0.14,2.1
2014-12-26,000039,9.7,10.06,10.14,9.56,383311,809220544.0,6.03,4.57,0.44,3.09
2014-12-29,000039,10.37,9.88,10.53,9.81,347426,754089296.0,7.16,-1.79,-0.18,2.8
2014-12-30,000039,10.05,9.71,10.06,9.5,272186,570882784.0,5.67,-1.72,-0.17,2.19
2014-12-31,000039,9.71,10.28,10.42,9.64,373552,803835808.0,8.03,5.87,0.57,3.01
2015-01-05,000039,10.34,10.39,10.63,10.02,456488,1002533536.0,5.93,1.07,0.11,3.68
2015-01-06,000039,10.37,10.3,10.66,10.1,363465,802136240.0,5.39,-0.87,-0.09,2.93
2015-01-07,000039,10.2,9.98,10.3,9.87,322170,690926672.0,4.17,-3.11,-0.32,2.59
2015-01-08,000039,10.0,9.64,10.04,9.62,227402,476100400.0,4.21,-3.41,-0.34,1.83
2015-01-09,000039,9.56,9.46,9.89,9.46,228811,477698208.0,4.46,-1.87,-0.18,1.84
2015-01-12,000039,9.37,9.17,9.41,9.05,225285,449539840.0,3.81,-3.07,-0.29,1.81
2015-01-13,000039,9.17,9.26,9.36,9.16,125216,251498005.0,2.18,0.98,0.09,1.01
2015-01-14,000039,9.28,9.05,9.33,8.95,189686,375251824.0,4.1,-2.27,-0.21,1.53
2015-01-15,000039,9.06,9.51,9.53,8.98,192344,385962368.0,6.08,5.08,0.46,1.55
2015-01-16,000039,9.44,9.46,9.51,9.29,154712,315000832.0,2.31,-0.53,-0.05,1.25
2015-01-19,000039,8.95,8.6,9.2,8.33,285041,553314672.0,9.2,-9.09,-0.86,2.3
2015-01-20,000039,8.65,8.87,8.96,8.65,187317,361484080.0,3.6,3.14,0.27,1.51
2015-01-21,000039,9.01,9.33,9.43,9.01,222629,444097472.0,4.74,5.19,0.46,1.79
2015-01-22,000039,9.34,9.37,9.5,9.17,206477,416307584.0,3.54,0.43,0.04,1.66
2015-01-23,000039,9.35,9.24,9.48,9.15,194239,390390816.0,3.52,-1.39,-0.13,1.56
2015-01-26,000039,9.3,9.39,9.45,9.18,188934,380627904.0,2.92,1.62,0.15,1.52
2015-01-27,000039,9.4,9.23,9.47,9.11,221525,445222464.0,3.83,-1.7,-0.16,1.78
2015-01-28,000039,9.21,9.0,9.21,8.97,170350,336184864.0,2.6,-2.49,-0.23,1.37
2015-01-29,000039,8.9,8.79,8.92,8.78,134349,259373180.0,1.56,-2.33,-0.21,1.08
2015-01-30,000039,8.89,8.68,8.91,8.64,120855,231634972.0,3.07,-1.25,-0.11,0.97
2015-02-02,000039,8.62,8.65,8.81,8.45,98823,187094818.0,4.15,-0.35,-0.03,0.8
2015-02-03,000039,8.69,9.02,9.05,8.69,177703,346508080.0,4.16,4.28,0.37,1.43
2015-02-04,000039,9.06,8.81,9.1,8.8,117586,229365344.0,3.33,-2.33,-0.21,0.95
2015-02-05,000039,8.99,8.65,9.04,8.62,137918,266558543.0,4.77,-1.82,-0.16,1.11
2015-02-06,000039,8.66,8.31,8.72,8.27,124421,231278360.0,5.2,-3.93,-0.34,1.0
2015-02-09,000039,8.31,8.5,8.52,8.21,113558,209590551.0,3.73,2.29,0.19,0.91
2015-02-10,000039,8.5,8.63,8.65,8.45,79539,149827257.0,2.35,1.53,0.13,0.64
2015-02-11,000039,8.67,8.7,8.83,8.66,89763,171932639.0,1.97,0.81,0.07,0.72
2015-02-12,000039,8.7,8.72,8.81,8.67,76497,146379966.0,1.61,0.23,0.02,0.62
2015-02-13,000039,8.81,8.88,9.01,8.78,137467,267776188.0,2.64,1.83,0.16,1.11
2015-02-16,000039,8.88,8.92,9.03,8.86,100773,196506340.0,1.91,0.45,0.04,0.81
2015-02-17,000039,8.95,9.13,9.17,8.95,157038,309874064.0,2.47,2.35,0.21,1.26
2015-02-25,000039,9.16,9.05,9.25,9.03,104864,207849050.0,2.41,-0.88,-0.08,0.84
2015-02-26,000039,9.06,9.3,9.31,9.06,165261,330581424.0,2.76,2.76,0.25,1.33
2015-02-27,000039,9.3,9.25,9.33,9.17,135807,271992224.0,1.72,-0.54,-0.05,1.09
2015-03-02,000039,9.28,9.19,9.33,9.11,187047,372860352.0,2.38,-0.65,-0.06,1.51
2015-03-03,000039,9.16,8.89,9.16,8.87,212956,417064144.0,3.16,-3.26,-0.3,1.72
2015-03-04,000039,8.99,8.92,8.99,8.69,167898,324467840.0,3.37,0.34,0.03,1.35
2015-03-05,000039,8.81,8.75,8.86,8.66,164877,314884896.0,2.24,-1.91,-0.17,1.33
2015-03-06,000039,8.76,9.08,9.2,8.72,241330,473757376.0,5.49,3.77,0.33,1.94
2015-03-09,000039,9.1,9.13,9.13,8.91,164436,322422512.0,2.42,0.55,0.05,1.32
2015-03-10,000039,9.13,9.11,9.21,9.03,147403,292124480.0,1.97,-0.22,-0.02,1.19
2015-03-11,000039,9.23,9.21,9.29,9.13,197167,393633008.0,1.76,1.1,0.1,1.59
2015-03-12,000039,9.24,9.2,9.28,9.12,159814,318345792.0,1.74,-0.11,-0.01,1.29
2015-03-13,000039,9.23,9.23,9.25,9.14,170636,340653136.0,1.2,0.33,0.03,1.37
2015-03-16,000039,9.23,9.61,9.69,9.23,330297,677714416.0,4.98,4.12,0.38,2.66
2015-03-17,000039,9.64,9.9,10.05,9.54,418845,883343376.0,5.31,3.02,0.29,3.37
2015-03-18,000039,9.92,10.0,10.15,9.85,347126,741046000.0,3.03,1.01,0.1,2.8
2015-03-19,000039,9.99,10.14,10.15,9.84,391491,839004080.0,3.1,1.4,0.14,3.15
2015-03-20,000039,10.17,10.14,10.25,10.0,298685,644940592.0,2.47,0.0,0.0,2.41
2015-03-23,000039,10.09,10.18,10.28,10.09,304425,661472704.0,1.87,0.39,0.04,2.45
2015-03-24,000039,10.18,9.91,10.22,9.61,395181,837293456.0,5.99,-2.65,-0.27,3.18
2015-03-25,000039,10.23,10.16,10.71,10.13,622856,1373338304.0,5.85,2.52,0.25,5.02
2015-03-27,000039,10.16,10.36,10.84,10.16,411055,909874704.0,6.69,1.97,0.2,3.31
2015-03-30,000039,10.36,11.06,11.23,10.11,677268,1557936832.0,10.81,6.76,0.7,5.46
2015-03-31,000039,11.15,10.71,11.34,10.64,496877,1149916768.0,6.33,-3.16,-0.35,4.0
2015-04-01,000039,10.7,10.78,10.89,10.59,322436,734195488.0,2.8,0.65,0.07,2.6
2015-04-02,000039,10.79,10.59,10.81,10.5,348724,786651104.0,2.88,-1.76,-0.19,2.81
2015-04-03,000039,10.51,10.99,11.19,10.51,497269,1150860064.0,6.42,3.78,0.4,4.01
2015-04-07,000039,11.14,11.76,12.14,11.14,575809,1415873232.0,9.1,7.01,0.77,4.64
2015-04-08,000039,11.76,12.09,12.15,11.56,583068,1450611472.0,5.02,2.81,0.33,4.7
2015-04-09,000039,12.0,12.48,12.49,11.4,652434,1620894752.0,9.02,3.23,0.39,5.26
2015-04-10,000039,13.06,13.08,13.31,12.59,807506,2168085408.0,5.77,4.81,0.6,6.5
2015-04-13,000039,13.04,12.92,13.33,12.7,525778,1406013280.0,4.82,-1.22,-0.16,4.23
2015-04-14,000039,13.29,12.69,13.36,12.6,539793,1442881248.0,5.88,-1.78,-0.23,4.35
2015-04-15,000039,12.56,12.06,12.56,11.84,403334,1023134544.0,5.67,-4.96,-0.63,3.25
2015-04-16,000039,11.9,12.3,12.55,11.82,299501,760579616.0,6.05,1.99,0.24,2.41
2015-04-17,000039,12.3,12.87,13.22,12.3,654597,1736340080.0,7.48,4.63,0.57,5.27
2015-04-20,000039,12.87,13.32,14.05,12.56,896876,2473766848.0,11.58,3.5,0.45,7.22
2015-04-21,000039,13.36,13.33,13.63,12.77,527246,1426659744.0,6.46,0.08,0.01,4.25
2015-04-22,000039,13.33,13.42,13.78,13.27,466912,1290899728.0,3.83,0.68,0.09,3.76
2015-04-23,000039,13.76,13.2,13.86,13.12,408292,1123931808.0,5.51,-1.64,-0.22,3.29
2015-04-24,000039,12.98,12.69,13.05,12.45,401172,1058839984.0,4.55,-3.86,-0.51,3.23
2015-04-27,000039,12.84,13.23,13.38,12.84,418502,1131115520.0,4.26,4.26,0.54,3.37
2015-04-28,000039,13.24,12.56,13.25,12.34,461657,1210075792.0,6.88,-5.06,-0.67,3.72
2015-04-29,000039,12.5,12.61,12.78,12.24,289288,747935232.0,4.3,0.4,0.05,2.33
2015-04-30,000039,12.59,12.39,12.7,12.38,238772,618169872.0,2.54,-1.74,-0.22,1.92
2015-05-04,000039,12.39,12.49,12.62,12.23,271143,698435760.0,3.15,0.81,0.1,2.18
2015-05-05,000039,12.49,11.93,12.69,11.89,313319,799968176.0,6.41,-4.48,-0.56,2.52
2015-05-06,000039,12.0,11.45,12.1,11.39,334082,819502752.0,5.95,-4.02,-0.48,2.69
2015-05-07,000039,11.34,10.95,11.56,10.91,233351,552566416.0,5.68,-4.37,-0.5,1.88
2015-05-08,000039,11.09,11.33,11.38,11.04,247703,583469200.0,3.11,3.47,0.38,2.0
2015-05-11,000039,11.44,11.7,11.71,11.39,314531,761485840.0,2.82,3.27,0.37,2.53
2015-05-12,000039,11.69,11.74,11.75,11.49,325670,791593968.0,2.22,0.34,0.04,2.62
2015-05-13,000039,11.73,11.7,12.08,11.5,282885,698316048.0,4.94,-0.34,-0.04,2.28
2015-05-14,000039,11.7,11.51,11.92,11.46,226858,550726160.0,3.93,-1.62,-0.19,1.83
2015-05-15,000039,11.45,11.21,11.46,11.02,257683,607094000.0,3.82,-2.61,-0.3,2.08
2015-05-18,000039,11.23,12.52,12.52,11.05,666485,1668131648.0,13.11,11.69,1.31,5.37
2015-05-19,000039,12.79,13.04,13.28,12.73,605696,1629182544.0,4.39,4.15,0.52,4.88
2015-05-20,000039,13.06,13.17,13.71,12.91,670101,1831340768.0,6.13,1.0,0.13,5.4
2015-05-21,000039,13.28,13.33,13.66,13.02,454601,1250408928.0,4.86,1.21,0.16,3.66
2015-05-22,000039,13.42,13.23,13.6,13.0,473056,1283252944.0,4.5,-0.75,-0.1,3.81
2015-05-25,000039,13.31,13.98,14.23,13.19,626702,1769257472.0,7.86,5.67,0.75,5.05
2015-05-26,000039,13.98,14.31,14.31,13.67,594249,1698458272.0,4.58,2.36,0.33,4.79
2015-05-27,000039,14.73,14.34,15.32,14.33,613111,1825580224.0,6.92,0.21,0.03,4.94
2015-05-28,000039,14.5,12.75,14.53,12.71,639892,1789803120.0,12.69,-11.09,-1.59,5.15
2015-05-29,000039,12.79,12.72,13.15,11.39,398783,1047772016.0,13.8,-0.24,-0.03,3.21
2015-06-01,000039,13.06,13.7,13.78,12.94,405099,1117436784.0,6.6,7.7,0.98,3.26
2015-06-02,000039,13.71,14.31,14.69,13.7,492157,1432915648.0,7.23,4.45,0.61,3.96
2015-06-03,000039,14.36,14.04,14.7,13.75,384983,1119353648.0,6.64,-1.89,-0.27,3.1
2015-06-04,000039,14.03,13.66,14.03,12.55,473325,1295799952.0,10.54,-2.71,-0.38,3.81
2015-06-05,000039,14.01,14.2,14.48,13.78,554389,1599425552.0,5.12,3.95,0.54,4.47
2015-06-08,000039,14.39,15.43,15.71,13.84,905517,2707925712.0,13.17,8.66,1.23,7.29
2015-06-09,000039,15.38,15.59,15.81,14.95,755099,2354719408.0,5.57,1.04,0.16,6.08
2015-06-10,000039,15.17,15.28,15.71,14.81,539636,1672558608.0,5.77,-1.99,-0.31,4.35
2015-06-11,000039,15.08,15.06,15.36,14.84,363143,1105606672.0,3.4,-1.44,-0.22,2.93
2015-06-12,000039,15.07,15.48,15.7,14.89,568728,1766318192.0,5.38,2.79,0.42,4.58
2015-06-15,000039,15.61,14.7,15.73,14.66,445873,1364359248.0,6.91,-5.04,-0.78,3.59
2015-06-16,000039,14.33,13.78,14.54,13.65,411239,1172640144.0,6.05,-6.26,-0.92,3.31
2015-06-17,000039,13.84,14.14,14.23,13.34,306223,864344464.0,6.46,2.61,0.36,2.47
2015-06-18,000039,14.11,14.23,14.9,13.87,401120,1175857472.0,7.28,0.64,0.09,3.23
2015-06-19,000039,14.01,13.56,14.72,13.5,413793,1193565360.0,8.57,-4.71,-0.67,3.33
2015-06-23,000039,13.45,14.17,14.21,12.56,375907,1046006240.0,12.17,4.5,0.61,3.03
2015-06-24,000039,14.27,15.78,15.78,14.14,912941,2774013888.0,11.57,11.36,1.61,7.35
2015-06-25,000039,15.89,15.9,16.94,15.42,1113877,3647709376.0,9.63,0.76,0.12,8.97
2015-06-26,000039,15.34,14.86,16.58,14.12,982107,3049938992.0,15.47,-6.54,-1.04,7.91
2015-06-29,000039,15.81,16.54,16.54,15.03,1915079,6256526336.0,10.16,11.31,1.68,15.43
2015-06-30,000039,16.24,16.06,16.96,14.7,1621710,5050635264.0,13.66,-2.9,-0.48,12.91
2015-07-01,000039,15.27,15.25,16.73,15.06,1217281,3915194112.0,10.4,-5.04,-0.81,9.69
2015-07-02,000039,14.84,13.54,14.95,13.54,862372,2450357792.0,9.25,-11.21,-1.71,6.87
2015-07-03,000039,11.99,11.99,12.75,11.99,591520,1487334448.0,5.61,-11.45,-1.55,4.71
2015-07-06,000039,12.95,10.6,13.03,10.6,1031096,2462406256.0,20.27,-11.59,-1.39,8.21
2015-07-07,000039,9.78,9.35,9.78,9.35,901546,1825602368.0,4.06,-11.79,-1.25,7.18
2015-07-08,000039,8.23,8.23,8.34,8.23,831193,1514184176.0,1.18,-11.98,-1.12,6.62
2015-07-09,000039,7.22,9.24,9.24,7.22,769537,1448595440.0,24.54,12.27,1.01,6.13
2015-07-10,000039,9.61,10.35,10.35,9.61,576354,1254322000.0,8.01,12.01,1.11,4.59
2015-07-13,000039,10.7,11.58,11.58,10.65,738942,1736539648.0,8.99,11.88,1.23,5.88
2015-07-14,000039,11.45,10.75,11.99,10.55,745750,1767300592.0,12.44,-7.17,-0.83,5.94
2015-07-15,000039,10.34,9.49,10.55,9.49,564282,1197257296.0,9.86,-11.72,-1.26,4.49
2015-07-16,000039,9.49,9.85,10.24,8.75,389941,814240640.0,15.7,3.79,0.36,3.1
2015-07-17,000039,10.05,10.7,11.0,9.96,367147,814466288.0,10.56,8.63,0.85,2.92
2015-07-20,000039,10.78,10.89,11.2,10.38,429296,987117376.0,7.66,1.78,0.19,3.42
2015-07-21,000039,10.93,11.24,11.32,10.58,402173,941840000.0,6.8,3.21,0.35,3.2
2015-07-22,000039,11.25,11.49,11.61,10.86,516268,1204673856.0,6.67,2.22,0.25,4.11
2015-07-23,000039,12.61,12.01,12.61,11.82,739669,1839262416.0,6.88,4.53,0.52,5.89
2015-07-24,000039,12.2,12.61,13.38,12.16,827108,2166801184.0,10.16,5.0,0.6,6.59
2015-07-27,000039,12.11,11.18,12.87,11.18,560499,1394441776.0,13.4,-11.34,-1.43,4.46
2015-07-28,000039,10.56,10.58,11.4,9.89,710585,1554655040.0,13.51,-5.37,-0.6,5.66
2015-07-29,000039,10.89,11.45,11.45,10.45,423936,952628800.0,9.45,8.22,0.87,3.38
2015-07-30,000039,11.13,10.66,11.75,10.63,394853,934895360.0,9.78,-6.9,-0.79,3.14
2015-07-31,000039,10.73,11.05,11.23,10.51,380076,863081616.0,6.75,3.66,0.39,3.02
2015-08-03,000039,10.79,11.44,11.45,10.68,405552,930319488.0,6.97,3.53,0.39,3.22
2015-08-04,000039,11.47,12.21,12.26,11.21,386568,941236048.0,9.18,6.73,0.77,3.07
2015-08-05,000039,12.21,11.71,12.34,11.63,291495,718297696.0,5.81,-4.1,-0.5,2.32
2015-08-06,000039,11.51,11.54,11.99,11.34,191049,461319856.0,5.55,-1.45,-0.17,1.52
2015-08-07,000039,11.72,11.95,12.12,11.72,221425,543754912.0,3.47,3.55,0.41,1.76
2015-08-10,000039,12.71,12.66,13.01,12.38,404412,1046732880.0,5.27,5.94,0.71,3.21
2015-08-11,000039,12.65,12.77,13.44,12.23,501418,1301052240.0,9.56,0.87,0.11,3.98
2015-08-12,000039,12.45,12.37,12.91,12.34,282139,726303248.0,4.46,-3.13,-0.4,2.24
2015-08-13,000039,12.45,13.26,13.29,12.36,521160,1373514880.0,7.52,7.19,0.89,4.14
2015-08-14,000039,13.38,13.05,13.4,12.85,373970,995931840.0,4.15,-1.58,-0.21,2.97
2015-08-17,000039,12.85,12.96,13.1,12.74,265141,697878544.0,2.76,-0.69,-0.09,2.11
2015-08-18,000039,12.95,11.5,13.0,11.5,447878,1116370032.0,11.57,-11.27,-1.46,3.56
2015-08-19,000039,10.9,11.62,11.73,10.23,331751,761445328.0,13.04,1.04,0.12,2.64
2015-08-20,000039,11.31,10.79,11.44,10.79,215015,496339776.0,5.59,-7.14,-0.83,1.71
2015-08-21,000039,10.64,10.11,11.06,9.96,231415,509974688.0,10.19,-6.3,-0.68,1.84
2015-08-24,000039,9.64,8.93,9.64,8.93,346113,666481328.0,7.02,-11.67,-1.18,2.75
2015-08-25,000039,7.88,7.86,8.78,7.86,353237,619152320.0,10.3,-11.98,-1.07,2.81
2015-08-26,000039,8.11,7.68,8.46,7.18,356220,623168976.0,16.28,-2.29,-0.18,2.83
2015-08-27,000039,7.95,8.39,8.39,7.67,259908,457157168.0,9.38,9.24,0.71,2.07
2015-08-28,000039,8.72,9.17,9.29,8.49,321089,613600064.0,9.54,9.3,0.78,2.55
2015-08-31,000039,9.13,9.15,9.15,8.65,234757,448308736.0,5.45,-0.22,-0.02,1.87
2015-09-01,000039,8.98,9.09,9.1,8.23,431471,820605088.0,9.51,-0.66,-0.06,3.43
2015-09-02,000039,8.56,9.71,9.8,8.4,475198,951418288.0,15.4,6.82,0.62,3.78
2015-09-07,000039,9.4,9.16,10.2,9.13,228076,464387312.0,11.02,-5.66,-0.55,1.81
2015-09-08,000039,8.93,9.44,9.51,8.68,154430,300142848.0,9.06,3.06,0.28,1.23
2015-09-09,000039,9.54,9.55,9.78,9.37,196459,399634416.0,4.34,1.17,0.11,1.56
2015-09-10,000039,9.34,9.13,9.46,9.1,126632,250670717.0,3.77,-4.4,-0.42,1.01
2015-09-11,000039,9.12,9.0,9.28,8.82,134298,259301291.0,5.04,-1.42,-0.13,1.07
2015-09-14,000039,9.16,8.06,9.23,7.95,175052,321699696.0,14.22,-10.44,-0.94,1.39
2015-09-15,000039,7.78,7.6,8.27,7.5,145968,250528821.0,9.55,-5.71,-0.46,1.16
2015-09-16,000039,7.69,8.44,8.53,7.62,168048,293756016.0,11.97,11.05,0.84,1.34
2015-09-17,000039,8.29,8.18,8.75,8.18,167643,307403168.0,6.75,-3.08,-0.26,1.33
2015-09-18,000039,8.41,8.37,8.6,8.19,129110,235039372.0,5.01,2.32,0.19,1.03
2015-09-21,000039,8.25,8.55,8.56,8.06,133412,243204181.0,5.97,2.15,0.18,1.06
2015-09-22,000039,8.62,8.61,8.83,8.55,154774,288779472.0,3.27,0.7,0.06,1.23
2015-09-23,000039,8.43,8.9,9.15,8.3,229001,431043584.0,9.87,3.37,0.29,1.82
2015-09-24,000039,8.92,8.68,9.01,8.59,206740,388208096.0,4.72,-2.47,-0.22,1.64
2015-09-25,000039,8.68,8.16,8.71,8.0,132041,239151431.0,8.18,-5.99,-0.52,1.05
2015-09-28,000039,8.19,8.06,8.27,7.79,177272,308551184.0,5.88,-1.23,-0.1,1.41
2015-09-29,000039,7.95,7.76,7.95,7.68,115315,197380180.0,3.35,-3.72,-0.3,0.92
2015-09-30,000039,7.84,7.83,7.89,7.75,93670,160917520.0,1.8,0.9,0.07,0.74
2015-10-08,000039,8.19,8.25,8.31,8.05,145458,260224809.0,3.32,5.36,0.42,1.16
2015-10-09,000039,8.25,8.51,8.51,8.23,146251,265807463.0,3.39,3.15,0.26,1.16
2015-10-12,000039,8.52,8.93,9.06,8.52,282857,538200656.0,6.35,4.94,0.42,2.25
2015-10-13,000039,8.85,8.8,8.87,8.66,202275,381562640.0,2.35,-1.46,-0.13,1.61
2015-10-14,000039,8.71,8.81,8.85,8.63,200563,377031280.0,2.5,0.11,0.01,1.59
2015-10-15,000039,8.8,9.03,9.09,8.74,210400,403466352.0,3.97,2.5,0.22,1.67
2015-10-16,000039,9.18,9.14,9.32,8.9,244908,477308272.0,4.65,1.22,0.11,1.95
2015-10-19,000039,9.16,9.05,9.33,8.94,195676,383020816.0,4.27,-0.98,-0.09,1.55
2015-10-20,000039,9.06,9.4,9.6,8.98,291014,579410592.0,6.85,3.87,0.35,2.31
2015-10-21,000039,9.4,8.68,9.59,8.63,289929,570654000.0,10.21,-7.66,-0.72,2.3
2015-10-22,000039,8.68,8.95,8.98,8.54,188645,357268000.0,5.07,3.11,0.27,1.5
2015-10-23,000039,8.98,9.08,9.12,8.87,223100,429122592.0,2.79,1.45,0.13,1.77
2015-10-26,000039,9.33,9.15,9.34,9.05,196383,386016880.0,3.19,0.77,0.07,1.56
2015-10-27,000039,9.11,9.06,9.14,8.68,161163,308373328.0,5.03,-0.98,-0.09,1.28
2015-10-28,000039,8.93,8.72,8.93,8.68,226127,427955168.0,2.76,-3.75,-0.34,1.8
2015-10-29,000039,8.82,8.88,9.03,8.69,140677,269114112.0,3.9,1.83,0.16,1.12
2015-10-30,000039,8.82,8.73,8.98,8.65,141769,266994448.0,3.72,-1.69,-0.15,1.13
2015-11-02,000039,8.57,8.49,8.73,8.48,105207,195103687.0,2.86,-2.75,-0.24,0.84
2015-11-03,000039,8.53,8.41,8.59,8.35,73403,134361557.0,2.83,-0.94,-0.08,0.58
2015-11-04,000039,8.46,8.97,8.98,8.46,230667,436455504.0,6.18,6.66,0.56,1.83
2015-11-05,000039,8.98,9.26,9.59,8.91,451893,892937488.0,7.58,3.23,0.29,3.59
2015-11-06,000039,9.22,9.95,10.06,9.18,449215,911953408.0,9.5,7.45,0.69,3.57
2015-11-09,000039,9.7,9.75,10.03,9.63,371293,768437840.0,4.02,-2.01,-0.2,2.95
2015-11-10,000039,9.57,9.62,9.88,9.52,229794,471878368.0,3.69,-1.33,-0.13,1.83
2015-11-11,000039,9.62,9.77,9.82,9.62,177183,364915456.0,2.08,1.56,0.15,1.41
2015-11-12,000039,9.89,9.89,10.17,9.46,308108,637288448.0,7.27,1.23,0.12,2.45
2015-11-13,000039,9.76,9.7,10.0,9.68,179929,372411216.0,3.24,-1.92,-0.19,1.43
2015-11-16,000039,9.51,9.65,9.67,9.39,143871,292557776.0,2.89,-0.52,-0.05,1.14
2015-11-17,000039,9.74,9.75,10.0,9.68,292776,607874752.0,3.32,1.04,0.1,2.33
2015-11-18,000039,9.78,9.74,9.98,9.68,204042,424264640.0,3.08,-0.1,-0.01,1.62
2015-11-19,000039,9.75,10.32,10.33,9.75,329596,701293840.0,5.95,5.95,0.58,2.62
2015-11-20,000039,10.3,10.1,10.32,9.94,214289,456938992.0,3.68,-2.13,-0.22,1.7
2015-11-23,000039,10.12,9.7,10.15,9.58,222587,463926576.0,5.64,-3.96,-0.4,1.77
2015-11-24,000039,9.68,9.58,9.75,9.37,176827,357059408.0,3.92,-1.24,-0.12,1.4
2015-11-25,000039,9.51,9.66,9.69,9.43,148221,301644656.0,2.71,0.84,0.08,1.18
2015-11-26,000039,9.67,9.56,9.76,9.54,136048,277949376.0,2.28,-1.04,-0.1,1.08
2015-11-27,000039,9.56,8.7,9.56,8.62,195928,383091328.0,9.83,-9.0,-0.86,1.56
2015-11-30,000039,8.79,8.79,8.9,8.38,139753,261502903.0,5.98,1.03,0.09,1.11
2015-12-01,000039,8.79,8.92,9.06,8.63,124163,236090489.0,4.89,1.48,0.13,0.99
2015-12-02,000039,8.84,9.26,9.32,8.79,148760,288694048.0,5.94,3.81,0.34,1.18
2015-12-03,000039,9.18,9.48,9.62,9.14,141389,283874336.0,5.18,2.38,0.22,1.12
2015-12-04,000039,9.37,9.26,9.45,9.18,102543,203266033.0,2.85,-2.32,-0.22,0.81
2015-12-07,000039,9.26,9.41,9.64,9.24,149112,299645632.0,4.32,1.62,0.15,1.18
2015-12-08,000039,9.34,9.07,9.36,9.02,109965,215164678.0,3.61,-3.61,-0.34,0.87
2015-12-09,000039,9.01,8.94,9.11,8.9,82473,159360498.0,2.32,-1.43,-0.13,0.65
2015-12-10,000039,8.9,10.0,10.0,8.89,512703,1066116032.0,12.42,11.86,1.06,4.07
2015-12-11,000039,9.95,9.55,10.19,9.55,425510,887686256.0,6.4,-4.5,-0.45,3.38
2015-12-14,000039,9.4,9.59,9.64,9.18,258159,514638944.0,4.82,0.42,0.04,2.05
2015-12-15,000039,9.56,9.67,9.89,9.48,231685,476238656.0,4.28,0.83,0.08,1.84
2015-12-16,000039,9.78,9.52,9.81,9.51,142111,289904048.0,3.1,-1.55,-0.15,1.13
2015-12-17,000039,9.67,9.8,9.89,9.58,297807,612813024.0,3.26,2.94,0.28,2.36
2015-12-18,000039,9.76,9.7,9.86,9.59,150870,310221984.0,2.76,-1.02,-0.1,1.2
2015-12-21,000039,9.73,10.1,10.19,9.68,354121,746102576.0,5.26,4.12,0.4,2.81
2015-12-22,000039,10.2,10.24,10.28,9.95,267188,568261520.0,3.27,1.39,0.14,2.12
2015-12-23,000039,10.23,10.61,11.34,10.19,475732,1070495600.0,11.23,3.61,0.37,3.78
2015-12-24,000039,10.61,10.65,10.83,10.3,233526,516926176.0,5.0,0.38,0.04,1.85
2015-12-25,000039,10.59,10.86,11.0,10.46,230951,521911952.0,5.07,1.97,0.21,1.83
2015-12-28,000039,10.9,10.21,11.25,10.21,300380,674007296.0,9.58,-5.99,-0.65,2.38
2015-12-29,000039,10.31,10.56,10.65,10.18,183127,399065280.0,4.6,3.43,0.35,1.45
2015-12-30,000039,10.54,10.38,10.61,10.34,161745,353269440.0,2.56,-1.7,-0.18,1.28
2015-12-31,000039,10.37,9.95,10.43,9.93,190655,406211232.0,4.82,-4.14,-0.43,1.51
2016-01-04,000039,9.95,8.87,10.11,8.84,140089,283650864.0,12.76,-10.85,-1.08,1.11
2016-01-05,000039,8.73,8.86,9.09,8.49,232614,442131360.0,6.76,-0.11,-0.01,1.85
2016-01-06,000039,8.95,9.12,9.13,8.84,119904,231406906.0,3.27,2.93,0.26,0.95
2016-01-07,000039,8.89,8.12,8.89,8.06,54283,99545850.0,9.1,-10.96,-1.0,0.43
2016-01-08,000039,8.51,8.29,8.62,7.89,184622,333991008.0,8.99,2.09,0.17,1.46
2016-01-11,000039,8.17,7.29,8.33,7.29,232530,395664864.0,12.55,-12.06,-1.0,1.84
2016-01-12,000039,7.28,7.41,7.53,7.22,129833,212859039.0,4.25,1.65,0.12,1.03
2016-01-13,000039,7.54,7.0,7.6,6.95,123757,201246497.0,8.77,-5.53,-0.41,0.98
2016-01-14,000039,6.84,7.21,7.29,6.74,137321,216553757.0,7.86,3.0,0.21,1.09
2016-01-15,000039,7.2,6.7,7.2,6.56,123472,191010985.0,8.88,-7.07,-0.51,0.98
2016-01-18,000039,6.67,6.88,7.05,6.56,122917,188712741.0,7.31,2.69,0.18,0.98
2016-01-19,000039,6.84,7.17,7.26,6.76,122158,192871220.0,7.27,4.22,0.29,0.97
2016-01-20,000039,7.13,6.99,7.25,6.87,141782,223785697.0,5.3,-2.51,-0.18,1.12
2016-01-21,000039,6.84,6.61,7.06,6.61,106269,163602207.0,6.44,-5.44,-0.38,0.84
2016-01-22,000039,6.74,6.74,6.83,6.53,91127,137630735.0,4.54,1.97,0.13,0.72
2016-01-25,000039,6.83,6.78,6.9,6.73,71943,110322037.0,2.52,0.59,0.04,0.57
2016-01-26,000039,6.63,5.93,6.68,5.93,199134,284541584.0,11.06,-12.54,-0.85,1.58
2016-01-27,000039,5.95,5.69,6.0,5.31,191935,253196106.0,11.64,-4.05,-0.24,1.52
2016-01-28,000039,5.51,5.33,5.75,5.28,95660,124468406.0,8.26,-6.33,-0.36,0.76
2016-01-29,000039,5.37,5.62,5.78,5.32,121518,158649307.0,8.63,5.44,0.29,0.96
2016-02-01,000039,5.67,5.49,5.68,5.37,120241,156335819.0,5.52,-2.31,-0.13,0.95
2016-02-02,000039,5.46,5.76,5.81,5.46,115271,153649555.0,6.38,4.92,0.27,0.91
2016-02-03,000039,5.7,5.96,6.01,5.64,158974,216846071.0,6.42,3.47,0.2,1.26
2016-02-04,000039,5.96,6.11,6.2,5.93,121253,170123432.0,4.53,2.52,0.15,0.96
2016-02-05,000039,6.15,5.93,6.15,5.9,91518,126846565.0,4.09,-2.95,-0.18,0.73
2016-02-15,000039,5.66,5.8,5.91,5.61,76616,102897933.0,5.06,-2.19,-0.13,0.61
2016-02-16,000039,5.87,6.16,6.2,5.85,115277,162139367.0,6.03,6.21,0.36,0.91
2016-02-17,000039,6.15,6.24,6.25,6.07,137357,194843178.0,2.92,1.3,0.08,1.09
2016-02-18,000039,6.32,6.41,6.7,6.26,214539,317663984.0,7.05,2.72,0.17,1.7
2016-02-19,000039,6.39,6.42,6.59,6.29,134451,196950970.0,4.68,0.16,0.01,1.07
2016-02-22,000039,6.56,6.51,6.66,6.43,147157,218542193.0,3.58,1.4,0.09,1.17
2016-02-23,000039,6.51,6.4,6.59,6.32,113245,166292684.0,4.15,-1.69,-0.11,0.9
2016-02-24,000039,6.38,6.86,6.9,6.28,211688,316524496.0,9.69,7.19,0.46,1.68
2016-02-25,000039,6.79,6.06,6.83,6.01,201761,294775248.0,11.95,-11.66,-0.8,1.6
2016-02-26,000039,6.21,6.14,6.29,5.99,107518,152429931.0,4.95,1.32,0.08,0.85
2016-02-29,000039,6.14,5.74,6.17,5.51,119212,159743610.0,10.75,-6.51,-0.4,0.95
2016-03-01,000039,5.82,5.96,6.14,5.76,108958,149989957.0,6.62,3.83,0.22,0.86
2016-03-02,000039,5.95,6.43,6.5,5.91,197362,283377728.0,9.9,7.89,0.47,1.57
2016-03-03,000039,6.43,6.5,6.66,6.4,241136,358762912.0,4.04,1.09,0.07,1.91
2016-03-04,000039,6.45,7.32,7.32,6.43,724787,1163688352.0,13.69,12.62,0.82,5.75
2016-03-07,000039,7.32,7.39,7.43,7.16,495330,803707808.0,3.69,0.96,0.07,3.93
2016-03-08,000039,7.28,7.0,7.28,6.63,435916,675193552.0,8.8,-5.28,-0.39,3.46
2016-03-09,000039,6.73,6.62,6.79,6.56,211585,319004192.0,3.29,-5.43,-0.38,1.68
2016-03-10,000039,6.67,6.48,6.76,6.45,168746,253544624.0,4.68,-2.11,-0.14,1.34
2016-03-11,000039,6.35,6.31,6.44,6.18,145316,209594847.0,4.01,-2.62,-0.17,1.15
2016-03-14,000039,6.44,6.62,6.76,6.41,163078,245017018.0,5.55,4.91,0.31,1.29
2016-03-15,000039,6.59,6.51,6.65,6.45,101416,150972074.0,3.02,-1.66,-0.11,0.8
2016-03-16,000039,6.56,6.57,6.66,6.48,118591,176923295.0,2.76,0.92,0.06,0.94
2016-03-17,000039,6.68,6.78,6.85,6.55,175750,267137227.0,4.57,3.2,0.21,1.39
2016-03-18,000039,6.8,6.99,7.08,6.77,212854,331885360.0,4.57,3.1,0.21,1.69
2016-03-21,000039,7.09,7.18,7.22,6.96,243696,387183312.0,3.72,2.72,0.19,1.93
2016-03-22,000039,7.11,7.01,7.11,6.98,149023,234831300.0,1.81,-2.37,-0.17,1.18
2016-03-23,000039,6.95,6.99,7.08,6.88,123538,193139993.0,2.85,-0.29,-0.02,0.98
2016-03-24,000039,6.93,6.82,6.97,6.8,130402,201565147.0,2.43,-2.43,-0.17,1.03
2016-03-25,000039,6.8,6.9,6.99,6.8,102014,158295275.0,2.79,1.17,0.08,0.81
2016-03-28,000039,6.95,6.99,7.16,6.89,170460,268095784.0,3.91,1.3,0.09,1.35
2016-03-29,000039,6.9,6.63,6.93,6.56,145031,219892479.0,5.29,-5.15,-0.36,1.15
2016-03-30,000039,7.06,6.91,7.06,6.76,146605,227520433.0,4.52,4.22,0.28,1.16
2016-03-31,000039,6.95,6.83,6.95,6.78,163837,253095918.0,2.46,-1.16,-0.08,1.3
2016-04-01,000039,6.81,6.67,6.81,6.55,175667,264585486.0,3.81,-2.34,-0.16,1.39
2016-04-05,000039,6.62,7.01,7.09,6.62,307299,478106416.0,7.05,5.1,0.34,2.44
2016-04-06,000039,6.96,7.01,7.15,6.91,179339,282041728.0,3.42,0.0,0.0,1.42
2016-04-07,000039,7.04,6.79,7.08,6.78,131164,203072522.0,4.28,-3.14,-0.22,1.04
2016-04-08,000039,6.79,6.68,6.79,6.61,115387,174187243.0,2.65,-1.62,-0.11,0.92
2016-04-11,000039,6.76,6.88,6.95,6.76,138859,214266484.0,2.84,2.99,0.2,1.1
2016-04-12,000039,6.88,6.93,6.98,6.81,156021,242385783.0,2.47,0.73,0.05,1.24
2016-04-13,000039,6.97,7.06,7.21,6.94,281939,447220160.0,3.9,1.88,0.13,2.24
2016-04-14,000039,7.11,7.08,7.15,7.0,126155,199061015.0,2.12,0.28,0.02,1.0
2016-04-15,000039,7.08,7.03,7.12,6.96,96151,151326171.0,2.26,-0.71,-0.05,0.76
2016-04-18,000039,7.0,6.85,7.0,6.79,92518,142884734.0,2.99,-2.56,-0.18,0.73
2016-04-19,000039,6.9,6.86,6.94,6.8,82880,127965803.0,2.04,0.15,0.01,0.66
2016-04-20,000039,6.88,6.5,6.92,6.36,173652,259238546.0,8.16,-5.25,-0.36,1.38
2016-04-21,000039,6.5,6.45,6.61,6.45,92922,137647030.0,2.46,-0.77,-0.05,0.74
2016-04-22,000039,6.4,6.4,6.5,6.31,105838,154085903.0,2.95,-0.78,-0.05,0.84
2016-04-25,000039,6.39,6.31,6.39,6.21,69727,100419096.0,2.81,-1.41,-0.09,0.55
2016-04-26,000039,6.34,6.38,6.38,6.26,55763,80784209.0,1.9,1.11,0.07,0.44
2016-04-27,000039,6.36,6.31,6.41,6.3,63220,91987363.0,1.72,-1.1,-0.07,0.5
2016-04-28,000039,6.31,6.24,6.39,6.14,71750,102753398.0,3.96,-1.11,-0.07,0.57
2016-04-29,000039,6.19,6.39,6.52,6.19,95004,138505093.0,5.29,2.4,0.15,0.75
2016-05-03,000039,6.37,6.53,6.54,6.34,78718,116250947.0,3.13,2.19,0.14,0.62
2016-05-04,000039,6.53,6.47,6.53,6.4,58667,86433264.0,1.99,-0.92,-0.06,0.47
2016-05-05,000039,6.48,6.47,6.5,6.41,36812,54173664.0,1.39,0.0,0.0,0.29
2016-05-06,000039,6.49,6.2,6.5,6.18,83700,120637522.0,4.95,-4.17,-0.27,0.66
2016-05-09,000039,6.11,5.92,6.13,5.88,94783,131588633.0,4.03,-4.52,-0.28,0.75
2016-05-10,000039,5.9,6.08,6.31,5.82,120032,167633338.0,8.28,2.7,0.16,0.95
2016-05-11,000039,6.06,5.96,6.09,5.89,61966,86177680.0,3.29,-1.97,-0.12,0.49
2016-05-12,000039,5.87,5.93,5.97,5.75,40642,55520864.0,3.69,-0.5,-0.03,0.32
2016-05-13,000039,5.95,5.94,6.02,5.86,31133,42930064.0,2.7,0.17,0.01,0.25
2016-05-16,000039,5.88,5.98,5.98,5.86,37957,52232139.0,2.02,0.67,0.04,0.3
2016-05-17,000039,5.97,5.9,6.01,5.87,44923,61817096.0,2.34,-1.34,-0.08,0.36
2016-05-18,000039,5.91,5.99,6.02,5.8,96633,132885196.0,3.73,1.53,0.09,0.77
2016-05-19,000039,5.99,5.9,6.01,5.9,54315,75093909.0,1.84,-1.5,-0.09,0.43
2016-05-20,000039,5.85,5.93,5.95,5.83,37106,50862895.0,2.03,0.51,0.03,0.29
2016-05-23,000039,5.93,6.0,6.04,5.93,58588,81232793.0,1.85,1.18,0.07,0.46
2016-05-24,000039,6.01,5.92,6.01,5.88,39941,54964472.0,2.17,-1.33,-0.08,0.32
2016-05-25,000039,5.95,5.89,5.98,5.86,31636,43492214.0,2.03,-0.51,-0.03,0.25
2016-05-26,000039,5.93,5.99,6.05,5.85,63992,88042195.0,3.4,1.7,0.1,0.51
2016-05-27,000039,5.97,6.03,6.09,5.9,66344,92279107.0,3.17,0.67,0.04,0.53
2016-05-30,000039,5.98,5.97,6.04,5.92,50587,70080534.0,1.99,-1.0,-0.06,0.4
2016-05-31,000039,5.98,6.24,6.24,5.98,108465,153566053.0,4.36,4.52,0.27,0.86
2016-06-01,000039,6.23,6.19,6.25,6.15,87004,123872928.0,1.6,-0.8,-0.05,0.69
2016-06-02,000039,6.16,6.2,6.21,6.16,68596,97577580.0,0.81,0.16,0.01,0.54
2016-06-03,000039,6.2,6.21,6.25,6.15,64056,91151892.0,1.61,0.16,0.01,0.51
2016-06-06,000039,6.2,6.34,6.44,6.14,143789,207085527.0,4.83,2.09,0.13,1.14
2016-06-07,000039,6.31,6.25,6.31,6.21,72891,104497024.0,1.58,-1.42,-0.09,0.58
2016-06-08,000039,6.28,6.21,6.28,6.14,60843,86796741.0,2.24,-0.64,-0.04,0.48
2016-06-13,000039,6.12,5.85,6.13,5.82,79213,110426107.0,4.99,-5.8,-0.36,0.63
2016-06-14,000039,5.84,5.9,5.92,5.84,39431,53906033.0,1.37,0.85,0.05,0.31
2016-06-15,000039,5.84,6.04,6.08,5.79,56061,77756058.0,4.92,2.37,0.14,0.44
2016-06-16,000039,6.02,6.04,6.09,5.96,56625,78986374.0,2.15,0.0,0.0,0.45
2016-06-17,000039,6.06,6.13,6.26,6.06,78859,111635889.0,3.31,1.49,0.09,0.63
2016-06-20,000039,6.32,6.22,6.45,6.21,138822,200724725.0,3.92,1.47,0.09,1.1
2016-06-21,000039,6.26,6.1,6.28,6.06,73440,104323665.0,3.54,-1.93,-0.12,0.58
2016-06-22,000039,6.07,6.19,6.19,6.04,54465,77021671.0,2.46,1.48,0.09,0.43
2016-06-23,000039,6.19,6.1,6.19,6.09,56295,79381060.0,1.62,-1.45,-0.09,0.45
2016-06-24,000039,6.08,5.98,6.14,5.81,96165,133149124.0,5.41,-1.97,-0.12,0.76
2016-06-27,000039,5.93,6.09,6.09,5.85,78019,108627580.0,4.01,1.84,0.11,0.62
2016-06-28,000039,6.06,6.15,6.18,6.01,87131,122719267.0,2.79,0.99,0.06,0.69
2016-06-29,000039,6.16,6.15,6.21,6.12,75548,107196130.0,1.46,0.0,0.0,0.6
2016-06-30,000039,6.21,6.16,6.25,6.15,67467,95830400.0,1.63,0.16,0.01,0.54
2016-07-01,000039,6.17,6.15,6.23,6.1,96832,137202744.0,2.11,-0.16,-0.01,0.77
2016-07-04,000039,6.13,6.29,6.3,6.1,155471,222052561.0,3.25,2.28,0.14,1.23
2016-07-05,000039,6.29,6.36,6.48,6.28,170990,248846417.0,3.18,1.11,0.07,1.36
2016-07-06,000039,6.31,6.33,6.35,6.24,118425,170719292.0,1.73,-0.47,-0.03,0.94
2016-07-07,000039,6.29,6.43,6.46,6.29,155274,226254907.0,2.69,1.58,0.1,1.23
2016-07-08,000039,6.43,6.51,6.66,6.3,201350,295769616.0,5.6,1.24,0.08,1.6
2016-07-11,000039,6.43,6.35,6.5,6.35,149888,219810568.0,2.3,-2.46,-0.16,1.19
2016-07-12,000039,6.36,6.53,6.54,6.29,161919,237487964.0,3.94,2.83,0.18,1.28
2016-07-13,000039,6.6,6.56,6.63,6.49,192515,286690144.0,2.14,0.46,0.03,1.53
2016-07-14,000039,6.6,6.56,6.65,6.5,131755,196449921.0,2.29,0.0,0.0,1.04
2016-07-15,000039,6.28,6.22,6.34,6.18,344442,493774848.0,2.44,-5.18,-0.34,2.73
2016-07-18,000039,6.21,6.13,6.21,6.09,130953,185236510.0,1.93,-1.45,-0.09,1.04
2016-07-19,000039,6.13,6.18,6.19,6.1,83852,118606755.0,1.47,0.82,0.05,0.67
2016-07-20,000039,6.23,6.21,6.24,6.16,80399,112908762.0,1.29,0.49,0.03,0.64
2016-07-21,000039,6.21,6.2,6.25,6.19,71531,100545190.0,0.97,-0.16,-0.01,0.57
2016-07-22,000039,6.19,6.13,6.26,6.12,90184,126074692.0,2.26,-1.13,-0.07,0.72
2016-07-25,000039,6.13,6.13,6.19,6.08,58632,81579609.0,1.79,0.0,0.0,0.47
2016-07-26,000039,6.14,6.21,6.22,6.1,76214,106426105.0,1.96,1.31,0.08,0.6
2016-07-27,000039,6.21,6.01,6.29,5.91,146532,203741250.0,6.12,-3.22,-0.2,1.16
2016-07-28,000039,6.01,6.11,6.13,5.98,88203,121239937.0,2.5,1.66,0.1,0.7
2016-07-29,000039,6.11,6.05,6.12,6.04,49909,68846143.0,1.31,-0.98,-0.06,0.4
2016-08-01,000039,6.04,5.93,6.04,5.86,75109,101503142.0,2.98,-1.98,-0.12,0.6
2016-08-02,000039,5.89,5.96,5.98,5.89,31344,42440445.0,1.52,0.51,0.03,0.25
2016-08-03,000039,5.96,6.03,6.11,5.92,58845,80796025.0,3.19,1.17,0.07,0.47
2016-08-04,000039,6.05,6.03,6.05,5.96,43139,58942757.0,1.49,0.0,0.0,0.34
2016-08-05,000039,6.03,6.03,6.11,6.01,73738,101428999.0,1.66,0.0,0.0,0.58
2016-08-08,000039,6.04,6.06,6.07,5.96,54288,74511761.0,1.82,0.5,0.03,0.43
2016-08-09,000039,6.06,6.09,6.1,6.04,58699,81005582.0,0.99,0.5,0.03,0.47
2016-08-10,000039,6.11,6.04,6.11,6.04,53905,74316842.0,1.15,-0.82,-0.05,0.43
2016-08-11,000039,6.05,6.27,6.33,6.04,244793,342837296.0,4.8,3.81,0.23,1.94
2016-08-12,000039,6.2,6.29,6.31,6.14,156504,220525358.0,2.71,0.32,0.02,1.24
2016-08-15,000039,6.29,6.44,6.5,6.25,227823,327612496.0,3.97,2.38,0.15,1.81
2016-08-16,000039,6.44,6.63,6.86,6.41,361779,534981024.0,6.99,2.95,0.19,2.87
2016-08-17,000039,6.61,6.55,6.79,6.48,254264,375526384.0,4.68,-1.21,-0.08,2.02
2016-08-18,000039,6.53,6.72,6.82,6.47,290702,431452672.0,5.34,2.6,0.17,2.31
2016-08-19,000039,6.8,6.61,6.8,6.56,178387,264079562.0,3.57,-1.64,-0.11,1.41
2016-08-22,000039,6.58,6.42,6.58,6.41,116449,168970784.0,2.57,-2.87,-0.19,0.92
2016-08-23,000039,6.47,6.44,6.51,6.41,66531,96466475.0,1.56,0.31,0.02,0.53
2016-08-24,000039,6.48,6.4,6.48,6.36,67466,97184051.0,1.86,-0.62,-0.04,0.54
2016-08-25,000039,6.36,6.35,6.38,6.27,82617,117740781.0,1.72,-0.78,-0.05,0.66
2016-08-26,000039,6.36,6.34,6.39,6.3,78977,112866315.0,1.42,-0.16,-0.01,0.63
2016-08-29,000039,6.35,6.35,6.38,6.29,52591,75072100.0,1.42,0.16,0.01,0.42
2016-08-30,000039,6.35,6.35,6.39,6.31,55610,79511670.0,1.26,0.0,0.0,0.44
2016-08-31,000039,6.36,6.25,6.36,6.19,109420,154260636.0,2.68,-1.57,-0.1,0.87
2016-09-01,000039,6.74,6.43,6.76,6.4,222629,323993408.0,5.76,2.88,0.18,1.77
2016-09-02,000039,6.4,6.3,6.44,6.27,106785,152084884.0,2.64,-2.02,-0.13,0.85
2016-09-05,000039,6.29,6.3,6.33,6.26,69466,98651398.0,1.11,0.0,0.0,0.55
2016-09-06,000039,6.29,6.34,6.34,6.22,66214,93705831.0,1.9,0.63,0.04,0.53
2016-09-07,000039,6.34,6.38,6.42,6.3,103617,148578155.0,1.89,0.63,0.04,0.82
2016-09-08,000039,6.37,6.33,6.37,6.25,83497,118688885.0,1.88,-0.78,-0.05,0.66
2016-09-09,000039,6.31,6.29,6.36,6.29,61147,87087743.0,1.11,-0.63,-0.04,0.48
2016-09-12,000039,6.15,6.05,6.18,5.99,91930,127084579.0,3.02,-3.82,-0.24,0.73
2016-09-13,000039,6.06,6.09,6.13,6.04,44611,61554003.0,1.49,0.66,0.04,0.35
2016-09-14,000039,6.06,6.03,6.06,5.99,44327,60767372.0,1.15,-0.99,-0.06,0.35
2016-09-19,000039,6.05,6.08,6.1,6.04,40142,55321445.0,1.0,0.83,0.05,0.32
2016-09-20,000039,6.08,6.11,6.14,6.06,40165,55583842.0,1.32,0.49,0.03,0.32
2016-09-21,000039,6.11,6.11,6.14,6.08,26517,36760889.0,0.98,0.0,0.0,0.21
2016-09-22,000039,6.14,6.13,6.18,6.1,38454,53488374.0,1.31,0.33,0.02,0.3
2016-09-23,000039,6.13,6.09,6.15,6.07,32890,45534084.0,1.31,-0.65,-0.04,0.26
2016-09-26,000039,6.09,6.02,6.09,5.98,47067,64568259.0,1.81,-1.15,-0.07,0.37
2016-09-27,000039,6.0,6.04,6.06,5.96,49608,67870621.0,1.66,0.33,0.02,0.39
2016-09-28,000039,6.13,6.25,6.37,6.09,118315,166154523.0,4.64,3.48,0.21,0.94
2016-09-29,000039,6.26,6.21,6.28,6.19,60663,85356246.0,1.44,-0.64,-0.04,0.48
2016-09-30,000039,6.2,6.23,6.24,6.18,34021,47759806.0,0.97,0.32,0.02,0.27
2016-10-10,000039,6.25,6.28,6.29,6.17,59137,83469536.0,1.93,0.8,0.05,0.47
2016-10-11,000039,6.29,6.29,6.34,6.24,60259,85489053.0,1.59,0.16,0.01,0.48
2016-10-12,000039,6.27,6.3,6.31,6.2,45672,64559142.0,1.75,0.16,0.01,0.36
2016-10-13,000039,6.3,6.26,6.32,6.24,51643,73153475.0,1.27,-0.63,-0.04,0.41
2016-10-14,000039,6.26,6.28,6.29,6.19,47962,67571947.0,1.6,0.32,0.02,0.38
2016-10-17,000039,6.24,6.17,6.28,6.16,45464,63981122.0,1.91,-1.75,-0.11,0.36
2016-10-18,000039,6.17,6.31,6.35,6.15,86218,121899750.0,3.24,2.27,0.14,0.68
2016-10-19,000039,6.32,6.28,6.36,6.27,61268,87098428.0,1.43,-0.48,-0.03,0.49
2016-10-20,000039,6.28,6.29,6.32,6.25,47025,66711267.0,1.11,0.16,0.01,0.37
2016-10-21,000039,6.31,6.33,6.36,6.22,70032,99509439.0,2.23,0.64,0.04,0.56
2016-10-24,000039,6.33,6.39,6.46,6.28,115552,165661400.0,2.84,0.95,0.06,0.92
2016-10-25,000039,6.39,6.35,6.39,6.33,50584,72290801.0,0.94,-0.63,-0.04,0.4
2016-10-26,000039,6.34,6.29,6.35,6.24,49415,70083924.0,1.73,-0.94,-0.06,0.39
2016-10-27,000039,6.28,6.3,6.33,6.26,42155,59831138.0,1.11,0.16,0.01,0.33
2016-10-28,000039,6.29,6.23,6.32,6.21,61042,86278119.0,1.75,-1.11,-0.07,0.48
2016-10-31,000039,6.21,6.15,6.21,6.11,42560,59241197.0,1.61,-1.28,-0.08,0.34
2016-11-01,000039,6.15,6.2,6.24,6.15,33969,47564939.0,1.46,0.81,0.05,0.27
2016-11-02,000039,6.16,6.11,6.21,6.1,54999,76434281.0,1.77,-1.45,-0.09,0.44
2016-11-03,000039,6.11,6.16,6.21,6.09,47631,66384143.0,1.96,0.82,0.05,0.38
2016-11-04,000039,6.16,6.25,6.32,6.14,93822,132750694.0,2.92,1.46,0.09,0.74
2016-11-07,000039,6.26,6.2,6.28,6.17,56685,79685815.0,1.76,-0.8,-0.05,0.45
2016-11-08,000039,6.22,6.21,6.25,6.18,65670,92304772.0,1.13,0.16,0.01,0.52
2016-11-09,000039,6.21,6.12,6.23,6.04,73757,102511491.0,3.06,-1.45,-0.09,0.58
2016-11-10,000039,6.17,6.29,6.34,6.17,129546,183293718.0,2.78,2.78,0.17,1.03
2016-11-11,000039,6.29,6.43,6.46,6.29,193362,278537472.0,2.7,2.23,0.14,1.53
2016-11-14,000039,6.41,6.72,6.79,6.36,364385,540513840.0,6.69,4.51,0.29,2.89
2016-11-15,000039,7.5,7.55,7.55,7.33,922453,1513661040.0,3.27,12.35,0.83,7.32
2016-11-16,000039,7.55,7.33,7.63,7.18,499709,807164912.0,5.96,-2.91,-0.22,3.96
2016-11-17,000039,7.4,7.43,7.72,7.38,367290,602548208.0,4.64,1.36,0.1,2.91
2016-11-18,000039,7.24,7.18,7.25,7.06,249567,392959440.0,2.56,-3.36,-0.25,1.98
2016-11-21,000039,7.1,7.16,7.38,7.08,173158,274062192.0,4.18,-0.28,-0.02,1.37
2016-11-22,000039,7.19,7.2,7.28,7.14,115124,182233632.0,1.96,0.56,0.04,0.91
2016-11-23,000039,7.24,7.05,7.26,7.03,124070,194369396.0,3.19,-2.08,-0.15,0.98
2016-11-24,000039,7.02,7.13,7.29,7.02,136078,213900408.0,3.83,1.13,0.08,1.08
2016-11-25,000039,7.1,7.2,7.26,7.08,147764,232920349.0,2.52,0.98,0.07,1.17
2016-11-28,000039,7.2,7.08,7.46,7.06,247059,394559168.0,5.56,-1.67,-0.12,1.96
2016-11-29,000039,7.08,6.96,7.16,6.91,202894,313686400.0,3.53,-1.69,-0.12,1.61
2016-11-30,000039,6.98,6.9,7.03,6.83,115378,176353205.0,2.87,-0.86,-0.06,0.91
2016-12-01,000039,6.93,7.14,7.2,6.9,187703,292512160.0,4.35,3.48,0.24,1.49
2016-12-02,000039,7.09,6.95,7.15,6.94,86243,133562136.0,2.94,-2.66,-0.19,0.68
2016-12-05,000039,6.94,6.8,7.01,6.79,96449,146924677.0,3.17,-2.16,-0.15,0.76
2016-12-06,000039,6.83,6.8,6.87,6.78,62250,94367014.0,1.32,0.0,0.0,0.49
2016-12-07,000039,6.85,6.94,6.98,6.81,57551,88068783.0,2.5,2.06,0.14,0.46
2016-12-08,000039,7.01,7.03,7.23,6.99,135226,211579563.0,3.46,1.3,0.09,1.07
2016-12-09,000039,7.0,7.11,7.21,6.98,120607,189603852.0,3.27,1.14,0.08,0.96
2016-12-12,000039,7.13,6.58,7.19,6.56,183728,278056416.0,8.86,-7.45,-0.53,1.46
2016-12-13,000039,6.58,6.63,6.71,6.5,99822,146892480.0,3.19,0.76,0.05,0.79
2016-12-14,000039,6.61,6.46,6.61,6.42,102542,149397009.0,2.87,-2.56,-0.17,0.81
2016-12-15,000039,6.44,6.44,6.56,6.41,87913,127618368.0,2.32,-0.31,-0.02,0.7
2016-12-16,000039,6.56,6.7,6.72,6.55,148223,219896655.0,2.64,4.04,0.26,1.18
2016-12-19,000039,6.74,6.6,6.81,6.54,95343,141178113.0,4.03,-1.49,-0.1,0.76
2016-12-20,000039,6.58,6.57,6.6,6.49,65103,95333832.0,1.67,-0.45,-0.03,0.52
2016-12-21,000039,6.66,6.75,6.79,6.63,133683,200188552.0,2.44,2.74,0.18,1.06
2016-12-22,000039,6.75,6.66,6.75,6.62,74916,111239927.0,1.93,-1.33,-0.09,0.59
2016-12-23,000039,6.66,6.57,6.68,6.5,61596,90470938.0,2.7,-1.35,-0.09,0.49
2016-12-26,000039,6.57,6.68,6.69,6.44,58980,86580815.0,3.81,1.67,0.11,0.47
2016-12-27,000039,6.68,6.73,6.78,6.63,83768,125172642.0,2.25,0.75,0.05,0.66
2016-12-28,000039,6.73,6.56,6.74,6.56,64268,94878087.0,2.67,-2.53,-0.17,0.51
2016-12-29,000039,6.6,6.59,6.65,6.55,54723,80752322.0,1.52,0.46,0.03,0.43
2016-12-30,000039,6.58,6.53,6.63,6.52,52506,77082516.0,1.67,-0.91,-0.06,0.42
2017-01-03,000039,6.55,6.63,6.67,6.55,54453,80551959.0,1.84,1.53,0.1,0.43
2017-01-04,000039,6.63,6.68,6.71,6.63,71462,106257812.0,1.21,0.75,0.05,0.57
2017-01-05,000039,6.68,7.35,7.44,6.65,254710,394069808.0,11.83,10.03,0.67,2.02
2017-01-06,000039,7.21,7.05,7.25,7.01,192341,301567952.0,3.27,-4.08,-0.3,1.52
2017-01-09,000039,7.05,7.12,7.18,6.99,85035,133196054.0,2.7,0.99,0.07,0.67
2017-01-10,000039,7.11,7.13,7.18,6.97,100531,156758295.0,2.95,0.14,0.01,0.8
2017-01-11,000039,7.08,7.04,7.18,6.97,84066,130952544.0,2.95,-1.26,-0.09,0.67
2017-01-12,000039,7.04,6.98,7.15,6.94,58066,90125767.0,2.98,-0.85,-0.06,0.46
2017-01-13,000039,6.98,6.88,7.01,6.79,78183,119350945.0,3.15,-1.43,-0.1,0.62
2017-01-16,000039,6.84,6.77,6.89,6.54,84510,126774441.0,5.09,-1.6,-0.11,0.67
2017-01-17,000039,6.77,7.0,7.04,6.73,99487,151953829.0,4.58,3.4,0.23,0.79
2017-01-18,000039,6.98,7.05,7.16,6.93,96153,150099144.0,3.29,0.71,0.05,0.76
2017-01-19,000039,7.01,7.05,7.18,7.01,66674,104231171.0,2.41,0.0,0.0,0.53
2017-01-20,000039,7.09,7.05,7.15,7.03,47252,73791655.0,1.7,0.0,0.0,0.37
2017-01-23,000039,7.1,7.28,7.35,7.04,121759,193209708.0,4.4,3.26,0.23,0.97
2017-01-24,000039,7.23,7.16,7.26,7.16,52881,83771675.0,1.37,-1.65,-0.12,0.42
2017-01-25,000039,7.16,7.18,7.24,7.14,31658,50065685.0,1.4,0.28,0.02,0.25
2017-01-26,000039,7.21,7.2,7.26,7.14,40947,64716890.0,1.67,0.28,0.02,0.32
2017-02-03,000039,7.21,7.08,7.21,7.01,42790,66715893.0,2.78,-1.67,-0.12,0.34
2017-02-06,000039,7.07,7.05,7.08,6.96,45048,69892050.0,1.69,-0.42,-0.03,0.36
2017-02-07,000039,7.08,7.24,7.33,7.04,99583,158051545.0,4.11,2.7,0.19,0.79
2017-02-08,000039,7.19,7.35,7.37,7.17,94650,151115961.0,2.76,1.52,0.11,0.75
2017-02-09,000039,7.31,7.26,7.54,7.24,171584,278370464.0,4.08,-1.22,-0.09,1.36
2017-02-10,000039,7.26,7.56,7.67,7.26,282040,462691824.0,5.65,4.13,0.3,2.24
2017-02-13,000039,7.58,7.87,7.9,7.58,278309,471392496.0,4.23,4.1,0.31,2.21
2017-02-14,000039,7.84,7.83,7.89,7.74,119635,202650379.0,1.91,-0.51,-0.04,0.95
2017-02-15,000039,7.85,7.62,7.88,7.56,129451,217896511.0,4.09,-2.68,-0.21,1.03
2017-02-16,000039,7.62,8.01,8.05,7.59,142693,242339767.0,6.04,5.12,0.39,1.13
2017-02-17,000039,8.02,7.76,8.06,7.7,119518,202578193.0,4.49,-3.12,-0.25,0.95
2017-02-20,000039,7.76,7.93,8.04,7.69,165335,281753072.0,4.51,2.19,0.17,1.31
2017-02-21,000039,7.93,7.98,8.06,7.8,129289,222165263.0,3.28,0.63,0.05,1.03
2017-02-22,000039,7.96,8.1,8.21,7.89,120054,209754062.0,4.01,1.5,0.12,0.95
2017-02-23,000039,8.08,8.0,8.09,7.9,98480,169500113.0,2.35,-1.23,-0.1,0.78
2017-02-24,000039,8.0,7.82,8.0,7.77,114171,193926310.0,2.88,-2.25,-0.18,0.91
2017-02-27,000039,7.79,7.74,7.93,7.66,101573,171302093.0,3.45,-1.02,-0.08,0.81
2017-02-28,000039,7.74,7.78,7.81,7.64,88873,149111887.0,2.2,0.52,0.04,0.7
2017-03-01,000039,7.83,7.9,7.99,7.81,113496,194591055.0,2.31,1.54,0.12,0.9
2017-03-02,000039,7.9,7.86,8.05,7.84,99496,170958624.0,2.66,-0.51,-0.04,0.79
2017-03-03,000039,7.81,7.88,7.98,7.66,93485,158150831.0,4.07,0.25,0.02,0.74
2017-03-06,000039,7.86,7.69,7.92,7.58,178373,297832384.0,4.31,-2.41,-0.19,1.41
2017-03-07,000039,7.62,7.58,7.74,7.5,118059,195565437.0,3.12,-1.43,-0.11,0.94
2017-03-08,000039,7.57,7.49,7.58,7.4,105624,172312491.0,2.37,-1.19,-0.09,0.84
2017-03-09,000039,7.49,7.5,7.55,7.38,76179,123923195.0,2.27,0.13,0.01,0.6
2017-03-10,000039,7.45,7.35,7.51,7.35,69776,113133415.0,2.13,-2.0,-0.15,0.55
2017-03-13,000039,7.36,7.49,7.51,7.34,72288,117672952.0,2.31,1.9,0.14,0.57
2017-03-14,000039,7.5,7.43,7.56,7.4,65893,107300826.0,2.14,-0.8,-0.06,0.52
2017-03-15,000039,7.43,7.48,7.53,7.3,66747,108800163.0,3.1,0.67,0.05,0.53
2017-03-16,000039,7.5,7.56,7.62,7.47,69401,114418725.0,2.01,1.07,0.08,0.55
2017-03-17,000039,7.56,7.36,7.6,7.36,102276,166415798.0,3.17,-2.65,-0.2,0.81
2017-03-20,000039,7.36,7.2,7.4,7.16,149572,237977942.0,3.26,-2.17,-0.16,1.19
2017-03-21,000039,7.2,7.26,7.28,7.14,72087,114159097.0,1.94,0.83,0.06,0.57
2017-03-22,000039,7.21,7.19,7.26,7.13,67540,106781461.0,1.79,-0.96,-0.07,0.54
2017-03-23,000039,7.16,7.2,7.3,7.12,60248,95481110.0,2.5,0.14,0.01,0.48
2017-03-24,000039,7.2,7.35,7.4,7.08,82224,131225779.0,4.44,2.08,0.15,0.65
2017-03-27,000039,7.36,7.38,7.52,7.32,103733,168603776.0,2.72,0.41,0.03,0.82
2017-03-28,000039,7.41,7.45,7.53,7.33,87473,142143429.0,2.71,0.95,0.07,0.69
2017-03-29,000039,7.45,7.56,7.64,7.34,170426,279753520.0,4.03,1.48,0.11,1.35
2017-03-30,000039,7.55,7.43,7.55,7.33,120379,195474284.0,2.91,-1.72,-0.13,0.95
2017-03-31,000039,7.39,7.35,7.44,7.26,76190,122400694.0,2.42,-1.08,-0.08,0.6
2017-04-05,000039,7.33,7.55,7.6,7.33,115808,189789083.0,3.67,2.72,0.2,0.92
2017-04-06,000039,7.6,7.74,7.77,7.46,141453,234961226.0,4.11,2.52,0.19,1.12
2017-04-07,000039,7.73,7.64,7.73,7.62,99453,165864969.0,1.42,-1.29,-0.1,0.79
2017-04-10,000039,7.63,7.69,7.81,7.58,107441,179319197.0,3.01,0.65,0.05,0.85
2017-04-11,000039,7.71,8.13,8.24,7.52,280327,478700976.0,9.36,5.72,0.44,2.22
2017-04-12,000039,8.85,8.29,8.85,8.2,658891,1196854432.0,8.0,1.97,0.16,5.22
2017-04-13,000039,8.3,8.23,8.37,8.02,264469,465029424.0,4.22,-0.72,-0.06,2.1
2017-04-14,000039,8.13,7.85,8.15,7.83,225076,386493824.0,3.89,-4.62,-0.38,1.78
2017-04-17,000039,7.77,7.79,7.92,7.72,104914,177439687.0,2.55,-0.76,-0.06,0.83
2017-04-18,000039,7.78,7.69,7.91,7.63,110798,186927045.0,3.59,-1.28,-0.1,0.88
2017-04-19,000039,7.6,7.52,7.68,7.48,118477,194871248.0,2.6,-2.21,-0.17,0.94
2017-04-20,000039,7.56,7.77,7.8,7.53,135271,224549985.0,3.59,3.32,0.25,1.07
2017-04-21,000039,7.74,7.63,7.81,7.61,68054,113681804.0,2.57,-1.8,-0.14,0.54
2017-04-24,000039,7.6,7.4,7.6,7.36,90864,148080615.0,3.15,-3.01,-0.23,0.72
2017-04-25,000039,7.41,7.43,7.6,7.4,79646,130693275.0,2.7,0.41,0.03,0.63
2017-04-26,000039,7.16,7.29,7.4,7.16,106998,171031212.0,3.23,-1.88,-0.14,0.85
2017-04-27,000039,7.24,7.24,7.34,7.01,111213,175571990.0,4.53,-0.69,-0.05,0.88
2017-04-28,000039,7.27,7.39,7.45,7.26,82291,132852578.0,2.62,2.07,0.15,0.65
2017-05-02,000039,7.35,7.32,7.46,7.31,63276,102130981.0,2.03,-0.95,-0.07,0.5
2017-05-03,000039,7.33,7.3,7.39,7.24,61075,97999772.0,2.05,-0.27,-0.02,0.48
2017-05-04,000039,7.28,7.16,7.33,7.12,72986,115442697.0,2.88,-1.92,-0.14,0.58
2017-05-05,000039,7.13,6.85,7.2,6.81,137690,212597427.0,5.45,-4.33,-0.31,1.09
2017-05-08,000039,6.84,6.76,6.93,6.74,50520,76647830.0,2.77,-1.31,-0.09,0.4
2017-05-09,000039,6.8,6.84,6.85,6.66,56621,85219258.0,2.81,1.18,0.08,0.45
2017-05-10,000039,6.85,6.6,6.89,6.58,61929,93120460.0,4.53,-3.51,-0.24,0.49
2017-05-11,000039,6.58,6.63,6.64,6.43,79241,116138145.0,3.18,0.45,0.03,0.63
2017-05-12,000039,6.62,6.83,6.88,6.49,126174,189109202.0,5.88,3.02,0.2,1.0
2017-05-15,000039,6.85,6.8,6.9,6.8,76841,116568291.0,1.46,-0.44,-0.03,0.61
2017-05-16,000039,6.79,6.95,6.95,6.68,89458,135493406.0,3.97,2.21,0.15,0.71
2017-05-17,000039,6.93,7.4,7.8,6.9,353647,568676336.0,12.95,6.47,0.45,2.8
2017-05-18,000039,7.3,7.74,8.05,7.21,594134,996263024.0,11.35,4.59,0.34,4.71
2017-05-19,000039,7.86,7.83,8.23,7.58,672123,1150048944.0,8.4,1.16,0.09,5.33
2017-05-22,000039,7.74,7.38,7.79,7.38,359354,593725792.0,5.24,-5.75,-0.45,2.85
2017-05-23,000039,7.33,7.01,7.44,6.97,278083,440775408.0,6.37,-5.01,-0.37,2.2
2017-05-24,000039,6.91,7.23,7.27,6.9,192132,300929792.0,5.28,3.14,0.22,1.52
2017-05-25,000039,7.17,7.33,7.43,7.04,204481,325744560.0,5.39,1.38,0.1,1.62
2017-05-26,000039,7.36,7.44,7.53,7.3,200653,326131280.0,3.14,1.5,0.11,1.59
2017-05-31,000039,7.52,7.27,7.59,7.27,175875,284869520.0,4.3,-2.28,-0.17,1.39
2017-06-01,000039,7.21,7.23,7.33,7.11,140204,222465396.0,3.03,-0.55,-0.04,1.11
2017-06-02,000039,7.19,7.35,7.37,7.06,137237,217756495.0,4.29,1.66,0.12,1.09
2017-06-05,000039,7.54,7.61,7.73,7.46,240807,398269392.0,3.67,3.54,0.26,1.91
2017-06-06,000039,7.59,7.63,7.7,7.49,146279,241653521.0,2.76,0.26,0.02,1.16
2017-06-07,000039,7.64,7.8,7.95,7.58,271029,458940800.0,4.85,2.23,0.17,2.15
2017-06-08,000039,7.74,7.87,8.0,7.73,282309,481735056.0,3.46,0.9,0.07,2.24
2017-06-09,000039,7.86,7.81,7.88,7.76,183867,311339520.0,1.52,-0.76,-0.06,1.46
2017-06-12,000039,7.77,7.61,7.96,7.61,191680,323779616.0,4.48,-2.56,-0.2,1.52
2017-06-13,000039,7.61,8.04,8.04,7.61,276933,471299312.0,5.65,5.65,0.43,2.19
2017-06-14,000039,8.01,7.94,8.08,7.89,198588,342292944.0,2.36,-1.24,-0.1,1.57
2017-06-15,000039,7.94,7.96,8.05,7.78,174399,298239776.0,3.4,0.25,0.02,1.38
2017-06-16,000039,7.91,7.97,8.05,7.89,163671,281819472.0,2.01,0.13,0.01,1.3
2017-06-19,000039,7.92,7.99,8.04,7.87,145083,248971844.0,2.13,0.25,0.02,1.15
2017-06-20,000039,8.0,7.94,8.05,7.88,133039,228465495.0,2.13,-0.63,-0.05,1.05
2017-06-21,000039,8.01,7.98,8.01,7.89,121649,208877251.0,1.51,0.5,0.04,0.96
2017-06-22,000039,8.0,7.93,8.12,7.92,215787,372545792.0,2.51,-0.63,-0.05,1.71
2017-06-23,000039,7.9,7.75,7.9,7.58,217956,366245456.0,4.04,-2.27,-0.18,1.73
2017-06-26,000039,7.78,8.31,8.33,7.69,453539,792868704.0,8.26,7.23,0.56,3.59
2017-06-27,000039,8.28,8.23,8.39,8.16,268414,476036224.0,2.77,-0.96,-0.08,2.13
2017-06-28,000039,8.19,8.44,8.65,8.14,402029,727592304.0,6.2,2.55,0.21,3.19
2017-06-29,000039,8.41,8.41,8.54,8.33,164858,297096832.0,2.49,-0.36,-0.03,1.31
2017-06-30,000039,8.36,8.43,8.6,8.35,160590,291131024.0,2.97,0.24,0.02,1.27
2017-07-03,000039,8.41,8.25,8.45,8.19,236021,418770656.0,3.08,-2.14,-0.18,1.87
2017-07-04,000039,8.26,8.29,8.47,8.24,206645,370174752.0,2.79,0.48,0.04,1.64
2017-07-05,000039,8.25,8.3,8.31,8.1,177522,313666832.0,2.53,0.12,0.01,1.41
2017-07-06,000039,8.32,8.16,8.34,8.03,205477,360717984.0,3.73,-1.69,-0.14,1.63
2017-07-07,000039,8.09,8.09,8.26,8.09,146839,257743427.0,2.08,-0.86,-0.07,1.16
2017-07-10,000039,8.11,7.99,8.24,7.99,187159,326177696.0,3.09,-1.24,-0.1,1.48
2017-07-11,000039,8.01,8.17,8.25,7.97,202146,353531216.0,3.5,2.25,0.18,1.6
2017-07-12,000039,8.13,8.17,8.21,8.0,133460,232802269.0,2.57,0.0,0.0,1.06
2017-07-13,000039,8.14,8.36,8.42,8.1,226357,403329744.0,3.92,2.33,0.19,1.79
2017-07-14,000039,8.34,8.43,8.52,8.28,176969,317382896.0,2.87,0.84,0.07,1.4
2017-07-17,000039,8.34,7.89,8.39,7.85,300904,525496544.0,6.41,-6.41,-0.54,2.38
2017-07-18,000039,7.96,7.98,8.06,7.88,130681,224941080.0,2.28,1.14,0.09,1.03
2017-07-19,000039,7.98,8.25,8.3,7.91,181631,317300800.0,4.89,3.38,0.27,1.44
2017-07-20,000039,8.26,8.35,8.56,8.23,236693,425628016.0,4.0,1.21,0.1,1.87
2017-07-21,000039,8.31,8.48,8.6,8.29,224425,405308848.0,3.71,1.56,0.13,1.78
2017-07-24,000039,8.51,8.68,8.83,8.45,312022,575975200.0,4.48,2.36,0.2,2.47
2017-07-25,000039,8.67,8.55,8.74,8.44,211798,385745088.0,3.46,-1.5,-0.13,1.68
2017-07-26,000039,8.5,8.5,8.64,8.39,164421,296714016.0,2.92,-0.58,-0.05,1.3
2017-07-27,000039,8.49,8.46,8.52,8.3,153181,274652720.0,2.59,-0.47,-0.04,1.21
2017-07-28,000039,8.42,8.72,8.76,8.35,236993,433306064.0,4.85,3.07,0.26,1.88
2017-07-31,000039,8.72,9.13,9.31,8.68,426259,814105408.0,7.22,4.7,0.41,3.37
2017-08-01,000039,9.11,9.0,9.19,8.95,210302,401454128.0,2.63,-1.42,-0.13,1.66
2017-08-02,000039,9.03,9.04,9.21,8.96,165779,317359408.0,2.78,0.44,0.04,1.31
2017-08-03,000039,9.09,9.25,9.47,9.09,293515,573926064.0,4.2,2.32,0.21,2.32
2017-08-04,000039,9.28,8.93,9.38,8.93,255890,490967168.0,4.86,-3.46,-0.32,2.03
2017-08-07,000039,8.91,9.01,9.04,8.83,135590,255878268.0,2.35,0.9,0.08,1.07
2017-08-08,000039,9.03,8.97,9.18,8.93,139822,267494264.0,2.77,-0.44,-0.04,1.11
2017-08-09,000039,8.91,9.02,9.1,8.88,112254,212782259.0,2.45,0.56,0.05,0.89
2017-08-10,000039,9.0,8.7,9.03,8.68,179406,334555376.0,3.88,-3.55,-0.32,1.42
2017-08-11,000039,8.6,8.59,8.83,8.59,159877,295013712.0,2.76,-1.26,-0.11,1.27
2017-08-14,000039,8.64,8.87,8.92,8.59,122294,228172791.0,3.84,3.26,0.28,0.97
2017-08-15,000039,8.89,8.8,9.01,8.74,113164,212624211.0,3.04,-0.79,-0.07,0.9
2017-08-16,000039,8.79,8.57,8.79,8.49,168156,307684016.0,3.41,-2.61,-0.23,1.33
2017-08-17,000039,8.58,8.69,8.7,8.45,155918,284695792.0,2.92,1.4,0.12,1.23
2017-08-18,000039,8.68,8.96,8.96,8.57,185165,346917728.0,4.49,3.11,0.27,1.47
2017-08-21,000039,8.97,8.99,9.15,8.89,167412,318551776.0,2.9,0.33,0.03,1.33
2017-08-22,000039,8.95,8.91,9.03,8.85,82100,155175322.0,2.0,-0.89,-0.08,0.65
2017-08-23,000039,8.93,8.74,9.01,8.74,91796,172136722.0,3.03,-1.91,-0.17,0.73
2017-08-24,000039,8.74,8.56,8.79,8.51,132075,241753035.0,3.2,-2.06,-0.18,1.05
2017-08-25,000039,8.59,8.8,8.81,8.55,88853,164673668.0,3.04,2.8,0.24,0.7
2017-08-28,000039,8.8,8.91,8.97,8.77,118364,222197100.0,2.27,1.25,0.11,0.94
2017-08-29,000039,8.9,8.83,9.04,8.81,90502,170410595.0,2.58,-0.9,-0.08,0.72
2017-08-30,000039,8.91,8.94,9.04,8.82,118663,224129731.0,2.49,1.25,0.11,0.94
2017-08-31,000039,8.93,8.96,9.03,8.86,100761,190786920.0,1.9,0.22,0.02,0.8
2017-09-01,000039,8.97,8.99,9.06,8.85,123558,233940828.0,2.34,0.33,0.03,0.98
2017-09-04,000039,9.01,9.06,9.31,8.96,212991,411740656.0,3.89,0.78,0.07,1.69
2017-09-05,000039,9.06,8.97,9.17,8.91,137700,262375864.0,2.87,-0.99,-0.09,1.09
2017-09-06,000039,8.91,8.88,8.94,8.8,121035,226981194.0,1.56,-1.0,-0.09,0.96
2017-09-07,000039,8.88,8.84,8.93,8.79,90059,168900899.0,1.58,-0.45,-0.04,0.71
2017-09-08,000039,8.85,8.76,8.88,8.69,110058,204480159.0,2.15,-0.9,-0.08,0.87
2017-09-11,000039,8.8,8.96,8.99,8.66,124295,232432518.0,3.77,2.28,0.2,0.98
2017-09-12,000039,8.97,8.8,8.98,8.78,98509,184948756.0,2.23,-1.79,-0.16,0.78
2017-09-13,000039,8.84,8.8,8.85,8.7,68636,127502194.0,1.7,0.0,0.0,0.54
2017-09-14,000039,8.92,8.8,8.98,8.76,88507,165778216.0,2.5,0.0,0.0,0.7
2017-09-15,000039,8.81,8.88,8.98,8.65,161828,301839536.0,3.75,0.91,0.08,1.28
2017-09-18,000039,8.83,8.9,8.98,8.81,101884,191648531.0,1.91,0.23,0.02,0.81
2017-09-19,000039,8.88,8.7,8.88,8.68,87940,163500354.0,2.25,-2.25,-0.2,0.7
2017-09-20,000039,8.71,8.71,8.76,8.66,59375,109724450.0,1.15,0.11,0.01,0.47
2017-09-21,000039,8.73,8.51,8.76,8.5,113005,206441040.0,2.99,-2.3,-0.2,0.89
2017-09-22,000039,8.5,8.38,8.54,8.29,107294,191633201.0,2.94,-1.53,-0.13,0.85
2017-09-25,000039,8.38,8.19,8.39,8.18,78416,138483558.0,2.51,-2.27,-0.19,0.62
2017-09-26,000039,8.16,8.44,8.49,8.15,98225,175823137.0,4.15,3.05,0.25,0.78
2017-09-27,000039,8.44,8.53,8.63,8.4,79478,144454743.0,2.73,1.07,0.09,0.63
2017-09-28,000039,8.56,8.54,8.71,8.45,78025,142480229.0,3.05,0.12,0.01,0.62
2017-09-29,000039,8.59,8.53,8.65,8.49,60787,110567225.0,1.87,-0.12,-0.01,0.48
2017-10-09,000039,8.73,8.68,8.85,8.63,71679,132600599.0,2.58,1.76,0.15,0.57
2017-10-10,000039,9.0,8.89,9.19,8.85,214813,406749488.0,3.92,2.42,0.21,1.7
2017-10-11,000039,9.0,8.9,9.0,8.8,104300,196105772.0,2.25,0.11,0.01,0.82
2017-10-12,000039,8.89,8.97,9.1,8.85,122473,232432948.0,2.81,0.79,0.07,0.97
2017-10-13,000039,8.97,8.97,9.1,8.91,90000,171294507.0,2.12,0.0,0.0,0.71
2017-10-16,000039,8.95,8.67,9.01,8.64,144740,268925408.0,4.12,-3.34,-0.3,1.14
2017-10-17,000039,8.65,8.75,8.78,8.62,55491,102388550.0,1.85,0.92,0.08,0.44
2017-10-18,000039,8.76,8.65,8.87,8.64,62786,116829473.0,2.63,-1.14,-0.1,0.5
2017-10-19,000039,8.66,8.55,8.66,8.44,70635,128161726.0,2.54,-1.16,-0.1,0.56
2017-10-20,000039,8.53,8.59,8.69,8.51,53385,97751496.0,2.11,0.47,0.04,0.42
2017-10-23,000039,8.64,8.94,8.94,8.61,144283,269231200.0,3.84,4.07,0.35,1.14
2017-10-24,000039,8.92,8.89,8.92,8.78,91205,170723154.0,1.57,-0.56,-0.05,0.72
2017-10-25,000039,8.9,8.94,9.0,8.84,109516,206648005.0,1.8,0.56,0.05,0.87
2017-10-26,000039,8.9,8.96,9.08,8.85,164074,311401056.0,2.57,0.22,0.02,1.3
2017-10-27,000039,8.95,8.95,9.09,8.84,131823,250128838.0,2.79,-0.11,-0.01,1.04
2017-10-30,000039,8.97,8.73,8.99,8.6,135910,252574877.0,4.36,-2.46,-0.22,1.07
2017-10-31,000039,8.74,9.13,9.14,8.65,194058,366024320.0,5.61,4.58,0.4,1.53
2017-11-01,000039,9.15,9.4,9.54,9.12,432660,850402640.0,4.6,2.96,0.27,3.42
2017-11-02,000039,9.38,9.39,9.5,9.24,180616,355425376.0,2.77,-0.11,-0.01,1.43
2017-11-03,000039,9.36,9.28,9.49,9.19,162156,318543088.0,3.19,-1.17,-0.11,1.28
2017-11-06,000039,9.25,9.6,9.6,9.21,252673,498028320.0,4.2,3.45,0.32,2.0
2017-11-07,000039,9.6,9.73,9.8,9.51,274519,553979120.0,3.02,1.35,0.13,2.17
2017-11-08,000039,9.69,9.6,9.8,9.58,193553,391342448.0,2.26,-1.34,-0.13,1.53
2017-11-09,000039,9.54,9.74,9.8,9.53,190603,386148320.0,2.81,1.46,0.14,1.51
2017-11-10,000039,9.69,10.06,10.14,9.68,294099,610668608.0,4.72,3.29,0.32,2.33
2017-11-13,000039,10.07,10.0,10.3,9.94,263744,551550928.0,3.58,-0.6,-0.06,2.09
2017-11-14,000039,10.0,9.84,10.14,9.78,184918,383069904.0,3.6,-1.6,-0.16,1.46
2017-11-15,000039,9.83,9.88,9.95,9.7,149326,305688448.0,2.54,0.41,0.04,1.18
2017-11-16,000039,9.8,9.78,9.86,9.61,126173,256319353.0,2.53,-1.01,-0.1,1.0
2017-11-17,000039,9.86,9.38,10.05,9.35,241597,491118640.0,7.16,-4.09,-0.4,1.91
2017-11-20,000039,9.37,9.6,9.64,9.05,193215,382546176.0,6.29,2.35,0.22,1.53
2017-11-21,000039,9.56,9.92,9.98,9.54,192085,392810352.0,4.58,3.33,0.32,1.52
2017-11-22,000039,9.91,9.71,10.02,9.6,176267,361123792.0,4.23,-2.12,-0.21,1.39
2017-11-23,000039,9.71,9.25,9.79,9.23,147983,295523312.0,5.77,-4.74,-0.46,1.17
2017-11-24,000039,9.22,9.28,9.42,9.11,109392,212979409.0,3.35,0.32,0.03,0.87
2017-11-27,000039,9.28,9.03,9.37,9.0,110437,213330690.0,3.99,-2.69,-0.25,0.87
2017-11-28,000039,9.04,9.17,9.26,8.94,88245,169538770.0,3.54,1.55,0.14,0.7
2017-11-29,000039,9.15,9.54,9.61,9.12,156834,308872992.0,5.34,4.03,0.37,1.24
2017-11-30,000039,9.48,9.27,9.58,9.18,114282,225409019.0,4.19,-2.83,-0.27,0.9
2017-12-01,000039,9.24,9.45,9.59,9.24,154556,307197664.0,3.78,1.94,0.18,1.22
2017-12-04,000039,9.46,9.47,9.71,9.4,159121,318744992.0,3.28,0.21,0.02,1.26
2017-12-05,000039,9.53,9.16,9.53,9.12,141856,275804880.0,4.33,-3.27,-0.31,1.12
2017-12-06,000039,9.13,9.26,9.33,9.08,121342,234892928.0,2.73,1.09,0.1,0.96
2017-12-07,000039,9.23,9.32,9.46,9.19,123815,243356508.0,2.92,0.65,0.06,0.98
2017-12-08,000039,9.28,9.23,9.35,9.13,123633,240085118.0,2.36,-0.97,-0.09,0.98
2017-12-11,000039,9.22,9.62,9.65,9.17,200383,397873776.0,5.2,4.23,0.39,1.58
2017-12-12,000039,9.64,9.64,9.76,9.54,209673,423663920.0,2.29,0.21,0.02,1.66
2017-12-13,000039,9.61,9.95,9.97,9.52,214427,437365232.0,4.67,3.22,0.31,1.7
2017-12-14,000039,9.89,10.01,10.12,9.81,214466,445254656.0,3.12,0.6,0.06,1.7
2017-12-15,000039,9.94,9.93,10.24,9.92,254869,533881648.0,3.2,-0.8,-0.08,2.01
2017-12-18,000039,9.94,9.81,10.23,9.81,190382,396478880.0,4.23,-1.21,-0.12,1.51
2017-12-19,000039,9.99,10.7,10.83,9.99,454151,985158448.0,8.56,9.07,0.89,3.59
2017-12-20,000039,10.64,10.59,10.74,10.53,271667,595841168.0,1.96,-1.03,-0.11,2.15
2017-12-21,000039,10.59,10.74,10.86,10.49,282083,622370224.0,3.49,1.42,0.15,2.23
2017-12-22,000039,10.69,10.51,10.72,10.48,192096,419118480.0,2.23,-2.14,-0.23,1.52
2017-12-25,000039,10.56,10.55,10.69,10.3,167355,363031392.0,3.71,0.38,0.04,1.32
2017-12-26,000039,10.53,10.72,10.8,10.33,190370,415675696.0,4.45,1.61,0.17,1.51
2017-12-27,000039,10.83,10.43,10.97,10.34,265941,581959264.0,5.88,-2.71,-0.29,2.1
2017-12-28,000039,10.32,10.61,10.86,10.15,260485,568287552.0,6.81,1.73,0.18,2.06
2017-12-29,000039,10.64,11.14,11.17,10.53,345459,776797792.0,6.03,5.0,0.53,2.73
2018-01-02,000039,11.08,11.15,11.33,10.98,333576,763867520.0,3.14,0.09,0.01,2.64
2018-01-03,000039,11.12,11.03,11.42,10.93,263345,601765888.0,4.39,-1.08,-0.12,2.08
2018-01-04,000039,10.97,11.06,11.25,10.88,199524,453433248.0,3.35,0.27,0.03,1.58
2018-01-05,000039,11.0,10.84,11.06,10.83,178680,401496480.0,2.08,-1.99,-0.22,1.41
2018-01-08,000039,10.83,11.24,11.34,10.82,248003,566421776.0,4.8,3.69,0.4,1.96
2018-01-09,000039,11.22,11.13,11.36,11.0,174514,399785872.0,3.2,-0.98,-0.11,1.38
2018-01-10,000039,10.99,10.91,11.19,10.78,155630,350462448.0,3.68,-1.98,-0.22,1.23
2018-01-11,000039,10.89,10.91,11.09,10.88,109000,246223578.0,1.92,0.0,0.0,0.86
2018-01-12,000039,10.9,10.8,10.99,10.76,147074,328167536.0,2.11,-1.01,-0.11,1.16
2018-01-15,000039,10.8,10.39,10.87,10.36,205863,447690784.0,4.72,-3.8,-0.41,1.63
2018-01-16,000039,10.4,10.59,10.79,10.4,204799,448309968.0,3.75,1.92,0.2,1.62
2018-01-17,000039,10.62,10.38,10.64,10.23,125202,268882640.0,3.87,-1.98,-0.21,0.99
2018-01-18,000039,10.38,10.61,10.61,10.33,111136,240566262.0,2.7,2.22,0.23,0.88
2018-01-19,000039,10.58,10.38,10.63,10.36,112121,242886640.0,2.54,-2.17,-0.23,0.89
2018-01-22,000039,10.36,10.43,10.48,10.28,95715,206050840.0,1.93,0.48,0.05,0.76
2018-01-23,000039,10.39,10.86,10.89,10.38,204898,451260800.0,4.89,4.12,0.43,1.62
2018-01-24,000039,10.89,10.69,10.95,10.54,169338,373886080.0,3.78,-1.57,-0.17,1.34
2018-01-25,000039,10.68,10.81,10.93,10.59,166038,369497696.0,3.18,1.12,0.12,1.31
2018-01-26,000039,10.81,10.96,11.27,10.7,276805,628483168.0,5.27,1.39,0.15,2.18
2018-01-29,000039,11.03,10.81,11.08,10.68,168707,377118608.0,3.65,-1.37,-0.15,1.33
2018-01-30,000039,10.84,10.33,10.91,10.25,221789,480064592.0,6.11,-4.44,-0.48,1.75
2018-01-31,000039,10.34,10.35,10.41,10.16,102934,219672564.0,2.42,0.19,0.02,0.81
2018-02-01,000039,10.36,9.8,10.48,9.61,199370,413025040.0,8.41,-5.31,-0.55,1.57
2018-02-02,000039,9.82,9.81,9.9,9.63,146240,298186960.0,2.76,0.1,0.01,1.15
2018-02-05,000039,9.69,9.78,9.94,9.55,118769,242672266.0,3.98,-0.31,-0.03,0.94
2018-02-06,000039,9.5,8.64,9.54,8.64,395067,746753184.0,9.2,-11.66,-1.14,3.12
2018-02-07,000039,8.89,8.58,8.98,8.32,237151,438360112.0,7.64,-0.69,-0.06,1.87
2018-02-08,000039,8.55,8.69,8.82,8.5,111760,205802221.0,3.73,1.28,0.11,0.88
2018-02-09,000039,8.34,8.04,8.46,7.91,206678,362157808.0,6.33,-7.48,-0.65,1.63
2018-02-12,000039,8.11,8.4,8.47,8.05,130501,232404347.0,5.22,4.48,0.36,1.03
2018-02-13,000039,8.46,8.41,8.65,8.23,106183,192637555.0,5.0,0.12,0.01,0.84
2018-02-14,000039,8.4,8.48,8.53,8.4,54757,98794716.0,1.55,0.83,0.07,0.43
2018-02-22,000039,8.59,8.71,8.72,8.57,70980,130630066.0,1.77,2.71,0.23,0.56
2018-02-23,000039,8.71,8.79,8.91,8.69,95122,177332038.0,2.53,0.92,0.08,0.75
2018-02-26,000039,8.84,8.98,9.0,8.69,123264,231319356.0,3.53,2.16,0.19,0.97
2018-02-27,000039,9.0,8.81,9.09,8.81,117946,222811539.0,3.12,-1.89,-0.17,0.93
2018-02-28,000039,8.75,8.8,8.85,8.61,77350,143480805.0,2.72,-0.11,-0.01,0.61
2018-03-01,000039,8.78,8.88,8.92,8.72,90917,170354883.0,2.27,0.91,0.08,0.72
2018-03-02,000039,8.8,8.76,8.86,8.68,69049,128354285.0,2.03,-1.35,-0.12,0.54
2018-03-05,000039,8.76,8.66,8.86,8.55,77871,143336889.0,3.54,-1.14,-0.1,0.61
2018-03-06,000039,8.61,8.94,8.95,8.61,142255,265865107.0,3.93,3.23,0.28,1.12
2018-03-07,000039,8.94,8.79,8.96,8.79,94332,177285955.0,1.9,-1.68,-0.15,0.74
2018-03-08,000039,8.86,9.18,9.24,8.8,168422,322207072.0,5.01,4.44,0.39,1.33
2018-03-09,000039,9.17,9.1,9.17,9.04,135109,258838199.0,1.42,-0.87,-0.08,1.07
2018-03-12,000039,9.14,9.19,9.21,9.04,166200,319549392.0,1.87,0.99,0.09,1.31
2018-03-13,000039,9.12,8.91,9.18,8.91,154971,295075408.0,2.94,-3.05,-0.28,1.22
2018-03-14,000039,8.84,8.72,8.94,8.71,121619,226519295.0,2.58,-2.13,-0.19,0.96
2018-03-15,000039,8.68,8.5,8.72,8.42,156809,285073456.0,3.44,-2.52,-0.22,1.24
2018-03-16,000039,8.51,8.58,8.64,8.47,111773,203908694.0,2.0,0.94,0.08,0.88
2018-03-19,000039,8.51,8.54,8.67,8.5,70737,129120492.0,1.98,-0.47,-0.04,0.56
2018-03-20,000039,8.5,8.31,8.5,8.25,124971,222635327.0,2.93,-2.69,-0.23,0.99
2018-03-21,000039,8.33,8.49,8.64,8.33,116198,210509011.0,3.73,2.17,0.18,0.92
2018-03-22,000039,8.49,8.3,8.59,8.29,95201,170662222.0,3.53,-2.24,-0.19,0.75
2018-03-23,000039,7.89,7.34,7.89,7.32,355421,580102784.0,6.87,-11.57,-0.96,2.8
2018-03-26,000039,7.16,7.39,7.39,7.05,155418,245102629.0,4.63,0.68,0.05,1.23
2018-03-27,000039,7.5,7.71,7.71,7.5,161874,267213319.0,2.84,4.33,0.32,1.28
2018-03-28,000039,7.58,7.59,7.68,7.52,106214,174863195.0,2.08,-1.56,-0.12,0.84
2018-03-29,000039,7.68,7.78,7.8,7.6,116032,193730594.0,2.64,2.5,0.19,0.92
2018-03-30,000039,7.82,7.74,7.83,7.7,81983,137132121.0,1.67,-0.51,-0.04,0.65
2018-04-02,000039,7.74,7.59,7.76,7.56,133858,221474419.0,2.58,-1.94,-0.15,1.06
2018-04-03,000039,7.41,7.52,7.68,7.38,108040,176987032.0,3.95,-0.92,-0.07,0.85
2018-04-04,000039,7.54,7.41,7.7,7.39,128486,210687558.0,4.12,-1.46,-0.11,1.01
2018-04-09,000039,7.39,7.49,7.53,7.29,88073,142617301.0,3.24,1.08,0.08,0.69
2018-04-10,000039,7.54,7.67,7.69,7.43,127713,209200332.0,3.47,2.4,0.18,1.01
2018-04-11,000039,7.7,7.65,7.78,7.64,126541,211005118.0,1.83,-0.26,-0.02,1.0
2018-04-12,000039,7.61,7.51,7.66,7.48,74351,122013298.0,2.35,-1.83,-0.14,0.59
2018-04-13,000039,7.56,7.49,7.61,7.45,52798,86268634.0,2.13,-0.27,-0.02,0.42
2018-04-16,000039,7.4,7.2,7.48,7.19,115822,184817972.0,3.87,-3.87,-0.29,0.91
2018-04-17,000039,7.26,7.17,7.35,7.17,90276,143462421.0,2.5,-0.42,-0.03,0.71
2018-04-18,000039,7.25,7.16,7.3,7.01,106693,167062362.0,4.04,-0.14,-0.01,0.84
2018-04-19,000039,7.16,7.29,7.35,7.16,93321,148016017.0,2.65,1.82,0.13,0.74
2018-04-20,000039,7.26,6.9,7.28,6.89,131251,203229001.0,5.35,-5.35,-0.39,1.04
2018-04-23,000039,6.91,7.01,7.06,6.87,86543,132903507.0,2.75,1.59,0.11,0.68
2018-04-24,000039,7.03,7.19,7.31,7.02,109799,172899233.0,4.14,2.57,0.18,0.87
2018-04-25,000039,7.18,7.09,7.18,7.05,75571,117666722.0,1.81,-1.39,-0.1,0.6
2018-04-26,000039,7.11,6.88,7.13,6.88,89784,137493959.0,3.53,-2.96,-0.21,0.71
2018-04-27,000039,6.89,6.91,6.98,6.78,77537,117799372.0,2.91,0.44,0.03,0.61
2018-05-02,000039,6.94,6.75,6.95,6.7,97884,146998182.0,3.62,-2.32,-0.16,0.77
2018-05-03,000039,6.78,6.71,6.79,6.49,129790,191318267.0,4.44,-0.59,-0.04,1.02
2018-05-04,000039,6.74,6.78,6.84,6.7,72976,109313873.0,2.09,1.04,0.07,0.58
2018-05-07,000039,6.81,6.91,6.93,6.76,100280,152221781.0,2.51,1.92,0.13,0.79
2018-05-08,000039,6.92,7.01,7.01,6.86,95751,146683304.0,2.17,1.45,0.1,0.76
2018-05-09,000039,6.98,7.08,7.26,6.95,145718,228096388.0,4.42,1.0,0.07,1.15
2018-05-10,000039,7.11,7.19,7.25,7.1,120399,189588328.0,2.12,1.55,0.11,0.95
2018-05-11,000039,7.2,7.21,7.26,7.1,88634,139492644.0,2.23,0.28,0.02,0.7
2018-05-14,000039,7.16,7.03,7.24,7.0,98993,154274165.0,3.33,-2.5,-0.18,0.78
2018-05-15,000039,7.07,7.4,7.41,7.05,183823,292206112.0,5.12,5.26,0.37,1.45
2018-05-16,000039,7.38,7.4,7.62,7.29,194379,315927952.0,4.46,0.0,0.0,1.53
2018-05-17,000039,7.47,7.61,7.66,7.43,159948,262815502.0,3.11,2.84,0.21,1.26
2018-05-18,000039,7.56,7.61,7.65,7.45,122530,201148636.0,2.63,0.0,0.0,0.97
2018-05-21,000039,7.94,7.73,8.05,7.73,244832,414795680.0,4.2,1.58,0.12,1.93
2018-05-22,000039,7.73,7.76,7.83,7.66,105179,175927748.0,2.2,0.39,0.03,0.83
2018-05-23,000039,7.69,7.54,7.72,7.5,112679,184973677.0,2.84,-2.84,-0.22,0.89
2018-05-24,000039,7.53,7.59,7.65,7.52,69005,113496935.0,1.72,0.66,0.05,0.54
2018-05-25,000039,7.6,7.4,7.65,7.33,92125,149550770.0,4.22,-2.5,-0.19,0.73
2018-05-28,000039,7.34,7.55,7.6,7.34,86988,142154586.0,3.51,2.03,0.15,0.69
2018-05-29,000039,7.55,7.4,7.64,7.37,74586,121567550.0,3.58,-1.99,-0.15,0.59
2018-05-30,000039,7.24,6.94,7.24,6.89,102801,159906730.0,4.73,-6.22,-0.46,0.81
2018-05-31,000039,7.05,7.3,7.3,7.0,102225,160660202.0,4.32,5.19,0.36,0.81
2018-06-01,000039,7.3,7.11,7.31,7.06,61585,96894429.0,3.42,-2.6,-0.19,0.49
2018-06-04,000039,7.11,7.06,7.26,7.02,63638,99443336.0,3.38,-0.7,-0.05,0.5
2018-06-05,000039,7.04,7.25,7.25,7.04,64617,101399069.0,2.97,2.69,0.19,0.51
2018-06-06,000039,7.2,7.14,7.24,7.1,53008,82999168.0,1.93,-1.52,-0.11,0.42
2018-06-07,000039,7.08,6.98,7.19,6.95,100696,155864396.0,3.36,-2.24,-0.16,0.79
2018-06-08,000039,6.98,6.81,7.01,6.74,95138,143896772.0,3.87,-2.44,-0.17,0.75
2018-06-11,000039,6.79,6.78,6.91,6.74,55438,83392020.0,2.5,-0.44,-0.03,0.44
2018-06-12,000039,6.79,6.96,6.99,6.7,91373,138097944.0,4.28,2.65,0.18,0.72
2018-06-13,000039,6.94,6.77,6.96,6.76,98874,149158388.0,2.87,-2.73,-0.19,0.78
2018-06-14,000039,6.75,6.79,6.9,6.73,58189,87583882.0,2.51,0.3,0.02,0.46
2018-06-15,000039,6.79,6.7,6.8,6.6,69381,102972626.0,2.95,-1.33,-0.09,0.55
2018-06-19,000039,6.5,5.89,6.5,5.87,163044,226492511.0,9.4,-12.09,-0.81,1.29
2018-06-20,000039,5.89,5.94,6.05,5.75,101469,136581746.0,5.09,0.85,0.05,0.8
2018-06-21,000039,5.94,5.8,6.1,5.8,84359,113590802.0,5.05,-2.36,-0.14,0.67
2018-06-22,000039,5.77,5.93,5.95,5.73,65630,87871303.0,3.79,2.24,0.13,0.52
2018-06-25,000039,6.01,5.82,6.05,5.81,53421,71798607.0,4.05,-1.85,-0.11,0.42
2018-06-26,000039,5.72,5.83,5.84,5.64,70768,92975517.0,3.44,0.17,0.01,0.56
2018-06-27,000039,5.83,5.68,5.85,5.61,74210,97313671.0,4.12,-2.57,-0.15,0.59
2018-06-28,000039,5.7,5.6,5.74,5.6,63197,82309500.0,2.46,-1.41,-0.08,0.5
2018-06-29,000039,5.63,5.82,5.82,5.59,77101,101087864.0,4.11,3.93,0.22,0.61
2018-07-02,000039,5.81,5.61,5.81,5.57,79996,104195083.0,4.12,-3.61,-0.21,0.63
2018-07-03,000039,5.76,5.71,5.76,5.5,73507,94961820.0,4.63,1.78,0.1,0.58
2018-07-04,000039,5.69,5.6,5.7,5.58,46776,60400370.0,2.1,-1.93,-0.11,0.37
2018-07-05,000039,5.6,5.35,5.65,5.33,69995,88473384.0,5.71,-4.46,-0.25,0.55
2018-07-06,000039,5.33,5.05,5.43,4.78,155041,186350133.0,12.15,-5.61,-0.3,1.22
2018-07-09,000039,5.09,5.41,5.43,5.09,101636,125649504.0,6.73,7.13,0.36,0.8
2018-07-10,000039,5.44,5.54,5.64,5.41,94389,120528568.0,4.25,2.4,0.13,0.74
2018-07-11,000039,5.44,5.45,5.6,5.3,81858,103218187.0,5.42,-1.62,-0.09,0.65
2018-07-12,000039,5.47,5.69,5.74,5.47,91203,118508136.0,4.95,4.4,0.24,0.72
2018-07-13,000039,5.74,5.63,5.74,5.61,69384,89947352.0,2.28,-1.05,-0.06,0.55
2018-07-16,000039,5.66,5.58,5.68,5.5,58634,75176240.0,3.2,-0.89,-0.05,0.46
2018-07-17,000039,5.55,5.43,5.58,5.35,72244,90867931.0,4.12,-2.69,-0.15,0.57
2018-07-18,000039,5.51,5.28,5.58,5.26,100940,126646262.0,5.89,-2.76,-0.15,0.8
2018-07-19,000039,5.32,5.28,5.47,5.23,87097,107872730.0,4.55,0.0,0.0,0.69
2018-07-20,000039,5.33,5.42,5.48,5.24,67714,82587515.0,4.55,2.65,0.14,0.53
2018-07-23,000039,5.41,5.54,5.58,5.31,70857,88188248.0,4.98,2.21,0.12,0.56
2018-07-24,000039,5.57,5.82,5.84,5.48,133964,172213899.0,6.5,5.05,0.28,1.06
2018-07-25,000039,5.81,5.73,5.81,5.68,93810,120230658.0,2.23,-1.55,-0.09,0.74
2018-07-26,000039,5.73,5.62,5.74,5.6,74092,94117081.0,2.44,-1.92,-0.11,0.58
2018-07-27,000039,5.66,5.46,5.66,5.45,89876,112085834.0,3.74,-2.85,-0.16,0.71
2018-07-30,000039,5.49,5.45,5.54,5.43,50821,62995195.0,2.01,-0.18,-0.01,0.4
2018-07-31,000039,5.48,5.49,5.53,5.42,43560,53949882.0,2.02,0.73,0.04,0.34
2018-08-01,000039,5.53,5.4,5.59,5.4,74398,92512553.0,3.46,-1.64,-0.09,0.59
2018-08-02,000039,5.37,5.09,5.39,4.95,124522,146067694.0,8.15,-5.74,-0.31,0.98
2018-08-03,000039,5.09,4.98,5.12,4.98,65446,75903518.0,2.75,-2.16,-0.11,0.52
2018-08-06,000039,5.03,4.86,5.05,4.82,68017,77535248.0,4.62,-2.41,-0.12,0.54
2018-08-07,000039,4.86,5.11,5.13,4.82,80993,92974005.0,6.38,5.14,0.25,0.64
2018-08-08,000039,5.09,5.08,5.21,4.98,85929,100604187.0,4.5,-0.59,-0.03,0.68
2018-08-09,000039,5.11,5.18,5.23,5.04,92670,109834786.0,3.74,1.97,0.1,0.73
2018-08-10,000039,5.23,5.17,5.24,5.11,64757,76799769.0,2.51,-0.19,-0.01,0.51
2018-08-13,000039,5.09,5.11,5.16,4.98,60976,70796558.0,3.48,-1.16,-0.06,0.48
2018-08-14,000039,5.08,5.23,5.24,5.05,65828,77854052.0,3.72,2.35,0.12,0.52
2018-08-15,000039,5.24,5.05,5.25,5.03,66837,78367361.0,4.21,-3.44,-0.18,0.53
2018-08-16,000039,5.01,4.99,5.07,4.9,66399,76409879.0,3.37,-1.19,-0.06,0.52
2018-08-17,000039,5.04,4.9,5.08,4.88,51445,59132274.0,4.01,-1.8,-0.09,0.41
2018-08-20,000039,4.88,4.89,4.96,4.81,48241,54641409.0,3.06,-0.2,-0.01,0.38
2018-08-21,000039,4.93,4.91,4.96,4.85,85138,96833100.0,2.25,0.41,0.02,0.67
2018-08-22,000039,4.92,4.78,4.92,4.76,88568,99114914.0,3.26,-2.65,-0.13,0.7
2018-08-23,000039,4.77,4.76,4.84,4.75,96678,107846202.0,1.88,-0.42,-0.02,0.76
2018-08-24,000039,4.78,4.64,4.79,4.63,116205,127536762.0,3.36,-2.52,-0.12,0.92
2018-08-27,000039,4.64,4.79,4.81,4.64,87485,96951370.0,3.66,3.23,0.15,0.69
2018-08-28,000039,4.82,4.85,4.89,4.8,69124,77743675.0,1.88,1.25,0.06,0.55
2018-08-29,000039,4.9,4.86,4.95,4.85,69730,79121021.0,2.06,0.21,0.01,0.55
2018-08-30,000039,4.83,4.76,4.91,4.76,60843,68405946.0,3.09,-2.06,-0.1,0.48
2018-08-31,000039,4.77,4.81,4.85,4.73,65096,72790885.0,2.52,1.05,0.05,0.51
2018-09-03,000039,4.81,4.73,4.81,4.65,66227,72909763.0,3.33,-1.66,-0.08,0.52
2018-09-04,000039,4.73,4.76,4.79,4.68,63520,70247002.0,2.33,0.63,0.03,0.5
2018-09-05,000039,4.73,4.66,4.78,4.66,44661,49246859.0,2.52,-2.1,-0.1,0.35
2018-09-06,000039,4.69,4.68,4.74,4.62,47737,52261490.0,2.58,0.43,0.02,0.38
2018-09-07,000039,4.68,4.66,4.74,4.61,55048,60298133.0,2.78,-0.43,-0.02,0.43
2018-09-10,000039,4.66,4.54,4.69,4.54,57272,61784120.0,3.22,-2.58,-0.12,0.45
2018-09-11,000039,4.54,4.56,4.6,4.51,39727,42668720.0,1.98,0.44,0.02,0.31
2018-09-12,000039,4.6,4.55,4.61,4.53,34972,37626437.0,1.75,-0.22,-0.01,0.28
2018-09-13,000039,4.62,4.79,4.79,4.62,102736,113019849.0,3.74,5.27,0.24,0.81
2018-09-14,000039,4.79,4.85,4.9,4.74,112470,126710672.0,3.34,1.25,0.06,0.89
2018-09-17,000039,4.84,4.83,4.91,4.78,90225,101628235.0,2.68,-0.41,-0.02,0.71
2018-09-18,000039,4.81,4.94,4.97,4.77,75023,84948819.0,4.14,2.28,0.11,0.59
2018-09-19,000039,4.91,5.06,5.18,4.89,157752,184139014.0,5.87,2.43,0.12,1.24
2018-09-20,000039,5.06,5.16,5.19,5.03,115430,135439334.0,3.16,1.98,0.1,0.91
2018-09-21,000039,5.14,5.18,5.23,5.04,104632,123245800.0,3.68,0.39,0.02,0.83
2018-09-25,000039,5.13,5.04,5.13,4.97,113226,131483969.0,3.09,-2.7,-0.14,0.89
2018-09-26,000039,5.05,5.05,5.16,5.04,90442,105873647.0,2.38,0.2,0.01,0.71
2018-09-27,000039,5.08,5.16,5.19,5.01,105241,123581363.0,3.56,2.18,0.11,0.83
2018-09-28,000039,5.15,5.17,5.24,5.12,114207,135557390.0,2.33,0.19,0.01,0.9
2018-10-08,000039,5.07,4.84,5.07,4.81,95985,110037603.0,5.03,-6.38,-0.33,0.76
2018-10-09,000039,4.87,4.94,4.99,4.86,51115,58276762.0,2.69,2.07,0.1,0.4
2018-10-10,000039,4.96,4.91,5.0,4.88,41693,47571824.0,2.43,-0.61,-0.03,0.33
2018-10-11,000039,4.68,4.3,4.75,4.28,182789,192972909.0,9.57,-12.42,-0.61,1.44
2018-10-12,000039,4.29,4.25,4.33,4.09,108712,110425293.0,5.58,-1.16,-0.05,0.86
2018-10-15,000039,4.25,4.18,4.35,4.16,68444,69871254.0,4.47,-1.65,-0.07,0.54
2018-10-16,000039,4.34,4.22,4.39,4.16,89197,91243144.0,5.5,0.96,0.04,0.7
2018-10-17,000039,4.31,4.05,4.34,3.66,168847,164184094.0,16.11,-4.03,-0.17,1.33
2018-10-18,000039,3.98,3.93,4.06,3.86,74766,72225762.0,4.94,-2.96,-0.12,0.59
2018-10-19,000039,3.86,4.16,4.23,3.81,91920,90679106.0,10.69,5.85,0.23,0.73
2018-10-22,000039,4.21,4.46,4.5,4.21,123252,128698193.0,6.97,7.21,0.3,0.97
2018-10-23,000039,4.48,4.33,4.51,4.29,86820,90679029.0,4.93,-2.91,-0.13,0.68
2018-10-24,000039,4.33,4.37,4.45,4.3,63467,66162950.0,3.46,0.92,0.04,0.5
2018-10-25,000039,4.18,4.47,4.5,4.14,101053,105037848.0,8.24,2.29,0.1,0.8
2018-10-26,000039,4.51,4.47,4.56,4.41,79936,84847130.0,3.36,0.0,0.0,0.63
2018-10-29,000039,4.49,4.42,4.55,4.34,58075,61173111.0,4.7,-1.12,-0.05,0.46
2018-10-30,000039,4.41,4.51,4.55,4.4,65954,70029437.0,3.39,2.04,0.09,0.52
2018-10-31,000039,4.48,4.57,4.63,4.48,76053,82045964.0,3.33,1.33,0.06,0.6
2018-11-01,000039,4.59,4.59,4.7,4.57,88701,96658634.0,2.84,0.44,0.02,0.7
2018-11-02,000039,4.73,4.84,4.86,4.65,138041,153642123.0,4.58,5.45,0.25,1.09
2018-11-05,000039,4.84,4.83,4.93,4.73,82783,92888159.0,4.13,-0.21,-0.01,0.65
2018-11-06,000039,4.81,4.75,4.81,4.59,89606,98604859.0,4.55,-1.66,-0.08,0.71
2018-11-07,000039,4.74,4.75,4.83,4.73,57436,63962160.0,2.11,0.0,0.0,0.45
2018-11-08,000039,4.81,4.7,4.84,4.69,48435,53732779.0,3.16,-1.05,-0.05,0.38
2018-11-09,000039,4.62,4.71,4.76,4.62,47842,52748629.0,2.98,0.21,0.01,0.38
2018-11-12,000039,4.66,4.93,4.95,4.65,99435,112261383.0,6.37,4.67,0.22,0.78
2018-11-13,000039,4.89,5.0,5.05,4.85,95670,109626128.0,4.06,1.42,0.07,0.75
2018-11-14,000039,4.98,5.01,5.11,4.96,79653,92457741.0,3.0,0.2,0.01,0.63
2018-11-15,000039,5.01,5.08,5.1,4.93,81137,93784886.0,3.39,1.4,0.07,0.64
2018-11-16,000039,5.04,5.04,5.09,4.95,84209,97386366.0,2.76,-0.79,-0.04,0.66
2018-11-19,000039,5.02,5.07,5.1,4.92,85828,99009469.0,3.57,0.6,0.03,0.68
2018-11-20,000039,5.01,4.85,5.06,4.83,88731,101184287.0,4.54,-4.34,-0.22,0.7
2018-11-21,000039,4.8,4.9,4.95,4.77,62233,70462860.0,3.71,1.03,0.05,0.49
2018-11-22,000039,4.94,4.91,4.98,4.88,56019,63980527.0,2.04,0.2,0.01,0.44
2018-11-23,000039,4.91,4.75,4.94,4.71,67356,75483839.0,4.68,-3.26,-0.16,0.53
2018-11-26,000039,4.75,4.74,4.83,4.71,36868,41002062.0,2.53,-0.21,-0.01,0.29
2018-11-27,000039,4.79,4.76,4.81,4.73,38093,42323487.0,1.69,0.42,0.02,0.3
2018-11-28,000039,4.81,4.79,4.83,4.7,56918,63359765.0,2.73,0.63,0.03,0.45
2018-11-29,000039,4.84,4.65,4.9,4.64,60514,67345961.0,5.43,-2.92,-0.14,0.48
2018-11-30,000039,4.66,4.72,4.73,4.63,44587,48826887.0,2.15,1.51,0.07,0.35
2018-12-03,000039,4.95,4.95,5.04,4.88,115829,132843795.0,3.39,4.87,0.23,0.91
2018-12-04,000039,4.94,4.99,4.99,4.9,51465,58907687.0,1.82,0.81,0.04,0.41
2018-12-05,000039,4.9,4.93,5.0,4.86,46712,53267237.0,2.81,-1.2,-0.06,0.37
2018-12-06,000039,4.93,4.74,4.94,4.72,62487,69893199.0,4.46,-3.85,-0.19,0.49
2018-12-07,000039,4.77,4.76,4.79,4.71,28734,31894853.0,1.69,0.42,0.02,0.23
2018-12-10,000039,4.73,4.62,4.79,4.6,47216,51638551.0,3.99,-2.94,-0.14,0.37
2018-12-11,000039,4.63,4.69,4.71,4.63,37261,40816683.0,1.73,1.52,0.07,0.29
2018-12-12,000039,4.69,4.72,4.76,4.69,25041,27642070.0,1.49,0.64,0.03,0.2
2018-12-13,000039,4.73,4.86,4.89,4.7,79807,89511596.0,4.03,2.97,0.14,0.63
2018-12-14,000039,4.83,4.76,4.86,4.75,53164,59390098.0,2.26,-2.06,-0.1,0.42
2018-12-17,000039,4.73,4.73,4.79,4.66,46659,51402567.0,2.73,-0.63,-0.03,0.37
2018-12-18,000039,4.69,4.7,4.79,4.57,70781,77426742.0,4.65,-0.63,-0.03,0.56
2018-12-19,000039,4.7,4.64,4.74,4.64,32078,35146298.0,2.13,-1.28,-0.06,0.25
2018-12-20,000039,4.65,4.66,4.71,4.62,43438,47488057.0,1.94,0.43,0.02,0.34
2018-12-21,000039,4.65,4.5,4.69,4.46,58287,62188279.0,4.94,-3.43,-0.16,0.46
2018-12-24,000039,4.52,4.55,4.57,4.5,30327,32470300.0,1.56,1.11,0.05,0.24
2018-12-25,000039,4.52,4.46,4.53,4.34,39754,41794427.0,4.18,-1.98,-0.09,0.31
2018-12-26,000039,4.49,4.43,4.51,4.41,20981,22131512.0,2.24,-0.67,-0.03,0.17
2018-12-27,000039,4.51,4.39,4.56,4.38,43927,46588830.0,4.06,-0.9,-0.04,0.35
2018-12-28,000039,4.4,4.47,4.5,4.38,39325,41543151.0,2.73,1.82,0.08,0.31
2019-01-02,000039,4.49,4.55,4.56,4.45,51361,54854021.0,2.46,1.79,0.08,0.41
2019-01-03,000039,4.54,4.47,4.61,4.45,65258,69869391.0,3.52,-1.76,-0.08,0.51
2019-01-04,000039,4.44,4.59,4.62,4.43,61004,65307965.0,4.25,2.68,0.12,0.48
2019-01-07,000039,4.62,4.78,4.78,4.55,73136,80276502.0,5.01,4.14,0.19,0.58
2019-01-08,000039,4.72,4.81,4.85,4.7,61753,69134801.0,3.14,0.63,0.03,0.49
2019-01-09,000039,4.79,4.8,4.9,4.79,85678,96473678.0,2.29,-0.21,-0.01,0.68
2019-01-10,000039,4.79,4.84,4.91,4.78,74833,84434640.0,2.71,0.83,0.04,0.59
2019-01-11,000039,4.86,4.91,4.94,4.82,64425,73102831.0,2.48,1.45,0.07,0.51
2019-01-14,000039,4.93,4.9,4.98,4.85,51065,57972829.0,2.65,-0.2,-0.01,0.4
2019-01-15,000039,4.87,4.93,4.96,4.85,71013,80887653.0,2.24,0.61,0.03,0.56
2019-01-16,000039,4.94,4.91,5.0,4.9,58222,66611522.0,2.03,-0.41,-0.02,0.46
2019-01-17,000039,4.95,4.92,4.98,4.87,54713,62472043.0,2.24,0.2,0.01,0.43
2019-01-18,000039,4.94,4.95,4.98,4.89,53259,60887060.0,1.83,0.61,0.03,0.42
2019-01-21,000039,4.95,5.05,5.07,4.95,82660,95844961.0,2.42,2.02,0.1,0.65
2019-01-22,000039,5.05,4.86,5.06,4.82,85126,96572782.0,4.75,-3.76,-0.19,0.67
2019-01-23,000039,4.86,4.88,4.95,4.84,69008,78238634.0,2.26,0.41,0.02,0.54
2019-01-24,000039,4.91,4.96,5.01,4.88,62810,71989788.0,2.66,1.64,0.08,0.5
2019-01-25,000039,5.01,4.94,5.03,4.94,57510,66195349.0,1.81,-0.4,-0.02,0.45
2019-01-28,000039,4.99,4.97,5.09,4.95,60728,70249382.0,2.83,0.61,0.03,0.48
2019-01-29,000039,4.97,4.92,4.99,4.8,59086,66881561.0,3.82,-1.01,-0.05,0.47
2019-01-30,000039,4.86,4.83,4.94,4.78,47558,53723501.0,3.25,-1.83,-0.09,0.38
2019-01-31,000039,4.84,4.78,4.87,4.76,55547,62128050.0,2.28,-1.04,-0.05,0.44
2019-02-01,000039,4.78,4.98,4.99,4.78,70580,80515352.0,4.39,4.18,0.2,0.56
2019-02-11,000039,4.98,5.03,5.05,4.93,84004,96856620.0,2.41,1.0,0.05,0.66
2019-02-12,000039,5.01,5.14,5.19,4.98,120864,141636690.0,4.17,2.19,0.11,0.95
2019-02-13,000039,5.13,5.26,5.28,5.09,153273,181703770.0,3.7,2.33,0.12,1.21
2019-02-14,000039,5.25,5.23,5.28,5.15,126509,150701623.0,2.47,-0.57,-0.03,1.0
2019-02-15,000039,5.21,5.17,5.29,5.15,116512,138987542.0,2.68,-1.15,-0.06,0.92
2019-02-18,000039,5.23,5.7,5.75,5.23,257677,322557936.0,10.06,10.25,0.53,2.03
2019-02-19,000039,6.09,5.8,6.1,5.76,393890,520357920.0,5.96,1.75,0.1,3.11
2019-02-20,000039,5.78,5.67,5.78,5.6,188237,239828392.0,3.1,-2.24,-0.13,1.49
2019-02-21,000039,5.7,5.62,5.76,5.59,163383,208353703.0,3.0,-0.88,-0.05,1.29
2019-02-22,000039,5.59,5.75,5.76,5.56,153037,194310917.0,3.56,2.31,0.13,1.21
2019-02-25,000039,5.82,6.01,6.07,5.79,328745,434874288.0,4.87,4.52,0.26,2.59
2019-02-26,000039,6.03,5.98,6.18,5.87,275169,368942112.0,5.16,-0.5,-0.03,2.17
2019-02-27,000039,5.94,5.91,6.06,5.83,195004,257719653.0,3.85,-1.17,-0.07,1.54
2019-02-28,000039,5.91,5.94,5.96,5.87,102675,135401825.0,1.52,0.51,0.03,0.81
2019-03-01,000039,6.12,6.06,6.19,5.97,185456,249725413.0,3.7,2.02,0.12,1.46
2019-03-04,000039,6.16,6.09,6.31,6.05,266106,363051856.0,4.29,0.5,0.03,2.1
2019-03-05,000039,6.09,6.2,6.21,6.04,180298,245204467.0,2.79,1.81,0.11,1.42
2019-03-06,000039,6.21,6.23,6.33,6.09,214093,292734048.0,3.87,0.48,0.03,1.69
2019-03-07,000039,6.23,6.14,6.25,6.07,231521,315094112.0,2.89,-1.44,-0.09,1.83
2019-03-08,000039,6.05,5.74,6.05,5.74,248649,326623248.0,5.05,-6.51,-0.4,1.96
2019-03-11,000039,5.74,6.01,6.04,5.73,170998,225779290.0,5.4,4.7,0.27,1.35
2019-03-12,000039,6.03,6.05,6.14,5.94,197229,264844139.0,3.33,0.67,0.04,1.56
2019-03-13,000039,6.09,5.95,6.11,5.9,154095,205452538.0,3.47,-1.65,-0.1,1.22
2019-03-14,000039,5.96,6.04,6.13,5.93,171608,229110906.0,3.36,1.51,0.09,1.35
2019-03-15,000039,6.07,6.2,6.22,5.99,245947,332825008.0,3.81,2.65,0.16,1.94
2019-03-18,000039,6.24,6.45,6.54,6.13,306702,430376864.0,6.61,4.03,0.25,2.42
2019-03-19,000039,6.5,6.31,6.5,6.26,192860,269134928.0,3.72,-2.17,-0.14,1.52
2019-03-20,000039,6.29,6.26,6.35,6.14,130243,179418532.0,3.33,-0.79,-0.05,1.03
2019-03-21,000039,6.3,6.3,6.39,6.21,148930,206949819.0,2.88,0.64,0.04,1.17
2019-03-22,000039,6.28,6.37,6.39,6.24,131651,183268975.0,2.38,1.11,0.07,1.04
2019-03-25,000039,6.27,6.33,6.53,6.2,162640,227181432.0,5.18,-0.63,-0.04,1.28
2019-03-26,000039,6.31,6.12,6.35,6.11,148770,203553237.0,3.79,-3.32,-0.21,1.17
2019-03-27,000039,6.13,6.25,6.26,6.05,99411,135649633.0,3.43,2.12,0.13,0.78
2019-03-28,000039,6.37,6.39,6.53,6.31,238139,335597760.0,3.52,2.24,0.14,1.88
2019-03-29,000039,6.41,6.88,6.95,6.36,388952,566502288.0,9.23,7.67,0.49,3.07
2019-04-01,000039,7.06,6.99,7.07,6.87,369035,556719296.0,2.91,1.6,0.11,2.91
2019-04-02,000039,6.99,6.96,7.07,6.9,220970,332467920.0,2.43,-0.43,-0.03,1.74
2019-04-03,000039,6.96,7.37,7.42,6.93,329672,511342928.0,7.04,5.89,0.41,2.6
2019-04-04,000039,7.35,7.45,7.65,7.26,258869,410804784.0,5.29,1.09,0.08,2.04
2019-04-08,000039,7.48,7.31,7.61,7.16,268769,424578224.0,6.04,-1.88,-0.14,2.12
2019-04-09,000039,7.3,7.38,7.42,7.23,156386,245553957.0,2.6,0.96,0.07,1.23
2019-04-10,000039,7.26,7.2,7.33,7.1,144648,224039433.0,3.12,-2.44,-0.18,1.14
2019-04-11,000039,7.2,7.09,7.28,7.04,131780,202798709.0,3.33,-1.53,-0.11,1.04
2019-04-12,000039,7.1,7.04,7.15,6.92,130750,198279625.0,3.24,-0.71,-0.05,1.03
2019-04-15,000039,7.16,6.97,7.21,6.95,140102,215112473.0,3.69,-0.99,-0.07,1.11
2019-04-16,000039,6.95,7.15,7.18,6.85,128720,195428355.0,4.73,2.58,0.18,1.02
2019-04-17,000039,7.15,7.22,7.29,7.09,135761,209953023.0,2.8,0.98,0.07,1.07
2019-04-18,000039,7.2,7.09,7.2,7.09,86471,132735510.0,1.52,-1.8,-0.13,0.68
2019-04-19,000039,7.12,7.13,7.13,6.97,80664,123036230.0,2.26,0.56,0.04,0.64
2019-04-22,000039,7.14,6.94,7.24,6.86,138531,211296693.0,5.33,-2.66,-0.19,1.09
2019-04-23,000039,6.96,6.89,7.04,6.89,95061,143325961.0,2.16,-0.72,-0.05,0.75
2019-04-24,000039,6.91,7.0,7.01,6.83,86228,129538038.0,2.61,1.6,0.11,0.68
2019-04-25,000039,6.99,6.59,7.0,6.59,159749,234600556.0,5.86,-5.86,-0.41,1.26
2019-04-26,000039,6.59,6.49,6.68,6.47,88219,126330554.0,3.19,-1.52,-0.1,0.7
2019-04-29,000039,6.66,6.48,6.66,6.44,120165,171789738.0,3.39,-0.15,-0.01,0.95
2019-04-30,000039,6.43,6.45,6.53,6.38,82422,116484809.0,2.31,-0.46,-0.03,0.65
2019-05-06,000039,6.11,5.75,6.12,5.66,200190,261843303.0,7.13,-10.85,-0.7,1.58
2019-05-07,000039,5.77,5.73,5.84,5.61,94521,121576258.0,4.0,-0.35,-0.02,0.75
2019-05-08,000039,5.62,5.65,5.79,5.54,68461,87124436.0,4.36,-1.4,-0.08,0.54
2019-05-09,000039,5.49,5.44,5.6,5.42,96772,120279634.0,3.19,-3.72,-0.21,0.76
2019-05-10,000039,5.45,5.67,5.69,5.38,111859,140848423.0,5.7,4.23,0.23,0.88
2019-05-13,000039,5.59,5.63,5.73,5.57,75317,95874487.0,2.82,-0.71,-0.04,0.59
2019-05-14,000039,5.54,5.7,5.77,5.54,88810,113751438.0,4.09,1.24,0.07,0.7
2019-05-15,000039,5.75,5.77,5.84,5.7,63148,81481061.0,2.46,1.23,0.07,0.5
2019-05-16,000039,5.78,5.84,5.85,5.75,57763,75009355.0,1.73,1.21,0.07,0.46
2019-05-17,000039,5.81,5.58,5.85,5.56,69397,88452922.0,4.97,-4.45,-0.26,0.55
2019-05-20,000039,5.56,5.61,5.64,5.44,46632,58465370.0,3.58,0.54,0.03,0.37
2019-05-21,000039,5.59,5.7,5.77,5.59,49872,63978511.0,3.21,1.6,0.09,0.39
2019-05-22,000039,5.74,5.68,5.77,5.66,51778,66447308.0,1.93,-0.35,-0.02,0.41
2019-05-23,000039,5.66,5.54,5.69,5.53,49776,62710812.0,2.82,-2.46,-0.14,0.39
2019-05-24,000039,5.56,5.54,5.63,5.51,36527,45744518.0,2.17,0.0,0.0,0.29
2019-05-27,000039,5.54,5.66,5.69,5.52,44604,56495881.0,3.07,2.17,0.12,0.35
2019-05-28,000039,5.69,5.71,5.76,5.63,55458,70960015.0,2.3,0.88,0.05,0.44
2019-05-29,000039,5.69,5.64,5.7,5.63,40062,50932695.0,1.23,-1.23,-0.07,0.32
2019-05-30,000039,5.62,5.63,5.64,5.51,39324,49386929.0,2.3,-0.18,-0.01,0.31
2019-05-31,000039,5.64,5.5,5.67,5.47,65372,81784161.0,3.55,-2.31,-0.13,0.52
2019-06-03,000039,5.51,5.4,5.58,5.37,46931,57975680.0,3.82,-1.82,-0.1,0.37
2019-06-04,000039,5.4,5.43,5.45,5.39,36625,45012831.0,1.11,0.56,0.03,0.29
2019-06-05,000039,5.51,5.43,5.53,5.41,34077,42154852.0,2.21,0.0,0.0,0.27
2019-06-06,000039,5.38,5.33,5.43,5.31,33980,41396847.0,2.21,-1.84,-0.1,0.27
2019-06-10,000039,5.41,5.4,5.44,5.3,32085,39207246.0,2.63,1.31,0.07,0.25
2019-06-11,000039,5.4,5.61,5.62,5.4,55243,69106977.0,4.07,3.89,0.21,0.44
2019-06-12,000039,5.61,5.58,5.63,5.54,36205,45507722.0,1.6,-0.53,-0.03,0.29
2019-06-13,000039,5.54,5.58,5.6,5.48,28836,36138731.0,2.15,0.0,0.0,0.23
2019-06-14,000039,5.58,5.48,5.61,5.44,46885,58642734.0,3.05,-1.79,-0.1,0.37
2019-06-17,000039,5.45,5.55,5.56,5.45,26739,33359014.0,2.01,1.28,0.07,0.21
2019-06-18,000039,5.57,5.55,5.58,5.48,22413,27989865.0,1.8,0.0,0.0,0.18
2019-06-19,000039,5.68,5.67,5.8,5.66,57451,73582468.0,2.52,2.16,0.12,0.45
2019-06-20,000039,5.67,5.81,5.87,5.64,71716,92862012.0,4.06,2.47,0.14,0.57
2019-06-21,000039,5.82,5.98,6.0,5.82,101044,133924111.0,3.1,2.93,0.17,0.8
2019-06-24,000039,6.06,6.08,6.09,6.0,79390,106522629.0,1.51,1.67,0.1,0.63
2019-06-25,000039,6.1,6.06,6.1,5.93,66509,88777337.0,2.8,-0.33,-0.02,0.52
2019-06-26,000039,6.08,6.05,6.08,6.0,49041,65717831.0,1.32,-0.17,-0.01,0.39
2019-06-27,000039,6.05,6.05,6.13,6.01,81378,109565934.0,1.98,0.0,0.0,0.64
2019-06-28,000039,6.05,6.02,6.06,5.94,69407,73898449.0,1.98,-0.5,-0.03,0.46
2019-07-01,000039,6.18,6.15,6.22,6.08,107112,116639315.0,2.33,2.16,0.13,0.7
2019-07-02,000039,6.15,6.05,6.19,6.0,81662,88187714.0,3.09,-1.63,-0.1,0.54
2019-07-03,000039,6.08,6.04,6.13,5.98,55215,59284426.0,2.48,-0.17,-0.01,0.36
2019-07-04,000039,6.04,6.04,6.13,6.02,47567,51169923.0,1.82,0.0,0.0,0.31
2019-07-05,000039,6.07,6.12,6.13,6.04,50689,54677741.0,1.49,1.32,0.08,0.33
2019-07-08,000039,6.12,5.88,6.13,5.85,62663,66024626.0,4.58,-3.92,-0.24,0.41
2019-07-09,000039,5.91,6.26,6.58,5.75,213769,234334820.0,14.12,6.46,0.38,1.4
2019-07-10,000039,6.26,6.17,6.44,6.12,153125,169536334.0,5.11,-1.44,-0.09,1.01
2019-07-11,000039,6.16,5.95,6.22,5.94,111608,119627824.0,4.54,-3.57,-0.22,0.73
2019-07-12,000039,5.95,5.84,5.95,5.73,80526,83946869.0,3.7,-1.85,-0.11,0.53
2019-07-15,000039,5.82,5.85,5.9,5.66,76067,78723023.0,4.11,0.17,0.01,0.5
2019-07-16,000039,5.8,5.82,5.86,5.76,34053,35310224.0,1.71,-0.51,-0.03,0.22
2019-07-17,000039,5.86,5.93,5.98,5.82,73897,78008724.0,2.75,1.89,0.11,0.49
2019-07-18,000039,5.88,5.8,5.9,5.8,41230,42860688.0,1.69,-2.19,-0.13,0.27
2019-07-19,000039,5.82,5.81,5.93,5.78,48857,50886328.0,2.59,0.17,0.01,0.32
2019-07-22,000039,5.82,5.66,5.82,5.66,55453,56702468.0,2.75,-2.58,-0.15,0.36
2019-07-23,000039,5.7,5.74,5.82,5.7,36915,38035336.0,2.12,1.41,0.08,0.24
2019-07-24,000039,5.8,5.8,5.87,5.76,44872,46600603.0,1.92,1.05,0.06,0.29
2019-07-25,000039,5.83,5.76,5.86,5.74,35396,36501295.0,2.07,-0.69,-0.04,0.23
2019-07-26,000039,5.76,5.78,5.8,5.7,44138,45367149.0,1.74,0.35,0.02,0.29
2019-07-29,000039,5.78,5.73,5.8,5.7,32862,33726364.0,1.73,-0.87,-0.05,0.22
2019-07-30,000039,5.74,5.77,5.82,5.72,34232,35408317.0,1.75,0.7,0.04,0.22
2019-07-31,000039,5.8,5.8,5.83,5.74,42813,44273060.0,1.56,0.52,0.03,0.28
2019-08-01,000039,5.72,5.74,5.8,5.69,35363,36376807.0,1.9,-1.03,-0.06,0.23
2019-08-02,000039,5.67,5.64,5.68,5.63,55756,56527051.0,0.87,-1.74,-0.1,0.37
2019-08-05,000039,5.65,5.47,5.65,5.46,71498,71372457.0,3.37,-3.01,-0.17,0.47
2019-08-06,000039,5.42,5.24,5.42,5.13,92622,88511609.0,5.3,-4.2,-0.23,0.61
2019-08-07,000039,5.25,5.26,5.32,5.25,34695,33211335.0,1.34,0.38,0.02,0.23
2019-08-08,000039,5.32,5.3,5.36,5.28,29464,28373358.0,1.52,0.76,0.04,0.19
2019-08-09,000039,5.33,5.3,5.4,5.29,30580,29573614.0,2.08,0.0,0.0,0.2
2019-08-12,000039,5.35,5.32,5.38,5.26,48246,46419742.0,2.26,0.38,0.02,0.32
2019-08-13,000039,5.3,5.22,5.3,5.2,40572,38639353.0,1.88,-1.88,-0.1,0.27
2019-08-14,000039,5.3,5.27,5.32,5.24,39238,37583580.0,1.53,0.96,0.05,0.26
2019-08-15,000039,5.15,5.3,5.31,5.1,37416,35470553.0,3.98,0.57,0.03,0.25
2019-08-16,000039,5.3,5.27,5.31,5.24,33644,32246239.0,1.32,-0.57,-0.03,0.22
2019-08-19,000039,5.76,5.66,5.79,5.56,200891,203581508.0,4.36,7.4,0.39,1.32
2019-08-20,000039,5.71,5.66,5.88,5.65,179385,184540833.0,4.06,0.0,0.0,1.18
2019-08-21,000039,5.8,5.69,5.82,5.65,104320,106666983.0,3.0,0.53,0.03,0.69
2019-08-22,000039,5.69,5.62,5.7,5.58,83072,83887756.0,2.11,-1.23,-0.07,0.55
2019-08-23,000039,5.63,5.59,5.64,5.51,94004,93932057.0,2.31,-0.53,-0.03,0.62
2019-08-26,000039,5.44,5.41,5.46,5.38,86274,84310307.0,1.43,-3.22,-0.18,0.57
2019-08-27,000039,5.44,5.62,5.66,5.43,106462,106617988.0,4.25,3.88,0.21,0.7
2019-08-28,000039,5.48,5.5,5.54,5.44,74326,73477618.0,1.78,-2.14,-0.12,0.49
2019-08-29,000039,5.54,5.47,5.54,5.46,43286,42779838.0,1.45,-0.55,-0.03,0.28
2019-08-30,000039,5.49,5.52,5.66,5.49,101039,100973279.0,3.11,0.91,0.05,0.66
2019-09-02,000039,5.52,5.58,5.62,5.46,74451,74317247.0,2.9,1.09,0.06,0.49
2019-09-03,000039,5.59,5.57,5.59,5.52,62697,62521302.0,1.25,-0.18,-0.01,0.41
2019-09-04,000039,5.53,5.62,5.62,5.51,92773,92554131.0,1.97,0.9,0.05,0.61
2019-09-05,000039,5.64,5.68,5.78,5.64,143666,146802088.0,2.49,1.07,0.06,0.94
2019-09-06,000039,5.71,5.67,5.74,5.65,63837,65035925.0,1.58,-0.18,-0.01,0.42
2019-09-09,000039,5.74,5.7,5.76,5.66,95292,97037261.0,1.76,0.53,0.03,0.63
2019-09-10,000039,5.7,5.66,5.72,5.64,61779,62662356.0,1.4,-0.7,-0.04,0.41
2019-09-11,000039,5.66,5.66,5.7,5.64,67340,68341231.0,1.06,0.0,0.0,0.44
2019-09-12,000039,5.69,5.68,5.69,5.56,56468,57174323.0,2.3,0.35,0.02,0.37
2019-09-16,000039,5.68,5.68,5.73,5.64,59736,60767763.0,1.58,0.0,0.0,0.39
2019-09-17,000039,5.64,5.56,5.64,5.53,66873,67015485.0,1.94,-2.11,-0.12,0.44
2019-09-18,000039,5.58,5.56,5.58,5.54,41550,41515388.0,0.72,0.0,0.0,0.27
2019-09-19,000039,5.57,5.56,5.59,5.52,41023,40947913.0,1.26,0.0,0.0,0.27
2019-09-20,000039,5.57,5.5,5.59,5.5,65552,65248837.0,1.62,-1.08,-0.06,0.43
2019-09-23,000039,5.52,5.47,5.53,5.4,57483,56359920.0,2.36,-0.55,-0.03,0.38
2019-09-24,000039,5.47,5.46,5.5,5.44,52369,51631512.0,1.1,-0.18,-0.01,0.34
2019-09-25,000039,5.5,5.38,5.5,5.38,42971,41940150.0,2.2,-1.47,-0.08,0.28
2019-09-26,000039,5.38,5.38,5.42,5.36,51377,50051209.0,1.12,0.0,0.0,0.34
2019-09-27,000039,5.36,5.42,5.46,5.36,42934,42019498.0,1.86,0.74,0.04,0.28
2019-09-30,000039,5.65,5.68,5.84,5.58,225012,229192873.0,4.8,4.8,0.26,1.48
2019-10-08,000039,5.68,5.64,5.8,5.63,97128,99125472.0,2.99,-0.7,-0.04,0.64
2019-10-09,000039,5.66,5.56,5.66,5.5,82366,82134794.0,2.84,-1.42,-0.08,0.54
2019-10-10,000039,5.57,5.58,5.6,5.53,53208,53190088.0,1.26,0.36,0.02,0.35
2019-10-11,000039,5.58,5.7,5.72,5.55,87473,88681617.0,3.05,2.15,0.12,0.57
2019-10-14,000039,5.78,5.85,5.95,5.78,179124,187639484.0,2.98,2.63,0.15,1.18
2019-10-15,000039,5.86,5.76,5.89,5.74,85310,88200681.0,2.56,-1.54,-0.09,0.56
2019-10-16,000039,5.66,5.47,5.7,5.38,197120,194334743.0,5.56,-5.03,-0.29,1.29
2019-10-17,000039,5.48,5.46,5.5,5.42,53840,53099154.0,1.46,-0.18,-0.01,0.35
2019-10-18,000039,5.49,5.44,5.5,5.43,45534,44812743.0,1.28,-0.37,-0.02,0.3
2019-10-21,000039,5.43,5.4,5.44,5.36,33500,32627932.0,1.47,-0.74,-0.04,0.22
2019-10-22,000039,5.4,5.44,5.46,5.38,28257,27659619.0,1.48,0.74,0.04,0.19
2019-10-23,000039,5.45,5.42,5.47,5.4,28203,27587330.0,1.29,-0.37,-0.02,0.19
2019-10-24,000039,5.42,5.39,5.42,5.35,31633,30781524.0,1.29,-0.55,-0.03,0.21
2019-10-25,000039,5.44,5.38,5.44,5.32,46305,44879707.0,2.23,-0.19,-0.01,0.3
2019-10-28,000039,5.4,5.43,5.45,5.38,53847,52622150.0,1.3,0.93,0.05,0.35
2019-10-29,000039,5.38,5.36,5.44,5.36,34104,33245448.0,1.47,-1.29,-0.07,0.22
2019-10-30,000039,5.33,5.38,5.38,5.32,29941,28949540.0,1.12,0.37,0.02,0.2
2019-10-31,000039,5.38,5.36,5.39,5.33,29223,28314510.0,1.12,-0.37,-0.02,0.19
2019-11-01,000039,5.36,5.36,5.37,5.32,30853,29878194.0,0.93,0.0,0.0,0.2
2019-11-04,000039,5.34,5.4,5.41,5.34,37628,36586557.0,1.31,0.75,0.04,0.25
2019-11-05,000039,5.4,5.44,5.46,5.38,37887,37125341.0,1.48,0.74,0.04,0.25
2019-11-06,000039,5.44,5.38,5.46,5.37,30984,30223345.0,1.65,-1.1,-0.06,0.2
2019-11-07,000039,5.39,5.39,5.44,5.36,33687,32848771.0,1.49,0.19,0.01,0.22
2019-11-08,000039,5.44,5.41,5.45,5.4,35201,34484496.0,0.93,0.37,0.02,0.23
2019-11-11,000039,5.38,5.23,5.39,5.2,48723,46691346.0,3.51,-3.33,-0.18,0.32
2019-11-12,000039,5.21,5.24,5.26,5.19,29325,27808193.0,1.34,0.19,0.01,0.19
2019-11-13,000039,5.26,5.21,5.26,5.16,28089,26585597.0,1.91,-0.57,-0.03,0.18
2019-11-14,000039,5.2,5.23,5.26,5.12,29355,27783584.0,2.69,0.38,0.02,0.19
2019-11-15,000039,5.23,5.21,5.26,5.2,21886,20775460.0,1.15,-0.38,-0.02,0.14
2019-11-18,000039,5.2,5.23,5.25,5.18,19438,18444330.0,1.34,0.38,0.02,0.13
2019-11-19,000039,5.26,5.29,5.32,5.23,30614,29295281.0,1.72,1.15,0.06,0.2
2019-11-20,000039,5.28,5.26,5.31,5.24,21220,20285636.0,1.32,-0.57,-0.03,0.14
2019-11-21,000039,5.19,5.26,5.29,5.19,21281,20267409.0,1.9,0.0,0.0,0.14
2019-11-22,000039,5.24,5.2,5.35,5.2,37700,36001554.0,2.85,-1.14,-0.06,0.25
2019-11-25,000039,5.25,5.26,5.27,5.18,28673,27238864.0,1.73,1.15,0.06,0.19
2019-11-26,000039,5.27,5.16,5.28,5.16,35327,33551597.0,2.28,-1.9,-0.1,0.23
2019-11-27,000039,5.18,5.24,5.27,5.18,31679,30126318.0,1.74,1.55,0.08,0.21
2019-11-28,000039,5.2,5.3,5.31,5.2,30757,29463351.0,2.1,1.15,0.06,0.2
2019-11-29,000039,5.32,5.32,5.34,5.26,25991,24973949.0,1.51,0.38,0.02,0.17
2019-12-02,000039,5.34,5.34,5.36,5.3,24163,23294380.0,1.13,0.38,0.02,0.16
2019-12-03,000039,5.34,5.33,5.34,5.28,20840,20037102.0,1.12,-0.19,-0.01,0.14
2019-12-04,000039,5.3,5.34,5.36,5.29,21915,21167557.0,1.31,0.19,0.01,0.14
2019-12-05,000039,5.38,5.39,5.42,5.34,32473,31641809.0,1.5,0.94,0.05,0.21
2019-12-06,000039,5.42,5.45,5.46,5.36,27517,26894714.0,1.86,1.11,0.06,0.18
2019-12-09,000039,5.45,5.49,5.5,5.44,39340,38836575.0,1.1,0.73,0.04,0.26
2019-12-10,000039,5.48,5.49,5.51,5.44,29360,28962079.0,1.28,0.0,0.0,0.19
2019-12-11,000039,5.51,5.54,5.56,5.46,45445,45151820.0,1.82,0.91,0.05,0.3
2019-12-12,000039,5.52,5.56,5.62,5.5,40340,40313993.0,2.17,0.36,0.02,0.26
2019-12-13,000039,5.62,5.6,5.64,5.56,58798,59062960.0,1.44,0.72,0.04,0.39
2019-12-16,000039,5.63,5.6,5.64,5.53,56389,56449675.0,1.96,0.0,0.0,0.37
2019-12-17,000039,5.6,5.62,5.66,5.55,77930,78477890.0,1.96,0.36,0.02,0.51
2019-12-18,000039,5.62,5.63,5.66,5.59,52249,52805656.0,1.25,0.18,0.01,0.34
2019-12-19,000039,5.64,5.62,5.66,5.59,47325,47812569.0,1.24,-0.18,-0.01,0.31
2019-12-20,000039,5.62,5.58,5.66,5.56,65860,66309951.0,1.78,-0.71,-0.04,0.43
2019-12-23,000039,5.55,5.5,5.58,5.48,57460,57190005.0,1.79,-1.43,-0.08,0.38
2019-12-24,000039,5.5,5.54,5.57,5.5,31945,31858904.0,1.27,0.73,0.04,0.21
2019-12-25,000039,5.59,5.56,5.6,5.53,39133,39147711.0,1.26,0.36,0.02,0.26
2019-12-26,000039,5.59,5.57,5.59,5.52,37368,37390889.0,1.26,0.18,0.01,0.25
2019-12-27,000039,5.58,5.6,5.74,5.57,70176,71269518.0,3.05,0.54,0.03,0.46
2019-12-30,000039,5.58,5.7,5.72,5.55,63663,64615237.0,3.04,1.79,0.1,0.42
2019-12-31,000039,5.37,5.44,5.52,5.36,215648,210958151.0,2.81,-4.56,-0.26,1.42
2020-01-02,000039,5.43,5.47,5.52,5.43,150042,147945717.0,1.65,0.55,0.03,0.98
2020-01-03,000039,5.45,5.42,5.47,5.36,98423,96202694.0,2.01,-0.91,-0.05,0.65
2020-01-06,000039,5.36,5.44,5.48,5.36,95099,93371638.0,2.21,0.37,0.02,0.62
2020-01-07,000039,5.45,5.47,5.52,5.44,73669,72608971.0,1.47,0.55,0.03,0.48
2020-01-08,000039,5.46,5.38,5.47,5.37,79984,78178698.0,1.83,-1.65,-0.09,0.52
2020-01-09,000039,5.43,5.44,5.46,5.41,49811,48859776.0,0.93,1.12,0.06,0.33
2020-01-10,000039,5.44,5.48,5.5,5.4,68470,67337396.0,1.84,0.74,0.04,0.45
2020-01-13,000039,5.48,5.52,5.52,5.41,81090,80133162.0,2.01,0.73,0.04,0.53
2020-01-14,000039,5.54,5.47,5.54,5.45,59503,58780694.0,1.63,-0.91,-0.05,0.39
2020-01-15,000039,5.46,5.42,5.46,5.4,56376,55142980.0,1.1,-0.91,-0.05,0.37
2020-01-16,000039,5.45,5.38,5.46,5.37,50401,49111145.0,1.66,-0.74,-0.04,0.33
2020-01-17,000039,5.38,5.38,5.41,5.36,43301,42161849.0,0.93,0.0,0.0,0.28
2020-01-20,000039,5.36,5.38,5.4,5.36,48082,46736962.0,0.74,0.0,0.0,0.32
2020-01-21,000039,5.36,5.24,5.4,5.23,84633,80948988.0,3.16,-2.6,-0.14,0.56
2020-01-22,000039,5.2,5.23,5.27,5.16,60949,57775978.0,2.1,-0.19,-0.01,0.4
2020-01-23,000039,5.2,5.01,5.22,4.98,94464,87797900.0,4.59,-4.21,-0.22,0.62
2020-02-03,000039,4.4,4.4,4.4,4.4,38309,31604925.0,0.0,-12.18,-0.61,0.25
2020-02-04,000039,3.86,4.24,4.32,3.86,166239,131867212.0,10.45,-3.64,-0.16,1.09
2020-02-05,000039,4.35,4.3,4.36,4.18,87677,71136322.0,4.25,1.42,0.06,0.57
2020-02-06,000039,4.36,4.36,4.39,4.28,75891,61920588.0,2.56,1.4,0.06,0.5
2020-02-07,000039,4.34,4.31,4.34,4.27,61878,50110297.0,1.61,-1.15,-0.05,0.41
2020-02-10,000039,4.31,4.4,4.42,4.27,72889,59819056.0,3.48,2.09,0.09,0.48
2020-02-11,000039,4.41,4.52,4.54,4.37,86441,72371462.0,3.86,2.73,0.12,0.57
2020-02-12,000039,4.53,4.52,4.54,4.46,57510,48231710.0,1.77,0.0,0.0,0.38
2020-02-13,000039,4.52,4.5,4.53,4.47,55754,46851424.0,1.33,-0.44,-0.02,0.37
2020-02-14,000039,4.48,4.52,4.54,4.47,46983,39570428.0,1.56,0.44,0.02,0.31
2020-02-17,000039,4.54,4.66,4.66,4.5,85094,72908522.0,3.54,3.1,0.14,0.56
2020-02-18,000039,4.66,4.66,4.7,4.6,73897,63723505.0,2.15,0.0,0.0,0.48
2020-02-19,000039,4.66,4.58,4.66,4.58,65966,56639709.0,1.72,-1.72,-0.08,0.43
2020-02-20,000039,4.57,4.66,4.66,4.56,73262,62831084.0,2.18,1.75,0.08,0.48
2020-02-21,000039,4.67,4.64,4.68,4.6,94109,80953622.0,1.72,-0.43,-0.02,0.62
2020-02-24,000039,4.62,4.5,4.62,4.48,107107,90417480.0,3.02,-3.02,-0.14,0.7
2020-02-25,000039,4.43,4.38,4.46,4.27,134094,109897797.0,4.22,-2.67,-0.12,0.88
2020-02-26,000039,4.36,4.46,4.58,4.28,169996,141681314.0,6.85,1.83,0.08,1.11
2020-02-27,000039,4.51,4.41,4.55,4.4,93990,78435725.0,3.36,-1.12,-0.05,0.62
2020-02-28,000039,4.3,4.23,4.36,4.21,139240,112139549.0,3.4,-4.08,-0.18,0.91
2020-03-02,000039,4.22,4.38,4.41,4.22,106998,87734563.0,4.49,3.55,0.15,0.7
2020-03-03,000039,4.44,4.39,4.48,4.36,113581,94052183.0,2.74,0.23,0.01,0.74
2020-03-04,000039,4.39,4.42,4.45,4.36,92800,76705157.0,2.05,0.68,0.03,0.61
2020-03-05,000039,4.47,4.55,4.58,4.46,146041,123261332.0,2.71,2.94,0.13,0.96
2020-03-06,000039,4.51,4.5,4.53,4.46,88590,74438729.0,1.54,-1.1,-0.05,0.58
2020-03-09,000039,4.45,4.37,4.46,4.36,101599,84050725.0,2.22,-2.89,-0.13,0.67
2020-03-10,000039,4.32,4.44,4.49,4.26,118499,97639781.0,5.26,1.6,0.07,0.78
2020-03-11,000039,4.46,4.47,4.58,4.4,116869,98403176.0,4.05,0.68,0.03,0.77
2020-03-12,000039,4.43,4.32,4.43,4.3,89056,72650033.0,2.91,-3.36,-0.15,0.58
2020-03-13,000039,4.1,4.22,4.26,4.03,131941,103994286.0,5.32,-2.31,-0.1,0.87
2020-03-16,000039,4.27,4.09,4.3,4.07,96861,76681746.0,5.45,-3.08,-0.13,0.64
2020-03-17,000039,4.07,4.07,4.18,3.96,115155,88767491.0,5.38,-0.49,-0.02,0.75
2020-03-18,000039,4.1,3.92,4.12,3.91,91908,70849935.0,5.16,-3.69,-0.15,0.6
2020-03-19,000039,3.9,3.9,4.0,3.83,86159,64675236.0,4.34,-0.51,-0.02,0.56
2020-03-20,000039,3.96,3.96,3.98,3.9,61145,46203162.0,2.05,1.54,0.06,0.4
2020-03-23,000039,3.89,3.8,3.9,3.78,75392,55842144.0,3.03,-4.04,-0.16,0.49
2020-03-24,000039,3.86,3.93,3.94,3.83,66049,49546563.0,2.89,3.42,0.13,0.43
2020-03-25,000039,4.02,4.02,4.06,3.96,66209,50737739.0,2.54,2.29,0.09,0.43
2020-03-26,000039,4.01,4.03,4.1,3.96,65351,50445254.0,3.48,0.25,0.01,0.43
2020-03-27,000039,4.15,4.04,4.22,4.04,97178,76152497.0,4.47,0.25,0.01,0.64
2020-03-30,000039,4.0,4.07,4.12,3.93,78871,60602904.0,4.7,0.74,0.03,0.52
2020-03-31,000039,4.1,4.04,4.13,4.02,54399,42197511.0,2.7,-0.74,-0.03,0.36
2020-04-01,000039,4.01,4.0,4.08,3.95,60380,46406324.0,3.22,-0.99,-0.04,0.4
2020-04-02,000039,3.95,4.04,4.04,3.94,41241,31549532.0,2.5,1.0,0.04,0.27
2020-04-03,000039,4.04,3.98,4.06,3.95,39768,30370415.0,2.72,-1.49,-0.06,0.26
2020-04-07,000039,4.02,4.06,4.09,4.01,63234,48978298.0,2.01,2.01,0.08,0.41
2020-04-08,000039,4.04,4.02,4.07,4.0,54115,41631276.0,1.72,-0.99,-0.04,0.35
2020-04-09,000039,4.04,4.09,4.1,4.03,64901,50339105.0,1.74,1.74,0.07,0.43
2020-04-10,000039,4.12,4.06,4.12,4.03,51178,39654479.0,2.2,-0.73,-0.03,0.34
2020-04-13,000039,4.04,4.04,4.07,4.02,29285,22601574.0,1.23,-0.49,-0.02,0.19
2020-04-14,000039,4.1,4.15,4.21,4.08,95960,75714790.0,3.22,2.72,0.11,0.63
2020-04-15,000039,4.15,4.08,4.15,4.06,64229,50028577.0,2.17,-1.69,-0.07,0.42
2020-04-16,000039,4.0,3.97,4.01,3.95,81809,62378241.0,1.47,-2.7,-0.11,0.54
2020-04-17,000039,3.97,3.92,4.0,3.91,75821,57476161.0,2.27,-1.26,-0.05,0.5
2020-04-20,000039,3.9,3.88,3.92,3.85,54674,40851381.0,1.79,-1.02,-0.04,0.36
2020-04-21,000039,3.86,3.87,3.89,3.82,46445,34499477.0,1.8,-0.26,-0.01,0.3
2020-04-22,000039,3.87,3.92,3.94,3.85,52313,39257485.0,2.33,1.29,0.05,0.34
2020-04-23,000039,3.94,3.94,3.97,3.89,45684,34513257.0,2.04,0.51,0.02,0.3
2020-04-24,000039,3.94,3.88,3.95,3.87,35798,26874345.0,2.03,-1.52,-0.06,0.23
2020-04-27,000039,3.88,3.88,3.94,3.86,46429,34845691.0,2.06,0.0,0.0,0.3
2020-04-28,000039,3.88,3.81,3.92,3.73,65823,48594848.0,4.9,-1.8,-0.07,0.43
2020-04-29,000039,3.8,3.82,3.84,3.78,39872,29368850.0,1.57,0.26,0.01,0.26
2020-04-30,000039,3.83,3.85,3.86,3.8,44176,32802289.0,1.57,0.79,0.03,0.29
2020-05-06,000039,3.8,3.85,3.85,3.77,72102,53028734.0,2.08,0.0,0.0,0.47
2020-05-07,000039,3.93,3.9,4.0,3.88,105132,79464050.0,3.12,1.3,0.05,0.69
2020-05-08,000039,3.89,3.89,3.92,3.85,74486,55663577.0,1.79,-0.26,-0.01,0.49
2020-05-11,000039,3.9,3.88,3.94,3.86,51247,38410466.0,2.06,-0.26,-0.01,0.34
2020-05-12,000039,3.87,3.84,3.88,3.82,45028,33412182.0,1.55,-1.03,-0.04,0.3
2020-05-13,000039,3.82,3.82,3.84,3.8,39470,29109682.0,1.04,-0.52,-0.02,0.26
2020-05-14,000039,3.8,3.76,3.81,3.75,62225,45478243.0,1.57,-1.57,-0.06,0.41
2020-05-15,000039,3.78,3.76,3.8,3.76,40411,29553126.0,1.06,0.0,0.0,0.26
2020-05-18,000039,3.77,3.74,3.78,3.72,49717,36142305.0,1.6,-0.53,-0.02,0.33
2020-05-19,000039,3.76,3.74,3.77,3.72,45277,32922709.0,1.34,0.0,0.0,0.3
2020-05-20,000039,3.74,3.71,3.76,3.7,43235,31281873.0,1.6,-0.8,-0.03,0.28
2020-05-21,000039,3.74,3.66,3.76,3.66,76190,54828821.0,2.7,-1.35,-0.05,0.5
2020-05-22,000039,3.66,3.56,3.66,3.54,76171,53581842.0,3.28,-2.73,-0.1,0.5
2020-05-25,000039,3.57,3.49,3.58,3.49,46489,32303494.0,2.53,-1.97,-0.07,0.3
2020-05-26,000039,3.49,3.51,3.54,3.49,48389,33476718.0,1.43,0.57,0.02,0.32
2020-05-27,000039,3.51,3.49,3.51,3.46,44894,30890064.0,1.42,-0.57,-0.02,0.29
2020-05-28,000039,3.46,3.52,3.54,3.46,58345,40350746.0,2.29,0.86,0.03,0.38
2020-05-29,000039,3.52,3.58,3.71,3.48,197884,139151777.0,6.53,1.7,0.06,1.3
2020-06-01,000039,3.61,3.64,3.7,3.61,104083,74309476.0,2.51,1.68,0.06,0.68
2020-06-02,000039,3.83,3.82,3.92,3.79,218260,162002817.0,3.57,4.95,0.18,1.43
2020-06-03,000039,3.82,3.73,3.82,3.72,128892,93961353.0,2.62,-2.36,-0.09,0.85
2020-06-04,000039,3.75,3.73,3.76,3.72,53313,38698484.0,1.07,0.0,0.0,0.35
2020-06-05,000039,3.73,3.7,3.74,3.66,56043,40404967.0,2.14,-0.8,-0.03,0.37
2020-06-08,000039,3.73,3.72,3.77,3.7,57636,41838717.0,1.89,0.54,0.02,0.38
2020-06-09,000039,3.73,3.74,3.76,3.72,54024,39243155.0,1.08,0.54,0.02,0.35
2020-06-10,000039,3.74,3.66,3.76,3.66,64014,46008763.0,2.67,-2.14,-0.08,0.42
2020-06-11,000039,3.66,3.62,3.67,3.6,69432,49368273.0,1.91,-1.09,-0.04,0.46
2020-06-12,000039,3.56,3.72,3.77,3.53,164288,117626214.0,6.63,2.76,0.1,1.08
2020-06-15,000039,3.7,3.82,3.85,3.68,154273,112834590.0,4.57,2.69,0.1,1.01
2020-06-16,000039,3.83,3.8,3.83,3.78,76221,56070017.0,1.31,-0.52,-0.02,0.5
2020-06-17,000039,3.8,3.76,3.81,3.74,63234,46199114.0,1.84,-1.05,-0.04,0.41
2020-06-18,000039,3.76,3.91,3.93,3.74,142118,105926964.0,5.05,3.99,0.15,0.93
2020-06-19,000039,3.88,3.88,3.94,3.84,88052,65991248.0,2.56,-0.77,-0.03,0.58
2020-06-22,000039,3.88,3.87,3.92,3.86,72090,53991285.0,1.55,-0.26,-0.01,0.47
2020-06-23,000039,3.9,3.84,3.95,3.79,95955,71279063.0,4.13,-0.78,-0.03,0.63
2020-06-24,000039,3.85,3.9,3.97,3.85,99548,73723850.0,3.13,1.56,0.06,0.65
2020-06-29,000039,3.9,3.78,3.9,3.76,84519,61224770.0,3.59,-3.08,-0.12,0.55
2020-06-30,000039,3.82,3.8,3.83,3.76,56525,40832940.0,1.85,0.53,0.02,0.37
2020-07-01,000039,3.81,3.8,3.84,3.77,82370,59570235.0,1.84,0.0,0.0,0.54
2020-07-02,000039,3.82,3.93,3.97,3.79,173408,128196537.0,4.74,3.42,0.13,1.14
2020-07-03,000039,3.96,4.06,4.07,3.94,196624,148377171.0,3.31,3.31,0.13,1.29
2020-07-06,000039,4.07,4.44,4.44,4.07,334314,265175147.0,9.11,9.36,0.38,2.19
2020-07-07,000039,4.45,4.34,4.58,4.34,240699,196452728.0,5.41,-2.25,-0.1,1.58
2020-07-08,000039,4.33,4.4,4.42,4.24,237087,190483445.0,4.15,1.38,0.06,1.55
2020-07-09,000039,4.4,4.45,4.48,4.36,193775,158545385.0,2.73,1.14,0.05,1.27
2020-07-10,000039,4.44,4.65,4.68,4.38,377887,318504384.0,6.74,4.49,0.2,2.48
2020-07-13,000039,4.64,4.82,4.83,4.54,300967,257261251.0,6.24,3.66,0.17,1.97
2020-07-14,000039,4.82,4.76,4.82,4.59,270497,232098619.0,4.77,-1.24,-0.06,1.77
2020-07-15,000039,4.72,4.58,4.74,4.52,222789,187995591.0,4.62,-3.78,-0.18,1.46
2020-07-16,000039,4.56,4.31,4.65,4.28,210253,172521579.0,8.08,-5.9,-0.27,1.38
2020-07-17,000039,4.31,4.36,4.38,4.24,118797,95126596.0,3.25,1.16,0.05,0.78
2020-07-20,000039,4.36,4.54,4.56,4.36,151531,124461331.0,4.59,4.13,0.18,0.99
2020-07-21,000039,4.55,4.46,4.64,4.44,93384,77233790.0,4.41,-1.76,-0.08,0.61
2020-07-22,000039,4.44,4.46,4.58,4.4,103812,86071710.0,4.04,0.0,0.0,0.68
2020-07-23,000039,4.46,4.42,4.5,4.33,95955,78141703.0,3.81,-0.9,-0.04,0.63
2020-07-24,000039,4.41,4.26,4.5,4.23,123629,99775025.0,6.11,-3.62,-0.16,0.81
2020-07-27,000039,4.26,4.29,4.31,4.21,74721,59171059.0,2.35,0.7,0.03,0.49
2020-07-28,000039,4.3,4.46,4.46,4.29,116004,94199654.0,3.96,3.96,0.17,0.76
2020-07-29,000039,4.42,4.48,4.51,4.37,91957,75507380.0,3.14,0.45,0.02,0.6
2020-07-30,000039,4.48,4.55,4.67,4.46,163619,137211566.0,4.69,1.56,0.07,1.07
2020-07-31,000039,4.49,4.54,4.6,4.4,157341,130327770.0,4.4,-0.22,-0.01,1.03
2020-08-03,000039,4.62,4.85,4.92,4.62,302893,265159885.0,6.61,6.83,0.31,1.98
2020-08-04,000039,4.83,4.74,4.84,4.66,194653,168206526.0,3.71,-2.27,-0.11,1.28
2020-08-05,000039,4.72,4.72,4.8,4.62,147608,127135023.0,3.8,-0.42,-0.02,0.97
2020-08-06,000039,4.68,4.66,4.77,4.58,108392,92502953.0,4.03,-1.27,-0.06,0.71
2020-08-07,000039,4.64,4.71,4.75,4.57,123785,105397508.0,3.86,1.07,0.05,0.81
2020-08-10,000039,4.69,4.82,4.87,4.64,211253,184071843.0,4.88,2.34,0.11,1.38
2020-08-11,000039,4.84,4.92,5.06,4.76,343999,307405536.0,6.22,2.07,0.1,2.25
2020-08-12,000039,4.9,5.16,5.18,4.86,418717,379588592.0,6.5,4.88,0.24,2.74
2020-08-13,000039,5.16,5.07,5.28,5.02,278915,257346547.0,5.04,-1.74,-0.09,1.83
2020-08-14,000039,5.04,5.06,5.08,4.9,193743,174477257.0,3.55,-0.2,-0.01,1.27
2020-08-17,000039,5.07,5.05,5.14,4.97,173252,157952622.0,3.36,-0.2,-0.01,1.14
2020-08-18,000039,5.02,5.08,5.11,4.97,173127,157166950.0,2.77,0.59,0.03,1.13
2020-08-26,000039,5.44,4.92,5.45,4.83,327833,304034560.0,12.2,-3.15,-0.16,2.15
2020-08-27,000039,4.84,4.87,4.89,4.62,146543,127715989.0,5.49,-1.02,-0.05,0.96
2020-08-28,000039,4.88,4.96,5.0,4.81,99384,88541259.0,3.9,1.85,0.09,0.65
2020-08-31,000039,4.97,4.82,5.0,4.82,118230,104893572.0,3.63,-2.82,-0.14,0.77
2020-09-01,000039,4.84,4.81,4.84,4.74,80265,69884759.0,2.07,-0.21,-0.01,0.53
2020-09-02,000039,4.79,4.79,4.82,4.71,72700,63082592.0,2.29,-0.42,-0.02,0.48
2020-09-03,000039,4.8,4.83,4.86,4.71,81339,71052801.0,3.13,0.84,0.04,0.53
2020-09-04,000039,4.74,4.89,4.9,4.68,97134,84678444.0,4.55,1.24,0.06,0.64
2020-09-07,000039,4.9,4.76,4.94,4.75,88952,78063030.0,3.89,-2.66,-0.13,0.58
2020-09-08,000039,4.86,4.93,4.95,4.74,126202,111641287.0,4.41,3.57,0.17,0.83
2020-09-09,000039,4.88,4.88,4.98,4.8,99667,88575456.0,3.65,-1.01,-0.05,0.65
2020-09-10,000039,4.91,4.76,4.93,4.73,82092,71904876.0,4.1,-2.46,-0.12,0.54
2020-09-11,000039,4.76,4.78,4.82,4.66,83977,72512314.0,3.36,0.42,0.02,0.55
2020-09-14,000039,4.77,4.9,4.92,4.74,77186,67778404.0,3.77,2.51,0.12,0.51
2020-09-15,000039,4.92,4.9,4.94,4.84,60979,54069119.0,2.04,0.0,0.0,0.4
2020-09-16,000039,4.92,5.02,5.08,4.87,104983,94754140.0,4.29,2.45,0.12,0.69
2020-09-17,000039,5.02,5.05,5.12,4.9,114183,103399492.0,4.38,0.6,0.03,0.75
2020-09-18,000039,5.02,5.08,5.09,5.01,84657,77208529.0,1.58,0.59,0.03,0.55
2020-09-21,000039,5.08,4.96,5.08,4.95,61647,55781836.0,2.56,-2.36,-0.12,0.4
2020-09-22,000039,4.94,4.82,4.96,4.82,69465,61507251.0,2.82,-2.82,-0.14,0.46
2020-09-23,000039,4.85,4.9,4.94,4.81,57722,51220403.0,2.7,1.66,0.08,0.38
2020-09-24,000039,4.9,4.78,4.9,4.76,67406,58765056.0,2.86,-2.45,-0.12,0.44
2020-09-25,000039,4.8,4.91,4.92,4.74,76249,67206436.0,3.77,2.72,0.13,0.5
2020-09-28,000039,4.89,4.95,5.04,4.86,78898,70985321.0,3.67,0.81,0.04,0.52
2020-09-29,000039,4.96,4.93,5.02,4.9,56513,50613243.0,2.42,-0.4,-0.02,0.37
2020-09-30,000039,4.93,4.95,4.98,4.85,76698,68460773.0,2.64,0.41,0.02,0.5
2020-10-09,000039,5.08,5.14,5.26,5.06,125868,116716834.0,4.04,3.84,0.19,0.82
2020-10-12,000039,5.28,5.38,5.42,5.23,167053,159406127.0,3.7,4.67,0.24,1.09
2020-10-13,000039,5.4,5.44,5.56,5.35,140295,135939754.0,3.9,1.12,0.06,0.91
2020-10-14,000039,5.38,5.35,5.42,5.28,98074,93616667.0,2.57,-1.65,-0.09,0.64
2020-10-15,000039,5.36,5.36,5.41,5.3,64172,61501723.0,2.06,0.19,0.01,0.42
2020-10-16,000039,5.36,5.28,5.46,5.28,82917,79013009.0,3.36,-1.49,-0.08,0.54
2020-10-19,000039,5.33,5.31,5.49,5.3,92969,89227260.0,3.6,0.57,0.03,0.61
2020-10-20,000039,5.31,5.66,5.71,5.25,284995,281735664.0,8.66,6.59,0.35,1.86
2020-10-21,000039,5.71,5.71,5.74,5.6,180734,181851761.0,2.47,0.88,0.05,1.18
2020-10-22,000039,5.85,6.01,6.08,5.83,315337,330598736.0,4.38,5.25,0.3,2.06
2020-10-23,000039,5.94,6.22,6.28,5.86,285739,305210368.0,6.99,3.49,0.21,1.86
2020-10-26,000039,6.2,6.34,6.44,6.09,268400,294357920.0,5.63,1.93,0.12,1.75
2020-10-27,000039,6.32,6.3,6.32,6.1,225798,245312458.0,3.47,-0.63,-0.04,1.47
2020-10-28,000039,6.35,6.83,7.0,6.32,501079,578647792.0,10.79,8.41,0.53,3.27
2020-10-29,000039,6.68,6.91,7.07,6.65,462276,548763824.0,6.15,1.17,0.08,3.01
2020-10-30,000039,6.88,6.88,6.98,6.68,353860,415430288.0,4.34,-0.43,-0.03,2.31
2020-11-02,000039,6.93,7.54,7.63,6.84,503477,631456032.0,11.48,9.59,0.66,3.28
2020-11-03,000039,7.67,7.76,7.86,7.32,517368,671298416.0,7.16,2.92,0.22,3.37
2020-11-04,000039,7.72,7.85,7.96,7.5,426530,561516784.0,5.93,1.16,0.09,2.78
2020-11-05,000039,7.9,8.07,8.18,7.72,360194,485200688.0,5.86,2.8,0.22,2.35
2020-11-06,000039,8.07,8.84,8.98,8.05,838772,1224025424.0,11.52,9.54,0.77,5.47
2020-11-09,000039,8.84,9.83,9.83,8.56,1060706,1651117408.0,14.37,11.2,0.99,6.91
2020-11-10,000039,9.51,9.37,9.76,8.88,1228969,1908436208.0,8.95,-4.68,-0.46,8.01
2020-11-11,000039,9.18,8.68,9.23,8.36,1028984,1507419376.0,9.28,-7.36,-0.69,6.71
2020-11-12,000039,8.58,8.64,8.9,8.48,548004,795991152.0,4.84,-0.46,-0.04,3.57
2020-11-13,000039,8.33,8.64,8.7,8.1,471026,670725904.0,6.94,0.0,0.0,3.07
2020-11-16,000039,8.91,8.76,8.94,8.44,437322,639442784.0,5.79,1.39,0.12,2.85
2020-11-17,000039,8.58,8.84,9.46,8.54,665784,998967488.0,10.5,0.91,0.08,4.34
2020-11-18,000039,8.76,8.5,9.06,8.41,519751,754056192.0,7.35,-3.85,-0.34,3.39
2020-11-19,000039,8.49,8.64,8.8,8.38,291793,422892032.0,4.94,1.65,0.14,1.9
2020-11-20,000039,8.68,9.21,9.45,8.68,585874,894638320.0,8.91,6.6,0.57,3.82
2020-11-23,000039,9.38,9.37,9.42,8.99,495740,763647184.0,4.67,1.74,0.16,3.23
2020-11-24,000039,9.37,10.24,10.36,9.28,746470,1240975312.0,11.53,9.28,0.87,4.87
2020-11-25,000039,10.04,9.46,10.25,9.38,657290,1065040224.0,8.5,-7.62,-0.78,4.28
2020-11-26,000039,9.38,9.23,9.4,8.94,373612,571003648.0,4.86,-2.43,-0.23,2.44
2020-11-27,000039,9.3,9.38,9.43,9.08,271519,418122240.0,3.79,1.63,0.15,1.77
2020-11-30,000039,9.41,8.8,9.47,8.78,455754,688044400.0,7.36,-6.18,-0.58,2.97
2020-12-01,000039,8.78,9.04,9.14,8.69,298683,448640512.0,5.11,2.73,0.24,1.95
2020-12-02,000039,9.04,8.88,9.1,8.76,252604,375618496.0,3.76,-1.77,-0.16,1.65
2020-12-03,000039,9.02,8.73,9.04,8.71,217825,320906320.0,3.72,-1.69,-0.15,1.42
2020-12-04,000039,8.84,8.85,8.97,8.68,226355,334182768.0,3.32,1.37,0.12,1.48
2020-12-07,000039,8.85,8.74,8.93,8.71,137879,202945136.0,2.49,-1.24,-0.11,0.9
2020-12-08,000039,8.82,9.14,9.36,8.64,338854,514381920.0,8.24,4.58,0.4,2.21
2020-12-09,000039,9.13,9.2,9.4,9.01,313626,482414720.0,4.27,0.66,0.06,2.04
2020-12-10,000039,9.11,9.0,9.14,8.56,263584,391804976.0,6.3,-2.17,-0.2,1.72
2020-12-11,000039,8.98,8.61,9.01,8.58,216700,317568720.0,4.78,-4.33,-0.39,1.41
2020-12-14,000039,8.65,8.95,9.0,8.58,184376,272442384.0,4.88,3.95,0.34,1.2
2020-12-15,000039,8.95,8.72,9.08,8.6,217448,319566608.0,5.36,-2.57,-0.23,1.42
2020-12-16,000039,8.77,8.55,8.79,8.52,144135,208069121.0,3.1,-1.95,-0.17,0.94
2020-12-17,000039,8.52,8.92,9.16,8.52,339701,508182656.0,7.49,4.33,0.37,2.21
2020-12-18,000039,9.02,8.88,9.13,8.82,162556,243334994.0,3.48,-0.45,-0.04,1.06
2020-12-21,000039,8.95,9.12,9.2,8.78,211324,319611568.0,4.73,2.7,0.24,1.38
2020-12-22,000039,9.11,8.72,9.2,8.66,276815,408865648.0,5.92,-4.39,-0.4,1.8
2020-12-23,000039,8.65,8.76,8.92,8.59,180928,266143174.0,3.78,0.46,0.04,1.18
2020-12-24,000039,8.68,8.64,8.88,8.64,128070,187731338.0,2.74,-1.37,-0.12,0.83
2020-12-25,000039,8.62,9.22,9.46,8.55,359317,548708704.0,10.53,6.71,0.58,2.34
2020-12-28,000039,9.31,9.34,9.68,9.18,341582,535059600.0,5.42,1.3,0.12,2.23
2020-12-29,000039,9.3,8.62,9.36,8.62,367942,543348144.0,7.92,-7.71,-0.72,2.4
2020-12-30,000039,8.58,8.76,9.11,8.51,232948,344942880.0,6.96,1.62,0.14,1.52
2020-12-31,000039,8.86,8.97,9.04,8.7,262089,389658816.0,3.88,2.4,0.21,1.71
2021-01-04,000039,9.04,9.36,9.56,8.91,373655,577257200.0,7.25,4.35,0.39,2.44
2021-01-05,000039,9.28,9.08,9.28,8.76,428343,639840352.0,5.56,-2.99,-0.28,2.79
2021-01-06,000039,9.06,9.77,10.02,8.97,757536,1201056320.0,11.56,7.6,0.69,4.94
2021-01-07,000039,9.78,10.17,10.3,9.46,717327,1186770480.0,8.6,4.09,0.4,4.68
2021-01-08,000039,10.24,9.94,10.31,9.63,448829,732507376.0,6.69,-2.26,-0.23,2.93
2021-01-11,000039,10.14,9.32,10.46,9.18,564522,915669168.0,12.88,-6.24,-0.62,3.68
2021-01-12,000039,9.12,9.19,9.31,8.85,339701,515534288.0,4.94,-1.39,-0.13,2.21
2021-01-13,000039,9.18,9.56,9.76,9.12,343899,541030064.0,6.96,4.03,0.37,2.24
2021-01-14,000039,9.61,9.13,9.61,9.08,285582,438851200.0,5.54,-4.5,-0.43,1.86
2021-01-15,000039,9.08,9.42,9.6,9.01,283429,442274096.0,6.46,3.18,0.29,1.85
2021-01-18,000039,9.36,10.0,10.23,9.29,480342,787219152.0,9.98,6.16,0.58,3.13
2021-01-19,000039,10.04,9.64,10.23,9.55,341327,552821440.0,6.8,-3.6,-0.36,2.22
2021-01-20,000039,9.62,9.77,9.81,9.44,247026,395187632.0,3.84,1.35,0.13,1.61
2021-01-21,000039,9.77,10.12,10.5,9.67,608499,1024617200.0,8.5,3.58,0.35,3.97
2021-01-22,000039,10.16,11.23,11.23,9.99,877256,1556288816.0,12.25,10.97,1.11,5.72
2021-01-25,000039,11.42,11.41,11.6,10.84,790620,1450176448.0,6.77,1.6,0.18,5.15
2021-01-26,000039,11.24,10.69,11.28,10.5,562838,1004023856.0,6.84,-6.31,-0.72,3.67
2021-01-27,000039,10.41,10.1,10.6,9.81,552380,918435680.0,7.39,-5.52,-0.59,3.6
2021-01-28,000039,9.76,9.01,9.78,8.98,648300,998145408.0,7.92,-10.79,-1.09,4.23
2021-01-29,000039,9.1,8.72,9.14,8.23,571045,827635344.0,10.1,-3.22,-0.29,3.72
2021-02-01,000039,8.74,8.85,9.04,8.36,336284,496989200.0,7.8,1.49,0.13,2.19
2021-02-02,000039,8.88,8.62,8.96,8.52,269503,390800160.0,4.97,-2.6,-0.23,1.76
2021-02-03,000039,8.64,8.38,8.68,8.13,278881,393215552.0,6.38,-2.78,-0.24,1.82
2021-02-04,000039,8.31,7.98,8.38,7.84,302899,411731168.0,6.44,-4.77,-0.4,1.97
2021-02-05,000039,8.02,7.7,8.16,7.68,200949,268926640.0,6.02,-3.51,-0.28,1.31
2021-02-08,000039,7.72,7.76,7.97,7.65,185026,245331912.0,4.16,0.78,0.06,1.21
2021-02-09,000039,7.86,8.36,8.44,7.86,271752,376590976.0,7.47,7.73,0.6,1.77
2021-02-10,000039,8.3,8.61,8.62,8.04,219865,309583680.0,6.94,2.99,0.25,1.43
2021-02-18,000039,8.87,8.84,9.03,8.62,255142,377018608.0,4.76,2.67,0.23,1.66
2021-02-19,000039,8.84,8.74,9.04,8.52,195617,285404224.0,5.88,-1.13,-0.1,1.27
2021-02-22,000039,8.78,8.9,9.24,8.72,282768,425372528.0,5.95,1.83,0.16,1.84
2021-02-23,000039,8.78,8.77,8.92,8.66,133782,196737196.0,2.92,-1.46,-0.13,0.87
2021-02-24,000039,8.82,8.8,9.02,8.67,143578,212574736.0,3.99,0.34,0.03,0.94
2021-02-25,000039,8.91,8.66,8.96,8.6,153639,225302994.0,4.09,-1.59,-0.14,1.0
2021-02-26,000039,8.58,8.56,8.7,8.37,138409,198763127.0,3.81,-1.15,-0.1,0.9
2021-03-01,000039,8.62,8.82,8.88,8.61,145932,214347246.0,3.15,3.04,0.26,0.95
2021-03-02,000039,8.92,8.54,8.97,8.45,155506,224604717.0,5.9,-3.17,-0.28,1.01
2021-03-03,000039,8.46,8.63,8.69,8.41,125836,181141437.0,3.28,1.05,0.09,0.82
2021-03-04,000039,8.61,8.46,8.61,8.34,124147,176520527.0,3.13,-1.97,-0.17,0.81
2021-03-05,000039,8.35,8.52,8.58,8.34,100148,142748146.0,2.84,0.71,0.06,0.65
2021-03-08,000039,8.52,8.36,8.76,8.32,135161,193175105.0,5.16,-1.88,-0.16,0.88
2021-03-09,000039,8.36,8.42,8.64,8.17,176632,251494592.0,5.62,0.72,0.06,1.15
2021-03-10,000039,8.43,8.23,8.5,8.19,118291,166092290.0,3.68,-2.26,-0.19,0.77
2021-03-11,000039,8.23,8.38,8.4,8.17,129228,180392775.0,2.79,1.82,0.15,0.84
2021-03-12,000039,8.38,8.38,8.47,8.26,93046,130711036.0,2.51,0.0,0.0,0.61
2021-03-15,000039,8.3,8.61,8.68,8.25,148867,213082621.0,5.13,2.74,0.23,0.97
2021-03-16,000039,8.61,8.54,8.65,8.45,90234,129460604.0,2.32,-0.81,-0.07,0.59
2021-03-17,000039,8.52,8.72,8.89,8.35,152217,222372794.0,6.32,2.11,0.18,0.99
2021-03-18,000039,8.67,8.8,8.82,8.55,143978,210334170.0,3.1,0.92,0.08,0.94
2021-03-19,000039,8.68,8.54,8.72,8.48,128423,184787900.0,2.73,-2.95,-0.26,0.84
2021-03-22,000039,8.52,8.73,8.91,8.52,122172,179427085.0,4.57,2.22,0.19,0.8
2021-03-23,000039,8.78,8.68,8.84,8.52,126200,182889872.0,3.67,-0.57,-0.05,0.82
2021-03-24,000039,8.64,8.7,8.83,8.58,116012,169330841.0,2.88,0.23,0.02,0.76
2021-03-25,000039,8.66,8.65,8.8,8.56,75522,109893316.0,2.76,-0.57,-0.05,0.49
2021-03-26,000039,8.74,8.8,8.91,8.68,169795,250984715.0,2.66,1.73,0.15,1.11
2021-03-29,000039,8.86,8.88,8.94,8.78,132880,196737681.0,1.82,0.91,0.08,0.87
2021-03-30,000039,8.9,8.72,8.91,8.38,175624,254809621.0,5.97,-1.8,-0.16,1.14
2021-03-31,000039,8.78,9.64,9.69,8.77,541103,850518592.0,10.55,10.55,0.92,3.53
2021-04-01,000039,9.78,9.78,10.42,9.62,488872,803288528.0,8.3,1.45,0.14,3.19
2021-04-02,000039,10.0,9.4,10.04,9.32,305156,482453136.0,7.36,-3.89,-0.38,1.99
2021-04-06,000039,9.44,9.3,9.52,9.12,198822,305909456.0,4.26,-1.06,-0.1,1.3
2021-04-07,000039,9.94,9.92,10.29,9.78,588418,975561136.0,5.48,6.67,0.62,3.84
2021-04-08,000039,9.88,9.76,9.88,9.44,306879,495233264.0,4.44,-1.61,-0.16,2.0
2021-04-09,000039,9.71,10.48,10.49,9.65,525160,882601232.0,8.61,7.38,0.72,3.42
2021-04-12,000039,10.43,10.02,10.46,9.88,359163,599315728.0,5.53,-4.39,-0.46,2.34
2021-04-13,000039,9.98,10.17,10.46,9.78,282657,475493456.0,6.79,1.5,0.15,1.84
2021-04-14,000039,10.11,10.26,10.36,10.03,188574,317394912.0,3.24,0.88,0.09,1.23
2021-04-15,000039,9.91,9.99,10.04,9.52,231101,376778352.0,5.07,-2.63,-0.27,1.51
2021-04-16,000039,9.98,9.92,10.14,9.72,200843,328827504.0,4.2,-0.7,-0.07,1.31
2021-04-19,000039,9.98,9.8,10.02,9.75,168679,274646112.0,2.72,-1.21,-0.12,1.1
2021-04-20,000039,9.82,9.62,9.85,9.6,175256,282216576.0,2.55,-1.84,-0.18,1.14
2021-04-21,000039,9.58,9.63,9.74,9.53,131090,209597112.0,2.18,0.1,0.01,0.85
2021-04-22,000039,9.66,9.62,9.91,9.6,154626,249236166.0,3.22,-0.1,-0.01,1.01
2021-04-23,000039,9.56,9.48,9.6,9.35,136080,214305509.0,2.6,-1.46,-0.14,0.89
2021-04-26,000039,9.52,9.52,9.75,9.47,157874,251548149.0,2.95,0.42,0.04,1.03
2021-04-27,000039,9.41,9.55,9.61,9.28,159146,249709986.0,3.47,0.32,0.03,1.04
2021-04-28,000039,9.64,9.38,9.66,9.26,160294,250538574.0,4.19,-1.78,-0.17,1.04
2021-04-29,000039,9.38,9.68,9.76,9.38,189890,303778832.0,4.05,3.2,0.3,1.24
2021-04-30,000039,9.72,9.75,9.9,9.68,186634,302697200.0,2.27,0.72,0.07,1.22
2021-05-06,000039,9.85,9.8,10.05,9.6,191135,311145728.0,4.62,0.51,0.05,1.25
2021-05-07,000039,9.77,9.96,10.27,9.72,309512,512220656.0,5.61,1.63,0.16,2.02
2021-05-10,000039,10.09,10.33,10.38,9.8,304131,512842656.0,5.82,3.71,0.37,1.98
2021-05-11,000039,10.34,10.11,10.37,9.84,226298,376848400.0,5.13,-2.13,-0.22,1.47
2021-05-12,000039,9.94,10.05,10.2,9.94,149213,248214974.0,2.57,-0.59,-0.06,0.97
2021-05-13,000039,9.94,9.67,10.0,9.66,168555,273974512.0,3.38,-3.78,-0.38,1.1
2021-05-14,000039,9.68,9.64,9.76,9.43,173012,275488112.0,3.41,-0.31,-0.03,1.13
2021-05-17,000039,9.66,9.76,10.02,9.61,205904,334354320.0,4.25,1.24,0.12,1.34
2021-05-18,000039,9.79,9.8,9.9,9.53,126722,204236773.0,3.79,0.41,0.04,0.83
2021-05-19,000039,9.88,9.72,9.88,9.68,92000,148758384.0,2.04,-0.82,-0.08,0.6
2021-05-20,000039,9.68,9.57,9.8,9.48,135611,216037787.0,3.29,-1.54,-0.15,0.88
2021-05-21,000039,9.61,9.87,9.97,9.55,206736,335251664.0,4.39,3.13,0.3,1.35
2021-05-24,000039,9.88,9.5,9.97,9.48,224846,356974896.0,4.96,-3.75,-0.37,1.47
2021-05-25,000039,9.52,9.56,9.68,9.11,213112,333966832.0,6.0,0.63,0.06,1.39
2021-05-26,000039,9.53,9.42,9.64,9.38,143059,225428091.0,2.72,-1.46,-0.14,0.93
2021-05-27,000039,9.38,9.31,9.44,9.2,191708,296520416.0,2.55,-1.17,-0.11,1.25
2021-05-28,000039,9.33,9.45,9.51,9.31,172749,270029456.0,2.15,1.5,0.14,1.13
2021-05-31,000039,9.51,9.2,9.52,9.18,167856,259027388.0,3.6,-2.65,-0.25,1.09
2021-06-01,000039,9.2,8.93,9.23,8.88,227591,340981040.0,3.8,-2.93,-0.27,1.48
2021-06-02,000039,8.97,9.0,9.23,8.92,193052,292054960.0,3.47,0.78,0.07,1.26
2021-06-03,000039,9.12,9.12,9.28,9.01,173943,265521012.0,3.0,1.33,0.12,1.13
2021-06-04,000039,9.16,9.0,9.2,8.92,126810,190360065.0,3.07,-1.32,-0.12,0.83
2021-06-07,000039,9.2,9.58,9.65,9.19,373961,590670736.0,5.11,6.44,0.58,2.44
2021-06-08,000039,9.51,9.72,9.98,9.47,311601,504770320.0,5.32,1.46,0.14,2.03
2021-06-09,000039,9.84,9.64,9.9,9.46,178268,284380976.0,4.53,-0.82,-0.08,1.16
2021-06-10,000039,9.75,10.04,10.18,9.67,395339,651093264.0,5.29,4.15,0.4,2.58
2021-06-11,000039,10.01,9.74,10.06,9.55,320980,517625488.0,5.08,-2.99,-0.3,2.09
2021-06-15,000039,9.73,9.56,9.97,9.54,241352,389462976.0,4.41,-1.85,-0.18,1.57
2021-06-16,000039,9.62,9.42,9.7,9.36,175037,276736880.0,3.56,-1.46,-0.14,1.14
2021-06-17,000039,9.46,9.92,10.07,9.42,310957,508644016.0,6.9,5.31,0.5,2.03
2021-06-18,000039,9.92,9.9,9.98,9.76,188287,307346720.0,2.22,-0.2,-0.02,1.23
2021-06-21,000039,9.82,10.3,10.34,9.68,326029,545513008.0,6.67,4.04,0.4,2.12
2021-06-22,000039,10.35,10.76,11.07,10.24,398171,701983296.0,8.06,4.47,0.46,2.6
2021-06-23,000039,10.62,10.83,11.04,10.56,353369,629729552.0,4.46,0.65,0.07,2.3
2021-06-24,000039,10.84,10.89,11.16,10.66,247306,442035584.0,4.62,0.55,0.06,1.61
2021-06-25,000039,10.94,11.09,11.2,10.76,259099,469531888.0,4.04,1.84,0.2,1.69
2021-06-28,000039,11.12,11.12,11.18,10.71,256175,460369664.0,4.24,0.27,0.03,1.67
2021-06-29,000039,11.16,11.02,11.19,10.84,207936,374385664.0,3.15,-0.9,-0.1,1.36
2021-06-30,000039,11.03,11.1,11.31,10.78,224814,407992704.0,4.81,0.73,0.08,1.47
2021-07-01,000039,11.1,10.78,11.4,10.71,234219,424306176.0,6.22,-2.88,-0.32,1.53
2021-07-02,000039,10.7,11.7,11.83,10.64,599306,1112332784.0,11.04,8.53,0.92,3.91
2021-07-05,000039,11.68,11.49,11.99,11.39,370851,702344224.0,5.13,-1.79,-0.21,2.42
2021-07-06,000039,11.51,11.25,11.58,10.91,352617,645312896.0,5.83,-2.09,-0.24,2.3
2021-07-07,000039,11.04,11.18,11.29,10.9,211036,384283680.0,3.47,-0.62,-0.07,1.38
2021-07-08,000039,11.18,10.52,11.18,10.46,374711,658555152.0,6.44,-5.9,-0.66,2.44
2021-07-09,000039,10.38,10.28,10.62,10.21,235092,401175888.0,3.9,-2.28,-0.24,1.53
2021-07-12,000039,10.38,10.24,10.51,10.2,241104,410045648.0,3.02,-0.39,-0.04,1.57
2021-07-13,000039,10.26,10.52,10.56,10.11,245227,421677872.0,4.39,2.73,0.28,1.6
2021-07-14,000039,10.58,10.26,10.6,10.04,237874,401612288.0,5.32,-2.47,-0.26,1.55
2021-07-15,000039,10.43,10.37,10.64,10.22,429996,738382688.0,4.09,1.07,0.11,2.8
2021-07-16,000039,10.37,10.3,10.57,10.18,311037,533057088.0,3.76,-0.68,-0.07,2.03
2021-07-19,000039,10.32,10.28,10.52,10.14,242779,412133392.0,3.69,-0.19,-0.02,1.58
2021-07-20,000039,10.27,10.34,10.34,9.83,267840,441334656.0,4.96,0.58,0.06,1.75
2021-07-21,000039,10.28,10.4,10.42,10.26,171538,287713936.0,1.55,0.58,0.06,1.12
2021-07-22,000039,10.4,10.55,10.6,10.26,183940,312824560.0,3.27,1.44,0.15,1.2
2021-07-23,000039,10.53,10.29,10.53,10.23,181537,305027072.0,2.84,-2.46,-0.26,1.18
2021-07-26,000039,10.32,10.09,10.4,10.02,172880,285978960.0,3.69,-1.94,-0.2,1.13
2021-07-27,000039,10.09,9.68,10.32,9.66,216922,351804112.0,6.54,-4.06,-0.41,1.41
2021-07-28,000039,9.56,9.73,9.9,9.47,172209,271816800.0,4.44,0.52,0.05,1.12
2021-07-29,000039,9.91,9.78,10.0,9.74,157782,252767761.0,2.67,0.51,0.05,1.03
2021-07-30,000039,9.8,9.6,9.92,9.43,145985,229307837.0,5.01,-1.84,-0.18,0.95
2021-08-02,000039,9.6,9.96,10.08,9.37,211674,340009792.0,7.4,3.75,0.36,1.38
2021-08-03,000039,9.96,10.1,10.19,9.85,159212,259470230.0,3.41,1.41,0.14,1.04
2021-08-04,000039,10.1,10.11,10.22,10.0,129801,213500343.0,2.18,0.1,0.01,0.85
2021-08-05,000039,10.07,10.03,10.18,10.0,113129,185150095.0,1.78,-0.79,-0.08,0.74
2021-08-06,000039,10.08,10.48,10.49,9.97,206584,346172752.0,5.18,4.49,0.45,1.35
2021-08-09,000039,10.43,10.4,10.6,10.37,162649,276030528.0,2.19,-0.76,-0.08,1.06
2021-08-10,000039,10.4,10.5,10.56,10.4,133905,227076547.0,1.54,0.96,0.1,0.87
2021-08-11,000039,10.54,10.66,10.83,10.51,211232,365955328.0,3.05,1.52,0.16,1.38
2021-08-12,000039,10.82,10.98,11.03,10.66,224407,394885232.0,3.47,3.0,0.32,1.46
2021-08-13,000039,10.97,10.93,11.3,10.84,258637,460547504.0,4.19,-0.46,-0.05,1.69
2021-08-16,000039,10.98,10.96,11.13,10.77,169924,300796336.0,3.29,0.27,0.03,1.11
2021-08-17,000039,11.03,10.86,11.19,10.81,169940,302035968.0,3.47,-0.91,-0.1,1.11
2021-08-18,000039,10.76,10.8,11.03,10.73,144207,252813297.0,2.76,-0.55,-0.06,0.94
2021-08-19,000039,10.83,10.64,10.9,10.57,137422,237791004.0,3.06,-1.48,-0.16,0.9
2021-08-20,000039,10.65,10.77,10.8,10.48,136305,235387224.0,3.01,1.22,0.13,0.89
2021-08-23,000039,10.76,11.06,11.2,10.75,172164,306784720.0,4.18,2.69,0.29,1.12
2021-08-24,000039,11.1,11.11,11.28,11.05,155170,278613472.0,2.08,0.45,0.05,1.01
2021-08-25,000039,11.13,11.4,11.42,11.04,232354,421570112.0,3.42,2.61,0.29,1.51
2021-08-26,000039,11.5,11.28,11.58,11.17,192609,350217296.0,3.6,-1.05,-0.12,1.26
2021-08-27,000039,11.22,11.48,11.5,11.2,172149,315381504.0,2.66,1.77,0.2,1.12
2021-08-30,000039,11.7,11.54,11.93,11.28,341237,637254304.0,5.66,0.52,0.06,2.22
2021-08-31,000039,11.53,11.38,11.74,11.3,294904,544806736.0,3.81,-1.39,-0.16,1.92
2021-09-01,000039,11.39,11.82,12.14,11.34,424900,806621632.0,7.03,3.87,0.44,2.77
2021-09-02,000039,11.95,11.8,11.95,11.5,320898,605939696.0,3.81,-0.17,-0.02,2.09
2021-09-03,000039,11.86,12.55,12.68,11.7,607146,1206145824.0,8.31,6.36,0.75,3.96
2021-09-06,000039,12.7,11.67,12.76,11.37,658094,1259825664.0,11.08,-7.01,-0.88,4.29
2021-09-07,000039,11.67,11.9,12.26,11.42,495702,953501600.0,7.2,1.97,0.23,3.23
2021-09-08,000039,11.96,13.18,13.18,11.75,845336,1730784928.0,12.02,10.76,1.28,5.51
2021-09-09,000039,13.26,13.5,13.52,12.8,831704,1751864848.0,5.46,2.43,0.32,5.42
2021-09-10,000039,13.38,13.13,13.84,13.11,564169,1199754656.0,5.41,-2.74,-0.37,3.68
2021-09-13,000039,13.03,13.6,13.68,12.9,575207,1227107552.0,5.94,3.58,0.47,3.75
2021-09-14,000039,13.62,12.82,13.63,12.77,474971,990167872.0,6.32,-5.74,-0.78,3.1
2021-09-15,000039,12.7,12.82,13.06,12.7,297197,610542608.0,2.81,0.0,0.0,1.94
2021-09-16,000039,12.82,12.38,13.06,12.36,344425,694576528.0,5.46,-3.43,-0.44,2.24
2021-09-17,000039,12.39,12.5,12.63,12.26,247500,493077840.0,2.99,0.97,0.12,1.61
2021-09-22,000039,12.31,12.79,12.85,12.28,253801,513767136.0,4.56,2.32,0.29,1.65
2021-09-23,000039,12.72,12.68,12.91,12.54,244777,497684336.0,2.89,-0.86,-0.11,1.6
2021-09-24,000039,12.7,12.28,12.77,12.2,233898,466605200.0,4.5,-3.15,-0.4,1.52
2021-09-27,000039,12.26,11.63,12.62,11.27,454890,859969696.0,10.99,-5.29,-0.65,2.96
2021-09-28,000039,11.56,11.3,11.89,11.18,409467,754111424.0,6.1,-2.84,-0.33,2.67
2021-09-29,000039,11.3,10.88,11.44,10.79,308932,552051632.0,5.75,-3.72,-0.42,2.01
2021-09-30,000039,10.94,11.05,11.12,10.91,199138,354099344.0,1.93,1.56,0.17,1.3
2021-10-08,000039,11.14,10.73,11.2,10.58,245966,428930768.0,5.61,-2.9,-0.32,1.6
2021-10-11,000039,10.86,10.51,10.86,10.42,204134,348290384.0,4.1,-2.05,-0.22,1.33
2021-10-12,000039,10.5,10.26,10.53,10.14,243823,407699824.0,3.71,-2.38,-0.25,1.59
2021-10-13,000039,10.33,10.36,10.41,10.2,130070,217494148.0,2.05,0.97,0.1,0.85
2021-10-14,000039,10.9,10.72,11.04,10.54,270960,470052736.0,4.83,3.47,0.36,1.77
2021-10-15,000039,10.66,10.84,11.0,10.62,241440,422481200.0,3.54,1.12,0.12,1.57
2021-10-18,000039,10.83,10.76,10.95,10.56,160405,279299248.0,3.6,-0.74,-0.08,1.05
2021-10-19,000039,10.83,10.92,10.95,10.71,174766,306673168.0,2.23,1.49,0.16,1.14
2021-10-20,000039,10.94,10.87,10.96,10.68,136045,238037723.0,2.56,-0.46,-0.05,0.89
2021-10-21,000039,10.92,10.78,11.0,10.77,115054,202007171.0,2.12,-0.83,-0.09,0.75
2021-10-22,000039,10.76,10.65,10.86,10.57,115557,199474715.0,2.69,-1.21,-0.13,0.75
2021-10-25,000039,10.5,10.84,10.86,10.5,111840,194621739.0,3.38,1.78,0.19,0.73
2021-10-26,000039,10.88,10.92,11.06,10.83,125336,221235581.0,2.12,0.74,0.08,0.82
2021-10-27,000039,10.89,10.88,10.94,10.66,142315,247930215.0,2.56,-0.37,-0.04,0.93
2021-10-28,000039,11.04,10.54,11.07,10.5,216256,373906096.0,5.24,-3.13,-0.34,1.41
2021-10-29,000039,10.37,10.88,10.96,10.35,191569,334292080.0,5.79,3.23,0.34,1.25
2021-11-01,000039,10.96,10.67,10.96,10.58,183026,316538032.0,3.49,-1.93,-0.21,1.19
2021-11-02,000039,10.67,10.37,10.74,10.24,187904,318821360.0,4.69,-2.81,-0.3,1.22
2021-11-03,000039,10.39,10.31,10.47,10.19,164183,275001424.0,2.7,-0.58,-0.06,1.07
2021-11-04,000039,10.24,9.99,10.31,9.94,218152,355515424.0,3.59,-3.1,-0.32,1.42
2021-11-05,000039,10.02,9.65,10.02,9.54,238800,377889312.0,4.8,-3.4,-0.34,1.56
2021-11-08,000039,9.65,9.64,9.73,9.56,144333,226917862.0,1.76,-0.1,-0.01,0.94
2021-11-09,000039,9.67,9.66,9.72,9.58,126745,199505696.0,1.45,0.21,0.02,0.83
2021-11-10,000039,9.79,9.97,9.98,9.64,226631,362025392.0,3.52,3.21,0.31,1.48
2021-11-11,000039,9.85,9.92,9.94,9.74,139008,222302115.0,2.01,-0.5,-0.05,0.91
2021-11-12,000039,9.92,9.9,9.95,9.8,113086,181617100.0,1.51,-0.2,-0.02,0.74
2021-11-15,000039,9.88,9.86,9.95,9.76,106272,170111531.0,1.92,-0.4,-0.04,0.69
2021-11-16,000039,9.81,9.93,9.94,9.77,130490,209763088.0,1.72,0.71,0.07,0.85
2021-11-17,000039,9.92,9.94,9.94,9.84,117397,188817550.0,1.01,0.1,0.01,0.77
2021-11-18,000039,9.94,10.1,10.28,9.92,198468,326576496.0,3.62,1.61,0.16,1.29
2021-11-19,000039,10.1,10.1,10.15,9.9,149098,243096768.0,2.48,0.0,0.0,0.97
2021-11-22,000039,10.07,10.11,10.18,10.03,144958,237773261.0,1.49,0.1,0.01,0.94
2021-11-23,000039,10.06,10.36,10.46,10.04,210664,352143520.0,4.15,2.47,0.25,1.37
2021-11-24,000039,10.42,10.36,10.43,10.24,128471,215308786.0,1.83,0.0,0.0,0.84
2021-11-25,000039,10.37,10.33,10.39,10.24,99733,166761329.0,1.45,-0.29,-0.03,0.65
2021-11-26,000039,10.34,10.32,10.42,10.29,102819,172467190.0,1.26,-0.1,-0.01,0.67
2021-11-29,000039,10.18,10.64,10.68,10.14,241219,411136512.0,5.23,3.1,0.32,1.57
2021-11-30,000039,10.66,10.52,10.68,10.36,230526,391335984.0,3.01,-1.13,-0.12,1.5
2021-12-01,000039,10.42,10.55,10.59,10.32,146849,249157384.0,2.57,0.29,0.03,0.96
2021-12-02,000039,10.56,10.66,10.73,10.5,167613,288942592.0,2.18,1.04,0.11,1.09
2021-12-03,000039,10.7,10.77,10.88,10.61,169516,294626816.0,2.53,1.03,0.11,1.1
2021-12-06,000039,10.83,10.69,10.98,10.65,181135,315704944.0,3.06,-0.74,-0.08,1.18
2021-12-07,000039,10.72,10.7,10.79,10.55,140292,242184121.0,2.25,0.09,0.01,0.91
2021-12-08,000039,10.72,10.63,10.76,10.56,124624,214195067.0,1.87,-0.65,-0.07,0.81
2021-12-09,000039,10.64,10.56,10.69,10.54,148592,254810101.0,1.41,-0.66,-0.07,0.97
2021-12-10,000039,10.54,10.6,10.68,10.43,133683,229242978.0,2.37,0.38,0.04,0.87
2021-12-13,000039,10.72,10.62,10.95,10.58,273605,474875824.0,3.49,0.19,0.02,1.78
2021-12-14,000039,10.61,10.11,10.61,10.06,314436,523447904.0,5.18,-4.8,-0.51,2.05
2021-12-15,000039,10.12,10.13,10.22,10.04,146899,241505765.0,1.78,0.2,0.02,0.96
2021-12-16,000039,10.13,10.32,10.34,9.98,133589,221347499.0,3.55,1.88,0.19,0.87
2021-12-17,000039,10.56,10.75,11.1,10.42,446562,781110992.0,6.59,4.17,0.43,2.91
2021-12-20,000039,10.82,10.49,10.86,10.47,244759,419777824.0,3.63,-2.42,-0.26,1.6
2021-12-21,000039,10.44,10.58,10.62,10.41,179878,306384128.0,2.0,0.86,0.09,1.17
2021-12-22,000039,10.54,10.28,10.62,10.27,232637,390734176.0,3.31,-2.84,-0.3,1.52
2021-12-23,000039,10.2,10.32,10.4,10.19,126500,211446586.0,2.04,0.39,0.04,0.82
2021-12-24,000039,10.32,10.32,10.4,10.2,124786,208466074.0,1.94,0.0,0.0,0.81
2021-12-27,000039,10.31,10.35,10.44,10.24,108547,182472272.0,1.94,0.29,0.03,0.71
2021-12-28,000039,10.36,10.28,10.41,10.19,107489,179236247.0,2.13,-0.68,-0.07,0.7
2021-12-29,000039,10.24,10.3,10.33,10.24,90249,150617771.0,0.88,0.19,0.02,0.59
2021-12-30,000039,10.28,10.29,10.41,10.26,119616,200329893.0,1.46,-0.1,-0.01,0.78
2021-12-31,000039,10.35,10.6,10.66,10.31,210164,358038768.0,3.4,3.01,0.31,1.37
2022-01-04,000039,10.67,10.62,10.7,10.54,169911,291592480.0,1.51,0.19,0.02,1.11
2022-01-05,000039,10.64,10.46,10.67,10.41,164217,279315696.0,2.45,-1.51,-0.16,1.07
2022-01-06,000039,10.46,10.54,10.61,10.39,137582,234660183.0,2.1,0.76,0.08,0.9
2022-01-07,000039,10.61,10.64,10.77,10.58,156832,270617424.0,1.8,0.95,0.1,1.02
2022-01-10,000039,10.63,10.66,10.7,10.57,127548,219215835.0,1.22,0.19,0.02,0.83
2022-01-11,000039,10.64,10.53,10.7,10.5,120282,206516163.0,1.88,-1.22,-0.13,0.78
2022-01-12,000039,10.53,10.6,10.65,10.49,104628,178973782.0,1.52,0.66,0.07,0.68
2022-01-13,000039,10.57,10.43,10.65,10.42,152541,260416717.0,2.17,-1.6,-0.17,0.99
2022-01-14,000039,10.37,10.22,10.4,10.15,143406,238628080.0,2.4,-2.01,-0.21,0.93
2022-01-17,000039,10.24,10.48,10.55,10.21,136521,229708465.0,3.33,2.54,0.26,0.89
2022-01-18,000039,10.47,10.51,10.67,10.38,170259,289752528.0,2.77,0.29,0.03,1.11
2022-01-19,000039,10.48,10.35,10.6,10.29,124154,209922262.0,2.95,-1.52,-0.16,0.81
2022-01-20,000039,10.33,10.28,10.4,10.22,108123,180689261.0,1.74,-0.68,-0.07,0.7
2022-01-21,000039,10.28,9.94,10.28,9.87,163427,264736142.0,3.99,-3.31,-0.34,1.07
2022-01-24,000039,9.87,9.86,9.93,9.73,93561,149934898.0,2.01,-0.8,-0.08,0.61
2022-01-25,000039,9.82,9.7,9.94,9.7,112486,180178150.0,2.43,-1.62,-0.16,0.73
2022-01-26,000039,9.74,9.58,9.8,9.53,122527,192334641.0,2.78,-1.24,-0.12,0.8
2022-01-27,000039,9.59,9.42,9.62,9.4,106859,165737673.0,2.3,-1.67,-0.16,0.7
2022-01-28,000039,9.56,9.22,9.56,9.12,134790,204144552.0,4.67,-2.12,-0.2,0.88
2022-02-07,000039,9.32,9.44,9.6,9.28,157564,243218670.0,3.47,2.39,0.22,1.03
2022-02-08,000039,9.43,9.62,9.64,9.36,126036,195718305.0,2.97,1.91,0.18,0.82
2022-02-09,000039,9.51,9.6,9.66,9.5,108257,169352910.0,1.66,-0.21,-0.02,0.71
2022-02-10,000039,9.6,9.62,9.68,9.52,90180,141129731.0,1.67,0.21,0.02,0.59
2022-02-11,000039,9.58,9.54,9.62,9.46,96182,149796035.0,1.66,-0.83,-0.08,0.63
2022-02-14,000039,9.5,9.36,9.5,9.31,94658,145097153.0,1.99,-1.89,-0.18,0.62
2022-02-15,000039,9.34,9.24,9.38,9.17,102788,155518253.0,2.24,-1.28,-0.12,0.67
2022-02-16,000039,9.26,9.38,9.47,9.24,91372,140263122.0,2.49,1.52,0.14,0.6
2022-02-17,000039,9.33,9.3,9.45,9.3,75552,115230778.0,1.6,-0.85,-0.08,0.49
2022-02-18,000039,9.26,9.37,9.38,9.22,75392,114875335.0,1.72,0.75,0.07,0.49
2022-02-21,000039,9.38,9.33,9.4,9.26,75635,115031505.0,1.49,-0.43,-0.04,0.49
2022-02-22,000039,9.25,9.13,9.29,9.03,121189,181360479.0,2.79,-2.14,-0.2,0.79
2022-02-23,000039,9.14,9.28,9.3,9.12,107585,162275975.0,1.97,1.64,0.15,0.7
2022-02-24,000039,9.24,9.04,9.28,8.93,140036,208491857.0,3.77,-2.59,-0.24,0.91
2022-02-25,000039,9.1,9.03,9.18,9.0,104723,155751826.0,1.99,-0.11,-0.01,0.68
2022-02-28,000039,9.03,9.18,9.2,8.93,109865,163819545.0,2.99,1.66,0.15,0.72
2022-03-01,000039,9.2,9.18,9.26,9.11,108627,162930519.0,1.63,0.0,0.0,0.71
2022-03-02,000039,9.16,9.21,9.24,9.04,108709,163420088.0,2.18,0.33,0.03,0.71
2022-03-03,000039,9.22,9.42,9.48,9.21,214971,329798336.0,2.93,2.28,0.21,1.4
2022-03-04,000039,9.44,9.12,9.46,9.09,179919,269855856.0,3.93,-3.18,-0.3,1.17
2022-03-07,000039,9.1,8.98,9.12,8.97,117446,173951194.0,1.64,-1.54,-0.14,0.77
2022-03-08,000039,8.98,8.4,9.02,8.4,174201,247534160.0,6.9,-6.46,-0.58,1.14
2022-03-09,000039,8.4,8.26,8.55,7.78,190066,257179139.0,9.17,-1.67,-0.14,1.24
2022-03-10,000039,8.46,8.53,8.62,8.43,154074,216806746.0,2.3,3.27,0.27,1.0
2022-03-11,000039,8.47,8.73,8.74,8.35,131946,185991219.0,4.57,2.34,0.2,0.86
2022-03-14,000039,8.7,8.66,8.84,8.6,96694,138776914.0,2.75,-0.8,-0.07,0.63
2022-03-15,000039,8.57,8.04,8.57,8.01,142972,195737699.0,6.47,-7.16,-0.62,0.93
2022-03-16,000039,8.23,8.38,8.44,7.92,156183,211874185.0,6.47,4.23,0.34,1.02
2022-03-17,000039,8.5,8.48,8.64,8.41,100875,141479259.0,2.74,1.19,0.1,0.66
2022-03-18,000039,8.48,8.66,8.76,8.42,88719,125678210.0,4.01,2.12,0.18,0.58
2022-03-21,000039,8.71,8.5,8.73,8.41,105290,147961745.0,3.7,-1.85,-0.16,0.69
2022-03-22,000039,8.5,8.63,8.71,8.43,95025,134491755.0,3.29,1.53,0.13,0.62
2022-03-23,000039,8.75,8.64,8.78,8.6,71374,101762295.0,2.09,0.12,0.01,0.47
2022-03-24,000039,8.58,8.66,8.76,8.54,73653,105032381.0,2.55,0.23,0.02,0.48
2022-03-25,000039,8.62,8.57,8.7,8.56,74266,105221586.0,1.62,-1.04,-0.09,0.48
2022-03-28,000039,8.51,8.64,8.65,8.31,89781,126002686.0,3.97,0.82,0.07,0.59
2022-03-29,000039,8.9,8.22,8.94,8.13,427236,588371184.0,9.38,-4.86,-0.42,2.78
2022-03-30,000039,8.28,8.31,8.44,8.16,272779,371887072.0,3.41,1.09,0.09,1.78
2022-03-31,000039,8.34,8.42,8.69,8.28,317331,443589728.0,4.93,1.32,0.11,2.07
2022-04-01,000039,8.36,8.66,8.76,8.24,365948,513933296.0,6.18,2.85,0.24,2.39
2022-04-06,000039,8.67,8.44,8.67,8.33,380485,527782688.0,3.93,-2.54,-0.22,2.48
2022-04-07,000039,8.38,8.19,8.42,8.18,218658,299634672.0,2.84,-2.96,-0.25,1.43
2022-04-08,000039,8.22,8.19,8.24,8.0,192472,258181042.0,2.93,0.0,0.0,1.25
2022-04-11,000039,8.19,7.92,8.2,7.87,170245,225826422.0,4.03,-3.3,-0.27,1.11
2022-04-12,000039,7.91,8.1,8.12,7.8,159635,210515950.0,4.04,2.27,0.18,1.04
2022-04-13,000039,8.1,8.12,8.36,7.96,203518,275501680.0,4.94,0.25,0.02,1.33
2022-04-14,000039,8.18,8.19,8.24,8.08,123275,166741608.0,1.97,0.86,0.07,0.8
2022-04-15,000039,8.15,8.16,8.29,8.12,125880,170844989.0,2.08,-0.37,-0.03,0.82
2022-04-18,000039,8.14,7.98,8.14,7.93,111599,147584656.0,2.57,-2.21,-0.18,0.73
2022-04-19,000039,7.96,8.0,8.03,7.94,86984,115083497.0,1.13,0.25,0.02,0.57
2022-04-20,000039,8.0,7.91,8.08,7.89,110463,146103923.0,2.38,-1.13,-0.09,0.72
2022-04-21,000039,7.85,7.58,7.92,7.57,152787,196101845.0,4.42,-4.17,-0.33,1.0
2022-04-22,000039,7.58,7.63,7.68,7.45,89286,112429101.0,3.03,0.66,0.05,0.58
2022-04-25,000039,7.5,7.11,7.5,7.1,157094,191817240.0,5.24,-6.82,-0.52,1.02
2022-04-26,000039,7.12,7.04,7.26,7.03,126154,150734041.0,3.23,-0.98,-0.07,0.82
2022-04-27,000039,6.96,7.16,7.18,6.84,149477,176032755.0,4.83,1.7,0.12,0.97
2022-04-28,000039,7.24,7.33,7.44,7.22,177190,217280068.0,3.07,2.37,0.17,1.15
2022-04-29,000039,7.43,7.5,7.6,7.37,163393,204024585.0,3.14,2.32,0.17,1.06
2022-05-05,000039,7.54,7.75,7.8,7.5,164981,210868290.0,4.0,3.33,0.25,1.08
2022-05-06,000039,7.6,7.77,7.95,7.57,195934,253465943.0,4.9,0.26,0.02,1.28
2022-05-09,000039,7.76,7.67,7.79,7.63,97130,124380528.0,2.06,-1.29,-0.1,0.63
2022-05-10,000039,7.58,7.7,7.7,7.46,111065,140459437.0,3.13,0.39,0.03,0.72
2022-05-11,000039,7.7,7.74,7.9,7.66,138084,178863135.0,3.12,0.52,0.04,0.9
2022-05-12,000039,7.71,7.72,7.79,7.64,90499,116172738.0,1.94,-0.26,-0.02,0.59
2022-05-13,000039,7.76,7.85,7.86,7.72,90085,116618708.0,1.81,1.68,0.13,0.59
2022-05-16,000039,7.94,7.82,7.96,7.78,87421,114091487.0,2.29,-0.38,-0.03,0.57
2022-05-17,000039,7.76,7.91,7.95,7.74,98176,128052645.0,2.69,1.15,0.09,0.64
2022-05-18,000039,7.84,7.82,7.9,7.81,76982,100280424.0,1.14,-1.14,-0.09,0.5
2022-05-19,000039,7.71,7.86,7.86,7.68,64008,82702110.0,2.3,0.51,0.04,0.42
2022-05-20,000039,7.86,7.96,7.97,7.84,127237,167188533.0,1.65,1.27,0.1,0.83
2022-05-23,000039,7.92,7.98,7.99,7.9,94063,124026562.0,1.13,0.25,0.02,0.61
2022-05-24,000039,7.95,7.84,8.12,7.81,166825,220226947.0,3.88,-1.75,-0.14,1.09
2022-05-25,000039,7.79,8.07,8.11,7.78,169535,224202668.0,4.21,2.93,0.23,1.1
2022-05-26,000039,8.07,8.1,8.13,7.99,109989,146947313.0,1.73,0.37,0.03,0.72
2022-05-27,000039,8.1,8.13,8.2,8.05,117408,157940158.0,1.85,0.37,0.03,0.77
2022-05-30,000039,8.13,8.1,8.18,8.05,94787,127111524.0,1.6,-0.37,-0.03,0.62
2022-05-31,000039,8.1,8.12,8.14,8.02,121050,162157466.0,1.48,0.25,0.02,0.79
2022-06-01,000039,8.08,8.18,8.2,8.04,135281,182506194.0,1.97,0.74,0.06,0.88
2022-06-02,000039,8.18,8.26,8.28,8.14,133528,181669309.0,1.71,0.98,0.08,0.87
2022-06-06,000039,8.24,8.44,8.45,8.2,162734,224534111.0,3.03,2.18,0.18,1.06
2022-06-07,000039,8.45,8.41,8.46,8.33,138423,191743179.0,1.54,-0.36,-0.03,0.9
2022-06-08,000039,8.41,8.36,8.41,8.22,114970,157996249.0,2.26,-0.59,-0.05,0.75
2022-06-09,000039,8.22,8.28,8.38,8.22,106702,146292268.0,1.91,-0.96,-0.08,0.7
2022-06-10,000039,8.22,8.29,8.31,8.17,147689,200903336.0,1.69,0.12,0.01,0.96
2022-06-13,000039,8.23,8.37,8.52,8.2,201080,278466704.0,3.86,0.97,0.08,1.31
2022-06-14,000039,8.3,8.38,8.39,8.1,162414,221547166.0,3.46,0.12,0.01,1.06
2022-06-15,000039,8.36,8.39,8.55,8.34,254794,355254672.0,2.51,0.12,0.01,1.66
2022-06-16,000039,8.38,8.26,8.43,8.24,160499,220643579.0,2.26,-1.55,-0.13,1.05
2022-06-17,000039,8.23,8.3,8.33,8.14,131277,178776198.0,2.3,0.48,0.04,0.86
2022-06-20,000039,8.29,8.24,8.32,8.2,96573,131619808.0,1.45,-0.72,-0.06,0.63
2022-06-21,000039,8.2,8.19,8.27,8.16,103419,140391633.0,1.33,-0.61,-0.05,0.67
2022-06-22,000039,8.18,8.0,8.19,7.99,125695,168361189.0,2.44,-2.32,-0.19,0.82
2022-06-23,000039,7.98,8.2,8.21,7.97,135747,182592107.0,3.0,2.5,0.2,0.88
2022-06-24,000039,8.22,8.25,8.29,8.19,112473,153217454.0,1.22,0.61,0.05,0.73
2022-06-27,000039,8.2,8.3,8.42,8.18,174690,240309634.0,2.91,0.61,0.05,1.14
2022-06-28,000039,8.31,8.54,8.54,8.31,225553,314701376.0,2.77,2.89,0.24,1.47
2022-06-29,000039,8.53,8.4,8.6,8.38,162302,226601504.0,2.58,-1.64,-0.14,1.06
2022-06-30,000039,8.4,8.4,8.52,8.4,187114,260442653.0,1.43,0.0,0.0,1.22
2022-07-01,000039,8.39,8.37,8.45,8.33,111789,154760612.0,1.43,-0.36,-0.03,0.73
2022-07-04,000039,8.36,8.35,8.38,8.3,112683,155149839.0,0.96,-0.24,-0.02,0.73
2022-07-05,000039,8.35,8.36,8.44,8.27,145854,200944396.0,2.04,0.12,0.01,0.95
2022-07-06,000039,8.34,8.17,8.34,8.13,126580,171758199.0,2.51,-2.27,-0.19,0.83
2022-07-07,000039,8.18,8.16,8.23,8.13,102884,139095996.0,1.22,-0.12,-0.01,0.67
2022-07-08,000039,8.16,8.22,8.35,8.16,141675,193416383.0,2.33,0.74,0.06,0.92
2022-07-11,000039,8.21,8.12,8.21,8.04,115839,155283496.0,2.07,-1.22,-0.1,0.76
2022-07-12,000039,8.09,8.0,8.14,8.0,97193,129636043.7,1.72,-1.48,-0.12,0.63
2022-07-13,000039,8.0,7.98,8.02,7.94,79564,105160299.91,1.0,-0.25,-0.02,0.52
2022-07-14,000039,7.98,7.92,7.98,7.9,83269,109575394.74,1.0,-0.75,-0.06,0.54
2022-07-15,000039,7.9,7.85,7.98,7.83,100311,131480181.2,1.89,-0.88,-0.07,0.65
2022-07-18,000039,7.84,7.97,7.97,7.84,101476,133349655.43,1.66,1.53,0.12,0.66
2022-07-19,000039,7.95,7.98,8.01,7.91,97549,128820644.1,1.25,0.13,0.01,0.64
2022-07-20,000039,7.97,8.11,8.16,7.97,138036,184315649.08,2.38,1.63,0.13,0.9
2022-07-21,000039,8.1,8.0,8.13,7.99,100534,134022357.65,1.73,-1.36,-0.11,0.66
2022-07-22,000039,8.03,8.05,8.11,7.98,95318,127025630.63,1.63,0.63,0.05,0.62
2022-07-25,000039,8.06,7.96,8.16,7.94,143401,191488751.3,2.73,-1.12,-0.09,0.93
2022-07-26,000039,7.98,8.03,8.04,7.92,81386,107567493.15,1.51,0.88,0.07,0.53
2022-07-27,000039,8.04,8.05,8.09,8.0,72368,96414799.28,1.12,0.25,0.02,0.47
2022-07-28,000039,8.08,8.05,8.13,8.03,86081,115038580.96,1.24,0.0,0.0,0.56
2022-07-29,000039,8.09,7.94,8.1,7.93,114412,151510950.54,2.11,-1.37,-0.11,0.75
2022-08-01,000039,7.95,7.92,7.95,7.85,93582,122596605.62,1.26,-0.25,-0.02,0.61
2022-08-02,000039,7.86,7.57,7.88,7.36,203573,256800444.11,6.57,-4.42,-0.35,1.33
2022-08-03,000039,7.59,7.64,7.88,7.57,157026,202229668.69,4.1,0.92,0.07,1.02
2022-08-04,000039,7.68,7.76,7.77,7.6,80644,103079171.22,2.23,1.57,0.12,0.53
2022-08-05,000039,7.75,7.9,7.9,7.73,104561,135786840.71,2.19,1.8,0.14,0.68
2022-08-08,000039,7.9,7.92,7.96,7.86,73900,97000418.32,1.27,0.25,0.02,0.48
2022-08-09,000039,7.94,8.02,8.04,7.92,102876,136120042.78,1.52,1.26,0.1,0.67
2022-08-10,000039,8.02,8.16,8.16,8.0,152585,204326868.73,2.0,1.75,0.14,0.99
2022-08-11,000039,8.21,8.44,8.56,8.21,322651,448314328.92,4.29,3.43,0.28,2.1
2022-08-12,000039,8.45,8.44,8.48,8.42,178244,248190772.46,0.71,0.0,0.0,1.16
2022-08-15,000039,8.47,8.44,8.5,8.39,144969,201562706.26,1.3,0.0,0.0,0.94
2022-08-16,000039,8.45,8.44,8.48,8.41,162637,226244052.71,0.83,0.0,0.0,1.06
2022-08-17,000039,8.44,8.4,8.45,8.3,240636,333142209.4,1.78,-0.47,-0.04,1.57
2022-08-18,000039,8.33,8.11,8.37,8.09,333793,285319045.58,3.33,-3.45,-0.29,1.45
2022-08-19,000039,8.11,7.95,8.14,7.92,254194,212228108.12,2.71,-1.97,-0.16,1.1
2022-08-22,000039,7.94,8.02,8.03,7.78,179835,149374927.45,3.14,0.88,0.07,0.78
2022-08-23,000039,8.01,8.0,8.04,7.91,115056,96065197.58,1.62,-0.25,-0.02,0.5
2022-08-24,000039,8.02,7.81,8.05,7.75,200858,165726899.1,3.75,-2.38,-0.19,0.87
2022-08-25,000039,7.87,8.15,8.19,7.8,291808,245667063.81,4.99,4.35,0.34,1.27
2022-08-26,000039,8.15,8.03,8.17,7.98,177283,149213537.26,2.33,-1.47,-0.12,0.77
2022-08-29,000039,7.85,7.88,7.91,7.81,131761,108559876.7,1.25,-1.87,-0.15,0.57
2022-08-30,000039,7.72,7.67,7.78,7.58,288687,232160326.54,2.54,-2.66,-0.21,1.25
2022-08-31,000039,7.61,7.73,7.73,7.52,219180,175361495.65,2.74,0.78,0.06,0.95
2022-09-01,000039,7.68,7.55,7.72,7.52,176003,140639803.25,2.59,-2.33,-0.18,0.76
2022-09-02,000039,7.54,7.5,7.59,7.44,125795,99287120.98,1.99,-0.66,-0.05,0.55
2022-09-05,000039,7.49,7.56,7.6,7.46,144540,114340446.35,1.87,0.8,0.06,0.63
2022-09-06,000039,7.54,7.62,7.63,7.54,130944,104491192.98,1.19,0.79,0.06,0.57
2022-09-07,000039,7.61,7.56,7.61,7.54,82518,65588765.62,0.92,-0.79,-0.06,0.36
2022-09-08,000039,7.54,7.51,7.59,7.5,86838,68742204.5,1.19,-0.66,-0.05,0.38
2022-09-09,000039,7.52,7.58,7.59,7.47,107441,85137539.2,1.6,0.93,0.07,0.47
2022-09-13,000039,7.56,7.51,7.57,7.5,96254,76100096.9,0.92,-0.92,-0.07,0.42
2022-09-14,000039,7.44,7.4,7.46,7.37,123151,95854061.84,1.2,-1.46,-0.11,0.54
2022-09-15,000039,7.41,7.31,7.44,7.24,129239,99700826.31,2.7,-1.22,-0.09,0.56
2022-09-16,000039,7.26,7.03,7.27,7.03,133225,100207175.2,3.28,-3.83,-0.28,0.58
2022-09-19,000039,7.04,6.92,7.11,6.87,143773,105636993.09,3.41,-1.56,-0.11,0.62
2022-09-20,000039,6.95,6.93,7.0,6.9,83891,61406563.44,1.45,0.14,0.01,0.36
2022-09-21,000039,6.93,7.11,7.16,6.83,139882,103584361.26,4.76,2.6,0.18,0.61
2022-09-22,000039,7.08,7.04,7.12,7.02,70083,52158977.24,1.41,-0.98,-0.07,0.3
2022-09-23,000039,7.04,7.01,7.12,6.92,71214,52694931.82,2.84,-0.43,-0.03,0.31
2022-09-26,000039,6.97,6.81,7.01,6.8,103056,74916924.46,3.0,-2.85,-0.2,0.45
2022-09-27,000039,6.84,6.85,6.91,6.74,93956,67570821.55,2.5,0.59,0.04,0.41
2022-09-28,000039,6.83,6.56,6.84,6.55,169298,118940638.71,4.23,-4.23,-0.29,0.74
2022-09-29,000039,6.65,6.53,6.68,6.52,112495,78457705.44,2.44,-0.46,-0.03,0.49
2022-09-30,000039,6.56,6.53,6.61,6.51,109312,75794099.98,1.53,0.0,0.0,0.47
2022-10-10,000039,6.55,6.49,6.64,6.47,130261,90331798.33,2.6,-0.61,-0.04,0.57
2022-10-11,000039,6.55,6.57,6.59,6.44,91449,63182323.41,2.31,1.23,0.08,0.4
2022-10-12,000039,6.57,6.66,6.67,6.43,137496,95273844.68,3.65,1.37,0.09,0.6
2022-10-13,000039,6.71,6.65,6.71,6.62,105843,74447195.2,1.35,-0.15,-0.01,0.46
2022-10-14,000039,6.68,6.76,6.8,6.65,122006,86891056.15,2.26,1.65,0.11,0.53
2022-10-17,000039,6.75,6.97,6.99,6.72,147409,107197325.1,3.99,3.11,0.21,0.64
2022-10-18,000039,7.0,6.96,7.03,6.9,110721,81322108.16,1.87,-0.14,-0.01,0.48
2022-10-19,000039,6.98,6.93,7.01,6.92,91883,67362463.91,1.29,-0.43,-0.03,0.4
2022-10-20,000039,6.9,6.98,7.06,6.83,228113,167831355.17,3.32,0.72,0.05,0.99
2022-10-21,000039,6.93,6.86,6.96,6.84,90000,65519548.66,1.72,-1.72,-0.12,0.39
2022-10-24,000039,6.82,6.68,6.95,6.63,133079,95002569.1,4.66,-2.62,-0.18,0.58
2022-10-25,000039,6.62,6.69,6.76,6.6,95241,67224382.94,2.4,0.15,0.01,0.41
2022-10-26,000039,6.69,6.68,6.78,6.65,116759,82707976.25,1.94,-0.15,-0.01,0.51
2022-10-27,000039,6.69,6.65,6.75,6.64,99382,70262604.03,1.65,-0.45,-0.03,0.43
2022-10-28,000039,6.6,6.35,6.62,6.3,166336,113633931.28,4.81,-4.51,-0.3,0.72
2022-10-31,000039,6.36,6.27,6.37,6.25,105413,70359407.71,1.89,-1.26,-0.08,0.46
2022-11-01,000039,6.3,6.52,6.54,6.3,126562,86021538.15,3.83,3.99,0.25,0.55
2022-11-02,000039,6.52,6.57,6.59,6.48,100401,69629790.12,1.69,0.77,0.05,0.44
2022-11-03,000039,6.56,6.56,6.59,6.5,66689,46215718.88,1.37,-0.15,-0.01,0.29
2022-11-04,000039,6.56,6.71,6.72,6.56,112486,79305344.0,2.44,2.29,0.15,0.49
2022-11-07,000039,6.72,6.8,6.83,6.7,128535,92149024.49,1.94,1.34,0.09,0.56
2022-11-08,000039,6.8,6.78,6.83,6.75,94565,67774260.91,1.18,-0.29,-0.02,0.41
2022-11-09,000039,6.79,6.76,6.83,6.75,79067,56657153.56,1.18,-0.29,-0.02,0.34
2022-11-10,000039,6.74,6.72,6.77,6.68,93208,66109483.68,1.33,-0.59,-0.04,0.41
2022-11-11,000039,6.79,6.82,6.88,6.78,137190,98805686.0,1.49,1.49,0.1,0.6
2022-11-14,000039,6.82,6.85,6.96,6.82,136895,99515323.7,2.05,0.44,0.03,0.59
2022-11-15,000039,6.9,6.94,6.96,6.83,126817,92457564.31,1.9,1.31,0.09,0.55
2022-11-16,000039,6.94,6.92,7.02,6.9,105208,77019700.47,1.73,-0.29,-0.02,0.46
2022-11-17,000039,6.92,6.9,6.94,6.84,81506,59197053.77,1.45,-0.29,-0.02,0.35
2022-11-18,000039,6.91,6.87,6.93,6.84,93042,67489607.92,1.3,-0.43,-0.03,0.4
2022-11-21,000039,6.84,6.81,6.84,6.75,90822,65047355.26,1.31,-0.87,-0.06,0.39
2022-11-22,000039,6.8,6.82,6.93,6.77,125400,90569823.11,2.35,0.15,0.01,0.54
2022-11-23,000039,6.85,6.89,6.94,6.82,147364,107182630.21,1.76,1.03,0.07,0.64
2022-11-24,000039,6.89,6.93,6.94,6.87,124480,90818752.6,1.02,0.58,0.04,0.54
2022-11-25,000039,6.92,6.98,7.0,6.88,110967,81466360.82,1.73,0.72,0.05,0.48
2022-11-28,000039,6.95,6.84,6.95,6.74,125060,90017513.17,3.01,-2.01,-0.14,0.54
2022-11-29,000039,6.85,6.96,6.98,6.84,134106,98025089.93,2.05,1.75,0.12,0.58
2022-11-30,000039,6.98,7.05,7.08,6.96,153933,114321478.58,1.72,1.29,0.09,0.67
2022-12-01,000039,7.09,7.08,7.15,7.07,145806,109163291.22,1.13,0.43,0.03,0.63
2022-12-02,000039,7.07,6.96,7.08,6.94,123459,90984185.23,1.98,-1.69,-0.12,0.54
2022-12-05,000039,6.97,7.15,7.17,6.97,228457,171032893.54,2.87,2.73,0.19,0.99
2022-12-06,000039,7.15,7.12,7.2,7.1,199026,149747761.73,1.4,-0.42,-0.03,0.86
2022-12-07,000039,7.11,7.05,7.14,7.03,151354,112721969.06,1.54,-0.98,-0.07,0.66
2022-12-08,000039,7.07,6.96,7.07,6.94,167366,123194884.18,1.84,-1.28,-0.09,0.73
2022-12-09,000039,6.98,6.98,7.03,6.89,157417,115266466.94,2.01,0.29,0.02,0.68
2022-12-12,000039,6.98,6.8,7.0,6.79,184635,133482296.08,3.01,-2.58,-0.18,0.8
2022-12-13,000039,6.78,6.82,6.85,6.78,84959,61180551.75,1.03,0.29,0.02,0.37
2022-12-14,000039,6.83,6.77,6.88,6.75,108446,77965950.29,1.91,-0.73,-0.05,0.47
2022-12-15,000039,6.78,6.79,6.8,6.74,68585,49060632.65,0.89,0.3,0.02,0.3
2022-12-16,000039,6.77,6.76,6.81,6.73,97206,69377346.59,1.18,-0.44,-0.03,0.42
2022-12-19,000039,6.77,6.61,6.79,6.56,123991,87271412.55,3.4,-2.22,-0.15,0.54
2022-12-20,000039,6.6,6.57,6.64,6.55,88139,61375887.03,1.36,-0.61,-0.04,0.38
2022-12-21,000039,6.61,6.55,6.61,6.52,76685,53201926.9,1.37,-0.3,-0.02,0.33
2022-12-22,000039,6.56,6.53,6.6,6.48,84847,58732991.2,1.83,-0.31,-0.02,0.37
2022-12-23,000039,6.45,6.51,6.57,6.45,48903,33771568.56,1.84,-0.31,-0.02,0.21
2022-12-26,000039,6.52,6.53,6.54,6.49,51435,35470620.35,0.77,0.31,0.02,0.22
2022-12-27,000039,6.54,6.67,6.67,6.53,78030,54499303.83,2.14,2.14,0.14,0.34
2022-12-28,000039,6.64,6.66,6.7,6.57,85064,59711883.27,1.95,-0.15,-0.01,0.37
2022-12-29,000039,6.62,6.55,6.63,6.55,87940,61227437.73,1.2,-1.65,-0.11,0.38
2022-12-30,000039,6.58,6.66,6.67,6.55,97242,67990317.5,1.83,1.68,0.11,0.42
2023-01-03,000039,6.64,6.66,6.68,6.6,78630,55218115.36,1.2,0.0,0.0,0.34
2023-01-04,000039,6.67,6.62,6.67,6.6,83712,58670533.6,1.05,-0.6,-0.04,0.36
2023-01-05,000039,6.62,6.68,6.68,6.61,88058,61909372.1,1.06,0.91,0.06,0.38
2023-01-06,000039,6.66,6.66,6.69,6.63,76257,53651541.98,0.9,-0.3,-0.02,0.33
2023-01-09,000039,6.67,6.64,6.69,6.64,83423,58727818.56,0.75,-0.3,-0.02,0.36
2023-01-10,000039,6.66,6.57,6.66,6.56,94967,66155746.06,1.51,-1.05,-0.07,0.41
2023-01-11,000039,6.55,6.55,6.59,6.54,60841,42243502.55,0.76,-0.3,-0.02,0.26
2023-01-12,000039,6.56,6.56,6.59,6.52,53598,37151061.36,1.07,0.15,0.01,0.23
2023-01-13,000039,6.57,6.61,6.61,6.55,68001,47273376.77,0.91,0.76,0.05,0.3
2023-01-16,000039,6.61,6.66,6.7,6.6,104321,73484343.48,1.51,0.76,0.05,0.45
2023-01-17,000039,6.69,6.72,6.73,6.65,85088,60167444.47,1.2,0.9,0.06,0.37
2023-01-18,000039,6.74,6.85,6.94,6.72,177921,128989050.52,3.27,1.93,0.13,0.77
2023-01-19,000039,6.86,6.88,6.91,6.79,104363,75517892.4,1.75,0.44,0.03,0.45
2023-01-20,000039,6.89,6.9,6.95,6.87,99062,72054609.3,1.16,0.29,0.02,0.43
2023-01-30,000039,6.96,6.86,6.96,6.85,153026,111444406.08,1.59,-0.58,-0.04,0.66
2023-01-31,000039,6.86,6.89,6.91,6.85,101574,73733400.46,0.87,0.44,0.03,0.44
2023-02-01,000039,6.93,6.92,6.93,6.87,128171,93410087.54,0.87,0.44,0.03,0.56
2023-02-02,000039,6.92,6.9,6.93,6.87,107361,78157618.94,0.87,-0.29,-0.02,0.47
2023-02-03,000039,6.88,6.83,6.9,6.77,123429,88862707.0,1.88,-1.01,-0.07,0.54
2023-02-06,000039,6.84,6.84,6.92,6.78,114874,83170950.16,2.05,0.15,0.01,0.5
2023-02-07,000039,6.84,6.98,7.03,6.84,209993,154409334.83,2.78,2.05,0.14,0.91
2023-02-08,000039,6.99,6.94,7.04,6.92,111011,81459818.92,1.72,-0.57,-0.04,0.48
2023-02-09,000039,6.91,6.98,6.99,6.9,99179,72845913.4,1.3,0.58,0.04,0.43
2023-02-10,000039,6.98,7.01,7.18,6.94,240932,178827534.75,3.44,0.43,0.03,1.05
2023-02-13,000039,7.04,7.38,7.6,6.99,699838,542069773.4,8.7,5.28,0.37,3.04
2023-02-14,000039,7.38,7.4,7.53,7.35,325295,253540792.49,2.44,0.27,0.02,1.41
2023-02-15,000039,7.44,7.36,7.5,7.31,183463,142094977.27,2.57,-0.54,-0.04,0.8
2023-02-16,000039,7.33,7.2,7.39,7.13,228125,174977445.75,3.53,-2.17,-0.16,0.99
2023-02-17,000039,7.18,7.2,7.3,7.18,145775,110978390.64,1.67,0.0,0.0,0.63
2023-02-20,000039,7.21,7.37,7.4,7.2,250095,192280075.48,2.78,2.36,0.17,1.09
2023-02-21,000039,7.38,7.36,7.45,7.29,164612,127609107.93,2.17,-0.14,-0.01,0.72
2023-02-22,000039,7.36,7.32,7.36,7.28,140324,107881754.16,1.09,-0.54,-0.04,0.61
2023-02-23,000039,7.31,7.3,7.34,7.25,105181,80710087.35,1.23,-0.27,-0.02,0.46
2023-02-24,000039,7.29,7.29,7.29,7.18,104018,79251077.39,1.51,-0.14,-0.01,0.45
2023-02-27,000039,7.25,7.19,7.27,7.15,101580,77031207.76,1.65,-1.37,-0.1,0.44
2023-02-28,000039,7.23,7.22,7.23,7.14,89433,67689837.03,1.25,0.42,0.03,0.39
2023-03-01,000039,7.23,7.23,7.31,7.2,239304,182267913.8,1.52,0.14,0.01,1.04
2023-03-02,000039,7.25,7.31,7.36,7.23,174990,134404574.59,1.8,1.11,0.08,0.76
2023-03-03,000039,7.32,7.38,7.42,7.28,192466,148860532.19,1.92,0.96,0.07,0.84
2023-03-06,000039,7.38,7.29,7.41,7.26,167507,128850094.47,2.03,-1.22,-0.09,0.73
2023-03-07,000039,7.28,7.2,7.42,7.19,232531,178894830.74,3.16,-1.23,-0.09,1.01
2023-03-08,000039,7.17,7.19,7.2,7.12,120350,90745535.9,1.11,-0.14,-0.01,0.52
2023-03-09,000039,7.19,7.26,7.3,7.15,121028,92159218.12,2.09,0.97,0.07,0.53
2023-03-10,000039,7.27,7.24,7.3,7.22,113010,86246327.1,1.1,-0.28,-0.02,0.49
2023-03-13,000039,7.19,7.11,7.24,7.05,161968,121312469.03,2.62,-1.8,-0.13,0.7
2023-03-14,000039,7.11,7.07,7.16,6.99,113232,84436091.1,2.39,-0.56,-0.04,0.49
2023-03-15,000039,7.11,7.35,7.37,7.08,247468,188942313.77,4.1,3.96,0.28,1.08
2023-03-16,000039,7.35,7.16,7.36,7.12,175946,133981720.65,3.27,-2.59,-0.19,0.76
2023-03-17,000039,7.2,7.19,7.26,7.14,144727,109728815.29,1.68,0.42,0.03,0.63
2023-03-20,000039,7.22,7.14,7.32,7.1,178965,135794620.66,3.06,-0.7,-0.05,0.78
2023-03-21,000039,7.18,7.09,7.18,7.05,128355,95991475.92,1.82,-0.7,-0.05,0.56
2023-03-22,000039,7.11,7.14,7.15,7.09,97609,73262397.18,0.85,0.71,0.05,0.42
2023-03-23,000039,7.15,7.12,7.15,7.07,94760,70935292.53,1.12,-0.28,-0.02,0.41
2023-03-24,000039,7.15,7.07,7.15,7.04,102274,76201858.05,1.54,-0.7,-0.05,0.44
2023-03-27,000039,7.1,7.0,7.11,7.0,119844,88851576.98,1.56,-0.99,-0.07,0.52
2023-03-28,000039,7.0,6.96,7.06,6.9,156225,114715562.94,2.29,-0.57,-0.04,0.68
2023-03-29,000039,7.02,6.89,7.02,6.84,186829,135785148.75,2.59,-1.01,-0.07,0.81
2023-03-30,000039,6.87,7.02,7.09,6.87,222942,163839818.76,3.19,1.89,0.13,0.97
2023-03-31,000039,7.02,7.23,7.24,6.99,332664,251593721.44,3.56,2.99,0.21,1.45
2023-04-03,000039,7.24,7.28,7.37,7.22,209554,160746659.34,2.07,0.69,0.05,0.91
2023-04-04,000039,7.29,7.22,7.3,7.19,124966,94975854.41,1.51,-0.82,-0.06,0.54
2023-04-06,000039,7.22,7.09,7.22,7.09,110388,82811153.43,1.8,-1.8,-0.13,0.48
2023-04-07,000039,7.1,7.15,7.15,7.09,71331,53521367.68,0.85,0.85,0.06,0.31
2023-04-10,000039,7.12,7.13,7.18,7.1,85980,64614343.76,1.12,-0.28,-0.02,0.37
2023-04-11,000039,7.12,7.04,7.13,7.0,116352,86299420.01,1.82,-1.26,-0.09,0.51
2023-04-12,000039,7.04,7.1,7.13,7.02,96683,72133855.79,1.56,0.85,0.06,0.42
2023-04-13,000039,7.12,7.04,7.13,7.01,90592,67283020.2,1.69,-0.85,-0.06,0.39
2023-04-14,000039,7.06,7.22,7.26,7.01,193331,145392955.99,3.55,2.56,0.18,0.84
2023-04-17,000039,7.05,6.84,7.06,6.73,467731,336875183.95,4.57,-5.26,-0.38,2.03
2023-04-18,000039,6.84,6.86,6.99,6.81,179867,130205914.64,2.63,0.29,0.02,0.78
2023-04-19,000039,6.87,6.78,6.88,6.78,119233,85829025.93,1.46,-1.17,-0.08,0.52
2023-04-20,000039,6.77,6.75,6.78,6.7,116803,83068486.63,1.18,-0.44,-0.03,0.51
2023-04-21,000039,6.76,6.7,6.81,6.67,117757,83619546.24,2.07,-0.74,-0.05,0.51
2023-04-24,000039,6.71,6.65,6.72,6.6,105664,74234806.42,1.79,-0.75,-0.05,0.46
2023-04-25,000039,6.66,6.57,6.68,6.51,116070,80743202.57,2.56,-1.2,-0.08,0.5
2023-04-26,000039,6.58,6.64,6.64,6.53,92653,64715385.36,1.67,1.07,0.07,0.4
2023-04-27,000039,6.6,6.62,6.64,6.57,75069,52396988.34,1.05,-0.3,-0.02,0.33
2023-04-28,000039,6.61,6.63,6.68,6.59,128154,89901123.64,1.36,0.15,0.01,0.56
2023-05-04,000039,6.62,6.63,6.69,6.59,145946,102557698.13,1.51,0.0,0.0,0.63
2023-05-05,000039,6.63,6.61,6.69,6.57,119181,83352250.91,1.81,-0.3,-0.02,0.52
2023-05-08,000039,6.62,6.69,6.74,6.62,289853,205146096.87,1.82,1.21,0.08,1.26
2023-05-09,000039,6.72,6.82,6.96,6.68,329749,237730270.38,4.19,1.94,0.13,1.43
2023-05-10,000039,6.8,6.75,6.85,6.7,168340,120023406.28,2.2,-1.03,-0.07,0.73
2023-05-11,000039,6.76,6.73,6.77,6.7,73798,52439796.69,1.04,-0.3,-0.02,0.32
2023-05-12,000039,6.72,6.64,6.73,6.64,94562,66714676.89,1.34,-1.34,-0.09,0.41
2023-05-15,000039,6.65,6.7,6.71,6.6,106188,74605398.18,1.66,0.9,0.06,0.46
2023-05-16,000039,6.7,6.62,6.7,6.6,79557,55788754.37,1.49,-1.19,-0.08,0.35
2023-05-17,000039,6.61,6.63,6.66,6.6,63736,44677411.0,0.91,0.15,0.01,0.28
2023-05-18,000039,6.66,6.6,6.68,6.59,80429,56338551.84,1.36,-0.45,-0.03,0.35
2023-05-19,000039,6.6,6.61,6.63,6.57,58635,40897097.22,0.91,0.15,0.01,0.25
2023-05-22,000039,6.61,6.63,6.64,6.58,54239,37933113.2,0.91,0.3,0.02,0.24
2023-05-23,000039,6.63,6.57,6.63,6.57,66956,46698952.24,0.9,-0.9,-0.06,0.29
2023-05-24,000039,6.57,6.52,6.58,6.51,78990,54605129.1,1.07,-0.76,-0.05,0.34
2023-05-25,000039,6.53,6.45,6.53,6.39,110946,75655308.0,2.15,-1.07,-0.07,0.48
2023-05-26,000039,6.44,6.5,6.51,6.36,59835,40772863.86,2.33,0.78,0.05,0.26
2023-05-29,000039,6.52,6.47,6.55,6.45,50990,34964714.66,1.54,-0.46,-0.03,0.22
2023-05-30,000039,6.47,6.49,6.5,6.39,55707,38011290.7,1.7,0.31,0.02,0.24
2023-05-31,000039,6.44,6.45,6.5,6.41,56102,38273984.56,1.39,-0.62,-0.04,0.24
2023-06-01,000039,6.45,6.49,6.55,6.4,84762,58240028.86,2.33,0.62,0.04,0.37
2023-06-02,000039,6.51,6.53,6.55,6.5,63326,43766620.12,0.77,0.62,0.04,0.28
2023-06-05,000039,6.55,6.53,6.56,6.51,46572,32185820.59,0.77,0.0,0.0,0.2
2023-06-06,000039,6.56,6.46,6.56,6.45,54302,37367227.62,1.68,-1.07,-0.07,0.24
2023-06-07,000039,6.46,6.43,6.49,6.4,55664,37922519.98,1.39,-0.46,-0.03,0.24
2023-06-08,000039,6.43,6.5,6.51,6.37,78786,53779502.95,2.18,1.09,0.07,0.34
2023-06-09,000039,6.49,6.47,6.51,6.46,70963,48706453.86,0.77,-0.46,-0.03,0.31
2023-06-12,000039,6.48,6.48,6.5,6.44,55395,37946413.67,0.93,0.15,0.01,0.24
2023-06-13,000039,6.48,6.47,6.5,6.45,49644,33987808.73,0.77,-0.15,-0.01,0.22
2023-06-14,000039,6.46,6.44,6.48,6.41,52071,35518400.35,1.08,-0.46,-0.03,0.23
2023-06-15,000039,6.43,6.51,6.51,6.4,80891,55314826.22,1.71,1.09,0.07,0.35
2023-06-16,000039,6.5,6.5,6.54,6.48,65014,44761708.28,0.92,-0.15,-0.01,0.28
2023-06-19,000039,6.5,6.43,6.51,6.42,70585,48208031.24,1.38,-1.08,-0.07,0.31
2023-06-20,000039,6.43,6.45,6.47,6.41,61204,41757339.65,0.93,0.31,0.02,0.27
2023-06-21,000039,6.44,6.38,6.46,6.37,77428,52514156.59,1.4,-1.09,-0.07,0.34
2023-06-26,000039,6.36,6.33,6.38,6.29,71929,48246368.2,1.41,-0.78,-0.05,0.31
2023-06-27,000039,6.36,6.37,6.4,6.34,70470,47579698.4,0.95,0.63,0.04,0.31
2023-06-28,000039,6.37,6.46,6.46,6.35,83502,56638500.11,1.73,1.41,0.09,0.36
2023-06-29,000039,6.44,6.51,6.53,6.44,80615,55438231.98,1.39,0.77,0.05,0.35
2023-06-30,000039,6.53,6.51,6.54,6.48,89455,61621809.55,0.92,0.0,0.0,0.39
2023-07-03,000039,6.52,6.62,6.62,6.52,130539,90989973.3,1.54,1.69,0.11,0.57
2023-07-04,000039,6.63,6.6,6.63,6.55,76913,53603445.96,1.21,-0.3,-0.02,0.33
2023-07-05,000039,6.6,6.63,6.65,6.57,83233,58283170.74,1.21,0.45,0.03,0.36
2023-07-06,000039,6.63,6.66,6.66,6.58,96909,68040101.0,1.21,0.45,0.03,0.42
2023-07-07,000039,6.64,6.68,6.71,6.62,89731,63396703.76,1.35,0.3,0.02,0.39
2023-07-10,000039,6.69,6.71,6.74,6.68,94544,67055923.44,0.9,0.45,0.03,0.41
2023-07-11,000039,6.71,6.76,6.76,6.69,84548,60211338.85,1.04,0.75,0.05,0.37
2023-07-12,000039,6.78,6.71,6.78,6.69,84437,60040919.25,1.33,-0.74,-0.05,0.37
2023-07-13,000039,6.71,6.73,6.76,6.71,103078,73353472.39,0.75,0.3,0.02,0.45
2023-07-14,000039,6.74,6.75,6.79,6.71,74279,52978787.6,1.19,0.3,0.02,0.32
2023-07-17,000039,6.75,6.76,6.77,6.7,81491,58059237.5,1.04,0.15,0.01,0.35
2023-07-18,000039,6.76,6.85,6.85,6.74,141139,101638828.72,1.63,1.33,0.09,0.61
2023-07-19,000039,6.82,6.81,6.85,6.78,63771,45831492.04,1.02,-0.58,-0.04,0.28
2023-07-20,000039,6.83,6.76,6.85,6.75,66026,47461256.59,1.47,-0.73,-0.05,0.29
2023-07-21,000039,6.76,6.79,6.8,6.73,61021,43641664.95,1.04,0.44,0.03,0.27
2023-07-24,000039,6.76,6.82,6.82,6.74,58247,41790734.78,1.18,0.44,0.03,0.25
2023-07-25,000039,6.86,6.86,6.9,6.82,102170,73921525.7,1.17,0.59,0.04,0.44
2023-07-26,000039,6.88,6.86,6.88,6.83,54013,39060989.91,0.73,0.0,0.0,0.23
2023-07-27,000039,6.88,6.88,6.96,6.85,136920,99893324.76,1.6,0.29,0.02,0.59
2023-07-28,000039,6.87,6.92,6.93,6.84,83589,60859732.14,1.31,0.58,0.04,0.36
2023-07-31,000039,6.96,7.01,7.04,6.95,168421,124451196.17,1.3,1.3,0.09,0.73
2023-08-01,000039,6.99,7.05,7.06,6.97,121159,89802774.51,1.28,0.57,0.04,0.53
2023-08-02,000039,7.05,7.07,7.1,7.02,106395,79207394.2,1.13,0.28,0.02,0.46
2023-08-03,000039,7.08,7.18,7.19,7.04,174149,130695054.14,2.12,1.56,0.11,0.76
2023-08-04,000039,7.22,7.17,7.37,7.16,235657,179409397.63,2.92,-0.14,-0.01,1.02
2023-08-07,000039,7.17,7.09,7.17,7.04,143418,106967509.06,1.81,-1.12,-0.08,0.62
2023-08-08,000039,7.08,7.09,7.11,7.03,83290,62019924.5,1.13,0.0,0.0,0.36
2023-08-09,000039,7.09,7.05,7.11,7.03,80233,59750822.76,1.13,-0.56,-0.04,0.35
2023-08-10,000039,7.05,7.2,7.22,7.05,168744,127409189.1,2.41,2.13,0.15,0.73
2023-08-11,000039,7.19,7.05,7.2,7.02,115147,86007966.62,2.5,-2.08,-0.15,0.5
2023-08-14,000039,7.02,7.06,7.07,6.96,132213,97774491.35,1.56,0.14,0.01,0.57
2023-08-15,000039,7.04,6.98,7.07,6.91,89922,66135041.1,2.27,-1.13,-0.08,0.39
2023-08-16,000039,7.0,6.93,7.0,6.92,63162,46290179.48,1.15,-0.72,-0.05,0.27
2023-08-17,000039,6.93,6.97,7.0,6.88,89331,65334849.2,1.73,0.58,0.04,0.39
2023-08-18,000039,7.07,6.97,7.11,6.94,90900,65521669.34,2.44,0.0,0.0,0.39
2023-08-21,000039,6.95,6.87,7.03,6.85,100472,71552444.4,2.58,-1.43,-0.1,0.44
2023-08-22,000039,6.9,6.86,6.93,6.77,91180,64248364.49,2.33,-0.15,-0.01,0.4
2023-08-23,000039,6.86,6.86,6.92,6.81,85932,60710473.78,1.6,0.0,0.0,0.37
2023-08-24,000039,6.85,6.82,6.91,6.78,117511,82634928.9,1.9,-0.58,-0.04,0.51
2023-08-25,000039,6.81,6.89,6.96,6.76,127594,90441709.3,2.93,1.03,0.07,0.55
2023-08-28,000039,7.1,7.01,7.18,6.99,284485,207844883.3,2.76,1.74,0.12,1.24
2023-08-29,000039,7.0,7.0,7.05,6.94,180340,129788101.07,1.57,-0.14,-0.01,0.78
2023-08-30,000039,6.98,6.95,7.09,6.94,102600,73905026.78,2.14,-0.71,-0.05,0.45
2023-08-31,000039,6.93,6.85,7.02,6.82,103682,73403386.42,2.88,-1.44,-0.1,0.45
2023-09-01,000039,6.85,6.93,6.99,6.84,91784,65336464.44,2.19,1.17,0.08,0.4
2023-09-04,000039,6.94,6.98,7.04,6.93,107931,77605646.24,1.59,0.72,0.05,0.47
2023-09-05,000039,6.99,6.99,7.01,6.95,78075,56037660.0,0.86,0.14,0.01,0.34
2023-09-06,000039,6.95,6.91,6.95,6.86,84245,59809259.2,1.29,-1.14,-0.08,0.37
2023-09-07,000039,6.93,6.87,6.95,6.85,98122,69580741.78,1.45,-0.58,-0.04,0.43
2023-09-08,000039,6.87,6.7,6.88,6.7,153381,106654938.22,2.62,-2.47,-0.17,0.67
2023-09-11,000039,6.7,6.89,6.92,6.7,148830,104665705.12,3.28,2.84,0.19,0.65
2023-09-12,000039,6.89,6.78,6.89,6.78,90886,63765472.88,1.6,-1.6,-0.11,0.39
2023-09-13,000039,6.85,6.85,6.87,6.79,96515,67899604.38,1.18,1.03,0.07,0.42
2023-09-14,000039,6.87,6.84,6.87,6.8,69441,48779207.52,1.02,-0.15,-0.01,0.3
2023-09-15,000039,6.87,6.89,6.95,6.85,130744,92885920.18,1.46,0.73,0.05,0.57
2023-09-18,000039,6.91,6.91,6.94,6.81,122142,86398550.85,1.89,0.29,0.02,0.53
2023-09-19,000039,6.89,6.92,6.97,6.87,103170,73474631.67,1.45,0.14,0.01,0.45
2023-09-20,000039,6.93,6.87,6.94,6.87,61819,43817934.65,1.01,-0.72,-0.05,0.27
2023-09-21,000039,6.9,6.84,6.91,6.84,67070,47406156.56,1.02,-0.44,-0.03,0.29
2023-09-22,000039,6.86,6.93,6.93,6.83,119858,85046140.7,1.46,1.32,0.09,0.52
2023-09-25,000039,6.95,6.89,6.95,6.88,82316,58522141.54,1.01,-0.58,-0.04,0.36
2023-09-26,000039,6.89,6.88,6.94,6.87,59186,42022322.2,1.02,-0.15,-0.01,0.26
2023-09-27,000039,6.87,6.9,6.95,6.86,86161,61345147.3,1.31,0.29,0.02,0.37
2023-09-28,000039,6.9,6.9,6.94,6.86,77323,54893960.12,1.16,0.0,0.0,0.34
2023-10-09,000039,6.9,6.8,6.9,6.78,121760,85645039.29,1.74,-1.45,-0.1,0.53
2023-10-10,000039,6.81,6.59,6.85,6.57,232891,159091216.13,4.12,-3.09,-0.21,1.01
2023-10-11,000039,6.6,6.57,6.62,6.56,101511,68917093.06,0.91,-0.3,-0.02,0.44
2023-10-12,000039,6.59,6.67,6.68,6.59,101950,69876112.6,1.37,1.52,0.1,0.44
2023-10-13,000039,6.63,6.62,6.66,6.6,54493,37204862.3,0.9,-0.75,-0.05,0.24
2023-10-16,000039,6.64,6.67,6.68,6.61,80931,55414846.95,1.06,0.76,0.05,0.35
2023-10-17,000039,6.64,6.78,6.79,6.61,134746,93147943.15,2.7,1.65,0.11,0.59
2023-10-18,000039,6.79,6.79,6.79,6.69,261354,181658030.26,1.47,0.15,0.01,1.14
2023-10-19,000039,6.72,6.36,6.74,6.35,362692,240576766.7,5.74,-6.33,-0.43,1.58
2023-10-20,000039,6.34,6.35,6.41,6.3,146695,96096366.81,1.73,-0.16,-0.01,0.64
2023-10-23,000039,6.33,6.21,6.37,6.14,159707,103015955.39,3.62,-2.2,-0.14,0.69
2023-10-24,000039,6.23,6.13,6.34,6.11,178723,113813927.84,3.7,-1.29,-0.08,0.78
2023-10-25,000039,6.18,6.28,6.36,6.16,191082,124066470.7,3.26,2.45,0.15,0.83
2023-10-26,000039,6.29,6.4,6.45,6.25,232461,152897184.96,3.18,1.91,0.12,1.01
2023-10-27,000039,6.38,6.4,6.51,6.36,193684,128157629.3,2.34,0.0,0.0,0.84
2023-10-30,000039,6.44,6.4,6.56,6.38,163796,109053761.1,2.81,0.0,0.0,0.71
2023-10-31,000039,6.43,6.42,6.47,6.4,80588,53387253.64,1.09,0.31,0.02,0.35
2023-11-01,000039,6.43,6.45,6.49,6.38,111764,74199126.3,1.71,0.47,0.03,0.49
2023-11-02,000039,6.44,6.49,6.56,6.42,142247,95326180.06,2.17,0.62,0.04,0.62
2023-11-03,000039,6.46,6.48,6.53,6.45,106922,71516424.1,1.23,-0.15,-0.01,0.46
2023-11-06,000039,6.51,6.66,6.68,6.49,189424,128893633.39,2.93,2.78,0.18,0.82
2023-11-07,000039,6.65,6.78,6.9,6.62,318387,222488847.93,4.2,1.8,0.12,1.38
2023-11-08,000039,6.79,6.81,6.87,6.77,152362,107018133.46,1.47,0.44,0.03,0.66
2023-11-09,000039,6.79,6.81,6.88,6.78,124911,87947644.27,1.47,0.0,0.0,0.54
2023-11-10,000039,6.81,6.8,6.83,6.76,89357,62452593.24,1.03,-0.15,-0.01,0.39
2023-11-13,000039,6.85,6.89,6.9,6.76,155141,109087962.05,2.06,1.32,0.09,0.67
2023-11-14,000039,6.92,7.05,7.1,6.9,230846,166994965.55,2.9,2.32,0.16,1.0
2023-11-15,000039,7.1,7.22,7.24,7.1,294145,217765394.34,1.99,2.41,0.17,1.28
2023-11-16,000039,7.23,7.18,7.24,7.15,210571,155766915.17,1.25,-0.55,-0.04,0.91
2023-11-17,000039,7.23,7.34,7.4,7.18,294784,221999251.83,3.06,2.23,0.16,1.28
2023-11-20,000039,7.34,7.48,7.5,7.28,269672,205499952.78,3.0,1.91,0.14,1.17
2023-11-21,000039,7.49,7.42,7.52,7.41,167710,128349343.52,1.47,-0.8,-0.06,0.73
2023-11-22,000039,7.45,7.37,7.46,7.36,175328,133170030.17,1.35,-0.67,-0.05,0.76
2023-11-23,000039,7.37,7.52,7.54,7.33,206856,158412530.07,2.85,2.04,0.15,0.9
2023-11-24,000039,7.49,7.54,7.57,7.44,190447,147132751.29,1.73,0.27,0.02,0.83
2023-11-27,000039,7.52,7.54,7.59,7.46,174008,134387340.67,1.72,0.0,0.0,0.76
2023-11-28,000039,7.53,7.55,7.59,7.49,195018,150899429.03,1.33,0.13,0.01,0.85
2023-11-29,000039,7.56,7.64,7.71,7.56,224643,176074576.41,1.99,1.19,0.09,0.98
2023-11-30,000039,7.64,7.68,7.75,7.62,191711,151343029.2,1.7,0.52,0.04,0.83
2023-12-01,000039,7.66,7.5,7.7,7.47,296300,230113421.71,2.99,-2.34,-0.18,1.29
2023-12-04,000039,7.5,7.59,7.65,7.48,294635,229533884.58,2.27,1.2,0.09,1.28
2023-12-05,000039,7.56,7.55,7.65,7.5,177018,137803921.1,1.98,-0.53,-0.04,0.77
2023-12-06,000039,7.52,7.64,7.66,7.48,249752,194731979.82,2.38,1.19,0.09,1.09
2023-12-07,000039,7.64,7.74,7.78,7.6,249520,197141548.7,2.36,1.31,0.1,1.08
2023-12-08,000039,7.73,7.66,7.77,7.65,189868,150133689.97,1.55,-1.03,-0.08,0.83
2023-12-11,000039,7.66,7.73,7.75,7.61,220894,174307557.65,1.83,0.91,0.07,0.96
2023-12-12,000039,7.73,7.74,7.76,7.64,115635,91523816.72,1.55,0.13,0.01,0.5
2023-12-13,000039,7.71,7.67,7.73,7.65,94869,74868037.8,1.03,-0.9,-0.07,0.41
2023-12-14,000039,7.71,7.62,7.71,7.61,102633,80566582.49,1.3,-0.65,-0.05,0.45
2023-12-15,000039,7.6,7.56,7.67,7.54,144179,112382253.4,1.71,-0.79,-0.06,0.63
2023-12-18,000039,7.56,7.54,7.66,7.5,139060,108481770.24,2.12,-0.26,-0.02,0.6
2023-12-19,000039,7.53,7.59,7.6,7.49,153097,118468390.1,1.46,0.66,0.05,0.67
2023-12-20,000039,7.61,7.53,7.71,7.51,126337,98253232.4,2.64,-0.79,-0.06,0.55
2023-12-21,000039,7.5,7.57,7.6,7.41,141237,109043125.46,2.52,0.53,0.04,0.61
2023-12-22,000039,7.58,7.56,7.69,7.52,168173,131431665.74,2.25,-0.13,-0.01,0.73
2023-12-25,000039,7.57,7.55,7.58,7.37,167543,128692072.64,2.78,-0.13,-0.01,0.73
2023-12-26,000039,7.57,7.51,7.57,7.46,99832,76983326.89,1.46,-0.53,-0.04,0.43
2023-12-27,000039,7.5,7.54,7.58,7.45,97546,75288034.0,1.73,0.4,0.03,0.42
2023-12-28,000039,7.54,7.49,7.6,7.47,146050,112795092.89,1.72,-0.66,-0.05,0.63
2023-12-29,000039,7.43,7.45,7.54,7.42,119153,91345250.88,1.6,-0.53,-0.04,0.52
2024-01-02,000039,7.45,7.63,7.73,7.44,234005,182813470.49,3.89,2.42,0.18,1.02
2024-01-03,000039,7.59,7.71,7.77,7.56,187261,147583054.6,2.75,1.05,0.08,0.81
2024-01-04,000039,7.7,7.69,7.74,7.6,154119,121168713.1,1.82,-0.26,-0.02,0.67
2024-01-05,000039,7.7,7.75,8.12,7.67,432107,351132030.63,5.85,0.78,0.06,1.88
2024-01-08,000039,7.76,7.61,7.88,7.58,283221,223616780.94,3.87,-1.81,-0.14,1.23
2024-01-09,000039,7.55,7.85,7.88,7.54,295973,235536518.29,4.47,3.15,0.24,1.29
2024-01-10,000039,7.82,7.87,7.92,7.77,296444,239179477.77,1.91,0.25,0.02,1.29
2024-01-11,000039,7.84,8.09,8.22,7.83,624872,516466603.57,4.96,2.8,0.22,2.72
2024-01-12,000039,8.08,8.15,8.3,8.05,368302,308413185.27,3.09,0.74,0.06,1.6
2024-01-15,000039,8.14,8.16,8.24,8.06,267078,222780343.7,2.21,0.12,0.01,1.16
2024-01-16,000039,8.13,8.07,8.18,8.0,285498,236500316.41,2.21,-1.1,-0.09,1.24
2024-01-17,000039,8.07,7.95,8.11,7.95,286715,236112860.7,1.98,-1.49,-0.12,1.25
2024-01-18,000039,7.9,7.89,7.93,7.66,287074,229232237.55,3.4,-0.75,-0.06,1.25
2024-01-19,000039,7.9,7.84,7.94,7.8,133596,107649368.91,1.77,-0.63,-0.05,0.58
2024-01-22,000039,7.84,7.6,7.86,7.6,255184,202234925.1,3.32,-3.06,-0.24,1.11
2024-01-23,000039,7.56,7.67,7.76,7.52,240881,189581763.26,3.16,0.92,0.07,1.05
2024-01-24,000039,7.68,7.97,8.0,7.68,324507,261332847.92,4.17,3.91,0.3,1.41
2024-01-25,000039,7.97,8.33,8.35,7.93,548548,461768787.42,5.27,4.52,0.36,2.38
2024-01-26,000039,8.39,8.16,8.45,8.12,486100,410196355.81,3.96,-2.04,-0.17,2.11
2024-01-29,000039,8.18,8.06,8.2,7.99,271131,224705541.31,2.57,-1.23,-0.1,1.18
2024-01-30,000039,8.03,7.84,8.08,7.8,233679,190335516.71,3.47,-2.73,-0.22,1.02
2024-01-31,000039,7.66,7.79,7.93,7.64,357365,285675116.93,3.7,-0.64,-0.05,1.55
2024-02-01,000039,7.76,7.74,7.9,7.7,229770,183391561.12,2.57,-0.64,-0.05,1.0
2024-02-02,000039,7.73,7.96,8.0,7.57,348276,281339310.05,5.56,2.84,0.22,1.51
2024-02-05,000039,7.92,8.07,8.21,7.74,430254,350631449.5,5.9,1.38,0.11,1.87
2024-02-06,000039,7.99,8.44,8.48,7.95,484061,411599528.53,6.57,4.58,0.37,2.1
2024-02-07,000039,8.35,8.5,8.52,8.35,473539,409852378.42,2.01,0.71,0.06,2.06
2024-02-08,000039,8.49,8.58,8.82,8.48,531322,472872884.44,4.0,0.94,0.08,2.31
2024-02-19,000039,8.6,8.48,8.63,8.2,432893,374677982.7,5.01,-1.17,-0.1,1.88
2024-02-20,000039,8.5,8.68,8.84,8.39,391067,347782097.88,5.31,2.36,0.2,1.7
2024-02-21,000039,8.67,8.56,8.79,8.53,245227,217539754.29,3.0,-1.38,-0.12,1.07
2024-02-22,000039,8.5,8.55,8.63,8.4,206165,180029454.24,2.69,-0.12,-0.01,0.9
2024-02-23,000039,8.56,8.63,8.67,8.33,310012,270419143.15,3.98,0.94,0.08,1.35
2024-02-26,000039,8.59,8.35,8.62,8.29,301929,260309925.87,3.82,-3.24,-0.28,1.31
2024-02-27,000039,8.32,8.4,8.49,8.3,243256,208923919.34,2.28,0.6,0.05,1.06
2024-02-28,000039,8.37,8.42,8.68,8.26,402209,347392464.21,5.0,0.24,0.02,1.75
2024-02-29,000039,8.35,8.75,8.78,8.33,433572,382698933.98,5.34,3.92,0.33,1.88
2024-03-01,000039,8.77,9.24,9.3,8.66,764844,709961974.58,7.31,5.6,0.49,3.32
2024-03-04,000039,9.16,9.14,9.37,9.06,403635,379127619.88,3.35,-1.08,-0.1,1.75
2024-03-05,000039,9.1,9.11,9.25,8.97,470142,437281466.63,3.06,-0.33,-0.03,2.04
2024-03-06,000039,9.1,9.14,9.25,9.07,388142,364037363.89,1.98,0.33,0.03,1.69
2024-03-07,000039,9.13,8.99,9.31,8.94,439547,409906524.46,4.05,-1.64,-0.15,1.91
2024-03-08,000039,9.01,9.24,9.26,8.97,346590,323623958.7,3.23,2.78,0.25,1.51
2024-03-11,000039,9.33,8.95,9.52,8.8,520426,480844354.17,7.79,-3.14,-0.29,2.26
2024-03-12,000039,8.93,8.38,8.98,8.27,759957,663106948.93,7.93,-6.37,-0.57,3.3
2024-03-13,000039,8.39,8.31,8.39,7.96,731505,614725206.35,5.13,-0.84,-0.07,3.18
2024-03-14,000039,8.26,8.47,8.56,8.18,459525,397232278.35,4.57,1.93,0.16,2.0
2024-03-15,000039,8.46,8.54,8.58,8.38,295720,257030943.22,2.36,0.83,0.07,1.28
2024-03-18,000039,8.54,8.71,8.74,8.32,381094,335089988.9,4.92,1.99,0.17,1.66
2024-03-19,000039,8.7,8.71,8.85,8.63,330410,295590650.05,2.53,0.0,0.0,1.44
2024-03-20,000039,8.7,8.9,8.98,8.66,349407,316490519.29,3.67,2.18,0.19,1.52
2024-03-21,000039,8.92,8.93,9.04,8.89,226961,207819146.52,1.69,0.34,0.03,0.99
2024-03-22,000039,8.94,8.72,8.94,8.68,268242,240860402.15,2.91,-2.35,-0.21,1.17
2024-03-25,000039,8.71,8.89,9.07,8.65,282328,257343578.96,4.82,1.95,0.17,1.23
2024-03-26,000039,8.87,8.82,8.92,8.77,134510,121506896.98,1.69,-0.79,-0.07,0.58
2024-03-27,000039,8.78,8.76,8.91,8.75,179802,162403656.9,1.81,-0.68,-0.06,0.78
2024-03-28,000039,8.75,8.92,8.98,8.62,286341,258617081.58,4.11,1.83,0.16,1.24
2024-03-29,000039,8.96,9.37,9.38,8.92,468783,442021524.52,5.16,5.04,0.45,2.04
2024-04-01,000039,9.38,9.28,9.47,9.25,318522,304298379.47,2.35,-0.96,-0.09,1.38
2024-04-02,000039,9.3,9.39,9.45,9.26,283405,270587421.01,2.05,1.19,0.11,1.23
2024-04-03,000039,9.44,9.41,9.6,9.18,519455,495189612.27,4.47,0.21,0.02,2.26
2024-04-08,000039,9.34,9.3,9.52,9.29,309817,296973270.25,2.44,-1.17,-0.11,1.35
2024-04-09,000039,9.31,9.0,9.34,8.88,341933,316155050.2,4.95,-3.23,-0.3,1.49
2024-04-10,000039,8.96,9.03,9.15,8.93,230318,212855624.0,2.44,0.33,0.03,1.0
2024-04-11,000039,8.99,9.36,9.46,8.94,380526,362794852.66,5.76,3.65,0.33,1.65
2024-04-12,000039,9.35,9.3,9.44,9.26,226854,216453794.57,1.92,-0.64,-0.06,0.99
2024-04-15,000039,9.3,9.58,9.68,9.25,357587,348378883.21,4.62,3.01,0.28,1.55
2024-04-16,000039,9.51,9.46,9.66,9.41,344637,335002690.32,2.61,-1.25,-0.12,1.5
2024-04-17,000039,9.45,9.54,9.58,9.35,336296,325881926.13,2.43,0.85,0.08,1.46
2024-04-18,000039,9.5,9.42,9.57,9.36,260717,251615481.83,2.2,-1.26,-0.12,1.13
2024-04-19,000039,9.38,9.58,9.72,9.36,342475,335130202.79,3.82,1.7,0.16,1.49
2024-04-22,000039,9.58,9.02,9.58,8.96,469632,440268692.63,6.47,-5.85,-0.56,2.04
2024-04-23,000039,8.96,8.92,9.06,8.85,264413,242218908.45,2.33,-1.11,-0.1,1.15
2024-04-24,000039,8.95,8.88,9.01,8.77,255156,231031726.4,2.69,-0.45,-0.04,1.11
2024-04-25,000039,8.89,9.02,9.04,8.8,251880,230310529.4,2.7,1.58,0.14,1.09
2024-04-26,000039,9.0,8.87,9.07,8.67,479308,432012678.78,4.43,-1.66,-0.15,2.08
2024-04-29,000039,8.83,8.84,8.97,8.75,307395,278182018.5,2.48,-0.34,-0.03,1.34
2024-04-30,000039,8.83,8.87,9.04,8.71,432866,391106194.26,3.73,0.34,0.03,1.88
2024-05-06,000039,8.87,9.08,9.12,8.51,508976,461328552.15,6.88,2.37,0.21,2.21
2024-05-07,000039,9.12,9.23,9.24,8.94,348802,325226397.92,3.3,1.65,0.15,1.52
2024-05-08,000039,9.19,9.12,9.24,9.05,171968,160694219.54,2.06,-1.19,-0.11,0.75
2024-05-09,000039,9.06,9.46,9.47,9.05,276682,264087038.84,4.61,3.73,0.34,1.2
2024-05-10,000039,9.47,9.35,9.54,9.32,196324,188036109.51,2.33,-1.16,-0.11,0.85
2024-05-13,000039,9.33,9.44,9.54,9.21,223878,215278211.05,3.53,0.96,0.09,0.97
2024-05-14,000039,9.46,9.39,9.52,9.28,184885,177066570.97,2.54,-0.53,-0.05,0.8
2024-05-15,000039,9.4,9.36,9.6,9.3,221104,213460478.0,3.19,-0.32,-0.03,0.96
2024-05-16,000039,9.33,9.15,9.41,9.12,268955,253416303.29,3.1,-2.24,-0.21,1.17
2024-05-17,000039,9.19,9.2,9.22,9.07,205287,191783852.56,1.64,0.55,0.05,0.89
2024-05-20,000039,9.19,9.25,9.31,9.05,207433,195105499.3,2.83,0.54,0.05,0.9
2024-05-21,000039,9.25,9.18,9.48,9.14,191597,181571635.11,3.68,-0.76,-0.07,0.83
2024-05-22,000039,9.17,9.03,9.25,9.0,200096,186053355.03,2.72,-1.63,-0.15,0.87
2024-05-23,000039,9.0,8.91,9.09,8.85,176307,161745420.44,2.66,-1.33,-0.12,0.77
2024-05-24,000039,8.91,9.03,9.15,8.91,172702,160188781.36,2.69,1.35,0.12,0.75
2024-05-27,000039,9.08,9.32,9.35,9.08,262037,248395852.0,2.99,3.21,0.29,1.14
2024-05-28,000039,9.32,9.28,9.4,9.2,215353,204033822.16,2.15,-0.43,-0.04,0.94
2024-05-29,000039,9.26,9.21,9.4,9.15,181774,171929250.6,2.69,-0.75,-0.07,0.79
2024-05-30,000039,9.18,9.35,9.4,9.15,231637,220419584.43,2.71,1.52,0.14,1.01
2024-05-31,000039,9.37,9.38,9.42,9.27,187211,178799110.06,1.6,0.32,0.03,0.81
2024-06-03,000039,9.46,9.6,9.74,9.43,437752,429840267.53,3.3,2.35,0.22,1.9
2024-06-04,000039,9.6,10.2,10.22,9.58,677089,688279380.1,6.67,6.25,0.6,2.94
2024-06-05,000039,10.2,10.14,10.59,10.03,598092,622681282.8,5.49,-0.59,-0.06,2.6
2024-06-06,000039,10.19,10.24,10.41,10.07,532152,556256840.8,3.35,0.99,0.1,2.31
2024-06-07,000039,10.29,10.27,10.38,10.15,256301,267998498.11,2.25,0.29,0.03,1.11
2024-06-11,000039,10.17,9.52,10.21,9.27,730224,716714551.89,9.15,-7.3,-0.75,3.17
2024-06-12,000039,9.51,9.62,9.66,9.37,321871,312781482.76,3.05,1.05,0.1,1.4
2024-06-13,000039,9.58,9.6,9.66,9.51,233757,228638373.13,1.56,-0.21,-0.02,1.02
2024-06-14,000039,9.57,9.36,9.66,9.33,248031,240399986.58,3.44,-2.5,-0.24,1.08
2024-06-17,000039,9.34,9.33,9.49,9.25,252684,241290863.13,2.56,-0.32,-0.03,1.1
2024-06-18,000039,9.33,9.74,9.77,9.29,346517,339974762.12,5.14,4.39,0.41,1.51
2024-06-19,000039,9.74,9.59,9.9,9.55,186014,184229737.81,3.59,-1.54,-0.15,0.81
2024-06-20,000039,9.62,9.41,9.8,9.37,213598,208034423.2,4.48,-1.88,-0.18,0.93
2024-06-21,000039,9.44,9.41,9.57,9.34,247189,238446146.91,2.44,0.0,0.0,1.07
2024-06-24,000039,9.38,9.29,9.5,9.23,250026,238408505.71,2.87,-1.28,-0.12,1.09
2024-06-25,000039,9.29,9.3,9.48,9.22,192775,183508258.52,2.8,0.11,0.01,0.84
2024-06-26,000039,9.28,9.13,9.32,8.98,314416,291882257.85,3.66,-1.83,-0.17,1.37
2024-06-27,000039,9.13,9.0,9.32,8.93,236930,219162579.05,4.27,-1.42,-0.13,1.03
2024-06-28,000039,8.95,9.06,9.15,8.92,234467,216860127.28,2.56,0.67,0.06,1.02
2024-07-01,000039,9.1,9.38,9.41,9.06,235887,223756765.6,3.86,3.53,0.32,1.02
2024-07-02,000039,9.38,8.94,9.45,8.75,400651,367976541.71,7.46,-4.69,-0.44,1.74
2024-07-03,000039,8.89,8.41,8.91,8.19,631894,546718068.25,8.05,-5.93,-0.53,2.75
2024-07-04,000039,8.39,8.46,8.58,8.38,274042,238442590.41,2.38,0.59,0.05,1.19
2024-07-05,000039,8.47,8.43,8.53,8.23,199243,170645951.9,3.55,-0.35,-0.03,0.87
2024-07-08,000039,8.32,8.19,8.5,8.14,305877,257556178.55,4.27,-2.85,-0.24,1.33
2024-07-09,000039,8.13,8.2,8.31,7.98,278159,232402381.44,4.03,0.12,0.01,1.21
2024-07-10,000039,8.18,8.13,8.23,8.07,168814,140706309.88,1.95,-0.85,-0.07,0.73
2024-07-11,000039,8.22,8.3,8.41,8.17,213837,181652302.2,2.95,2.09,0.17,0.93
2024-07-12,000039,8.29,8.12,8.33,8.12,159462,133928673.29,2.53,-2.17,-0.18,0.69
2024-07-15,000039,8.41,8.3,8.46,8.23,349520,298547545.1,2.83,2.22,0.18,1.52
2024-07-16,000039,8.37,8.13,8.41,7.98,320600,266967772.46,5.18,-2.05,-0.17,1.39
2024-07-17,000039,8.14,8.06,8.16,8.01,195821,162155327.13,1.85,-0.86,-0.07,0.85
2024-07-18,000039,8.04,8.13,8.13,7.98,191683,158468831.38,1.86,0.87,0.07,0.83
2024-07-19,000039,8.13,8.03,8.19,7.96,192187,158544657.24,2.83,-1.23,-0.1,0.84
2024-07-22,000039,8.02,7.92,8.03,7.88,178280,145111414.08,1.87,-1.37,-0.11,0.77
2024-07-23,000039,7.92,7.71,7.97,7.7,153352,123167407.53,3.41,-2.65,-0.21,0.67
2024-07-24,000039,7.68,7.62,7.74,7.52,235444,184268785.04,2.85,-1.17,-0.09,1.02
2024-07-25,000039,7.61,7.36,7.62,7.29,358776,272379772.07,4.33,-3.41,-0.26,1.56
2024-07-26,000039,7.35,7.58,7.62,7.33,219527,169372567.79,3.94,2.99,0.22,0.95
2024-07-29,000039,7.6,7.49,7.61,7.43,181855,140301316.32,2.37,-1.19,-0.09,0.79
2024-07-30,000039,7.5,7.33,7.55,7.3,196372,148291879.42,3.34,-2.14,-0.16,0.85
2024-07-31,000039,7.35,7.73,7.73,7.29,237552,184855229.18,6.0,5.46,0.4,1.03
2024-08-01,000039,7.71,7.63,7.98,7.6,295403,234978668.05,4.92,-1.29,-0.1,1.28
2024-08-02,000039,7.66,7.46,7.7,7.42,201561,155967132.97,3.67,-2.23,-0.17,0.88
2024-08-05,000039,7.45,7.23,7.55,7.2,305533,231455734.59,4.69,-3.08,-0.23,1.33
2024-08-06,000039,7.26,7.22,7.34,7.08,236631,175208614.87,3.6,-0.14,-0.01,1.03
2024-08-07,000039,7.22,7.22,7.3,7.12,196730,146242391.52,2.49,0.0,0.0,0.85
2024-08-08,000039,7.23,7.09,7.28,7.02,317887,232183985.14,3.6,-1.8,-0.13,1.38
2024-08-09,000039,7.15,7.15,7.25,7.1,233728,172745310.0,2.12,0.85,0.06,1.02
2024-08-12,000039,7.17,7.21,7.29,7.1,178275,132169626.26,2.66,0.84,0.06,0.77
2024-08-13,000039,7.21,7.2,7.28,7.1,128199,94554865.5,2.5,-0.14,-0.01,0.56
2024-08-14,000039,7.2,7.09,7.22,7.08,142205,104289963.95,1.94,-1.53,-0.11,0.62
2024-08-15,000039,7.09,7.2,7.21,7.05,165170,121585943.03,2.26,1.55,0.11,0.72
2024-08-16,000039,7.18,7.15,7.28,7.13,139188,102334187.67,2.08,-0.69,-0.05,0.6
2024-08-19,000039,7.19,7.29,7.35,7.16,168379,125317801.9,2.66,1.96,0.14,0.73
2024-08-20,000039,7.31,7.16,7.32,7.09,178994,131121081.2,3.16,-1.78,-0.13,0.78
2024-08-21,000039,7.12,7.21,7.25,7.12,140437,103524423.6,1.82,0.7,0.05,0.61
2024-08-22,000039,7.2,7.12,7.21,7.1,149270,109190351.29,1.53,-1.25,-0.09,0.65
2024-08-23,000039,7.08,7.16,7.28,7.08,170106,124569962.5,2.81,0.56,0.04,0.74
2024-08-26,000039,7.15,7.18,7.21,7.06,125222,91713329.85,2.09,0.28,0.02,0.54
2024-08-27,000039,7.15,7.07,7.2,7.03,167524,121590400.24,2.37,-1.53,-0.11,0.73
2024-08-28,000039,7.01,7.15,7.19,7.01,277763,202659459.59,2.55,1.13,0.08,1.21
2024-08-29,000039,7.25,7.38,7.44,7.2,297770,223760554.38,3.36,3.22,0.23,1.29
2024-08-30,000039,7.38,7.34,7.47,7.22,296369,223237297.94,3.39,-0.54,-0.04,1.29
2024-09-02,000039,7.34,7.22,7.43,7.22,245459,183430263.5,2.86,-1.63,-0.12,1.07
2024-09-03,000039,7.15,7.25,7.32,7.14,188658,139800691.2,2.49,0.42,0.03,0.82
2024-09-04,000039,7.22,7.19,7.22,7.11,157373,115450967.11,1.52,-0.83,-0.06,0.68
2024-09-05,000039,7.18,7.06,7.23,7.03,207932,151157476.82,2.78,-1.81,-0.13,0.9
2024-09-06,000039,7.06,7.03,7.15,7.02,160439,116187728.38,1.84,-0.42,-0.03,0.7
2024-09-09,000039,7.01,6.82,7.02,6.75,267722,187266307.44,3.84,-2.99,-0.21,1.16
2024-09-10,000039,6.81,6.88,6.93,6.68,219283,152452163.67,3.67,0.88,0.06,0.95
2024-09-11,000039,6.84,6.74,6.85,6.7,165948,114944939.61,2.18,-2.03,-0.14,0.72
2024-09-12,000039,6.75,6.76,6.87,6.73,152235,105874859.85,2.08,0.3,0.02,0.66
2024-09-13,000039,6.75,6.69,6.81,6.68,156527,107722870.89,1.92,-1.04,-0.07,0.68
2024-09-18,000039,6.69,6.81,6.84,6.66,148844,102987710.99,2.69,1.79,0.12,0.65
2024-09-19,000039,6.86,6.87,6.93,6.78,192878,135589262.48,2.2,0.88,0.06,0.84
2024-09-20,000039,6.88,6.83,6.89,6.76,132930,92888309.03,1.89,-0.58,-0.04,0.58
2024-09-23,000039,6.86,6.91,7.0,6.83,166563,118321606.32,2.49,1.17,0.08,0.72
2024-09-24,000039,6.96,7.35,7.35,6.93,296461,217567447.56,6.08,6.37,0.44,1.29
2024-09-25,000039,7.46,7.48,7.68,7.45,332395,256909903.53,3.13,1.77,0.13,1.44
2024-09-26,000039,7.53,7.76,7.76,7.4,272129,211736611.94,4.81,3.74,0.28,1.18
2024-09-27,000039,7.91,8.12,8.25,7.85,396169,324679663.33,5.15,4.64,0.36,1.72
2024-09-30,000039,8.48,8.82,8.89,8.33,684318,604183548.74,6.9,8.62,0.7,2.97
2024-10-08,000039,9.7,8.84,9.72,8.53,916325,845777572.72,13.49,0.23,0.02,3.98
2024-10-09,000039,8.83,8.44,8.83,8.33,628704,548219123.68,5.66,-4.52,-0.4,2.73
2024-10-10,000039,8.46,8.63,8.93,8.38,515604,454853221.43,6.52,2.25,0.19,2.24
2024-10-11,000039,8.63,8.34,8.66,8.23,350871,301844099.39,4.98,-3.36,-0.29,1.52
2024-10-14,000039,8.34,8.39,8.51,8.28,344441,294385359.65,2.76,0.6,0.05,1.5
2024-10-15,000039,8.39,8.03,8.4,7.99,399287,333377365.94,4.89,-4.29,-0.36,1.73
2024-10-16,000039,7.95,8.04,8.16,7.91,198436,163112776.3,3.11,0.12,0.01,0.86
2024-10-17,000039,8.06,7.76,8.12,7.76,434634,350143820.95,4.48,-3.48,-0.28,1.89
2024-10-18,000039,7.72,7.96,8.1,7.69,412158,332445786.34,5.28,2.58,0.2,1.79
2024-10-21,000039,8.28,8.1,8.35,8.04,662252,549724013.4,3.89,1.76,0.14,2.88
2024-10-22,000039,8.07,8.14,8.22,8.04,362188,299691291.77,2.22,0.49,0.04,1.57
2024-10-23,000039,8.14,8.31,8.38,8.11,452801,382247716.68,3.32,2.09,0.17,1.97
2024-10-24,000039,8.28,8.22,8.28,8.11,212478,177527652.77,2.05,-1.08,-0.09,0.92
2024-10-25,000039,8.22,8.31,8.34,8.21,242811,205351805.75,1.58,1.09,0.09,1.06
2024-10-28,000039,8.36,8.44,8.45,8.31,347829,297872133.74,1.68,1.56,0.13,1.51
2024-10-29,000039,8.47,8.28,8.48,8.24,367486,313229039.3,2.84,-1.9,-0.16,1.6
2024-10-30,000039,8.29,8.48,8.64,8.28,526079,454556524.95,4.35,2.42,0.2,2.29
2024-10-31,000039,8.54,8.46,8.54,8.26,404036,346483556.42,3.3,-0.24,-0.02,1.76
2024-11-01,000039,8.43,8.35,8.55,8.32,347989,298632206.77,2.72,-1.3,-0.11,1.51
2024-11-04,000039,8.32,8.52,8.56,8.24,372766,321841729.19,3.83,2.04,0.17,1.62
2024-11-05,000039,8.54,8.61,8.66,8.4,434606,379964386.1,3.05,1.06,0.09,1.89
2024-11-06,000039,8.61,8.51,8.7,8.46,373091,325164431.64,2.79,-1.16,-0.1,1.62
2024-11-07,000039,8.44,8.65,8.65,8.4,400353,349485959.04,2.94,1.65,0.14,1.74
2024-11-08,000039,8.7,8.56,8.76,8.51,376169,330889561.68,2.89,-1.04,-0.09,1.63
2024-11-11,000039,8.54,8.44,8.54,8.33,370324,318084182.28,2.45,-1.4,-0.12,1.61
2024-11-12,000039,8.45,8.44,8.57,8.38,436243,377959662.39,2.25,0.0,0.0,1.9
2024-11-13,000039,8.4,8.49,8.55,8.38,255013,220375237.75,2.01,0.59,0.05,1.11
2024-11-14,000039,8.48,8.28,8.5,8.26,260754,222392766.36,2.83,-2.47,-0.21,1.13
2024-11-15,000039,8.24,8.28,8.39,8.23,252989,214760593.64,1.93,0.0,0.0,1.1
2024-11-18,000039,8.37,8.46,8.64,8.36,510001,443019241.56,3.38,2.17,0.18,2.22
2024-11-19,000039,8.43,8.39,8.45,8.25,332258,282668878.62,2.36,-0.83,-0.07,1.44
2024-11-20,000039,8.35,8.38,8.41,8.29,281694,239817981.6,1.43,-0.12,-0.01,1.22
2024-11-21,000039,8.35,8.34,8.48,8.32,264974,226742840.2,1.91,-0.48,-0.04,1.15
2024-11-22,000039,8.35,8.16,8.38,8.16,284626,240311089.52,2.64,-2.16,-0.18,1.24
2024-11-25,000039,8.16,8.11,8.27,8.02,186022,154376172.8,3.06,-0.61,-0.05,0.81
2024-11-26,000039,8.08,7.98,8.09,7.95,204557,167160086.25,1.73,-1.6,-0.13,0.89
2024-11-27,000039,7.97,7.99,7.99,7.83,224473,181526745.1,2.01,0.13,0.01,0.98
2024-11-28,000039,7.99,7.87,8.0,7.86,231215,186813485.49,1.75,-1.5,-0.12,1.0
2024-11-29,000039,7.88,7.96,8.01,7.86,209492,170282554.7,1.91,1.14,0.09,0.91
2024-12-02,000039,7.99,8.08,8.12,7.97,193756,159310432.46,1.88,1.51,0.12,0.84
2024-12-03,000039,8.1,8.07,8.1,7.99,194537,159681534.5,1.36,-0.12,-0.01,0.85
2024-12-04,000039,8.03,7.92,8.04,7.88,282881,229864354.04,1.98,-1.86,-0.15,1.23
2024-12-05,000039,7.88,7.84,7.92,7.76,288941,231008208.99,2.02,-1.01,-0.08,1.26
2024-12-06,000039,7.84,7.95,7.97,7.83,246404,199142274.24,1.79,1.4,0.11,1.07
2024-12-09,000039,7.96,7.91,8.01,7.87,238022,193028463.7,1.76,-0.5,-0.04,1.03
2024-12-10,000039,8.08,7.9,8.11,7.89,327846,267312607.68,2.78,-0.13,-0.01,1.42
2024-12-11,000039,7.88,7.99,7.99,7.88,251438,204428167.62,1.39,1.14,0.09,1.09
2024-12-12,000039,7.98,7.99,8.0,7.92,246163,200279598.06,1.0,0.0,0.0,1.07
2024-12-13,000039,7.97,7.87,7.98,7.86,271764,219171930.32,1.5,-1.5,-0.12,1.18
2024-12-16,000039,7.85,7.8,7.92,7.76,235820,188620449.88,2.03,-0.89,-0.07,1.02
2024-12-17,000039,7.8,7.82,7.9,7.79,212125,169992200.05,1.41,0.26,0.02,0.92
2024-12-18,000039,7.84,7.81,7.96,7.79,245282,197264509.9,2.17,-0.13,-0.01,1.07
2024-12-19,000039,7.74,7.79,7.81,7.66,197433,156525028.29,1.92,-0.26,-0.02,0.86
2024-12-20,000039,7.78,7.7,7.8,7.7,188864,149344496.04,1.28,-1.16,-0.09,0.82
2024-12-23,000039,7.7,7.7,7.81,7.69,216008,171066239.5,1.56,0.0,0.0,0.94
2024-12-24,000039,7.68,7.72,7.8,7.68,212619,167800591.74,1.56,0.26,0.02,0.92
2024-12-25,000039,7.73,7.72,7.74,7.66,142746,112350010.04,1.04,0.0,0.0,0.62
2024-12-26,000039,7.71,7.66,7.72,7.59,260796,203872465.89,1.68,-0.78,-0.06,1.13
2024-12-27,000039,7.65,7.72,7.76,7.65,316903,249629900.76,1.44,0.78,0.06,1.38
2024-12-30,000039,7.72,7.74,7.83,7.67,326082,258162651.37,2.07,0.26,0.02,1.42
2024-12-31,000039,7.74,7.6,7.79,7.57,291647,228338962.78,2.84,-1.81,-0.14,1.27
2025-01-02,000039,7.6,7.38,7.63,7.32,261823,200924802.42,4.08,-2.89,-0.22,1.14
2025-01-03,000039,7.41,7.31,7.52,7.29,243631,184358348.83,3.12,-0.95,-0.07,1.06
2025-01-06,000039,7.31,7.39,7.4,7.27,181210,135998724.33,1.78,1.09,0.08,0.79
2025-01-07,000039,7.35,7.34,7.43,7.28,168915,126936836.32,2.03,-0.68,-0.05,0.73
2025-01-08,000039,7.34,7.33,7.38,7.19,235045,175755211.33,2.59,-0.14,-0.01,1.02
2025-01-09,000039,7.31,7.23,7.33,7.22,155228,115261413.5,1.5,-1.36,-0.1,0.67
2025-01-10,000039,7.23,7.16,7.28,7.16,139614,103018177.97,1.66,-0.97,-0.07,0.61
2025-01-13,000039,7.14,7.18,7.23,7.12,160233,117630514.89,1.54,0.28,0.02,0.7
2025-01-14,000039,7.18,7.41,7.42,7.16,202961,151875352.56,3.62,3.2,0.23,0.88
2025-01-15,000039,7.41,7.38,7.45,7.36,148074,112111333.25,1.21,-0.4,-0.03,0.64
2025-01-16,000039,7.41,7.43,7.48,7.36,144097,109459560.04,1.63,0.68,0.05,0.63
2025-01-17,000039,7.41,7.47,7.5,7.37,115444,87892604.15,1.75,0.54,0.04,0.5
2025-01-20,000039,7.5,7.5,7.57,7.46,150399,115489839.0,1.47,0.4,0.03,0.65
2025-01-21,000039,7.51,7.42,7.53,7.37,134914,102497457.77,2.13,-1.07,-0.08,0.59
2025-01-22,000039,7.41,7.35,7.41,7.31,123881,93065830.83,1.35,-0.94,-0.07,0.54
2025-01-23,000039,7.4,7.38,7.47,7.38,206366,156616475.22,1.22,0.41,0.03,0.9
2025-01-24,000039,7.38,7.39,7.46,7.37,199536,151205301.56,1.22,0.14,0.01,0.87
2025-01-27,000039,7.64,8.0,8.07,7.64,800584,649018838.96,5.82,8.25,0.61,3.48
2025-02-05,000039,7.97,7.92,8.03,7.86,538946,436938857.06,2.13,-1.0,-0.08,2.34
2025-02-06,000039,7.87,7.8,7.92,7.69,435007,345114090.25,2.9,-1.52,-0.12,1.89
2025-02-07,000039,7.78,7.88,7.92,7.73,423651,338594007.94,2.44,1.03,0.08,1.84
2025-02-10,000039,7.87,7.88,7.95,7.85,364109,293544509.28,1.27,0.0,0.0,1.58
2025-02-11,000039,7.9,7.97,8.11,7.89,415300,339053020.14,2.79,1.14,0.09,1.8
2025-02-12,000039,8.01,8.06,8.14,7.98,377547,310802389.65,2.01,1.13,0.09,1.64
2025-02-13,000039,8.08,7.94,8.13,7.93,266916,218226697.98,2.48,-1.49,-0.12,1.16
2025-02-14,000039,7.93,7.99,8.0,7.9,203968,165622972.88,1.26,0.63,0.05,0.89
2025-02-17,000039,8.0,8.03,8.05,7.91,246116,200722733.84,1.75,0.5,0.04,1.07
2025-02-18,000039,8.04,8.01,8.15,8.0,350408,289092334.86,1.87,-0.25,-0.02,1.52
2025-02-19,000039,8.03,8.02,8.06,7.98,225397,184438764.41,1.0,0.12,0.01,0.98
2025-02-20,000039,8.0,7.92,8.02,7.91,220712,178864088.28,1.37,-1.25,-0.1,0.96
2025-02-21,000039,8.11,8.13,8.26,8.04,420214,348743304.5,2.78,2.65,0.21,1.83
2025-02-24,000039,8.14,8.03,8.2,8.03,394540,326985838.13,2.09,-1.23,-0.1,1.71
2025-02-25,000039,8.05,8.09,8.15,8.03,280175,231595440.85,1.49,0.75,0.06,1.22
2025-02-26,000039,8.11,8.12,8.15,8.08,218261,180815369.88,0.87,0.37,0.03,0.95
2025-02-27,000039,8.13,8.07,8.14,8.01,195332,160976284.2,1.6,-0.62,-0.05,0.85
2025-02-28,000039,8.06,7.97,8.1,7.95,218773,179290070.73,1.86,-1.24,-0.1,0.95
2025-03-03,000039,7.99,8.04,8.08,7.97,247014,202750756.73,1.38,0.88,0.07,1.07
2025-03-04,000039,8.0,8.06,8.08,7.95,169969,139553233.02,1.62,0.25,0.02,0.74
2025-03-05,000039,8.09,8.11,8.14,8.01,162191,133613550.27,1.61,0.62,0.05,0.7
2025-03-06,000039,8.13,8.14,8.15,8.03,237074,196196902.4,1.48,0.37,0.03,1.03
2025-03-07,000039,8.15,8.25,8.32,8.11,299262,250995008.41,2.58,1.35,0.11,1.3
2025-03-10,000039,8.23,8.13,8.24,8.11,203615,169591827.12,1.58,-1.45,-0.12,0.88
2025-03-11,000039,8.09,8.15,8.16,8.03,151161,125156131.54,1.6,0.25,0.02,0.66
2025-03-12,000039,8.15,8.13,8.17,8.07,171489,142056165.26,1.23,-0.25,-0.02,0.75
2025-03-13,000039,8.13,8.21,8.21,8.09,183516,152638648.77,1.48,0.98,0.08,0.8
2025-03-14,000039,8.36,8.57,8.63,8.32,648401,560432078.58,3.78,4.38,0.36,2.82
2025-03-17,000039,8.96,8.72,9.18,8.69,1334775,1208511376.16,5.72,1.75,0.15,5.8
2025-03-18,000039,8.81,8.86,8.94,8.63,813621,727800875.99,3.56,1.61,0.14,3.54
2025-03-19,000039,8.93,8.84,8.95,8.81,590015,533346424.97,1.58,-0.23,-0.02,2.56
2025-03-20,000039,8.88,8.96,9.07,8.83,679338,619460345.76,2.71,1.36,0.12,2.95
2025-03-21,000039,8.96,9.39,9.51,8.94,1345893,1276455337.65,6.36,4.8,0.43,5.85
2025-03-24,000039,9.86,9.9,9.98,9.23,1985233,1935420904.43,7.99,5.43,0.51,8.63
2025-03-25,000039,9.82,9.37,9.82,9.33,1327874,1286158628.06,4.95,-5.35,-0.53,5.77
2025-03-26,000039,9.24,9.07,9.45,9.04,961463,900258682.58,4.38,-3.2,-0.3,4.18
2025-03-27,000039,9.03,9.01,9.07,8.84,736179,671318120.62,2.54,-0.66,-0.06,3.2
2025-03-28,000039,9.06,8.83,9.08,8.78,711593,646222862.56,3.33,-2.0,-0.18,3.09
2025-03-31,000039,8.83,8.62,8.83,8.58,698391,618582082.1,2.83,-2.38,-0.21,3.03
2025-04-01,000039,8.61,8.48,8.74,8.47,677758,593064253.83,3.13,-1.62,-0.14,2.94
2025-04-02,000039,8.47,8.39,8.53,8.38,502805,432442980.04,1.77,-1.06,-0.09,2.18
2025-04-03,000039,8.31,8.21,8.39,8.19,467759,395117605.68,2.38,-2.15,-0.18,2.03
2025-04-07,000039,7.53,7.37,7.69,7.37,497423,378123197.48,3.9,-10.23,-0.84,2.16
2025-04-08,000039,7.2,7.21,7.31,7.06,951222,698742926.45,3.39,-2.17,-0.16,4.13
2025-04-09,000039,7.11,7.32,7.38,6.87,728940,534689140.79,7.07,1.53,0.11,3.17
2025-04-10,000039,7.49,7.45,7.57,7.36,653991,500341955.0,2.87,1.78,0.13,2.84
2025-04-11,000039,7.43,7.41,7.51,7.36,488961,371342147.3,2.01,-0.54,-0.04,2.12
2025-04-14,000039,7.48,7.49,7.54,7.44,444577,340792922.35,1.35,1.08,0.08,1.93
2025-04-15,000039,7.5,7.38,7.5,7.33,367578,277245813.6,2.27,-1.47,-0.11,1.6
2025-04-16,000039,7.6,7.51,7.7,7.43,889098,687943220.7,3.66,1.76,0.13,3.86
2025-04-17,000039,7.43,7.33,7.47,7.33,544224,411216755.5,1.86,-2.4,-0.18,2.36
2025-04-18,000039,7.31,7.33,7.37,7.26,317145,237643742.24,1.5,0.0,0.0,1.38
2025-04-21,000039,7.34,7.4,7.42,7.32,363729,274190764.22,1.36,0.95,0.07,1.58
2025-04-22,000039,7.38,7.37,7.42,7.35,331461,250431490.66,0.95,-0.41,-0.03,1.44
2025-04-23,000039,7.41,7.43,7.46,7.37,471441,357629189.69,1.22,0.81,0.06,2.05
2025-04-24,000039,7.47,7.43,7.58,7.38,596795,455849372.99,2.69,0.0,0.0,2.59
2025-04-25,000039,7.44,7.42,7.48,7.39,413349,314099285.37,1.21,-0.13,-0.01,1.8
2025-04-28,000039,7.42,7.41,7.45,7.39,322627,244658287.15,0.81,-0.13,-0.01,1.4
2025-04-29,000039,7.46,7.42,7.47,7.4,340839,258995100.24,0.94,0.13,0.01,1.48
2025-04-30,000039,7.41,7.38,7.42,7.37,339985,256885369.91,0.67,-0.54,-0.04,1.48
2025-05-06,000039,7.41,7.62,7.64,7.4,728593,558055392.42,3.25,3.25,0.24,3.17
2025-05-07,000039,7.68,7.55,7.69,7.5,635192,491650125.1,2.49,-0.92,-0.07,2.76
2025-05-08,000039,7.54,7.62,7.68,7.51,460597,358287739.24,2.25,0.93,0.07,2.0
2025-05-09,000039,7.63,7.52,7.64,7.5,336271,259383433.87,1.84,-1.31,-0.1,1.46
2025-05-12,000039,7.61,7.82,7.82,7.59,820518,645960428.74,3.06,3.99,0.3,3.57
2025-05-13,000039,8.02,7.85,8.06,7.8,743432,599103390.48,3.32,0.38,0.03,3.23
2025-05-14,000039,7.83,8.18,8.19,7.82,1116173,918499985.7,4.71,4.2,0.33,4.85
2025-05-15,000039,8.38,8.22,8.59,8.19,1457248,1245873083.45,4.89,0.49,0.04,6.33
2025-05-16,000039,8.27,8.05,8.28,7.99,901191,744433323.08,3.53,-2.07,-0.17,3.92
2025-05-19,000039,7.99,7.94,8.12,7.92,613875,500750346.83,2.48,-1.37,-0.11,2.67
2025-05-20,000039,7.92,7.91,7.97,7.83,499986,402489426.49,1.76,-0.38,-0.03,2.17
2025-05-21,000039,7.89,7.88,7.89,7.84,344714,276848460.21,0.63,-0.38,-0.03,1.5
2025-05-22,000039,7.86,7.74,7.92,7.72,464212,370018946.72,2.54,-1.78,-0.14,2.02
2025-05-23,000039,7.73,7.75,7.86,7.73,364829,290782016.53,1.68,0.13,0.01,1.59
2025-05-26,000039,7.75,7.64,7.77,7.62,389403,304889192.03,1.94,-1.42,-0.11,1.69
2025-05-27,000039,7.64,7.57,7.65,7.49,415059,320459992.58,2.09,-0.92,-0.07,1.8
2025-05-28,000039,7.56,7.6,7.62,7.54,227979,177016356.2,1.06,0.4,0.03,0.99
2025-05-29,000039,7.62,7.66,7.69,7.59,303237,237118485.39,1.32,0.79,0.06,1.32
2025-05-30,000039,7.63,7.56,7.64,7.55,285221,220972937.95,1.17,-1.31,-0.1,1.24
2025-06-03,000039,7.53,7.57,7.58,7.49,227392,175335941.17,1.19,0.13,0.01,0.99
2025-06-04,000039,7.57,7.59,7.65,7.53,326809,253451267.96,1.59,0.26,0.02,1.42
2025-06-05,000039,7.58,7.59,7.64,7.55,299612,232557787.9,1.19,0.0,0.0,1.3
2025-06-06,000039,7.6,7.58,7.61,7.55,217916,168602175.2,0.79,-0.13,-0.01,0.95
2025-06-09,000039,7.58,7.63,7.66,7.58,301667,235133756.51,1.06,0.66,0.05,1.31
2025-06-10,000039,7.65,7.57,7.69,7.5,484851,376804809.93,2.49,-0.79,-0.06,2.11
2025-06-11,000039,7.59,7.62,7.67,7.58,332047,259032058.46,1.19,0.66,0.05,1.44
2025-06-12,000039,7.6,7.6,7.62,7.55,263087,203864435.08,0.92,-0.26,-0.02,1.14
2025-06-13,000039,7.57,7.71,7.73,7.56,580805,454418423.35,2.24,1.45,0.11,2.52
2025-06-16,000039,7.72,7.66,7.76,7.61,401290,314217971.46,1.95,-0.65,-0.05,1.74
2025-06-17,000039,7.63,7.64,7.65,7.57,273334,212472189.03,1.04,-0.26,-0.02,1.19
2025-06-18,000039,7.63,7.57,7.63,7.5,384250,296992277.18,1.7,-0.92,-0.07,1.67
2025-06-19,000039,7.53,7.54,7.59,7.49,316403,243797528.6,1.32,-0.4,-0.03,1.37
2025-06-20,000039,7.52,7.55,7.56,7.49,253788,195291355.1,0.93,0.13,0.01,1.1
2025-06-23,000039,7.52,7.68,7.77,7.5,572444,447679466.51,3.58,1.72,0.13,2.49
2025-06-24,000039,7.62,7.67,7.67,7.6,460336,359798463.77,0.91,-0.13,-0.01,2.0
2025-06-25,000039,7.67,7.69,7.7,7.62,364933,285328882.1,1.04,0.26,0.02,1.59
2025-06-26,000039,7.69,7.7,7.75,7.65,471503,371121183.3,1.3,0.13,0.01,2.05
2025-06-27,000039,7.68,7.7,7.76,7.68,365606,288518819.74,1.04,0.0,0.0,1.59
2025-06-30,000039,7.71,7.69,7.72,7.65,325027,255207268.18,0.91,-0.13,-0.01,1.41
2025-07-01,000039,7.69,7.72,7.73,7.66,306480,241196623.74,0.91,0.39,0.03,1.33
2025-07-02,000039,7.88,8.13,8.19,7.88,1518134,1250552968.55,4.02,5.31,0.41,6.6
2025-07-03,000039,8.13,7.94,8.13,7.93,858576,700315859.77,2.46,-2.34,-0.19,3.73
2025-07-04,000039,7.93,7.85,7.93,7.83,516183,415033050.04,1.26,-1.13,-0.09,2.24
2025-07-07,000039,7.83,7.86,7.89,7.79,298017,238547387.98,1.27,0.13,0.01,1.29
2025-07-08,000039,7.86,7.89,7.89,7.83,279691,224707404.33,0.76,0.38,0.03,1.22
2025-07-09,000039,7.9,7.87,7.92,7.86,317562,255895211.43,0.76,-0.25,-0.02,1.38
2025-07-10,000039,7.86,7.92,7.94,7.85,331791,268156991.35,1.14,0.64,0.05,1.44
2025-07-11,000039,7.95,7.94,7.98,7.91,575204,456528841.13,0.88,0.25,0.02,2.5
2025-07-14,000039,7.94,7.99,8.02,7.94,381656,304768935.05,1.01,0.63,0.05,1.66
2025-07-15,000039,7.97,7.92,8.0,7.84,489965,387167996.79,2.0,-0.88,-0.07,2.13
2025-07-16,000039,7.9,7.93,8.01,7.88,326493,259261997.01,1.64,0.13,0.01,1.42
2025-07-17,000039,7.95,7.94,7.97,7.91,287192,227795252.75,0.76,0.13,0.01,1.25
2025-07-18,000039,7.95,8.04,8.08,7.92,502223,402263132.14,2.02,1.26,0.1,2.18
2025-07-21,000039,8.04,8.11,8.14,8.01,527903,427757782.75,1.62,0.87,0.07,2.29
2025-07-22,000039,8.12,8.24,8.24,8.08,665032,543229314.67,1.97,1.6,0.13,2.89
2025-07-23,000039,8.26,8.18,8.29,8.15,635273,522370582.0,1.7,-0.73,-0.06,2.76
2025-07-24,000039,8.19,8.3,8.33,8.18,607047,502921289.56,1.83,1.47,0.12,2.64
2025-07-25,000039,8.3,8.3,8.38,8.24,436407,362324502.97,1.69,0.0,0.0,1.9
2025-07-28,000039,8.31,8.34,8.35,8.23,484840,402341134.11,1.45,0.48,0.04,2.11
2025-07-29,000039,8.34,8.39,8.41,8.3,403266,337068390.8,1.32,0.6,0.05,1.75
2025-07-30,000039,8.38,8.37,8.54,8.34,604496,510193124.72,2.38,-0.24,-0.02,2.63
2025-07-31,000039,8.37,8.21,8.38,8.19,553096,456472447.75,2.27,-1.91,-0.16,2.4
2025-08-01,000039,8.2,8.17,8.24,8.13,322789,264289061.17,1.34,-0.49,-0.04,1.4
2025-08-04,000039,8.14,8.19,8.2,8.11,350947,286213992.45,1.1,0.24,0.02,1.52
2025-08-05,000039,8.19,8.19,8.22,8.16,270489,221484242.85,0.73,0.0,0.0,1.18
2025-08-06,000039,8.19,8.17,8.2,8.12,307896,251090973.33,0.98,-0.24,-0.02,1.34
2025-08-07,000039,8.18,8.14,8.19,8.11,279585,227625166.72,0.98,-0.37,-0.03,1.21
2025-08-08,000039,8.14,8.18,8.21,8.13,271372,221791924.09,0.98,0.49,0.04,1.18
2025-08-11,000039,8.2,8.16,8.22,8.14,352183,287532391.3,0.98,-0.24,-0.02,1.53
2025-08-12,000039,8.16,8.18,8.18,8.13,278107,226904330.5,0.61,0.25,0.02,1.21
2025-08-13,000039,8.19,8.16,8.2,8.14,373753,305561562.17,0.73,-0.24,-0.02,1.62
2025-08-14,000039,8.16,8.0,8.17,7.98,510668,412259034.13,2.33,-1.96,-0.16,2.22
2025-08-15,000039,8.01,8.1,8.15,8.0,774133,623744720.59,1.88,1.25,0.1,3.36
2025-08-18,000039,8.1,8.07,8.12,8.05,498012,402434296.57,0.86,-0.37,-0.03,2.16
2025-08-19,000039,8.07,8.06,8.09,8.03,369916,297974254.17,0.74,-0.12,-0.01,1.61
2025-08-20,000039,8.03,8.07,8.08,8.02,443222,357101585.7,0.74,0.12,0.01,1.93
2025-08-21,000039,8.08,8.15,8.22,8.08,764947,623984566.38,1.73,0.99,0.08,3.32
2025-08-22,000039,8.17,8.15,8.19,8.07,517480,420032902.5,1.47,0.0,0.0,2.25
2025-08-25,000039,8.18,8.22,8.23,8.14,621567,508986303.76,1.1,0.86,0.07,2.7
2025-08-26,000039,8.24,8.28,8.32,8.16,640497,528820349.05,1.95,0.73,0.06,2.78
2025-08-27,000039,8.3,8.11,8.31,8.1,534966,439576074.9,2.54,-2.05,-0.17,2.32
2025-08-28,000039,8.11,8.21,8.26,8.01,669510,545357709.07,3.08,1.23,0.1,2.91
2025-08-29,000039,8.22,8.14,8.27,8.1,644170,527710522.87,2.07,-0.85,-0.07,2.8
2025-09-01,000039,8.12,8.07,8.14,8.03,513256,414027895.57,1.35,-0.86,-0.07,2.23
2025-09-02,000039,8.05,7.93,8.1,7.88,610035,485280266.68,2.73,-1.73,-0.14,2.65
2025-09-03,000039,7.93,7.81,7.97,7.72,481544,376874507.18,3.15,-1.51,-0.12,2.09
2025-09-04,000039,7.82,7.82,7.84,7.74,455029,354881128.89,1.28,0.13,0.01,1.98
2025-09-05,000039,7.83,7.87,7.88,7.79,320819,251212724.64,1.15,0.64,0.05,1.39
2025-09-08,000039,7.87,7.94,7.95,7.86,358028,283149604.06,1.14,0.89,0.07,1.56
2025-09-09,000039,7.92,7.9,7.94,7.83,285902,225661786.18,1.39,-0.5,-0.04,1.24
2025-09-10,000039,7.91,7.86,7.92,7.81,378399,297259408.68,1.39,-0.51,-0.04,1.64
2025-09-11,000039,7.84,7.94,7.94,7.81,378717,298443219.41,1.65,1.02,0.08,1.65
2025-09-12,000039,7.94,8.04,8.17,7.9,606956,488839576.76,3.4,1.26,0.1,2.64
2025-09-15,000039,8.02,7.93,8.06,7.92,318867,254030295.01,1.74,-1.37,-0.11,1.39
2025-09-16,000039,7.94,7.92,7.96,7.86,286351,226707028.9,1.26,-0.13,-0.01,1.24
2025-09-17,000039,7.91,7.95,8.0,7.88,349927,277764618.94,1.52,0.38,0.03,1.52
2025-09-18,000039,7.92,7.79,7.95,7.77,415669,326996258.73,2.26,-2.01,-0.16,1.81
2025-09-19,000039,7.79,7.89,7.9,7.76,322918,252607401.62,1.8,1.28,0.1,1.4
2025-09-22,000039,7.88,7.83,7.93,7.8,279653,219516896.84,1.65,-0.76,-0.06,1.22
2025-09-23,000039,7.81,7.75,7.86,7.67,300328,232379705.83,2.43,-1.02,-0.08,1.3
2025-09-24,000039,7.71,7.82,7.83,7.71,214800,166927542.3,1.55,0.9,0.07,0.93
2025-09-25,000039,7.81,7.86,8.02,7.77,480243,379343660.97,3.2,0.51,0.04,2.09
2025-09-26,000039,7.83,7.99,8.07,7.83,551747,441070272.96,3.05,1.65,0.13,2.4
2025-09-29,000039,7.97,8.05,8.07,7.89,371950,297822743.99,2.25,0.75,0.06,1.62
2025-09-30,000039,8.16,8.29,8.35,8.12,864450,712046445.63,2.86,2.98,0.24,3.76
2025-10-09,000039,8.29,8.38,8.38,8.21,624683,518019033.4,2.05,1.09,0.09,2.71
2025-10-10,000039,8.35,8.38,8.5,8.31,609008,513160068.82,2.27,0.0,0.0,2.65
2025-10-13,000039,8.07,8.27,8.3,8.07,569517,466266226.56,2.74,-1.31,-0.11,2.47
2025-10-14,000039,8.3,8.24,8.37,8.23,406184,337059864.39,1.69,-0.36,-0.03,1.76
2025-10-15,000039,8.26,8.27,8.29,8.15,325831,267876554.57,1.7,0.36,0.03,1.42
2025-10-16,000039,8.22,8.24,8.27,8.18,244608,201084228.31,1.09,-0.36,-0.03,1.06
2025-10-17,000039,8.24,8.11,8.27,8.1,326410,266941807.72,2.06,-1.58,-0.13,1.42
2025-10-20,000039,8.17,8.1,8.18,8.06,247783,200681611.6,1.48,-0.12,-0.01,1.08
2025-10-21,000039,8.13,8.28,8.28,8.12,383814,315800952.37,1.98,2.22,0.18,1.67
2025-10-22,000039,8.28,8.24,8.28,8.19,237282,195214465.35,1.09,-0.48,-0.04,1.03
2025-10-23,000039,8.26,8.3,8.31,8.16,316301,260667836.15,1.82,0.73,0.06,1.37
2025-10-24,000039,8.3,8.22,8.34,8.21,257381,212589451.5,1.57,-0.96,-0.08,1.12
2025-10-27,000039,8.24,8.25,8.3,8.2,284835,235151053.2,1.22,0.36,0.03,1.24
2025-10-28,000039,8.24,8.18,8.26,8.18,234415,192469175.38,0.97,-0.85,-0.07,1.02
2025-10-29,000039,8.21,8.19,8.21,8.09,271701,221326763.13,1.47,0.12,0.01,1.18
2025-10-30,000039,8.16,8.25,8.31,8.15,434014,358600245.4,1.95,0.73,0.06,1.89
2025-10-31,000039,8.14,7.89,8.14,7.89,935243,743890566.8,3.03,-4.36,-0.36,4.06
2025-11-03,000039,7.91,7.91,7.93,7.79,437506,343045514.89,1.77,0.25,0.02,1.9
2025-11-04,000039,7.9,7.88,7.92,7.84,277002,218028474.75,1.01,-0.38,-0.03,1.2
2025-11-05,000039,7.84,7.92,7.95,7.83,256434,202524749.88,1.52,0.51,0.04,1.11
2025-11-06,000039,7.9,7.95,7.98,7.9,240862,191528096.2,1.01,0.38,0.03,1.05
2025-11-07,000039,7.95,8.03,8.05,7.92,299693,240117364.87,1.64,1.01,0.08,1.3
2025-11-10,000039,8.02,8.04,8.05,7.98,212515,170261869.4,0.87,0.12,0.01,0.92
2025-11-11,000039,8.05,8.02,8.07,8.0,211087,169471952.94,0.87,-0.25,-0.02,0.92
2025-11-12,000039,8.02,7.98,8.04,7.95,239019,191063880.49,1.12,-0.5,-0.04,1.04
2025-11-13,000039,7.98,8.13,8.14,7.97,425567,343329745.04,2.13,1.88,0.15,1.85
2025-11-14,000039,8.1,8.94,8.94,8.09,2133055,1866230166.44,10.46,9.96,0.81,9.27
2025-11-17,000039,9.31,8.74,9.37,8.62,1778374,1593566129.53,8.39,-2.24,-0.2,7.73
2025-11-18,000039,8.92,8.64,8.94,8.62,609303,532061686.36,3.59,-3.03,-0.27,2.65
2025-11-19,000039,8.59,8.82,8.96,8.58,655913,576450583.9,4.42,2.56,0.22,2.85
2025-11-20,000039,8.69,8.55,8.73,8.5,389466,335590630.39,2.63,-2.17,-0.19,1.69
2025-11-21,000039,8.44,8.23,8.63,8.2,734466,613500697.83,5.06,-3.18,-0.27,3.19
2025-11-24,000039,8.25,8.26,8.34,8.13,553894,455974405.88,2.55,0.36,0.03,2.41
2025-11-25,000039,8.35,8.5,8.56,8.22,890298,747659942.62,4.12,2.91,0.24,3.87
2025-11-26,000039,8.65,9.35,9.35,8.51,1947424,1764493053.48,9.88,10.0,0.85,8.46
2025-11-27,000039,9.27,8.91,9.32,8.9,1564141,1411846159.09,4.49,-4.71,-0.44,6.8
2025-11-28,000039,8.99,9.08,9.15,8.81,929538,835398460.09,3.82,1.91,0.17,4.04
2025-12-01,000039,9.0,9.0,9.15,8.93,643342,579687971.44,2.42,-0.88,-0.08,2.8
2025-12-02,000039,8.95,8.96,9.0,8.85,196495,175720709.04,1.67,-0.44,-0.04,0.85
2025-12-03,000039,8.95,8.97,9.19,8.91,551414,496735353.41,3.13,0.22,0.02,2.4
2025-12-04,000039,8.92,9.15,9.28,8.91,968084,887206904.4,4.12,2.01,0.18,4.21
2025-12-05,000039,9.16,9.12,9.32,9.07,695135,638130844.63,2.73,-0.33,-0.03,3.02
2025-12-08,000039,9.15,9.5,9.8,9.15,1260161,1191493637.24,7.13,4.17,0.38,5.48
2025-12-09,000039,9.51,9.49,9.74,9.35,797670,757904353.53,4.11,-0.11,-0.01,3.47
2025-12-10,000039,9.42,9.33,9.46,9.3,555464,520382880.06,1.69,-1.69,-0.16,2.41
2025-12-11,000039,9.34,9.23,9.42,9.22,431587,402212332.93,2.14,-1.07,-0.1,1.88
2025-12-12,000039,9.24,9.44,9.52,9.24,639691,603141737.82,3.03,2.28,0.21,2.78
2025-12-15,000039,9.36,9.17,9.41,9.12,492922,454241282.52,3.07,-2.86,-0.27,2.14
2025-12-16,000039,9.18,8.85,9.2,8.81,537590,479148706.69,4.25,-3.49,-0.32,2.34
2025-12-17,000039,8.85,8.88,8.91,8.7,426631,376289891.3,2.37,0.34,0.03,1.85
2025-12-18,000039,8.85,8.92,8.99,8.81,326343,290875279.5,2.03,0.45,0.04,1.42
2025-12-19,000039,8.97,9.42,9.48,8.96,736083,686898387.44,5.83,5.61,0.5,3.2
2025-12-22,000039,9.42,9.48,9.55,9.31,470540,445050514.85,2.55,0.64,0.06,2.04
2025-12-23,000039,9.46,9.42,9.62,9.37,443354,420105973.01,2.64,-0.63,-0.06,1.93
2025-12-24,000039,9.39,9.7,9.75,9.38,596577,574591496.16,3.93,2.97,0.28,2.59
2025-12-25,000039,9.7,9.59,9.84,9.55,459873,443710642.62,2.99,-1.13,-0.11,2.0
2025-12-26,000039,9.62,9.51,9.69,9.49,388272,371039685.3,2.09,-0.83,-0.08,1.69
2025-12-29,000039,9.51,9.46,9.7,9.41,469173,447169539.98,3.05,-0.53,-0.05,2.04
2025-12-30,000039,9.44,10.04,10.16,9.4,1143056,1138661956.72,8.03,6.13,0.58,4.97
2025-12-31,000039,10.04,10.09,10.11,9.9,585979,587926461.27,2.09,0.5,0.05,2.55
