日期,股票代码,开盘,收盘,最高,最低,成交量,成交额,振幅,涨跌幅,涨跌额,换手率
2002-11-27,600511,-4.37,-4.23,-4.23,-4.39,296963,333027924.0,-2.84,24.87,1.4,56.03
2002-11-28,600511,-4.25,-4.08,-4.06,-4.3,216179,252083389.0,-5.67,3.55,0.15,40.79
2002-11-29,600511,-4.13,-4.11,-4.01,-4.15,156100,190667696.0,-3.43,-0.74,-0.03,29.45
2002-12-02,600511,-4.14,-4.15,-4.11,-4.17,58142,69519960.0,-1.46,-0.97,-0.04,10.97
2002-12-03,600511,-4.16,-4.1,-4.1,-4.17,36555,43881042.0,-1.69,1.2,0.05,6.9
2002-12-04,600511,-4.09,-4.11,-4.01,-4.14,70780,87319016.0,-3.17,-0.24,-0.01,13.35
2002-12-05,600511,-4.13,-4.15,-4.12,-4.19,46891,55603488.0,-1.7,-0.97,-0.04,8.85
2002-12-06,600511,-4.15,-4.17,-4.13,-4.18,17808,21190415.0,-1.2,-0.48,-0.02,3.36
2002-12-09,600511,-4.17,-4.16,-4.13,-4.18,14096,16778899.0,-1.2,0.24,0.01,2.66
2002-12-10,600511,-4.18,-4.25,-4.13,-4.25,25725,30222999.0,-2.88,-2.16,-0.09,4.85
2002-12-11,600511,-4.27,-4.16,-4.16,-4.27,35720,41583666.0,-2.59,2.12,0.09,6.74
2002-12-12,600511,-4.18,-4.16,-4.09,-4.2,36006,43196637.0,-2.64,0.0,0.0,6.79
2002-12-13,600511,-4.22,-4.11,-4.09,-4.22,29621,35549298.0,-3.13,1.2,0.05,5.59
2002-12-16,600511,-4.11,-4.1,-4.07,-4.13,25517,31053583.0,-1.46,0.24,0.01,4.81
2002-12-17,600511,-4.1,-4.06,-4.06,-4.12,43692,53441830.0,-1.46,0.98,0.04,8.24
2002-12-18,600511,-4.06,-4.1,-4.03,-4.12,35432,43548770.0,-2.22,-0.99,-0.04,6.69
2002-12-19,600511,-4.12,-4.11,-4.09,-4.14,20766,25063860.0,-1.22,-0.24,-0.01,3.92
2002-12-20,600511,-4.12,-4.09,-4.07,-4.13,13300,16196897.0,-1.46,0.49,0.02,2.51
2002-12-23,600511,-4.08,-4.09,-4.05,-4.1,18095,22214443.0,-1.22,0.0,0.0,3.41
2002-12-24,600511,-4.1,-4.09,-4.09,-4.12,9801,11905843.0,-0.73,0.0,0.0,1.85
2002-12-25,600511,-4.09,-4.13,-4.06,-4.13,24703,30022870.0,-1.71,-0.98,-0.04,4.66
2002-12-26,600511,-4.14,-4.22,-4.12,-4.23,36556,43072776.0,-2.66,-2.18,-0.09,6.9
2002-12-27,600511,-4.24,-4.24,-4.21,-4.27,15178,17491677.0,-1.42,-0.47,-0.02,2.86
2002-12-30,600511,-4.25,-4.33,-4.25,-4.34,22560,25195624.0,-2.12,-2.12,-0.09,4.26
2002-12-31,600511,-4.33,-4.36,-4.31,-4.39,15985,17540200.0,-1.85,-0.69,-0.03,3.02
2003-01-02,600511,-4.4,-4.42,-4.36,-4.44,14346,15432724.0,-1.83,-1.38,-0.06,2.71
2003-01-03,600511,-4.41,-4.39,-4.37,-4.42,9755,10524036.0,-1.13,0.68,0.03,1.84
2003-01-06,600511,-4.42,-4.38,-4.37,-4.43,9160,9922781.0,-1.37,0.23,0.01,1.73
2003-01-07,600511,-4.43,-4.4,-4.32,-4.43,13835,15082097.0,-2.51,-0.46,-0.02,2.61
2003-01-08,600511,-4.4,-4.29,-4.25,-4.42,18040,20090079.0,-3.86,2.5,0.11,3.4
2003-01-09,600511,-4.29,-4.27,-4.23,-4.34,37233,41989789.0,-2.56,0.47,0.02,7.03
2003-01-13,600511,-4.33,-4.31,-4.29,-4.33,14448,16152424.0,-0.94,-0.94,-0.04,2.73
2003-01-14,600511,-4.33,-4.12,-4.07,-4.33,81012,97281443.0,-6.03,4.41,0.19,15.29
2003-01-15,600511,-4.12,-4.14,-4.02,-4.15,64438,78268253.0,-3.16,-0.49,-0.02,12.16
2003-01-16,600511,-4.14,-3.95,-3.88,-4.14,197382,255912544.0,-6.28,4.59,0.19,37.24
2003-01-17,600511,-3.97,-3.99,-3.95,-4.02,73317,93259271.0,-1.77,-1.01,-0.04,13.83
2003-01-20,600511,-3.99,-3.95,-3.86,-3.99,80387,104876331.0,-3.26,1.0,0.04,15.17
2003-01-21,600511,-3.95,-4.02,-3.93,-4.05,43989,55598693.0,-3.04,-1.77,-0.07,8.3
2003-01-22,600511,-4.04,-4.02,-3.97,-4.05,24877,31352863.0,-1.99,0.0,0.0,4.69
2003-01-23,600511,-4.01,-4.01,-3.98,-4.04,17694,22296262.0,-1.49,0.25,0.01,3.34
2003-01-24,600511,-4.01,-3.93,-3.88,-4.02,34949,45012969.0,-3.49,2.0,0.08,6.59
2003-01-27,600511,-3.91,-3.93,-3.86,-3.94,33208,43489890.0,-2.04,0.0,0.0,6.27
2003-01-28,600511,-3.91,-3.89,-3.86,-3.94,24503,32153854.0,-2.04,1.02,0.04,4.62
2003-01-29,600511,-3.89,-3.91,-3.82,-3.92,38675,51138988.0,-2.57,-0.51,-0.02,7.3
2003-02-10,600511,-3.92,-4.0,-3.92,-4.01,18297,23325747.0,-2.3,-2.3,-0.09,3.45
2003-02-11,600511,-4.01,-3.97,-3.95,-4.01,15990,20363692.0,-1.5,0.75,0.03,3.02
2003-02-12,600511,-4.01,-3.94,-3.94,-4.01,12205,15606813.0,-1.76,0.76,0.03,2.3
2003-02-13,600511,-3.94,-3.98,-3.9,-3.99,18136,23411411.0,-2.28,-1.02,-0.04,3.42
2003-02-14,600511,-4.0,-3.98,-3.96,-4.01,9119,11596747.0,-1.26,0.0,0.0,1.72
2003-02-17,600511,-3.98,-4.03,-3.97,-4.04,15375,19378568.0,-1.76,-1.26,-0.05,2.9
2003-02-18,600511,-4.03,-4.0,-3.99,-4.03,8041,10120019.0,-0.99,0.74,0.03,1.52
2003-02-19,600511,-3.99,-3.93,-3.93,-4.02,18121,23271286.0,-2.25,1.75,0.07,3.42
2003-02-20,600511,-3.93,-3.96,-3.91,-3.97,9715,12530057.0,-1.53,-0.76,-0.03,1.83
2003-02-21,600511,-3.96,-4.02,-3.96,-4.03,13397,16869802.0,-1.77,-1.52,-0.06,2.53
2003-02-24,600511,-4.03,-3.99,-3.93,-4.03,17613,22520145.0,-2.49,0.75,0.03,3.32
2003-02-25,600511,-3.99,-3.92,-3.89,-4.0,29525,38278585.0,-2.76,1.75,0.07,5.57
2003-02-26,600511,-3.9,-3.94,-3.89,-3.96,15543,20190496.0,-1.79,-0.51,-0.02,2.93
2003-02-27,600511,-3.93,-3.94,-3.89,-3.95,12899,16762817.0,-1.52,0.0,0.0,2.43
2003-02-28,600511,-3.93,-3.94,-3.92,-3.99,13909,17906557.0,-1.78,0.0,0.0,2.62
2003-03-03,600511,-3.93,-3.84,-3.83,-3.93,48266,64004928.0,-2.54,2.54,0.1,9.11
2003-03-04,600511,-3.84,-3.86,-3.8,-3.87,32170,43112246.0,-1.82,-0.52,-0.02,6.07
2003-03-05,600511,-3.85,-3.89,-3.84,-3.94,28235,36911638.0,-2.59,-0.78,-0.03,5.33
2003-03-06,600511,-3.89,-3.96,-3.89,-3.96,17110,22133687.0,-1.8,-1.8,-0.07,3.23
2003-03-07,600511,-3.96,-3.98,-3.94,-3.99,12715,16267479.0,-1.26,-0.51,-0.02,2.4
2003-03-10,600511,-3.96,-4.01,-3.96,-4.01,14458,18316326.0,-1.26,-0.75,-0.03,2.73
2003-03-11,600511,-4.01,-4.01,-3.99,-4.02,8465,10675424.0,-0.75,0.0,0.0,1.6
2003-03-12,600511,-4.01,-4.02,-3.99,-4.06,15541,19433087.0,-1.75,-0.25,-0.01,2.93
2003-03-13,600511,-4.02,-4.05,-4.0,-4.05,6771,8462503.0,-1.24,-0.75,-0.03,1.28
2003-03-14,600511,-4.03,-4.05,-4.0,-4.05,10073,12553325.0,-1.23,0.0,0.0,1.9
2003-03-17,600511,-4.05,-4.15,-4.05,-4.19,31017,37160395.0,-3.46,-2.47,-0.1,5.85
2003-03-18,600511,-4.15,-4.17,-4.1,-4.17,12673,15251492.0,-1.69,-0.48,-0.02,2.39
2003-03-19,600511,-4.18,-4.15,-4.13,-4.18,8323,9897040.0,-1.2,0.48,0.02,1.57
2003-03-20,600511,-4.13,-4.13,-4.08,-4.15,11139,13486597.0,-1.69,0.48,0.02,2.1
2003-03-21,600511,-4.13,-4.12,-4.11,-4.14,4314,5200352.0,-0.73,0.24,0.01,0.81
2003-03-24,600511,-4.12,-4.15,-4.1,-4.16,4783,5740490.0,-1.46,-0.73,-0.03,0.9
2003-03-25,600511,-4.16,-4.21,-4.13,-4.21,8718,10275345.0,-1.93,-1.45,-0.06,1.64
2003-03-26,600511,-4.21,-4.22,-4.2,-4.23,7937,9233480.0,-0.71,-0.24,-0.01,1.5
2003-03-27,600511,-4.23,-4.11,-4.08,-4.24,14119,16785037.0,-3.79,2.61,0.11,2.66
2003-03-28,600511,-4.11,-4.17,-4.1,-4.17,10599,12742775.0,-1.7,-1.46,-0.06,2.0
2003-03-31,600511,-4.16,-4.14,-4.13,-4.17,6390,7640666.0,-0.96,0.72,0.03,1.21
2003-04-01,600511,-4.14,-4.09,-4.08,-4.14,19328,23508226.0,-1.45,1.21,0.05,3.65
2003-04-02,600511,-4.1,-4.09,-4.08,-4.11,9124,11140216.0,-0.73,0.0,0.0,1.72
2003-04-03,600511,-4.09,-4.12,-4.08,-4.13,6862,8310035.0,-1.22,-0.73,-0.03,1.29
2003-04-04,600511,-4.14,-4.12,-4.11,-4.14,6030,7267832.0,-0.73,0.0,0.0,1.14
2003-04-07,600511,-4.12,-4.2,-4.11,-4.2,12877,15312111.0,-2.18,-1.94,-0.08,2.43
2003-04-08,600511,-4.2,-4.22,-4.17,-4.22,11556,13524017.0,-1.19,-0.48,-0.02,2.18
2003-04-09,600511,-4.21,-4.18,-4.18,-4.27,19166,22145598.0,-2.13,0.95,0.04,3.62
2003-04-10,600511,-4.18,-4.12,-4.08,-4.23,31866,38174133.0,-3.59,1.44,0.06,6.01
2003-04-11,600511,-4.11,-4.08,-4.06,-4.14,25612,31151773.0,-1.94,0.97,0.04,4.83
2003-04-14,600511,-4.07,-4.07,-4.03,-4.09,29417,36285590.0,-1.47,0.25,0.01,5.55
2003-04-15,600511,-4.06,-4.01,-4.01,-4.09,27985,34656543.0,-1.97,1.47,0.06,5.28
2003-04-17,600511,-4.09,-4.07,-4.03,-4.12,23602,29022702.0,-2.24,-1.5,-0.06,4.45
2003-04-18,600511,-4.04,-4.04,-3.92,-4.05,46575,59297788.0,-3.19,0.74,0.03,8.79
2003-04-21,600511,-4.02,-3.97,-3.95,-4.03,55308,70416838.0,-1.98,1.73,0.07,10.44
2003-04-22,600511,-3.95,-4.0,-3.92,-4.03,19193,24400793.0,-2.77,-0.76,-0.03,3.62
2003-04-23,600511,-4.02,-4.07,-3.97,-4.1,27065,33763120.0,-3.25,-1.75,-0.07,5.11
2003-04-24,600511,-4.02,-3.91,-3.82,-4.02,144621,189590720.0,-4.91,3.93,0.16,27.29
2003-04-25,600511,-3.91,-3.69,-3.68,-3.92,139764,188516839.0,-6.14,5.63,0.22,26.37
2003-04-28,600511,-3.5,-3.79,-3.5,-3.82,142498,202116219.0,-8.67,-2.71,-0.1,26.89
2003-04-29,600511,-3.77,-3.75,-3.65,-3.81,98655,137287992.0,-4.22,1.06,0.04,18.61
2003-04-30,600511,-3.74,-3.86,-3.71,-3.89,61659,82467056.0,-4.8,-2.93,-0.11,11.63
2003-05-12,600511,-3.88,-3.89,-3.82,-3.91,29608,39160104.0,-2.33,-0.78,-0.03,5.59
2003-05-13,600511,-3.9,-4.01,-3.86,-4.06,49416,62520772.0,-5.14,-3.08,-0.12,9.32
2003-05-14,600511,-4.01,-3.97,-3.96,-4.05,27205,34361460.0,-2.24,1.0,0.04,5.13
2003-05-15,600511,-3.99,-3.87,-3.85,-4.04,46706,60458646.0,-4.79,2.52,0.1,8.81
2003-05-16,600511,-3.86,-3.86,-3.82,-3.9,35249,46840885.0,-2.07,0.26,0.01,6.65
2003-05-19,600511,-3.86,-3.91,-3.86,-3.92,14904,19575803.0,-1.55,-1.3,-0.05,2.81
2003-05-20,600511,-3.92,-4.0,-3.91,-4.01,18746,23838574.0,-2.56,-2.3,-0.09,3.54
2003-05-21,600511,-4.01,-3.99,-3.96,-4.02,11773,14961664.0,-1.5,0.25,0.01,2.22
2003-05-22,600511,-4.0,-4.05,-4.0,-4.06,16465,20509926.0,-1.5,-1.5,-0.06,3.11
2003-05-23,600511,-4.04,-4.01,-3.97,-4.04,19352,24343581.0,-1.73,0.99,0.04,3.65
2003-05-26,600511,-4.0,-4.04,-3.99,-4.06,18859,23460310.0,-1.75,-0.75,-0.03,3.56
2003-05-27,600511,-4.04,-4.07,-4.04,-4.11,21688,26627134.0,-1.73,-0.74,-0.03,4.09
2003-05-28,600511,-4.07,-4.06,-4.01,-4.07,14698,18333291.0,-1.47,0.25,0.01,2.77
2003-05-29,600511,-4.07,-4.03,-4.02,-4.07,11365,14129418.0,-1.23,0.74,0.03,2.14
2003-05-30,600511,-4.01,-3.97,-3.96,-4.05,22462,28371310.0,-2.23,1.49,0.06,4.24
2003-06-02,600511,-3.97,-3.99,-3.96,-4.02,9848,12478536.0,-1.51,-0.5,-0.02,1.86
2003-06-03,600511,-4.01,-4.05,-3.99,-4.07,12531,15465136.0,-2.01,-1.5,-0.06,2.36
2003-06-04,600511,-4.06,-4.04,-4.02,-4.09,10402,12742942.0,-1.73,0.25,0.01,1.96
2003-06-05,600511,-4.04,-4.11,-4.03,-4.11,11432,13884091.0,-1.98,-1.73,-0.07,2.16
2003-06-06,600511,-4.12,-4.17,-4.09,-4.17,10176,12147787.0,-1.95,-1.46,-0.06,1.92
2003-06-09,600511,-4.17,-4.21,-4.17,-4.21,9178,10664284.0,-0.96,-0.96,-0.04,1.73
2003-06-10,600511,-4.21,-4.18,-4.15,-4.21,7267,8525199.0,-1.43,0.71,0.03,1.37
2003-06-11,600511,-4.16,-4.14,-4.14,-4.18,6971,8233470.0,-0.96,0.96,0.04,1.32
2003-06-12,600511,-4.13,-4.13,-4.13,-4.16,6809,8079324.0,-0.72,0.24,0.01,1.28
2003-06-13,600511,-4.13,-4.11,-4.07,-4.14,7674,9272220.0,-1.69,0.48,0.02,1.45
2003-06-16,600511,-4.11,-4.15,-4.09,-4.16,5254,6248559.0,-1.7,-0.97,-0.04,0.99
2003-06-17,600511,-4.15,-4.14,-4.1,-4.16,5082,6054286.0,-1.45,0.24,0.01,0.96
2003-06-18,600511,-4.12,-4.16,-4.12,-4.17,3407,4038471.0,-1.21,-0.48,-0.02,0.64
2003-06-19,600511,-4.17,-4.2,-4.16,-4.22,8885,10315092.0,-1.44,-0.96,-0.04,1.68
2003-06-20,600511,-4.18,-4.22,-4.18,-4.22,5245,6085345.0,-0.95,-0.48,-0.02,0.99
2003-06-23,600511,-4.22,-4.28,-4.22,-4.29,6467,7303345.0,-1.66,-1.42,-0.06,1.22
2003-06-24,600511,-4.29,-4.25,-4.25,-4.29,4579,5179203.0,-0.93,0.7,0.03,0.86
2003-06-25,600511,-4.25,-4.29,-4.25,-4.29,3731,4201844.0,-0.94,-0.94,-0.04,0.7
2003-06-26,600511,-4.31,-4.27,-4.27,-4.33,6594,7341018.0,-1.4,0.47,0.02,1.24
2003-06-27,600511,-4.27,-4.31,-4.27,-4.33,4744,5264000.0,-1.41,-0.94,-0.04,0.9
2003-06-30,600511,-4.33,-4.35,-4.31,-4.35,3223,3535992.0,-0.93,-0.93,-0.04,0.61
2003-07-01,600511,-4.35,-4.35,-4.31,-4.35,4038,4444214.0,-0.92,0.0,0.0,0.76
2003-07-02,600511,-4.34,-4.31,-4.31,-4.37,4436,4855223.0,-1.38,0.92,0.04,0.84
2003-07-03,600511,-4.33,-4.28,-4.25,-4.33,7829,8805577.0,-1.86,0.7,0.03,1.48
2003-07-04,600511,-4.28,-4.26,-4.24,-4.29,6211,7041893.0,-1.17,0.47,0.02,1.17
2003-07-07,600511,-4.27,-4.29,-4.26,-4.3,3582,4014862.0,-0.94,-0.7,-0.03,0.68
2003-07-08,600511,-4.29,-4.25,-4.24,-4.29,3374,3810315.0,-1.17,0.93,0.04,0.64
2003-07-09,600511,-4.27,-4.32,-4.26,-4.33,4567,5072947.0,-1.65,-1.65,-0.07,0.86
2003-07-10,600511,-4.31,-4.25,-4.24,-4.32,7644,8625883.0,-1.85,1.62,0.07,1.44
2003-07-11,600511,-4.24,-4.24,-4.22,-4.29,8958,10244471.0,-1.65,0.24,0.01,1.69
2003-07-14,600511,-4.25,-4.24,-4.23,-4.25,4801,5497637.0,-0.47,0.0,0.0,0.91
2003-07-15,600511,-4.23,-4.27,-4.23,-4.28,3870,4388356.0,-1.18,-0.71,-0.03,0.73
2003-07-16,600511,-4.28,-4.28,-4.27,-4.3,3316,3717465.0,-0.7,-0.23,-0.01,0.63
2003-07-17,600511,-4.27,-4.3,-4.27,-4.31,6685,7448743.0,-0.93,-0.47,-0.02,1.26
2003-07-18,600511,-4.3,-4.34,-4.28,-4.35,5916,6531213.0,-1.63,-0.93,-0.04,1.12
2003-07-21,600511,-4.34,-4.42,-4.34,-4.42,9065,9685181.0,-1.84,-1.84,-0.08,1.71
2003-07-22,600511,-4.41,-4.39,-4.37,-4.42,4091,4358629.0,-1.13,0.68,0.03,0.77
2003-07-23,600511,-4.38,-4.32,-4.32,-4.4,5476,5958173.0,-1.82,1.59,0.07,1.03
2003-07-24,600511,-4.29,-4.37,-4.29,-4.38,4018,4388234.0,-2.08,-1.16,-0.05,0.76
2003-07-25,600511,-4.37,-4.38,-4.34,-4.41,4407,4730492.0,-1.6,-0.23,-0.01,0.83
2003-07-28,600511,-4.39,-4.43,-4.39,-4.43,3503,3713529.0,-0.91,-1.14,-0.05,0.66
2003-07-29,600511,-4.44,-4.41,-4.38,-4.44,2300,2441996.0,-1.35,0.45,0.02,0.43
2003-07-30,600511,-4.4,-4.46,-4.39,-4.47,3333,3482205.0,-1.81,-1.13,-0.05,0.63
2003-07-31,600511,-4.46,-4.48,-4.45,-4.52,7549,7710792.0,-1.57,-0.45,-0.02,1.42
2003-08-01,600511,-4.48,-4.49,-4.48,-4.54,6049,6123227.0,-1.34,-0.22,-0.01,1.14
2003-08-04,600511,-4.5,-4.45,-4.45,-4.54,4994,5112795.0,-2.0,0.89,0.04,0.94
2003-08-05,600511,-4.46,-4.46,-4.45,-4.49,2430,2508698.0,-0.9,-0.22,-0.01,0.46
2003-08-06,600511,-4.48,-4.5,-4.46,-4.51,2040,2084698.0,-1.12,-0.9,-0.04,0.38
2003-08-07,600511,-4.51,-4.47,-4.46,-4.51,3787,3897636.0,-1.11,0.67,0.03,0.71
2003-08-08,600511,-4.46,-4.51,-4.46,-4.52,2794,2858356.0,-1.34,-0.89,-0.04,0.53
2003-08-11,600511,-4.54,-4.52,-4.51,-4.54,3440,3464690.0,-0.67,-0.22,-0.01,0.65
2003-08-12,600511,-4.52,-4.49,-4.48,-4.52,1835,1879169.0,-0.88,0.66,0.03,0.35
2003-08-13,600511,-4.49,-4.52,-4.49,-4.53,2078,2103130.0,-0.89,-0.67,-0.03,0.39
2003-08-14,600511,-4.52,-4.52,-4.49,-4.53,2565,2602636.0,-0.88,0.0,0.0,0.48
2003-08-15,600511,-4.53,-4.52,-4.5,-4.53,2103,2121110.0,-0.66,0.0,0.0,0.4
2003-08-18,600511,-4.53,-4.52,-4.51,-4.53,1272,1285881.0,-0.44,0.0,0.0,0.24
2003-08-19,600511,-4.52,-4.48,-4.47,-4.52,4778,4909776.0,-1.11,0.88,0.04,0.9
2003-08-20,600511,-4.48,-4.48,-4.47,-4.5,3050,3135126.0,-0.67,0.0,0.0,0.58
2003-08-21,600511,-4.47,-4.47,-4.45,-4.48,4495,4658874.0,-0.67,0.22,0.01,0.85
2003-08-22,600511,-4.47,-4.51,-4.46,-4.51,3385,3466995.0,-1.12,-0.89,-0.04,0.64
2003-08-25,600511,-4.48,-4.6,-4.48,-4.61,7210,7140052.0,-2.88,-2.0,-0.09,1.36
2003-08-26,600511,-4.6,-4.63,-4.59,-4.65,4863,4681264.0,-1.3,-0.65,-0.03,0.92
2003-08-27,600511,-4.61,-4.64,-4.61,-4.65,2846,2723002.0,-0.86,-0.22,-0.01,0.54
2003-08-28,600511,-4.65,-4.66,-4.6,-4.66,3822,3658787.0,-1.29,-0.43,-0.02,0.72
2003-08-29,600511,-4.66,-4.69,-4.66,-4.72,5972,5549728.0,-1.29,-0.64,-0.03,1.13
2003-09-01,600511,-4.68,-4.62,-4.61,-4.71,5333,5066083.0,-2.13,1.49,0.07,1.01
2003-09-02,600511,-4.62,-4.63,-4.59,-4.64,4158,4010624.0,-1.08,-0.22,-0.01,0.78
2003-09-03,600511,-4.63,-4.65,-4.62,-4.68,4220,4004906.0,-1.3,-0.43,-0.02,0.8
2003-09-04,600511,-4.65,-4.52,-4.45,-4.65,36465,36835056.0,-4.3,2.8,0.13,6.88
2003-09-05,600511,-4.54,-4.59,-4.54,-4.63,12027,11817428.0,-1.99,-1.55,-0.07,2.27
2003-09-08,600511,-4.59,-4.61,-4.59,-4.62,4428,4290849.0,-0.65,-0.44,-0.02,0.84
2003-09-09,600511,-4.61,-4.55,-4.52,-4.61,11277,11200639.0,-1.95,1.3,0.06,2.13
2003-09-10,600511,-4.54,-4.52,-4.45,-4.55,15705,16069718.0,-2.2,0.66,0.03,2.96
2003-09-11,600511,-4.52,-4.57,-4.51,-4.57,5294,5276091.0,-1.33,-1.11,-0.05,1.0
2003-09-12,600511,-4.57,-4.64,-4.57,-4.66,4724,4565122.0,-1.97,-1.53,-0.07,0.89
2003-09-15,600511,-4.69,-4.68,-4.63,-4.69,2827,2668344.0,-1.29,-0.86,-0.04,0.53
2003-09-16,600511,-4.68,-4.62,-4.61,-4.68,5562,5259432.0,-1.5,1.28,0.06,1.05
2003-09-17,600511,-4.64,-4.66,-4.61,-4.67,3176,3023031.0,-1.3,-0.87,-0.04,0.6
2003-09-18,600511,-4.67,-4.67,-4.64,-4.67,1745,1652183.0,-0.64,-0.21,-0.01,0.33
2003-09-19,600511,-4.65,-4.66,-4.64,-4.69,1741,1636371.0,-1.07,0.21,0.01,0.33
2003-09-22,600511,-4.65,-4.68,-4.65,-4.68,1957,1834526.0,-0.64,-0.43,-0.02,0.37
2003-09-23,600511,-4.67,-4.66,-4.65,-4.69,1498,1407840.0,-0.85,0.43,0.02,0.28
2003-09-24,600511,-4.65,-4.63,-4.62,-4.67,2856,2729224.0,-1.07,0.64,0.03,0.54
2003-09-25,600511,-4.63,-4.68,-4.63,-4.68,2435,2289646.0,-1.08,-1.08,-0.05,0.46
2003-09-26,600511,-4.68,-4.71,-4.68,-4.72,2873,2656527.0,-0.85,-0.64,-0.03,0.54
2003-09-29,600511,-4.71,-4.77,-4.71,-4.77,4154,3744494.0,-1.27,-1.27,-0.06,0.78
2003-09-30,600511,-4.77,-4.76,-4.74,-4.79,2037,1825662.0,-1.05,0.21,0.01,0.38
2003-10-08,600511,-4.78,-4.75,-4.75,-4.79,1433,1282830.0,-0.84,0.21,0.01,0.27
2003-10-09,600511,-4.76,-4.78,-4.74,-4.78,1399,1257092.0,-0.84,-0.63,-0.03,0.26
2003-10-10,600511,-4.78,-4.71,-4.7,-4.79,5661,5134852.0,-1.88,1.46,0.07,1.07
2003-10-13,600511,-4.71,-4.73,-4.7,-4.74,2830,2601317.0,-0.85,-0.42,-0.02,0.53
2003-10-14,600511,-4.73,-4.76,-4.73,-4.77,2184,1970731.0,-0.85,-0.63,-0.03,0.41
2003-10-15,600511,-4.76,-4.78,-4.74,-4.78,1888,1694274.0,-0.84,-0.42,-0.02,0.36
2003-10-16,600511,-4.78,-4.82,-4.76,-4.83,2411,2121742.0,-1.46,-0.84,-0.04,0.45
2003-10-17,600511,-4.82,-4.85,-4.82,-4.85,3562,3074383.0,-0.62,-0.62,-0.03,0.67
2003-10-20,600511,-4.85,-4.89,-4.85,-4.9,3823,3213910.0,-1.03,-0.82,-0.04,0.72
2003-10-21,600511,-4.88,-4.88,-4.87,-4.9,2734,2294752.0,-0.61,0.2,0.01,0.52
2003-10-22,600511,-4.88,-4.84,-4.81,-4.88,4708,4063468.0,-1.43,0.82,0.04,0.89
2003-10-23,600511,-4.84,-4.87,-4.82,-4.87,4334,3707726.0,-1.03,-0.62,-0.03,0.82
2003-10-24,600511,-4.85,-4.81,-4.78,-4.86,12149,10623102.0,-1.64,1.23,0.06,2.29
2003-10-27,600511,-4.8,-4.84,-4.8,-4.87,5826,4988646.0,-1.46,-0.62,-0.03,1.1
2003-10-28,600511,-4.82,-4.83,-4.81,-4.86,3477,3008498.0,-1.03,0.21,0.01,0.66
2003-10-29,600511,-4.83,-4.94,-4.82,-4.99,9497,7770004.0,-3.52,-2.28,-0.11,1.79
2003-10-30,600511,-4.95,-4.98,-4.95,-4.99,4250,3389831.0,-0.81,-0.81,-0.04,0.8
2003-10-31,600511,-4.99,-4.95,-4.9,-4.99,4532,3660772.0,-1.81,0.6,0.03,0.86
2003-11-03,600511,-4.95,-4.95,-4.93,-4.99,2774,2239072.0,-1.21,0.0,0.0,0.52
2003-11-04,600511,-4.94,-4.92,-4.9,-4.96,7033,5776457.0,-1.21,0.61,0.03,1.33
2003-11-05,600511,-4.92,-4.97,-4.92,-4.98,5067,4109124.0,-1.22,-1.02,-0.05,0.96
2003-11-06,600511,-4.97,-4.97,-4.95,-4.99,7763,6196864.0,-0.8,0.0,0.0,1.46
2003-11-07,600511,-4.97,-5.03,-4.97,-5.07,7070,5480446.0,-2.01,-1.21,-0.06,1.33
2003-11-10,600511,-5.03,-5.05,-5.03,-5.07,2544,1934568.0,-0.8,-0.4,-0.02,0.48
2003-11-11,600511,-5.06,-5.07,-5.04,-5.1,3483,2626088.0,-1.19,-0.4,-0.02,0.66
2003-11-12,600511,-5.08,-5.1,-5.07,-5.1,2769,2056559.0,-0.59,-0.59,-0.03,0.52
2003-11-13,600511,-5.11,-5.09,-5.08,-5.13,3373,2488964.0,-0.98,0.2,0.01,0.64
2003-11-14,600511,-5.11,-5.04,-5.02,-5.11,7192,5485433.0,-1.77,0.98,0.05,1.36
2003-11-17,600511,-5.07,-5.05,-5.04,-5.07,2638,2012685.0,-0.6,-0.2,-0.01,0.5
2003-11-18,600511,-5.06,-5.08,-5.05,-5.08,1796,1354020.0,-0.59,-0.59,-0.03,0.34
2003-11-19,600511,-5.08,-5.03,-5.01,-5.09,4274,3287503.0,-1.57,0.98,0.05,0.81
2003-11-20,600511,-5.02,-4.95,-4.94,-5.02,13370,10713934.0,-1.59,1.59,0.08,2.52
2003-11-21,600511,-4.94,-5.01,-4.93,-5.02,10181,8148455.0,-1.82,-1.21,-0.06,1.92
2003-11-24,600511,-5.01,-4.84,-4.84,-5.01,42121,35719118.0,-3.39,3.39,0.17,7.95
2003-11-25,600511,-4.83,-4.86,-4.77,-4.86,46813,40843482.0,-1.86,-0.41,-0.02,8.83
2003-11-26,600511,-4.84,-4.89,-4.84,-4.9,12471,10452253.0,-1.23,-0.62,-0.03,2.35
2003-11-27,600511,-4.88,-4.85,-4.81,-4.89,15636,13353823.0,-1.64,0.82,0.04,2.95
2003-11-28,600511,-4.86,-4.89,-4.83,-4.9,9406,7956902.0,-1.44,-0.82,-0.04,1.77
2003-12-01,600511,-4.89,-4.85,-4.85,-4.89,8824,7493511.0,-0.82,0.82,0.04,1.66
2003-12-02,600511,-4.84,-4.85,-4.81,-4.85,9669,8372447.0,-0.82,0.0,0.0,1.82
2003-12-03,600511,-4.86,-4.84,-4.81,-4.89,10660,9179410.0,-1.65,0.21,0.01,2.01
2003-12-04,600511,-4.84,-4.78,-4.74,-4.84,29082,25932000.0,-2.07,1.24,0.06,5.49
2003-12-05,600511,-4.77,-4.8,-4.76,-4.82,9245,8170034.0,-1.26,-0.42,-0.02,1.74
2003-12-08,600511,-4.8,-4.84,-4.79,-4.84,4444,3854915.0,-1.04,-0.83,-0.04,0.84
2003-12-09,600511,-4.85,-4.85,-4.84,-4.87,4132,3519560.0,-0.62,-0.21,-0.01,0.78
2003-12-10,600511,-4.85,-4.8,-4.8,-4.86,6248,5418460.0,-1.24,1.03,0.05,1.18
2003-12-11,600511,-4.8,-4.81,-4.76,-4.83,6368,5628178.0,-1.46,-0.21,-0.01,1.2
2003-12-12,600511,-4.8,-4.82,-4.79,-4.84,4009,3498225.0,-1.04,-0.21,-0.01,0.76
2003-12-15,600511,-4.82,-4.84,-4.82,-4.85,4137,3559158.0,-0.62,-0.41,-0.02,0.78
2003-12-16,600511,-4.84,-4.88,-4.84,-4.9,5944,4989001.0,-1.24,-0.83,-0.04,1.12
2003-12-17,600511,-4.89,-4.8,-4.77,-4.89,18911,16464104.0,-2.46,1.64,0.08,3.57
2003-12-18,600511,-4.81,-4.88,-4.81,-4.89,11131,9461337.0,-1.67,-1.67,-0.08,2.1
2003-12-19,600511,-4.89,-4.97,-4.88,-5.04,16665,13433804.0,-3.28,-1.84,-0.09,3.14
2003-12-22,600511,-4.99,-4.95,-4.93,-5.04,13139,10395255.0,-2.21,0.4,0.02,2.48
2003-12-23,600511,-4.94,-4.94,-4.91,-4.95,8679,7100181.0,-0.81,0.2,0.01,1.64
2003-12-24,600511,-4.94,-4.96,-4.93,-4.98,10930,8813792.0,-1.01,-0.4,-0.02,2.06
2003-12-25,600511,-4.96,-4.92,-4.9,-4.96,17497,14310089.0,-1.21,0.81,0.04,3.3
2003-12-26,600511,-4.93,-4.91,-4.89,-4.93,10113,8368744.0,-0.81,0.2,0.01,1.91
2003-12-29,600511,-4.86,-4.89,-4.83,-4.89,27428,23380829.0,-1.22,0.41,0.02,5.18
2003-12-30,600511,-4.91,-4.93,-4.91,-4.95,9077,7440470.0,-0.82,-0.82,-0.04,1.71
2003-12-31,600511,-4.93,-4.93,-4.9,-4.96,9654,7875105.0,-1.22,0.0,0.0,1.82
2004-01-02,600511,-4.92,-4.93,-4.92,-4.94,8528,6997450.0,-0.41,0.0,0.0,1.61
2004-01-05,600511,-4.93,-4.92,-4.92,-4.96,18431,15000438.0,-0.81,0.2,0.01,3.48
2004-01-06,600511,-4.91,-4.93,-4.88,-4.95,16395,13529851.0,-1.42,-0.2,-0.01,3.09
2004-01-07,600511,-4.94,-4.91,-4.9,-4.96,19871,16335900.0,-1.22,0.41,0.02,3.75
2004-01-08,600511,-4.91,-4.83,-4.81,-4.91,44349,37937606.0,-2.04,1.63,0.08,8.37
2004-01-09,600511,-4.83,-4.82,-4.79,-4.86,32065,27685400.0,-1.45,0.21,0.01,6.05
2004-01-12,600511,-4.83,-4.77,-4.77,-4.86,22132,19360086.0,-1.87,1.04,0.05,4.18
2004-01-13,600511,-4.77,-4.78,-4.76,-4.83,21956,19407283.0,-1.47,-0.21,-0.01,4.14
2004-01-14,600511,-4.78,-4.82,-4.77,-4.82,11857,10383632.0,-1.05,-0.84,-0.04,2.24
2004-01-15,600511,-4.84,-4.83,-4.81,-4.84,9698,8418370.0,-0.62,-0.21,-0.01,1.83
2004-01-16,600511,-4.82,-4.8,-4.78,-4.84,14578,12797804.0,-1.24,0.62,0.03,2.75
2004-01-29,600511,-4.78,-4.71,-4.7,-4.79,23061,21049128.0,-1.88,1.88,0.09,4.35
2004-01-30,600511,-4.71,-4.73,-4.65,-4.74,26408,24429604.0,-1.91,-0.42,-0.02,4.98
2004-02-02,600511,-4.73,-4.7,-4.67,-4.75,18891,17419245.0,-1.69,0.63,0.03,3.56
2004-02-03,600511,-4.69,-4.68,-4.68,-4.72,16261,15093867.0,-0.85,0.43,0.02,3.07
2004-02-04,600511,-4.68,-4.65,-4.62,-4.69,25819,24468033.0,-1.5,0.64,0.03,4.87
2004-02-05,600511,-4.66,-4.66,-4.63,-4.68,21339,20212298.0,-1.08,-0.22,-0.01,4.03
2004-02-06,600511,-4.67,-4.73,-4.67,-4.75,23855,22125434.0,-1.72,-1.5,-0.07,4.5
2004-02-09,600511,-4.74,-4.67,-4.67,-4.75,11356,10521183.0,-1.69,1.27,0.06,2.14
2004-02-10,600511,-4.67,-4.64,-4.61,-4.69,23401,22291688.0,-1.71,0.64,0.03,4.42
2004-02-11,600511,-4.65,-4.65,-4.64,-4.68,10230,9634858.0,-0.86,-0.22,-0.01,1.93
2004-02-12,600511,-4.65,-4.64,-4.6,-4.65,14325,13775376.0,-1.08,0.22,0.01,2.7
2004-02-13,600511,-4.63,-4.6,-4.56,-4.64,31757,31028113.0,-1.72,0.86,0.04,5.99
2004-02-16,600511,-4.53,-4.55,-4.51,-4.56,45930,45965895.0,-1.09,1.09,0.05,8.67
2004-02-17,600511,-4.54,-4.46,-4.44,-4.55,41901,43036719.0,-2.42,1.98,0.09,7.91
2004-02-18,600511,-4.45,-4.5,-4.45,-4.51,22917,23437740.0,-1.35,-0.9,-0.04,4.32
2004-02-19,600511,-4.5,-4.48,-4.48,-4.52,16640,16998369.0,-0.89,0.44,0.02,3.14
2004-02-20,600511,-4.47,-4.49,-4.46,-4.52,12735,12995261.0,-1.34,-0.22,-0.01,2.4
2004-02-23,600511,-4.49,-4.57,-4.48,-4.58,23359,23460264.0,-2.23,-1.78,-0.08,4.41
2004-02-24,600511,-4.59,-4.62,-4.57,-4.66,20627,19876616.0,-1.97,-1.09,-0.05,3.89
2004-02-25,600511,-4.61,-4.67,-4.55,-4.68,14554,14054411.0,-2.81,-1.08,-0.05,2.75
2004-02-26,600511,-4.67,-4.68,-4.65,-4.7,10940,10209123.0,-1.07,-0.21,-0.01,2.06
2004-02-27,600511,-4.68,-4.66,-4.64,-4.68,8952,8463562.0,-0.85,0.43,0.02,1.69
2004-03-01,600511,-4.66,-4.62,-4.62,-4.67,7822,7448894.0,-1.07,0.86,0.04,1.48
2004-03-02,600511,-4.64,-4.65,-4.62,-4.66,7857,7459466.0,-0.87,-0.65,-0.03,1.48
2004-03-03,600511,-4.65,-4.71,-4.65,-4.71,11878,11072409.0,-1.29,-1.29,-0.06,2.24
2004-03-04,600511,-4.73,-4.69,-4.68,-4.74,6384,5878602.0,-1.27,0.42,0.02,1.2
2004-03-05,600511,-4.7,-4.7,-4.68,-4.71,4458,4152051.0,-0.64,-0.21,-0.01,0.84
2004-03-08,600511,-4.73,-4.74,-4.7,-4.75,5184,4750209.0,-1.06,-0.85,-0.04,0.98
2004-03-09,600511,-4.74,-4.77,-4.74,-4.78,5154,4666048.0,-0.84,-0.63,-0.03,0.97
2004-03-10,600511,-4.78,-4.7,-4.7,-4.78,6735,6114956.0,-1.68,1.47,0.07,1.27
2004-03-11,600511,-4.7,-4.7,-4.68,-4.73,6421,5942954.0,-1.06,0.0,0.0,1.21
2004-03-12,600511,-4.69,-4.72,-4.69,-4.73,4354,4014044.0,-0.85,-0.43,-0.02,0.82
2004-03-15,600511,-4.72,-4.68,-4.67,-4.72,7082,6600393.0,-1.06,0.85,0.04,1.34
2004-03-16,600511,-4.67,-4.68,-4.67,-4.7,6901,6447504.0,-0.64,0.0,0.0,1.3
2004-03-17,600511,-4.69,-4.66,-4.65,-4.69,6585,6199040.0,-0.85,0.43,0.02,1.24
2004-03-18,600511,-4.67,-4.71,-4.66,-4.72,5784,5399648.0,-1.29,-1.07,-0.05,1.09
2004-03-19,600511,-4.71,-4.69,-4.69,-4.72,4299,3974311.0,-0.64,0.42,0.02,0.81
2004-03-22,600511,-4.68,-4.66,-4.66,-4.7,6134,5737037.0,-0.85,0.64,0.03,1.16
2004-03-23,600511,-4.66,-4.67,-4.66,-4.69,5804,5448498.0,-0.64,-0.21,-0.01,1.1
2004-03-24,600511,-4.66,-4.67,-4.65,-4.68,6970,6581497.0,-0.64,0.0,0.0,1.32
2004-03-25,600511,-4.68,-4.68,-4.67,-4.7,7116,6637480.0,-0.64,-0.21,-0.01,1.34
2004-03-26,600511,-4.67,-4.7,-4.67,-4.7,7949,7381241.0,-0.64,-0.43,-0.02,1.5
2004-03-29,600511,-4.72,-4.75,-4.71,-4.76,15017,13670438.0,-1.06,-1.06,-0.05,2.83
2004-03-30,600511,-4.75,-4.73,-4.72,-4.75,4979,4532823.0,-0.63,0.42,0.02,0.94
2004-03-31,600511,-4.73,-4.71,-4.7,-4.73,7141,6563728.0,-0.63,0.42,0.02,1.35
2004-04-01,600511,-4.7,-4.7,-4.7,-4.72,7143,6594042.0,-0.42,0.21,0.01,1.35
2004-04-02,600511,-4.68,-4.66,-4.66,-4.69,9896,9283207.0,-0.64,0.85,0.04,1.87
2004-04-05,600511,-4.67,-4.61,-4.61,-4.68,15769,15035863.0,-1.5,1.07,0.05,2.98
2004-04-06,600511,-4.61,-4.59,-4.57,-4.63,18199,17751365.0,-1.3,0.43,0.02,3.43
2004-04-07,600511,-4.59,-4.63,-4.59,-4.64,14153,13653002.0,-1.09,-0.87,-0.04,2.67
2004-04-08,600511,-4.63,-4.64,-4.63,-4.67,10764,10246978.0,-0.86,-0.22,-0.01,2.03
2004-04-09,600511,-4.65,-4.7,-4.62,-4.71,11750,11110618.0,-1.94,-1.29,-0.06,2.22
2004-04-12,600511,-4.71,-4.72,-4.69,-4.74,7678,7055772.0,-1.06,-0.43,-0.02,1.45
2004-04-13,600511,-4.71,-4.73,-4.68,-4.73,4997,4615640.0,-1.06,-0.21,-0.01,0.94
2004-04-14,600511,-4.7,-4.73,-4.7,-4.75,7148,6515680.0,-1.06,0.0,0.0,1.35
2004-04-15,600511,-4.71,-4.74,-4.7,-4.74,6244,5727517.0,-0.85,-0.21,-0.01,1.18
2004-04-16,600511,-4.73,-4.78,-4.72,-4.84,11148,9853315.0,-2.53,-0.84,-0.04,2.1
2004-04-19,600511,-4.76,-4.79,-4.74,-4.8,5083,4531354.0,-1.26,-0.21,-0.01,0.96
2004-04-20,600511,-4.79,-4.81,-4.78,-4.83,3342,2932245.0,-1.04,-0.42,-0.02,0.63
2004-04-21,600511,-4.81,-4.81,-4.78,-4.83,3416,2998024.0,-1.04,0.0,0.0,0.64
2004-04-22,600511,-4.81,-4.78,-4.78,-4.82,2724,2396616.0,-0.83,0.62,0.03,0.51
2004-04-23,600511,-4.76,-4.76,-4.68,-4.76,21940,20094021.0,-1.67,0.42,0.02,4.14
2004-04-26,600511,-4.76,-4.78,-4.73,-4.8,5477,4887140.0,-1.47,-0.42,-0.02,1.03
2004-04-28,600511,-4.82,-4.86,-4.82,-4.88,10024,8562289.0,-1.26,-1.67,-0.08,1.89
2004-04-29,600511,-4.85,-4.9,-4.84,-4.91,5276,4462947.0,-1.44,-0.82,-0.04,1.0
2004-04-30,600511,-4.9,-4.88,-4.87,-4.91,2958,2485615.0,-0.82,0.41,0.02,0.56
2004-05-10,600511,-4.85,-4.93,-4.85,-4.95,2582,2134661.0,-2.05,-1.02,-0.05,0.49
2004-05-11,600511,-4.93,-4.92,-4.9,-4.95,1744,1432866.0,-1.01,0.2,0.01,0.33
2004-05-12,600511,-4.92,-4.87,-4.87,-4.92,2344,1959251.0,-1.02,1.02,0.05,0.44
2004-05-13,600511,-4.89,-4.88,-4.87,-4.9,1479,1239824.0,-0.62,-0.21,-0.01,0.28
2004-05-14,600511,-4.88,-4.93,-4.88,-4.93,2446,2019861.0,-1.02,-1.02,-0.05,0.46
2004-05-17,600511,-4.95,-4.93,-4.92,-4.95,1399,1143769.0,-0.61,0.0,0.0,0.26
2004-05-18,600511,-4.92,-4.89,-4.89,-4.93,2679,2216283.0,-0.81,0.81,0.04,0.51
2004-05-19,600511,-4.89,-4.89,-4.87,-4.9,2996,2521772.0,-0.61,0.0,0.0,0.57
2004-05-20,600511,-4.89,-4.92,-4.89,-4.92,1589,1322296.0,-0.61,-0.61,-0.03,0.3
2004-05-21,600511,-4.9,-4.9,-4.9,-4.92,1380,1144175.0,-0.41,0.41,0.02,0.26
2004-05-24,600511,-4.89,-4.92,-4.88,-4.92,1365,1135416.0,-0.82,-0.41,-0.02,0.26
2004-05-25,600511,-4.92,-4.96,-4.92,-4.97,3056,2479493.0,-1.02,-0.81,-0.04,0.58
2004-05-26,600511,-4.96,-4.96,-4.95,-4.98,2323,1864879.0,-0.6,0.0,0.0,0.44
2004-05-27,600511,-4.96,-4.94,-4.93,-4.99,2972,2417766.0,-1.21,0.4,0.02,0.56
2004-05-28,600511,-4.91,-4.92,-4.87,-4.93,4438,3714864.0,-1.21,0.4,0.02,0.84
2004-05-31,600511,-4.92,-4.92,-4.92,-4.94,1265,1039032.0,-0.41,0.0,0.0,0.24
2004-06-01,600511,-4.94,-4.88,-4.87,-4.94,5068,4239281.0,-1.42,0.81,0.04,0.96
2004-06-02,600511,-4.87,-4.89,-4.87,-4.9,4079,3427576.0,-0.61,-0.2,-0.01,0.77
2004-06-03,600511,-4.89,-4.94,-4.89,-4.94,3132,2577633.0,-1.02,-1.02,-0.05,0.59
2004-06-04,600511,-4.92,-4.92,-4.92,-4.95,2131,1743858.0,-0.61,0.4,0.02,0.4
2004-06-07,600511,-4.93,-4.94,-4.93,-4.96,2048,1660426.0,-0.61,-0.41,-0.02,0.39
2004-06-08,600511,-4.94,-4.97,-4.94,-4.97,2441,1966666.0,-0.61,-0.61,-0.03,0.46
2004-06-09,600511,-4.97,-5.0,-4.94,-5.01,2718,2166554.0,-1.41,-0.6,-0.03,0.51
2004-06-10,600511,-5.01,-5.02,-4.99,-5.04,2893,2254400.0,-1.0,-0.4,-0.02,0.55
2004-06-11,600511,-5.0,-5.01,-4.98,-5.02,2993,2329082.0,-0.8,0.2,0.01,0.56
2004-06-14,600511,-5.02,-5.03,-5.0,-5.04,2668,2035287.0,-0.8,-0.4,-0.02,0.5
2004-06-15,600511,-5.03,-5.0,-4.98,-5.05,1784,1366373.0,-1.39,0.6,0.03,0.34
2004-06-16,600511,-5.01,-5.0,-4.98,-5.02,2369,1845468.0,-0.8,0.0,0.0,0.45
2004-06-17,600511,-5.0,-5.02,-4.97,-5.03,2226,1720042.0,-1.2,-0.4,-0.02,0.42
2004-06-18,600511,-5.01,-5.01,-5.01,-5.03,1780,1364361.0,-0.4,0.2,0.01,0.34
2004-06-21,600511,-5.05,-4.98,-4.98,-5.05,1807,1403951.0,-1.4,0.6,0.03,0.34
2004-06-22,600511,-4.98,-4.97,-4.93,-4.98,5914,4711302.0,-1.0,0.2,0.01,1.12
2004-06-23,600511,-4.96,-4.97,-4.96,-4.99,2834,2229853.0,-0.6,0.0,0.0,0.53
2004-06-24,600511,-4.97,-4.94,-4.93,-4.97,5040,4050916.0,-0.8,0.6,0.03,0.95
2004-06-25,600511,-4.94,-5.01,-4.94,-5.02,2813,2207690.0,-1.62,-1.42,-0.07,0.53
2004-06-28,600511,-5.03,-5.04,-4.99,-5.06,3794,2881877.0,-1.4,-0.6,-0.03,0.72
2004-06-29,600511,-5.04,-5.04,-5.02,-5.07,2764,2082645.0,-0.99,0.0,0.0,0.52
2004-06-30,600511,-5.03,-5.08,-5.03,-5.09,2053,1537639.0,-1.19,-0.79,-0.04,0.39
2004-07-01,600511,-5.09,-5.04,-5.03,-5.1,3931,2958271.0,-1.38,0.79,0.04,0.74
2004-07-02,600511,-5.05,-5.05,-5.04,-5.07,1711,1288278.0,-0.6,-0.2,-0.01,0.32
2004-07-05,600511,-5.06,-5.06,-5.05,-5.07,1256,936173.0,-0.4,-0.2,-0.01,0.24
2004-07-06,600511,-5.06,-5.05,-5.03,-5.06,1732,1306631.0,-0.59,0.2,0.01,0.33
2004-07-07,600511,-5.05,-5.07,-5.05,-5.08,971,722482.0,-0.59,-0.4,-0.02,0.18
2004-07-08,600511,-5.06,-5.07,-5.06,-5.08,1683,1249624.0,-0.39,0.0,0.0,0.32
2004-07-09,600511,-5.06,-5.08,-5.06,-5.08,1470,1094165.0,-0.39,-0.2,-0.01,0.28
2004-07-12,600511,-5.09,-5.15,-5.09,-5.15,3309,2360555.0,-1.18,-1.38,-0.07,0.62
2004-07-13,600511,-5.15,-5.15,-5.14,-5.16,2117,1494246.0,-0.39,0.0,0.0,0.4
2004-07-14,600511,-5.15,-5.2,-5.14,-5.25,3191,2185390.0,-2.14,-0.97,-0.05,0.6
2004-07-15,600511,-5.23,-5.21,-5.18,-5.23,2732,1852125.0,-0.96,-0.19,-0.01,0.52
2004-07-16,600511,-5.21,-5.16,-5.15,-5.21,5495,3826835.0,-1.15,0.96,0.05,1.04
2004-07-19,600511,-5.15,-5.15,-5.13,-5.16,3525,2504918.0,-0.58,0.19,0.01,0.67
2004-07-20,600511,-5.16,-5.17,-5.15,-5.17,2603,1817134.0,-0.39,-0.39,-0.02,0.49
2004-07-21,600511,-5.17,-5.16,-5.15,-5.18,1490,1043180.0,-0.58,0.19,0.01,0.28
2004-07-22,600511,-5.16,-5.21,-5.16,-5.21,2472,1701190.0,-0.97,-0.97,-0.05,0.47
2004-07-23,600511,-5.21,-5.21,-5.21,-5.24,2136,1434265.0,-0.58,0.0,0.0,0.4
2004-07-26,600511,-5.21,-5.24,-5.21,-5.24,1570,1048347.0,-0.58,-0.58,-0.03,0.3
2004-07-27,600511,-5.25,-5.22,-5.22,-5.25,1747,1167868.0,-0.57,0.38,0.02,0.33
2004-07-28,600511,-5.2,-5.2,-5.2,-5.24,1567,1058288.0,-0.77,0.38,0.02,0.3
2004-07-29,600511,-5.2,-5.18,-5.18,-5.22,2086,1428716.0,-0.77,0.38,0.02,0.39
2004-07-30,600511,-5.18,-5.21,-5.18,-5.22,1336,909122.0,-0.77,-0.58,-0.03,0.25
2004-08-02,600511,-5.22,-5.21,-5.21,-5.24,676,453930.0,-0.58,0.0,0.0,0.13
2004-08-03,600511,-5.22,-5.21,-5.2,-5.22,672,455246.0,-0.38,0.0,0.0,0.13
2004-08-04,600511,-5.21,-5.18,-5.15,-5.21,3112,2159657.0,-1.15,0.58,0.03,0.59
2004-08-05,600511,-5.17,-5.18,-5.15,-5.19,2037,1411223.0,-0.77,0.0,0.0,0.38
2004-08-06,600511,-5.17,-5.19,-5.17,-5.22,1475,1009324.0,-0.97,-0.19,-0.01,0.28
2004-08-09,600511,-5.21,-5.2,-5.19,-5.22,809,549957.0,-0.58,-0.19,-0.01,0.15
2004-08-10,600511,-5.21,-5.19,-5.18,-5.21,955,651714.0,-0.58,0.19,0.01,0.18
2004-08-11,600511,-5.2,-5.22,-5.2,-5.23,1131,766038.0,-0.58,-0.58,-0.03,0.21
2004-08-12,600511,-5.24,-5.23,-5.23,-5.25,2021,1338281.0,-0.38,-0.19,-0.01,0.38
2004-08-13,600511,-5.22,-5.26,-5.22,-5.27,1602,1056365.0,-0.96,-0.57,-0.03,0.3
2004-08-16,600511,-5.27,-5.31,-5.26,-5.31,2869,1831662.0,-0.95,-0.95,-0.05,0.54
2004-08-17,600511,-5.31,-5.3,-5.28,-5.31,1343,854609.0,-0.56,0.19,0.01,0.25
2004-08-18,600511,-5.3,-5.31,-5.29,-5.31,1496,948123.0,-0.38,-0.19,-0.01,0.28
2004-08-19,600511,-5.31,-5.34,-5.31,-5.35,1970,1218651.0,-0.75,-0.56,-0.03,0.37
2004-08-20,600511,-5.34,-5.31,-5.31,-5.35,1829,1135345.0,-0.75,0.56,0.03,0.35
2004-08-23,600511,-5.34,-5.33,-5.32,-5.34,907,564478.0,-0.38,-0.38,-0.02,0.17
2004-08-24,600511,-5.33,-5.3,-5.28,-5.33,1850,1174628.0,-0.94,0.56,0.03,0.35
2004-08-25,600511,-5.32,-5.26,-5.26,-5.32,4861,3155009.0,-1.13,0.75,0.04,0.92
2004-08-26,600511,-5.26,-5.29,-5.26,-5.3,2692,1735848.0,-0.76,-0.57,-0.03,0.51
2004-08-27,600511,-5.3,-5.31,-5.29,-5.31,1503,954374.0,-0.38,-0.38,-0.02,0.28
2004-08-30,600511,-5.31,-5.3,-5.28,-5.32,1234,782995.0,-0.75,0.19,0.01,0.23
2004-08-31,600511,-5.26,-5.27,-5.24,-5.28,3185,2077745.0,-0.75,0.57,0.03,0.6
2004-09-01,600511,-5.29,-5.29,-5.27,-5.29,874,560845.0,-0.38,-0.38,-0.02,0.16
2004-09-02,600511,-5.28,-5.27,-5.27,-5.31,1158,746359.0,-0.76,0.38,0.02,0.22
2004-09-03,600511,-5.28,-5.26,-5.26,-5.29,1343,874772.0,-0.57,0.19,0.01,0.25
2004-09-06,600511,-5.26,-5.27,-5.26,-5.28,661,428798.0,-0.38,-0.19,-0.01,0.12
2004-09-07,600511,-5.27,-5.26,-5.26,-5.29,861,555828.0,-0.57,0.19,0.01,0.16
2004-09-08,600511,-5.26,-5.28,-5.26,-5.29,1268,819922.0,-0.57,-0.38,-0.02,0.24
2004-09-09,600511,-5.3,-5.29,-5.29,-5.31,1354,862038.0,-0.38,-0.19,-0.01,0.26
2004-09-10,600511,-5.3,-5.3,-5.29,-5.32,1127,713213.0,-0.57,-0.19,-0.01,0.21
2004-09-13,600511,-5.32,-5.33,-5.31,-5.33,1255,784251.0,-0.38,-0.57,-0.03,0.24
2004-09-14,600511,-5.32,-5.27,-5.27,-5.32,2789,1794099.0,-0.94,1.13,0.06,0.53
2004-09-15,600511,-5.27,-5.21,-5.17,-5.27,11093,7515474.0,-1.9,1.14,0.06,2.09
2004-09-16,600511,-5.21,-5.18,-5.18,-5.22,6795,4642842.0,-0.77,0.58,0.03,1.28
2004-09-17,600511,-5.18,-5.14,-5.13,-5.18,12349,8723129.0,-0.97,0.77,0.04,2.33
2004-09-20,600511,-5.12,-5.1,-5.09,-5.14,15237,10977308.0,-0.97,0.78,0.04,2.87
2004-09-21,600511,-5.11,-5.12,-5.1,-5.13,11803,8511179.0,-0.59,-0.39,-0.02,2.23
2004-09-22,600511,-5.12,-5.15,-5.1,-5.16,8758,6240761.0,-1.17,-0.59,-0.03,1.65
2004-09-23,600511,-5.15,-5.07,-5.07,-5.15,18377,13444603.0,-1.55,1.55,0.08,3.47
2004-09-24,600511,-5.07,-5.15,-5.05,-5.15,14914,10964850.0,-1.97,-1.58,-0.08,2.81
2004-09-27,600511,-5.12,-5.18,-5.09,-5.18,4699,3334801.0,-1.75,-0.58,-0.03,0.89
2004-09-28,600511,-5.12,-5.13,-5.12,-5.17,3441,2436842.0,-0.97,0.97,0.05,0.65
2004-09-29,600511,-5.1,-5.11,-5.08,-5.12,14094,10298903.0,-0.78,0.39,0.02,2.66
2004-09-30,600511,-5.11,-5.14,-5.09,-5.15,7018,5022194.0,-1.17,-0.59,-0.03,1.32
2004-10-08,600511,-5.13,-5.02,-4.99,-5.16,19555,14804697.0,-3.31,2.33,0.12,3.69
2004-10-11,600511,-5.02,-5.04,-4.99,-5.05,16411,12538965.0,-1.2,-0.4,-0.02,3.1
2004-10-12,600511,-5.07,-5.07,-5.04,-5.08,8665,6493981.0,-0.79,-0.6,-0.03,1.63
2004-10-13,600511,-5.07,-5.07,-5.05,-5.08,4276,3182398.0,-0.59,0.0,0.0,0.81
2004-10-14,600511,-5.07,-5.19,-5.06,-5.21,12015,8495672.0,-2.96,-2.37,-0.12,2.27
2004-10-15,600511,-5.18,-5.21,-5.17,-5.23,4837,3289679.0,-1.16,-0.39,-0.02,0.91
2004-10-18,600511,-5.2,-5.19,-5.18,-5.23,3038,2076188.0,-0.96,0.38,0.02,0.57
2004-10-19,600511,-5.17,-5.2,-5.16,-5.21,3092,2141406.0,-0.96,-0.19,-0.01,0.58
2004-10-20,600511,-5.2,-5.22,-5.2,-5.24,3340,2236116.0,-0.77,-0.38,-0.02,0.63
2004-10-21,600511,-5.21,-5.24,-5.19,-5.25,3434,2300617.0,-1.15,-0.38,-0.02,0.65
2004-10-22,600511,-5.25,-5.22,-5.2,-5.27,3634,2431726.0,-1.34,0.38,0.02,0.69
2004-10-25,600511,-5.21,-5.2,-5.18,-5.22,4782,3270462.0,-0.77,0.38,0.02,0.9
2004-10-26,600511,-5.23,-5.18,-5.17,-5.23,3477,2364874.0,-1.15,0.38,0.02,0.66
2004-10-27,600511,-5.18,-5.13,-5.13,-5.18,7090,5000225.0,-0.97,0.97,0.05,1.34
2004-10-28,600511,-5.12,-5.16,-5.12,-5.16,4208,2993809.0,-0.78,-0.58,-0.03,0.79
2004-10-29,600511,-5.19,-5.2,-5.16,-5.23,3983,2745114.0,-1.36,-0.78,-0.04,0.75
2004-11-01,600511,-5.21,-5.2,-5.2,-5.22,1235,837489.0,-0.38,0.0,0.0,0.23
2004-11-02,600511,-5.22,-5.21,-5.2,-5.23,1823,1230572.0,-0.58,-0.19,-0.01,0.34
2004-11-03,600511,-5.2,-5.17,-5.15,-5.2,3617,2509142.0,-0.96,0.77,0.04,0.68
2004-11-05,600511,-5.18,-5.19,-5.17,-5.2,1937,1333985.0,-0.58,-0.39,-0.02,0.37
2004-11-08,600511,-5.2,-5.18,-5.18,-5.2,1594,1091976.0,-0.39,0.19,0.01,0.3
2004-11-09,600511,-5.2,-5.17,-5.17,-5.2,1649,1143071.0,-0.58,0.19,0.01,0.31
2004-11-10,600511,-5.17,-5.11,-5.11,-5.17,8743,6265114.0,-1.16,1.16,0.06,1.65
2004-11-11,600511,-5.12,-5.14,-5.1,-5.14,8214,5934666.0,-0.78,-0.59,-0.03,1.55
2004-11-12,600511,-5.16,-5.12,-5.09,-5.16,5811,4195850.0,-1.36,0.39,0.02,1.1
2004-11-15,600511,-5.12,-5.08,-5.07,-5.13,8761,6406105.0,-1.17,0.78,0.04,1.65
2004-11-16,600511,-5.05,-5.07,-5.04,-5.08,19421,14535926.0,-0.79,0.2,0.01,3.66
2004-11-17,600511,-5.08,-5.11,-5.06,-5.12,6150,4493670.0,-1.18,-0.79,-0.04,1.16
2004-11-18,600511,-5.1,-5.08,-5.08,-5.12,3456,2516034.0,-0.78,0.59,0.03,0.65
2004-11-19,600511,-5.09,-5.08,-5.07,-5.11,4021,2957765.0,-0.79,0.0,0.0,0.76
2004-11-22,600511,-5.08,-5.08,-5.07,-5.1,4071,3007845.0,-0.59,0.0,0.0,0.77
2004-11-23,600511,-5.08,-5.1,-5.08,-5.1,5151,3773655.0,-0.39,-0.39,-0.02,0.97
2004-11-24,600511,-5.1,-5.13,-5.1,-5.13,4281,3087698.0,-0.59,-0.59,-0.03,0.81
2004-11-25,600511,-5.13,-5.12,-5.12,-5.14,3362,2403713.0,-0.39,0.19,0.01,0.63
2004-11-26,600511,-5.12,-5.12,-5.11,-5.13,2540,1828885.0,-0.39,0.0,0.0,0.48
2004-11-29,600511,-5.13,-5.14,-5.13,-5.15,2489,1771899.0,-0.39,-0.39,-0.02,0.47
2004-11-30,600511,-5.15,-5.13,-5.13,-5.15,2814,2009686.0,-0.39,0.19,0.01,0.53
2004-12-01,600511,-5.13,-5.13,-5.11,-5.14,1632,1169514.0,-0.58,0.0,0.0,0.31
2004-12-02,600511,-5.14,-5.12,-5.11,-5.14,2062,1476693.0,-0.58,0.19,0.01,0.39
2004-12-03,600511,-5.12,-5.09,-5.07,-5.12,5041,3699879.0,-0.98,0.59,0.03,0.95
2004-12-06,600511,-5.08,-5.11,-5.08,-5.12,3314,2409421.0,-0.79,-0.39,-0.02,0.63
2004-12-07,600511,-5.12,-5.13,-5.11,-5.13,2340,1686112.0,-0.39,-0.39,-0.02,0.44
2004-12-08,600511,-5.11,-5.14,-5.11,-5.15,2604,1858104.0,-0.78,-0.19,-0.01,0.49
2004-12-09,600511,-5.14,-5.13,-5.12,-5.15,3428,2450959.0,-0.58,0.19,0.01,0.65
2004-12-10,600511,-5.13,-5.19,-5.12,-5.19,3828,2679119.0,-1.36,-1.17,-0.06,0.72
2004-12-13,600511,-5.2,-5.2,-5.19,-5.21,2443,1664216.0,-0.39,-0.19,-0.01,0.46
2004-12-14,600511,-5.21,-5.21,-5.19,-5.22,2365,1605105.0,-0.58,-0.19,-0.01,0.45
2004-12-15,600511,-5.2,-5.21,-5.2,-5.24,3085,2066967.0,-0.77,0.0,0.0,0.58
2004-12-16,600511,-5.23,-5.23,-5.22,-5.24,1351,904657.0,-0.38,-0.38,-0.02,0.25
2004-12-17,600511,-5.24,-5.25,-5.24,-5.25,1283,847064.0,-0.19,-0.38,-0.02,0.24
2004-12-20,600511,-5.25,-5.24,-5.22,-5.26,1466,967056.0,-0.76,0.19,0.01,0.28
2004-12-21,600511,-5.25,-5.24,-5.22,-5.25,980,649926.0,-0.57,0.0,0.0,0.18
2004-12-22,600511,-5.23,-5.21,-5.21,-5.24,3599,2421305.0,-0.57,0.57,0.03,0.68
2004-12-23,600511,-5.21,-5.24,-5.21,-5.25,2247,1504745.0,-0.77,-0.58,-0.03,0.42
2004-12-24,600511,-5.24,-5.24,-5.23,-5.25,1414,936390.0,-0.38,0.0,0.0,0.27
2004-12-27,600511,-5.25,-5.27,-5.24,-5.27,2394,1565635.0,-0.57,-0.57,-0.03,0.45
2004-12-28,600511,-5.28,-5.27,-5.27,-5.29,1177,761818.0,-0.38,0.0,0.0,0.22
2004-12-29,600511,-5.27,-5.27,-5.27,-5.28,1413,916835.0,-0.19,0.0,0.0,0.27
2004-12-30,600511,-5.29,-5.29,-5.26,-5.36,2767,1756538.0,-1.9,-0.38,-0.02,0.52
2004-12-31,600511,-5.29,-5.32,-5.27,-5.32,1834,1156543.0,-0.95,-0.57,-0.03,0.35
2005-01-04,600511,-5.31,-5.32,-5.31,-5.33,826,517316.0,-0.38,0.0,0.0,0.16
2005-01-05,600511,-5.32,-5.31,-5.3,-5.33,1120,704443.0,-0.56,0.19,0.01,0.21
2005-01-06,600511,-5.33,-5.31,-5.3,-5.33,376,236574.0,-0.56,0.0,0.0,0.07
2005-01-07,600511,-5.31,-5.3,-5.29,-5.33,1400,884315.0,-0.75,0.19,0.01,0.26
2005-01-10,600511,-5.31,-5.29,-5.29,-5.33,814,516431.0,-0.75,0.19,0.01,0.15
2005-01-11,600511,-5.29,-5.29,-5.28,-5.3,1041,663995.0,-0.38,0.0,0.0,0.2
2005-01-12,600511,-5.29,-5.29,-5.29,-5.32,1836,1159758.0,-0.57,0.0,0.0,0.35
2005-01-13,600511,-5.3,-5.31,-5.3,-5.32,1819,1148600.0,-0.38,-0.38,-0.02,0.34
2005-01-14,600511,-5.29,-5.31,-5.29,-5.32,1340,846684.0,-0.56,0.0,0.0,0.25
2005-01-17,600511,-5.33,-5.34,-5.32,-5.35,2001,1231399.0,-0.56,-0.56,-0.03,0.38
2005-01-18,600511,-5.33,-5.33,-5.32,-5.35,911,562990.0,-0.56,0.19,0.01,0.17
2005-01-19,600511,-5.33,-5.34,-5.33,-5.35,1005,620193.0,-0.38,-0.19,-0.01,0.19
2005-01-20,600511,-5.35,-5.39,-5.35,-5.4,3508,2093984.0,-0.94,-0.94,-0.05,0.66
2005-01-21,600511,-5.4,-5.36,-5.36,-5.4,3211,1915321.0,-0.74,0.56,0.03,0.61
2005-01-24,600511,-5.34,-5.33,-5.31,-5.36,3497,2160297.0,-0.93,0.56,0.03,0.66
2005-01-25,600511,-5.35,-5.33,-5.33,-5.37,3121,1904212.0,-0.75,0.0,0.0,0.59
2005-01-26,600511,-5.34,-5.35,-5.33,-5.35,915,563066.0,-0.38,-0.38,-0.02,0.17
2005-01-27,600511,-5.35,-5.37,-5.35,-5.37,1022,620264.0,-0.37,-0.37,-0.02,0.19
2005-01-28,600511,-5.38,-5.4,-5.36,-5.4,1370,812316.0,-0.74,-0.56,-0.03,0.26
2005-01-31,600511,-5.42,-5.43,-5.4,-5.44,1917,1102844.0,-0.74,-0.56,-0.03,0.36
2005-02-01,600511,-5.43,-5.44,-5.42,-5.45,1383,790661.0,-0.55,-0.18,-0.01,0.26
2005-02-02,600511,-5.42,-5.37,-5.37,-5.45,4050,2390986.0,-1.47,1.29,0.07,0.76
2005-02-03,600511,-5.38,-5.41,-5.36,-5.42,3218,1907830.0,-1.12,-0.74,-0.04,0.61
2005-02-04,600511,-5.42,-5.38,-5.38,-5.43,2547,1506045.0,-0.92,0.55,0.03,0.48
2005-02-16,600511,-5.38,-5.36,-5.36,-5.41,2463,1481793.0,-0.93,0.37,0.02,0.46
2005-02-17,600511,-5.37,-5.33,-5.33,-5.39,4185,2578576.0,-1.12,0.56,0.03,0.79
2005-02-18,600511,-5.35,-5.36,-5.32,-5.37,2638,1632884.0,-0.94,-0.56,-0.03,0.5
2005-02-21,600511,-5.36,-5.32,-5.32,-5.36,2372,1471145.0,-0.75,0.75,0.04,0.45
2005-02-22,600511,-5.32,-5.3,-5.3,-5.33,3514,2212700.0,-0.56,0.38,0.02,0.66
2005-02-23,600511,-5.31,-5.3,-5.29,-5.32,3448,2183326.0,-0.57,0.0,0.0,0.65
2005-02-24,600511,-5.31,-5.31,-5.3,-5.32,3307,2079262.0,-0.38,-0.19,-0.01,0.62
2005-02-25,600511,-5.31,-5.3,-5.29,-5.32,5579,3546926.0,-0.56,0.19,0.01,1.05
2005-02-28,600511,-5.3,-5.33,-5.3,-5.34,3578,2233496.0,-0.75,-0.57,-0.03,0.68
2005-03-01,600511,-5.33,-5.33,-5.33,-5.34,2771,1711314.0,-0.19,0.0,0.0,0.52
2005-03-02,600511,-5.33,-5.37,-5.32,-5.37,3657,2250806.0,-0.94,-0.75,-0.04,0.69
2005-03-03,600511,-5.36,-5.35,-5.34,-5.37,2426,1478412.0,-0.56,0.37,0.02,0.46
2005-03-04,600511,-5.34,-5.34,-5.34,-5.36,1634,1003163.0,-0.37,0.19,0.01,0.31
2005-03-07,600511,-5.34,-5.34,-5.33,-5.35,1426,878274.0,-0.37,0.0,0.0,0.27
2005-03-08,600511,-5.36,-5.31,-5.31,-5.36,4500,2813774.0,-0.94,0.56,0.03,0.85
2005-03-09,600511,-5.3,-5.32,-5.3,-5.32,3448,2171234.0,-0.38,-0.19,-0.01,0.65
2005-03-10,600511,-5.32,-5.33,-5.29,-5.34,8496,5387307.0,-0.94,-0.19,-0.01,1.6
2005-03-11,600511,-5.34,-5.34,-5.33,-5.35,3261,2010656.0,-0.38,-0.19,-0.01,0.62
2005-03-14,600511,-5.34,-5.36,-5.33,-5.4,5308,3205859.0,-1.31,-0.37,-0.02,1.0
2005-03-15,600511,-5.36,-5.38,-5.35,-5.39,2910,1749338.0,-0.75,-0.37,-0.02,0.55
2005-03-16,600511,-5.38,-5.39,-5.38,-5.4,1779,1056945.0,-0.37,-0.19,-0.01,0.34
2005-03-17,600511,-5.39,-5.4,-5.39,-5.4,1398,826730.0,-0.19,-0.19,-0.01,0.26
2005-03-18,600511,-5.41,-5.42,-5.4,-5.42,2371,1381834.0,-0.37,-0.37,-0.02,0.45
2005-03-21,600511,-5.42,-5.43,-5.41,-5.44,1027,593324.0,-0.55,-0.18,-0.01,0.19
2005-03-22,600511,-5.43,-5.48,-5.42,-5.51,2950,1653410.0,-1.66,-0.92,-0.05,0.56
2005-03-23,600511,-5.47,-5.47,-5.46,-5.49,2916,1615191.0,-0.55,0.18,0.01,0.55
2005-03-24,600511,-5.42,-5.43,-5.41,-5.45,7735,4425055.0,-0.73,0.73,0.04,1.46
2005-03-25,600511,-5.45,-5.45,-5.43,-5.45,3377,1922234.0,-0.37,-0.37,-0.02,0.64
2005-03-28,600511,-5.47,-5.45,-5.44,-5.5,2520,1397966.0,-1.1,0.0,0.0,0.48
2005-03-29,600511,-5.46,-5.47,-5.45,-5.48,2448,1365783.0,-0.55,-0.37,-0.02,0.46
2005-03-30,600511,-5.48,-5.51,-5.46,-5.53,3283,1780086.0,-1.28,-0.73,-0.04,0.62
2005-03-31,600511,-5.52,-5.52,-5.51,-5.54,3450,1827628.0,-0.54,-0.18,-0.01,0.65
2005-04-01,600511,-5.52,-5.48,-5.46,-5.54,3937,2125235.0,-1.45,0.72,0.04,0.74
2005-04-04,600511,-5.51,-5.5,-5.49,-5.51,2355,1272439.0,-0.36,-0.36,-0.02,0.44
2005-04-05,600511,-5.51,-5.53,-5.49,-5.54,1598,858128.0,-0.91,-0.55,-0.03,0.3
2005-04-06,600511,-5.54,-5.51,-5.5,-5.54,2279,1211091.0,-0.72,0.36,0.02,0.43
2005-04-07,600511,-5.51,-5.48,-5.45,-5.52,7588,4227008.0,-1.27,0.54,0.03,1.43
2005-04-08,600511,-5.47,-5.42,-5.4,-5.48,8946,5093385.0,-1.46,1.09,0.06,1.69
2005-04-11,600511,-5.41,-5.43,-5.38,-5.44,5926,3433959.0,-1.11,-0.18,-0.01,1.12
2005-04-12,600511,-5.44,-5.46,-5.43,-5.47,2925,1648922.0,-0.74,-0.55,-0.03,0.55
2005-04-13,600511,-5.46,-5.43,-5.41,-5.46,4609,2629141.0,-0.92,0.55,0.03,0.87
2005-04-14,600511,-5.42,-5.46,-5.42,-5.46,1799,1016206.0,-0.74,-0.55,-0.03,0.34
2005-04-15,600511,-5.46,-5.5,-5.46,-5.51,3416,1867458.0,-0.92,-0.73,-0.04,0.64
2005-04-18,600511,-5.54,-5.52,-5.5,-5.54,1313,701455.0,-0.73,-0.36,-0.02,0.25
2005-04-19,600511,-5.53,-5.5,-5.49,-5.53,2411,1292005.0,-0.72,0.36,0.02,0.45
2005-04-20,600511,-5.51,-5.49,-5.46,-5.52,4432,2432550.0,-1.09,0.18,0.01,0.84
2005-04-21,600511,-5.5,-5.54,-5.49,-5.54,2374,1263639.0,-0.91,-0.91,-0.05,0.45
2005-04-22,600511,-5.49,-5.42,-5.42,-5.49,11751,6763056.0,-1.26,2.17,0.12,2.22
2005-04-25,600511,-5.37,-5.39,-5.37,-5.43,32091,18847538.0,-1.11,0.55,0.03,6.05
2005-04-26,600511,-5.4,-5.38,-5.36,-5.42,20162,12051511.0,-1.11,0.19,0.01,3.8
2005-04-27,600511,-5.39,-5.36,-5.35,-5.4,15271,9178761.0,-0.93,0.37,0.02,2.88
2005-04-28,600511,-5.37,-5.34,-5.32,-5.39,15921,9776364.0,-1.31,0.37,0.02,3.0
2005-05-09,600511,-5.33,-5.42,-5.33,-5.43,8509,5014909.0,-1.87,-1.5,-0.08,1.61
2005-05-10,600511,-5.42,-5.39,-5.39,-5.44,9649,5649538.0,-0.92,0.55,0.03,1.82
2005-05-11,600511,-5.39,-5.4,-5.35,-5.4,10643,6390241.0,-0.93,-0.19,-0.01,2.01
2005-05-12,600511,-5.4,-5.4,-5.39,-5.43,6456,3777337.0,-0.74,0.0,0.0,1.22
2005-05-13,600511,-5.41,-5.37,-5.37,-5.42,6470,3835167.0,-0.93,0.56,0.03,1.22
2005-05-16,600511,-5.38,-5.35,-5.34,-5.39,13277,8095731.0,-0.93,0.37,0.02,2.51
2005-05-17,600511,-5.36,-5.36,-5.33,-5.37,8474,5176855.0,-0.75,-0.19,-0.01,1.6
2005-05-18,600511,-5.36,-5.36,-5.34,-5.39,6530,3962251.0,-0.93,0.0,0.0,1.23
2005-05-19,600511,-5.35,-5.37,-5.34,-5.39,8581,5181039.0,-0.93,-0.19,-0.01,1.62
2005-05-20,600511,-5.37,-5.4,-5.36,-5.4,7250,4318413.0,-0.74,-0.56,-0.03,1.37
2005-05-23,600511,-5.4,-5.43,-5.4,-5.43,6130,3557489.0,-0.56,-0.56,-0.03,1.16
2005-05-24,600511,-5.43,-5.39,-5.38,-5.43,5573,3278815.0,-0.92,0.74,0.04,1.05
2005-05-25,600511,-5.4,-5.42,-5.39,-5.42,6422,3766339.0,-0.56,-0.56,-0.03,1.21
2005-05-26,600511,-5.42,-5.47,-5.4,-5.48,7660,4348020.0,-1.48,-0.92,-0.05,1.45
2005-05-27,600511,-5.48,-5.5,-5.46,-5.5,7625,4185284.0,-0.73,-0.55,-0.03,1.44
2005-05-30,600511,-5.5,-5.47,-5.46,-5.51,3611,1992498.0,-0.91,0.55,0.03,0.68
2005-05-31,600511,-5.47,-5.49,-5.46,-5.49,3121,1728276.0,-0.55,-0.37,-0.02,0.59
2005-06-01,600511,-5.48,-5.5,-5.48,-5.5,2946,1612771.0,-0.36,-0.18,-0.01,0.56
2005-06-02,600511,-5.5,-5.52,-5.5,-5.55,9555,5046911.0,-0.91,-0.36,-0.02,1.8
2005-06-03,600511,-5.53,-5.51,-5.46,-5.54,7755,4205177.0,-1.45,0.18,0.01,1.46
2005-06-06,600511,-5.51,-5.49,-5.48,-5.52,3277,1774957.0,-0.73,0.36,0.02,0.62
2005-06-07,600511,-5.49,-5.49,-5.45,-5.5,8419,4644690.0,-0.91,0.0,0.0,1.59
2005-06-08,600511,-5.51,-5.39,-5.38,-5.51,20429,11719430.0,-2.37,1.82,0.1,3.85
2005-06-09,600511,-5.39,-5.38,-5.33,-5.42,15169,9070470.0,-1.67,0.19,0.01,2.86
2005-06-10,600511,-5.4,-5.43,-5.39,-5.44,9671,5600030.0,-0.93,-0.93,-0.05,1.82
2005-06-13,600511,-5.44,-5.43,-5.42,-5.46,4823,2758802.0,-0.74,0.0,0.0,0.91
2005-06-14,600511,-5.43,-5.45,-5.41,-5.45,4893,2826521.0,-0.74,-0.37,-0.02,0.92
2005-06-15,600511,-5.45,-5.5,-5.45,-5.5,5882,3254287.0,-0.92,-0.92,-0.05,1.11
2005-06-16,600511,-5.5,-5.48,-5.47,-5.51,3218,1766181.0,-0.73,0.36,0.02,0.61
2005-06-17,600511,-5.48,-5.47,-5.46,-5.49,3270,1812812.0,-0.55,0.18,0.01,0.62
2005-06-20,600511,-5.48,-5.44,-5.44,-5.49,5494,3097799.0,-0.91,0.55,0.03,1.04
2005-06-21,600511,-5.44,-5.43,-5.43,-5.45,4628,2650153.0,-0.37,0.18,0.01,0.87
2005-06-22,600511,-5.43,-5.43,-5.42,-5.45,3035,1730248.0,-0.55,0.0,0.0,0.57
2005-06-23,600511,-5.43,-5.44,-5.41,-5.45,3821,2204199.0,-0.74,-0.18,-0.01,0.72
2005-06-24,600511,-5.44,-5.42,-5.42,-5.45,2804,1591941.0,-0.55,0.37,0.02,0.53
2005-06-27,600511,-5.42,-5.37,-5.37,-5.42,10142,5940978.0,-0.92,0.92,0.05,1.91
2005-06-28,600511,-5.38,-5.4,-5.38,-5.41,5632,3268709.0,-0.56,-0.56,-0.03,1.06
2005-06-29,600511,-5.39,-5.38,-5.37,-5.4,8246,4852098.0,-0.56,0.37,0.02,1.56
2005-06-30,600511,-5.4,-5.43,-5.38,-5.43,5796,3329595.0,-0.93,-0.93,-0.05,1.09
2005-07-01,600511,-5.43,-5.47,-5.43,-5.48,4715,2609796.0,-0.92,-0.74,-0.04,0.89
2005-07-04,600511,-5.48,-5.47,-5.46,-5.51,2938,1588282.0,-0.91,0.0,0.0,0.55
2005-07-05,600511,-5.46,-5.47,-5.43,-5.47,2421,1337070.0,-0.73,0.0,0.0,0.46
2005-07-06,600511,-5.47,-5.47,-5.46,-5.48,1524,834004.0,-0.37,0.0,0.0,0.29
2005-07-07,600511,-5.47,-5.46,-5.45,-5.47,1807,994599.0,-0.37,0.18,0.01,0.34
2005-07-08,600511,-5.46,-5.5,-5.45,-5.51,3261,1773439.0,-1.1,-0.73,-0.04,0.62
2005-07-11,600511,-5.5,-5.49,-5.45,-5.5,2273,1234748.0,-0.91,0.18,0.01,0.43
2005-07-12,600511,-5.48,-5.44,-5.43,-5.53,5867,3184128.0,-1.82,0.91,0.05,1.11
2005-07-13,600511,-5.46,-5.47,-5.45,-5.48,2369,1301693.0,-0.55,-0.55,-0.03,0.45
2005-07-14,600511,-5.49,-5.47,-5.46,-5.49,1915,1044708.0,-0.55,0.0,0.0,0.36
2005-07-15,600511,-5.48,-5.51,-5.46,-5.51,2672,1432120.0,-0.91,-0.73,-0.04,0.5
2005-07-18,600511,-5.52,-5.52,-5.5,-5.52,1977,1039910.0,-0.36,-0.18,-0.01,0.37
2005-07-19,600511,-5.51,-5.51,-5.49,-5.52,1657,876920.0,-0.54,0.18,0.01,0.31
2005-07-20,600511,-5.52,-5.51,-5.5,-5.52,1789,946329.0,-0.36,0.0,0.0,0.34
2005-07-21,600511,-5.51,-5.52,-5.51,-5.52,2811,1470628.0,-0.18,-0.18,-0.01,0.53
2005-07-22,600511,-5.52,-5.49,-5.48,-5.52,5620,2978389.0,-0.72,0.54,0.03,1.06
2005-07-25,600511,-5.49,-5.49,-5.48,-5.51,2273,1215328.0,-0.55,0.0,0.0,0.43
2005-07-26,600511,-5.5,-5.46,-5.45,-5.5,4935,2700227.0,-0.91,0.55,0.03,0.93
2005-07-27,600511,-5.45,-5.44,-5.43,-5.48,5108,2819241.0,-0.92,0.37,0.02,0.96
2005-07-28,600511,-5.45,-5.46,-5.44,-5.47,6148,3399343.0,-0.55,-0.37,-0.02,1.16
2005-07-29,600511,-5.47,-5.47,-5.46,-5.49,3987,2171449.0,-0.55,-0.18,-0.01,0.75
2005-08-01,600511,-5.46,-5.46,-5.45,-5.47,2163,1189466.0,-0.37,0.18,0.01,0.41
2005-08-02,600511,-5.46,-5.44,-5.44,-5.46,3951,2196896.0,-0.37,0.37,0.02,0.75
2005-08-03,600511,-5.44,-5.43,-5.42,-5.45,6641,3748544.0,-0.55,0.18,0.01,1.25
2005-08-04,600511,-5.45,-5.4,-5.39,-5.45,11384,6506125.0,-1.1,0.55,0.03,2.15
2005-08-05,600511,-5.38,-5.28,-5.28,-5.38,63542,39114146.0,-1.85,2.22,0.12,11.99
2005-08-08,600511,-5.28,-5.27,-5.25,-5.3,51969,33192505.0,-0.95,0.19,0.01,9.81
2005-08-09,600511,-5.28,-5.26,-5.24,-5.3,25876,16626489.0,-1.14,0.19,0.01,4.88
2005-08-10,600511,-5.25,-5.27,-5.25,-5.29,15924,10147232.0,-0.76,-0.19,-0.01,3.0
2005-08-11,600511,-5.27,-5.24,-5.23,-5.28,29005,18739255.0,-0.95,0.57,0.03,5.47
2005-08-12,600511,-5.25,-5.27,-5.23,-5.28,22388,14445276.0,-0.95,-0.57,-0.03,4.22
2005-08-15,600511,-5.27,-5.21,-5.2,-5.28,27962,18465172.0,-1.52,1.14,0.06,5.28
2005-08-16,600511,-5.21,-5.2,-5.14,-5.22,48698,33375903.0,-1.54,0.19,0.01,9.19
2005-08-17,600511,-5.22,-5.19,-5.15,-5.23,20274,13752074.0,-1.54,0.19,0.01,3.83
2005-08-18,600511,-5.19,-5.28,-5.18,-5.29,21949,14483570.0,-2.12,-1.73,-0.09,4.14
2005-08-19,600511,-5.29,-5.26,-5.21,-5.29,13214,8572618.0,-1.52,0.38,0.02,2.49
2005-08-22,600511,-5.25,-5.24,-5.23,-5.28,6877,4472481.0,-0.95,0.38,0.02,1.3
2005-08-23,600511,-5.26,-5.27,-5.24,-5.28,6520,4184680.0,-0.76,-0.57,-0.03,1.23
2005-08-24,600511,-5.27,-5.23,-5.22,-5.27,11558,7556891.0,-0.95,0.76,0.04,2.18
2005-08-25,600511,-5.22,-5.18,-5.15,-5.22,46242,31444947.0,-1.34,0.96,0.05,8.72
2005-08-26,600511,-5.18,-5.19,-5.18,-5.21,14984,10093590.0,-0.58,-0.19,-0.01,2.83
2005-08-29,600511,-5.2,-5.24,-5.2,-5.25,9855,6483250.0,-0.96,-0.96,-0.05,1.86
2005-08-30,600511,-5.23,-5.25,-5.22,-5.25,6077,4002277.0,-0.57,-0.19,-0.01,1.15
2005-08-31,600511,-5.25,-5.21,-5.2,-5.26,8774,5802069.0,-1.14,0.76,0.04,1.66
2005-09-01,600511,-5.21,-5.19,-5.18,-5.22,13746,9309693.0,-0.77,0.38,0.02,2.59
2005-09-02,600511,-5.18,-5.18,-5.18,-5.21,11157,7561471.0,-0.58,0.19,0.01,2.11
2005-09-05,600511,-5.17,-5.16,-5.16,-5.2,9672,6587867.0,-0.77,0.39,0.02,1.82
2005-09-06,600511,-5.16,-5.21,-5.15,-5.22,17490,11851632.0,-1.36,-0.97,-0.05,3.3
2005-09-07,600511,-5.22,-5.18,-5.18,-5.22,10694,7206764.0,-0.77,0.58,0.03,2.02
2005-09-08,600511,-5.17,-5.17,-5.15,-5.2,24084,16569770.0,-0.97,0.19,0.01,4.54
2005-09-09,600511,-5.17,-5.15,-5.13,-5.17,24201,16884632.0,-0.77,0.39,0.02,4.57
2005-09-12,600511,-5.13,-5.17,-5.09,-5.17,30880,21828719.0,-1.55,-0.39,-0.02,5.83
2005-09-13,600511,-5.17,-5.15,-5.15,-5.17,13954,9652664.0,-0.39,0.39,0.02,2.63
2005-09-14,600511,-5.14,-5.14,-5.13,-5.16,14213,9924023.0,-0.58,0.19,0.01,2.68
2005-09-15,600511,-5.14,-5.15,-5.13,-5.17,14672,10175287.0,-0.78,-0.19,-0.01,2.77
2005-09-16,600511,-5.15,-5.16,-5.15,-5.17,8269,5722779.0,-0.39,-0.19,-0.01,1.56
2005-09-19,600511,-5.16,-5.16,-5.15,-5.17,10501,7242641.0,-0.39,0.0,0.0,1.98
2005-09-20,600511,-5.16,-5.19,-5.16,-5.21,17298,11765700.0,-0.97,-0.58,-0.03,3.26
2005-09-21,600511,-5.2,-5.22,-5.19,-5.23,11209,7517442.0,-0.77,-0.58,-0.03,2.11
2005-09-22,600511,-5.23,-5.27,-5.21,-5.28,9648,6267673.0,-1.34,-0.96,-0.05,1.82
2005-09-23,600511,-5.25,-5.27,-5.24,-5.27,5209,3362174.0,-0.57,0.0,0.0,0.98
2005-09-26,600511,-5.26,-5.25,-5.24,-5.29,4344,2795166.0,-0.95,0.38,0.02,0.82
2005-09-27,600511,-5.26,-5.25,-5.24,-5.27,9392,6089152.0,-0.57,0.0,0.0,1.77
2005-09-28,600511,-5.26,-5.25,-5.23,-5.26,5260,3436075.0,-0.57,0.0,0.0,0.99
2005-09-29,600511,-5.26,-5.23,-5.23,-5.26,7863,5142824.0,-0.57,0.38,0.02,1.48
2005-09-30,600511,-5.23,-5.24,-5.22,-5.24,5315,3496411.0,-0.38,-0.19,-0.01,1.0
2005-10-10,600511,-5.23,-5.29,-5.23,-5.31,10377,6580162.0,-1.53,-0.95,-0.05,1.96
2005-10-11,600511,-5.29,-5.27,-5.25,-5.29,8848,5650153.0,-0.76,0.38,0.02,1.67
2005-10-12,600511,-5.28,-5.25,-5.24,-5.28,6631,4272439.0,-0.76,0.38,0.02,1.25
2005-10-13,600511,-5.25,-5.25,-5.22,-5.26,8654,5675433.0,-0.76,0.0,0.0,1.63
2005-10-14,600511,-5.25,-5.29,-5.25,-5.29,6202,3967016.0,-0.76,-0.76,-0.04,1.17
2005-10-17,600511,-5.29,-5.26,-5.26,-5.29,5289,3352818.0,-0.57,0.57,0.03,1.0
2005-10-18,600511,-5.26,-5.24,-5.24,-5.27,7549,4879671.0,-0.57,0.38,0.02,1.42
2005-10-19,600511,-5.24,-5.21,-5.17,-5.25,21492,14393339.0,-1.53,0.57,0.03,4.06
2005-10-20,600511,-5.22,-5.22,-5.21,-5.26,12361,8129900.0,-0.96,-0.19,-0.01,2.33
2005-10-21,600511,-5.21,-5.19,-5.18,-5.22,12895,8727364.0,-0.77,0.57,0.03,2.43
2005-10-24,600511,-5.17,-5.2,-5.15,-5.21,15337,10452594.0,-1.16,-0.19,-0.01,2.89
2005-10-25,600511,-5.19,-5.21,-5.16,-5.21,14329,9758571.0,-0.96,-0.19,-0.01,2.7
2005-10-26,600511,-5.21,-5.19,-5.15,-5.22,25326,17273354.0,-1.34,0.38,0.02,4.78
2005-10-27,600511,-5.19,-5.24,-5.15,-5.26,27600,18501272.0,-2.12,-0.96,-0.05,5.21
2005-10-28,600511,-5.24,-5.29,-5.24,-5.33,19008,11985641.0,-1.72,-0.95,-0.05,3.59
2005-10-31,600511,-5.3,-5.31,-5.3,-5.33,7232,4483775.0,-0.57,-0.38,-0.02,1.36
2005-11-01,600511,-5.31,-5.33,-5.31,-5.37,11003,6673765.0,-1.13,-0.38,-0.02,2.08
2005-11-02,600511,-5.33,-5.31,-5.3,-5.33,7787,4822072.0,-0.56,0.38,0.02,1.47
2005-11-03,600511,-5.32,-5.33,-5.3,-5.33,6625,4089400.0,-0.56,-0.38,-0.02,1.25
2005-11-04,600511,-5.33,-5.31,-5.31,-5.33,5721,3531321.0,-0.38,0.38,0.02,1.08
2005-11-07,600511,-5.31,-5.27,-5.27,-5.31,9214,5834991.0,-0.75,0.75,0.04,1.74
2005-11-08,600511,-5.27,-5.27,-5.26,-5.29,6769,4316400.0,-0.57,0.0,0.0,1.28
2005-11-09,600511,-5.27,-5.29,-5.26,-5.29,7725,4891158.0,-0.57,-0.38,-0.02,1.46
2005-11-10,600511,-5.29,-5.33,-5.29,-5.34,6511,4025224.0,-0.95,-0.76,-0.04,1.23
2005-11-11,600511,-5.34,-5.33,-5.32,-5.35,5030,3071573.0,-0.56,0.0,0.0,0.95
2005-11-14,600511,-5.33,-5.32,-5.32,-5.34,2338,1431403.0,-0.38,0.19,0.01,0.44
2005-11-15,600511,-5.32,-5.32,-5.3,-5.33,2249,1392678.0,-0.56,0.0,0.0,0.42
2005-11-16,600511,-5.33,-5.31,-5.31,-5.35,3388,2063358.0,-0.75,0.19,0.01,0.64
2005-11-17,600511,-5.31,-5.3,-5.29,-5.33,6156,3860843.0,-0.75,0.19,0.01,1.16
2005-11-18,600511,-5.3,-5.27,-5.26,-5.3,7962,5074673.0,-0.75,0.57,0.03,1.5
2005-11-21,600511,-5.28,-5.28,-5.26,-5.28,3840,2455200.0,-0.38,-0.19,-0.01,0.72
2005-11-22,600511,-5.28,-5.28,-5.26,-5.3,10354,6557523.0,-0.76,0.0,0.0,1.95
2005-11-23,600511,-5.29,-5.29,-5.28,-5.3,5225,3301014.0,-0.38,-0.19,-0.01,0.99
2005-11-24,600511,-5.28,-5.27,-5.25,-5.28,6620,4257567.0,-0.57,0.38,0.02,1.25
2005-11-25,600511,-5.27,-5.28,-5.26,-5.29,2731,1731741.0,-0.57,-0.19,-0.01,0.52
2005-11-28,600511,-5.28,-5.29,-5.27,-5.3,3240,2047655.0,-0.57,-0.19,-0.01,0.61
2005-11-29,600511,-5.3,-5.32,-5.3,-5.32,7396,4593601.0,-0.38,-0.57,-0.03,1.4
2005-11-30,600511,-5.31,-5.32,-5.31,-5.33,5141,3172440.0,-0.38,0.0,0.0,0.97
2005-12-01,600511,-5.32,-5.31,-5.3,-5.32,2982,1856529.0,-0.38,0.19,0.01,0.56
2005-12-02,600511,-5.31,-5.33,-5.31,-5.34,6054,3700962.0,-0.56,-0.38,-0.02,1.14
2005-12-05,600511,-5.33,-5.36,-5.33,-5.36,4773,2871208.0,-0.56,-0.56,-0.03,0.9
2005-12-06,600511,-5.36,-5.36,-5.35,-5.38,3866,2304427.0,-0.56,0.0,0.0,0.73
2005-12-07,600511,-5.36,-5.36,-5.35,-5.37,3578,2129548.0,-0.37,0.0,0.0,0.68
2005-12-08,600511,-5.35,-5.37,-5.35,-5.37,2613,1560352.0,-0.37,-0.19,-0.01,0.49
2005-12-09,600511,-5.35,-5.34,-5.32,-5.36,3675,2231238.0,-0.74,0.56,0.03,0.69
2005-12-12,600511,-5.33,-5.33,-5.32,-5.35,2572,1567014.0,-0.56,0.19,0.01,0.49
2005-12-13,600511,-5.33,-5.34,-5.33,-5.36,3984,2410443.0,-0.56,-0.19,-0.01,0.75
2005-12-14,600511,-5.34,-5.32,-5.32,-5.35,4308,2644334.0,-0.56,0.37,0.02,0.81
2005-12-15,600511,-5.32,-5.33,-5.31,-5.33,5078,3129480.0,-0.38,-0.19,-0.01,0.96
2005-12-16,600511,-5.33,-5.33,-5.32,-5.34,3548,2168525.0,-0.38,0.0,0.0,0.67
2005-12-19,600511,-5.33,-5.33,-5.32,-5.33,2112,1296698.0,-0.19,0.0,0.0,0.4
2005-12-20,600511,-5.33,-5.32,-5.32,-5.33,2846,1750457.0,-0.19,0.19,0.01,0.54
2005-12-21,600511,-5.32,-5.32,-5.31,-5.32,6406,3967011.0,-0.19,0.0,0.0,1.21
2005-12-22,600511,-5.32,-5.32,-5.32,-5.33,3786,2329152.0,-0.19,0.0,0.0,0.71
2005-12-23,600511,-5.32,-5.3,-5.3,-5.33,5478,3394919.0,-0.56,0.38,0.02,1.03
2005-12-26,600511,-5.3,-5.31,-5.29,-5.31,6076,3803119.0,-0.38,-0.19,-0.01,1.15
2005-12-28,600511,-5.3,-5.31,-5.3,-5.32,5853,3621958.0,-0.38,0.0,0.0,1.1
2005-12-29,600511,-5.31,-5.28,-5.27,-5.31,8254,5222461.0,-0.75,0.56,0.03,1.56
2005-12-30,600511,-5.27,-5.3,-5.27,-5.3,6653,4207247.0,-0.57,-0.38,-0.02,1.26
2006-01-04,600511,-5.3,-5.26,-5.26,-5.3,12435,7962998.0,-0.75,0.75,0.04,2.35
2006-01-05,600511,-5.27,-5.25,-5.24,-5.27,11461,7404402.0,-0.57,0.19,0.01,2.16
2006-01-06,600511,-5.25,-5.22,-5.21,-5.25,15044,9936384.0,-0.76,0.57,0.03,2.84
2006-01-09,600511,-5.22,-5.21,-5.19,-5.24,10360,6895441.0,-0.96,0.19,0.01,1.95
2006-01-10,600511,-5.21,-5.22,-5.21,-5.24,9246,6102302.0,-0.58,-0.19,-0.01,1.74
2006-01-11,600511,-5.22,-5.24,-5.22,-5.25,9807,6438675.0,-0.57,-0.38,-0.02,1.85
2006-01-12,600511,-5.24,-5.18,-5.17,-5.24,17785,12029156.0,-1.34,1.15,0.06,3.36
2006-01-13,600511,-5.17,-5.19,-5.17,-5.2,10498,7114828.0,-0.58,-0.19,-0.01,1.98
2006-01-16,600511,-5.19,-5.21,-5.18,-5.22,8904,5975465.0,-0.77,-0.39,-0.02,1.68
2006-01-17,600511,-5.21,-5.22,-5.21,-5.24,9208,6093378.0,-0.58,-0.19,-0.01,1.74
2006-01-18,600511,-5.22,-5.16,-5.16,-5.23,16267,11122290.0,-1.34,1.15,0.06,3.07
2006-01-19,600511,-5.15,-5.15,-5.14,-5.18,20017,13863991.0,-0.78,0.19,0.01,3.78
2006-01-20,600511,-5.15,-5.12,-5.1,-5.15,25081,17831627.0,-0.97,0.58,0.03,4.73
2006-01-23,600511,-5.13,-5.07,-5.04,-5.14,20680,15076788.0,-1.95,0.98,0.05,3.9
2006-01-24,600511,-5.07,-5.08,-5.05,-5.09,14131,10381836.0,-0.79,-0.2,-0.01,2.67
2006-01-25,600511,-5.08,-5.08,-5.07,-5.12,11618,8390062.0,-0.98,0.0,0.0,2.19
2006-02-06,600511,-5.08,-5.03,-5.02,-5.09,13815,10371093.0,-1.38,0.98,0.05,2.61
2006-02-07,600511,-5.03,-5.08,-5.03,-5.1,14042,10345393.0,-1.39,-0.99,-0.05,2.65
2006-02-08,600511,-5.1,-5.07,-5.07,-5.11,9413,6805429.0,-0.79,0.2,0.01,1.78
2006-02-09,600511,-5.07,-5.13,-5.07,-5.14,16518,11731921.0,-1.38,-1.18,-0.06,3.12
2006-02-10,600511,-5.13,-5.12,-5.11,-5.14,9085,6430486.0,-0.58,0.19,0.01,1.71
2006-02-13,600511,-5.08,-5.05,-5.05,-5.08,26018,19181077.0,-0.59,1.37,0.07,4.91
2006-02-14,600511,-5.05,-5.05,-5.03,-5.07,10294,7639888.0,-0.79,0.0,0.0,1.94
2006-02-15,600511,-5.06,-5.08,-5.05,-5.09,11910,8704542.0,-0.79,-0.59,-0.03,2.25
2006-02-16,600511,-5.08,-5.14,-5.08,-5.15,18264,12877465.0,-1.38,-1.18,-0.06,3.45
2006-02-17,600511,-5.14,-5.15,-5.13,-5.15,8582,6010285.0,-0.39,-0.19,-0.01,1.62
2006-02-20,600511,-5.15,-5.19,-5.15,-5.19,8188,5611540.0,-0.78,-0.78,-0.04,1.54
2006-02-21,600511,-5.2,-5.15,-5.14,-5.2,8606,5863554.0,-1.16,0.77,0.04,1.62
2006-02-22,600511,-5.15,-5.17,-5.14,-5.17,6604,4576179.0,-0.58,-0.39,-0.02,1.25
2006-02-23,600511,-5.17,-5.17,-5.16,-5.18,3786,2598121.0,-0.39,0.0,0.0,0.71
2006-02-24,600511,-5.16,-5.14,-5.13,-5.18,7374,5107136.0,-0.97,0.58,0.03,1.39
2006-02-27,600511,-5.14,-5.16,-5.14,-5.16,7229,5029789.0,-0.39,-0.39,-0.02,1.36
2006-02-28,600511,-5.14,-5.17,-5.14,-5.19,6232,4262167.0,-0.97,-0.19,-0.01,1.18
2006-03-01,600511,-5.17,-5.16,-5.15,-5.19,10966,7515794.0,-0.77,0.19,0.01,2.07
2006-03-02,600511,-5.15,-5.19,-5.14,-5.2,8269,5705931.0,-1.16,-0.58,-0.03,1.56
2006-03-03,600511,-5.19,-5.19,-5.18,-5.2,5497,3719138.0,-0.39,0.0,0.0,1.04
2006-03-06,600511,-5.2,-5.18,-5.15,-5.2,7311,5013957.0,-0.96,0.19,0.01,1.38
2006-03-07,600511,-5.17,-5.17,-5.15,-5.2,11200,7639791.0,-0.97,0.19,0.01,2.11
2006-03-08,600511,-5.16,-5.16,-5.15,-5.2,14726,10095391.0,-0.97,0.19,0.01,2.78
2006-03-09,600511,-5.15,-5.12,-5.09,-5.15,41946,29826622.0,-1.16,0.78,0.04,7.91
2006-03-10,600511,-5.13,-5.15,-5.12,-5.16,12296,8584894.0,-0.78,-0.59,-0.03,2.32
2006-03-13,600511,-5.16,-5.17,-5.16,-5.18,6678,4581207.0,-0.39,-0.39,-0.02,1.26
2006-03-14,600511,-5.18,-5.18,-5.16,-5.19,6717,4585066.0,-0.58,-0.19,-0.01,1.27
2006-03-15,600511,-5.18,-5.17,-5.17,-5.2,11315,7689428.0,-0.58,0.19,0.01,2.13
2006-03-16,600511,-5.18,-5.13,-5.12,-5.19,23139,16174231.0,-1.35,0.77,0.04,4.37
2006-03-17,600511,-5.12,-5.1,-5.09,-5.14,39558,28320577.0,-0.97,0.58,0.03,7.46
2006-03-20,600511,-5.07,-5.07,-5.03,-5.09,45899,33958126.0,-1.18,0.59,0.03,8.66
2006-03-21,600511,-5.07,-5.09,-5.03,-5.09,25855,19084541.0,-1.18,-0.39,-0.02,4.88
2006-03-22,600511,-5.09,-5.05,-5.05,-5.09,16271,11954827.0,-0.79,0.79,0.04,3.07
2006-03-23,600511,-5.03,-4.97,-4.93,-5.03,57258,44713100.0,-1.98,1.58,0.08,10.8
2006-03-24,600511,-4.98,-5.0,-4.94,-5.0,26806,20888845.0,-1.21,-0.6,-0.03,5.06
2006-06-14,600511,-4.83,-4.83,-4.83,-4.83,701,591264.0,0.0,3.4,0.17,0.13
2006-06-15,600511,-4.65,-4.65,-4.65,-4.65,951,882667.0,0.0,3.73,0.18,0.18
2006-06-16,600511,-4.46,-4.46,-4.46,-4.46,7510,7667577.0,0.0,4.09,0.19,1.42
2006-06-19,600511,-4.24,-4.24,-4.24,-4.24,14551,16341267.0,0.0,4.93,0.22,2.75
2006-06-20,600511,-4.0,-4.0,-4.0,-4.05,122916,151483197.0,-1.18,5.66,0.24,23.19
2006-06-21,600511,-3.83,-4.0,-3.82,-4.07,126470,160323892.0,-6.25,0.0,0.0,23.86
2006-06-22,600511,-4.06,-3.97,-3.88,-4.06,48566,60962568.0,-4.5,0.75,0.03,9.16
2006-06-23,600511,-4.01,-3.7,-3.7,-4.01,60970,81710803.0,-7.81,6.8,0.27,11.5
2006-06-26,600511,-3.71,-3.64,-3.59,-3.76,44541,61949058.0,-4.59,1.62,0.06,8.4
2006-06-27,600511,-3.65,-3.64,-3.61,-3.69,24228,33931219.0,-2.2,0.0,0.0,4.57
2006-06-28,600511,-3.64,-3.43,-3.35,-3.67,23619,34259160.0,-8.79,5.77,0.21,4.46
2006-06-29,600511,-3.44,-3.42,-3.4,-3.49,12817,19030556.0,-2.62,0.29,0.01,2.42
2006-06-30,600511,-3.42,-3.51,-3.41,-3.6,18335,26458597.0,-5.56,-2.63,-0.09,3.46
2006-07-03,600511,-3.52,-3.48,-3.45,-3.57,15101,21942980.0,-3.42,0.85,0.03,2.85
2006-07-04,600511,-3.48,-3.39,-3.36,-3.53,17485,26033560.0,-4.89,2.59,0.09,3.3
2006-07-05,600511,-3.39,-3.51,-3.39,-3.51,14297,20994818.0,-3.54,-3.54,-0.12,2.7
2006-07-06,600511,-3.51,-3.47,-3.45,-3.54,8512,12423850.0,-2.56,1.14,0.04,1.61
2006-07-07,600511,-3.48,-3.5,-3.44,-3.51,10031,14630864.0,-2.02,-0.86,-0.03,1.89
2006-07-10,600511,-3.51,-3.47,-3.42,-3.68,11520,16399418.0,-7.43,0.86,0.03,2.17
2006-07-11,600511,-3.48,-3.56,-3.48,-3.57,7960,11393143.0,-2.59,-2.59,-0.09,1.5
2006-07-12,600511,-3.56,-3.54,-3.53,-3.59,9180,13076759.0,-1.69,0.56,0.02,1.73
2006-07-13,600511,-3.55,-3.72,-3.54,-3.72,20589,28501399.0,-5.08,-5.08,-0.18,3.88
2006-07-14,600511,-3.73,-3.47,-3.43,-3.74,26422,38625657.0,-8.33,6.72,0.25,4.99
2006-07-17,600511,-3.45,-3.46,-3.43,-3.54,6526,9540718.0,-3.17,0.29,0.01,1.23
2006-07-18,600511,-3.47,-3.36,-3.24,-3.51,17571,26643443.0,-7.8,2.89,0.1,3.32
2006-07-19,600511,-3.35,-3.34,-3.26,-3.41,9971,15222855.0,-4.46,0.6,0.02,1.88
2006-07-20,600511,-3.38,-3.3,-3.28,-3.38,6462,9925161.0,-2.99,1.2,0.04,1.22
2006-07-21,600511,-3.46,-3.36,-3.28,-3.46,7994,12133250.0,-5.45,-1.82,-0.06,1.51
2006-07-24,600511,-3.36,-3.15,-3.11,-3.45,20681,33040946.0,-10.12,6.25,0.21,3.9
2006-07-25,600511,-3.15,-3.07,-3.02,-3.17,18391,30275724.0,-4.76,2.54,0.08,3.47
2006-07-26,600511,-3.08,-2.71,-2.71,-3.08,28632,50519830.0,-12.05,11.73,0.36,5.4
2006-07-27,600511,-2.67,-2.78,-2.55,-2.82,25447,46519958.0,-9.96,-2.58,-0.07,4.8
2006-07-28,600511,-2.8,-2.87,-2.73,-2.91,16277,28661712.0,-6.47,-3.24,-0.09,3.07
2006-08-23,600511,-2.7,-2.81,-2.58,-2.94,60398,83873671.0,-12.54,2.09,0.06,8.77
2006-08-24,600511,-2.78,-2.83,-2.7,-2.87,23920,32875609.0,-6.05,-0.71,-0.02,3.47
2006-08-25,600511,-2.81,-2.91,-2.77,-3.01,32114,42717100.0,-8.48,-2.83,-0.08,4.66
2006-08-28,600511,-2.93,-2.83,-2.81,-2.96,25268,33964720.0,-5.15,2.75,0.08,3.67
2006-08-29,600511,-2.83,-2.86,-2.82,-2.92,17670,23744879.0,-3.53,-1.06,-0.03,2.56
2006-08-30,600511,-2.86,-2.87,-2.85,-2.92,13979,18689401.0,-2.45,-0.35,-0.01,2.03
2006-08-31,600511,-2.87,-2.72,-2.58,-2.89,36470,51270686.0,-10.8,5.23,0.15,5.29
2006-09-01,600511,-2.74,-2.84,-2.69,-2.92,25694,34998464.0,-8.46,-4.41,-0.12,3.73
2006-09-04,600511,-2.84,-2.83,-2.78,-2.88,10784,14649274.0,-3.52,0.35,0.01,1.57
2006-09-05,600511,-2.85,-2.82,-2.66,-2.85,17693,24511129.0,-6.71,0.35,0.01,2.57
2006-09-06,600511,-2.82,-2.78,-2.74,-2.83,8741,12003011.0,-3.19,1.42,0.04,1.27
2006-09-07,600511,-2.81,-2.86,-2.73,-2.88,10096,13799702.0,-5.4,-2.88,-0.08,1.47
2006-09-08,600511,-2.9,-2.91,-2.83,-2.98,21264,28086649.0,-5.24,-1.75,-0.05,3.09
2006-09-11,600511,-2.95,-2.89,-2.88,-2.99,12007,15806095.0,-3.78,0.69,0.02,1.74
2006-09-12,600511,-2.94,-2.88,-2.85,-2.94,10357,13940388.0,-3.11,0.35,0.01,1.5
2006-09-13,600511,-2.88,-2.91,-2.88,-2.94,9041,11983035.0,-2.08,-1.04,-0.03,1.31
2006-09-14,600511,-2.97,-2.97,-2.92,-2.99,8125,10624817.0,-2.41,-2.06,-0.06,1.18
2006-09-15,600511,-2.97,-2.94,-2.91,-2.97,5963,7863286.0,-2.02,1.01,0.03,0.87
2006-09-18,600511,-2.94,-2.94,-2.93,-2.96,8963,11824407.0,-1.02,0.0,0.0,1.3
2006-09-19,600511,-2.93,-2.76,-2.69,-2.93,28879,39838783.0,-8.16,6.12,0.18,4.19
2006-09-20,600511,-2.74,-2.69,-2.59,-2.76,33672,48004353.0,-6.16,2.54,0.07,4.89
2006-09-21,600511,-2.69,-2.64,-2.61,-2.75,17421,24743014.0,-5.2,1.86,0.05,2.53
2006-09-22,600511,-2.64,-2.68,-2.63,-2.78,12061,16943423.0,-5.68,-1.52,-0.04,1.75
2006-09-25,600511,-2.7,-2.76,-2.65,-2.81,5201,7222113.0,-5.97,-2.99,-0.08,0.75
2006-09-26,600511,-2.79,-2.74,-2.73,-2.79,6679,9236793.0,-2.17,0.72,0.02,0.97
2006-09-27,600511,-2.74,-2.36,-2.36,-2.74,41405,62394111.0,-13.87,13.87,0.38,6.01
2006-09-28,600511,-2.29,-2.33,-2.22,-2.44,30167,46647442.0,-9.32,1.27,0.03,4.38
2006-09-29,600511,-2.37,-2.09,-2.06,-2.41,24442,39007544.0,-15.02,10.3,0.24,3.55
2006-10-09,600511,-2.02,-1.64,-1.64,-2.14,36164,61580452.0,-23.92,21.53,0.45,5.25
2006-10-10,600511,-1.64,-1.61,-1.54,-1.76,26189,46728331.0,-13.41,1.83,0.03,3.8
2006-10-11,600511,-1.61,-1.6,-1.47,-1.72,15299,27700611.0,-15.53,0.62,0.01,2.22
2006-10-12,600511,-1.61,-1.8,-1.59,-1.92,17271,30462473.0,-20.63,-12.5,-0.2,2.51
2006-10-13,600511,-1.88,-1.77,-1.56,-1.88,15786,28210141.0,-17.78,1.67,0.03,2.29
2006-10-16,600511,-1.83,-1.58,-1.47,-1.83,21212,38411685.0,-20.34,10.73,0.19,3.08
2006-10-17,600511,-1.61,-1.29,-1.27,-1.73,23984,45056792.0,-29.11,18.35,0.29,3.48
2006-10-19,600511,-1.05,-0.76,-0.76,-1.24,34744,71312977.0,-37.21,41.09,0.53,5.04
2006-10-20,600511,-0.58,-0.8,-0.39,-0.93,17068,36519503.0,-71.05,-5.26,-0.04,2.48
2006-10-23,600511,-0.88,-0.84,-0.58,-1.1,14212,29505122.0,-65.0,-5.0,-0.04,2.06
2006-10-24,600511,-0.91,-0.88,-0.8,-1.08,19729,40042279.0,-33.33,-4.76,-0.04,2.86
2006-10-25,600511,-0.99,-0.69,-0.65,-1.02,9470,19788512.0,-42.05,21.59,0.19,1.37
2006-10-26,600511,-0.68,-0.09,-0.09,-0.77,15754,35985286.0,-98.55,86.96,0.6,2.29
2006-10-27,600511,-0.09,-0.37,0.03,-0.49,9698,22140534.0,-577.78,-311.11,-0.28,1.41
2006-10-30,600511,-0.48,-0.77,-0.46,-0.88,28612,60319818.0,-113.51,-108.11,-0.4,4.15
2006-10-31,600511,-0.78,-0.71,-0.59,-1.16,20183,41074423.0,-74.03,7.79,0.06,2.93
2006-11-01,600511,-0.88,-0.51,-0.33,-0.98,18879,40825081.0,-91.55,28.17,0.2,2.74
2006-11-02,600511,-0.61,-0.86,-0.61,-0.87,7152,15012720.0,-50.98,-68.63,-0.35,1.04
2006-11-03,600511,-0.94,-0.91,-0.83,-1.08,9875,20139611.0,-29.07,-5.81,-0.05,1.43
2006-11-06,600511,-1.02,-1.13,-0.85,-1.13,13812,27850997.0,-30.77,-24.18,-0.22,2.0
2006-11-07,600511,-1.14,-1.07,-0.9,-1.14,7001,14078979.0,-21.24,5.31,0.06,1.02
2006-11-08,600511,-1.07,-1.07,-1.02,-1.13,6274,12471825.0,-10.28,0.0,0.0,0.91
2006-11-09,600511,-1.07,-0.83,-0.83,-1.07,6898,14143932.0,-22.43,22.43,0.24,1.0
2006-11-10,600511,-0.83,-1.11,-0.75,-1.12,9000,17964567.0,-44.58,-33.73,-0.28,1.31
2006-11-13,600511,-1.11,-1.66,-1.08,-1.66,34484,62821182.0,-52.25,-49.55,-0.55,5.0
2006-11-14,600511,-1.77,-1.58,-1.54,-1.91,24961,43012977.0,-22.29,4.82,0.08,3.62
2006-11-15,600511,-1.64,-1.55,-1.37,-1.74,9654,17605041.0,-23.42,1.9,0.03,1.4
2006-11-16,600511,-1.54,-1.79,-1.48,-1.8,25715,45481915.0,-20.65,-15.48,-0.24,3.73
2006-11-17,600511,-1.81,-1.76,-1.64,-1.88,8287,14534820.0,-13.41,1.68,0.03,1.2
2006-11-20,600511,-1.77,-1.77,-1.63,-1.85,6768,11747440.0,-12.5,-0.57,-0.01,0.98
2006-11-21,600511,-1.77,-1.69,-1.69,-1.86,16905,29114030.0,-9.6,4.52,0.08,2.45
2006-11-22,600511,-1.61,-1.56,-1.43,-1.7,14061,25656652.0,-15.98,7.69,0.13,2.04
2006-11-23,600511,-1.51,-1.56,-1.49,-1.69,18861,34009177.0,-12.82,0.0,0.0,2.74
2006-11-24,600511,-1.55,-1.63,-1.55,-1.73,15239,27338374.0,-11.54,-4.49,-0.07,2.21
2006-11-27,600511,-1.63,-1.14,-1.13,-1.72,24377,46251300.0,-36.2,30.06,0.49,3.54
2006-11-28,600511,-1.18,-1.32,-1.14,-1.37,31329,59940174.0,-20.18,-15.79,-0.18,4.55
2006-11-29,600511,-1.36,-1.38,-1.33,-1.55,37243,69156023.0,-16.67,-4.55,-0.06,5.41
2006-11-30,600511,-1.33,-1.15,-1.0,-1.42,34884,67994930.0,-30.43,16.67,0.23,5.06
2006-12-01,600511,-1.13,-1.21,-1.01,-1.26,22389,44024572.0,-21.74,-5.22,-0.06,3.25
2006-12-04,600511,-1.24,-1.32,-1.21,-1.37,42119,80344588.0,-13.22,-9.09,-0.11,6.11
2006-12-05,600511,-1.47,-1.52,-1.33,-1.63,54578,100616969.0,-22.73,-15.15,-0.2,7.92
2006-12-06,600511,-1.58,-1.92,-1.58,-2.03,62081,104542064.0,-29.61,-26.32,-0.4,9.01
2006-12-08,600511,-2.05,-2.16,-1.98,-2.38,38791,61564032.0,-20.83,-12.5,-0.24,5.63
2006-12-11,600511,-2.16,-2.16,-2.1,-2.24,33763,53825210.0,-6.48,0.0,0.0,4.9
2006-12-12,600511,-2.15,-2.08,-2.06,-2.24,69442,111183582.0,-8.33,3.7,0.08,10.08
2006-12-13,600511,-2.05,-1.87,-1.81,-2.05,48957,82966205.0,-11.54,10.1,0.21,7.11
2006-12-14,600511,-1.83,-1.9,-1.83,-2.02,17868,30229317.0,-10.16,-1.6,-0.03,2.59
2006-12-15,600511,-1.9,-1.97,-1.9,-1.99,16060,26866126.0,-4.74,-3.68,-0.07,2.33
2006-12-18,600511,-1.97,-1.95,-1.89,-1.97,26298,44253619.0,-4.06,1.02,0.02,3.82
2006-12-19,600511,-1.92,-2.08,-1.91,-2.15,28853,46934569.0,-12.31,-6.67,-0.13,4.19
2006-12-20,600511,-2.08,-1.89,-1.88,-2.16,27099,45341626.0,-13.46,9.13,0.19,3.93
2006-12-21,600511,-1.84,-1.65,-1.54,-1.86,54594,97214517.0,-16.93,12.7,0.24,7.92
2006-12-22,600511,-1.67,-1.72,-1.59,-1.83,26897,47948706.0,-14.55,-4.24,-0.07,3.9
2006-12-25,600511,-1.74,-1.45,-1.36,-1.76,44418,81545294.0,-23.26,15.7,0.27,6.45
2006-12-26,600511,-1.48,-1.47,-1.36,-1.56,30069,55431527.0,-13.79,-1.38,-0.02,4.36
2006-12-27,600511,-1.47,-1.4,-1.09,-1.51,32610,62500689.0,-28.57,4.76,0.07,4.73
2006-12-28,600511,-1.37,-1.57,-1.22,-1.58,19172,35872909.0,-25.71,-12.14,-0.17,2.78
2006-12-29,600511,-1.57,-1.77,-1.47,-1.78,29430,51853537.0,-19.75,-12.74,-0.2,4.27
2007-01-04,600511,-1.74,-2.16,-1.65,-2.25,57511,92838669.0,-33.9,-22.03,-0.39,8.35
2007-01-05,600511,-2.15,-2.05,-1.98,-2.15,26405,43271401.0,-7.87,5.09,0.11,3.83
2007-01-08,600511,-2.05,-1.67,-1.66,-2.06,36401,62337866.0,-19.51,18.54,0.38,5.28
2007-01-09,600511,-1.66,-1.38,-1.34,-1.66,41076,75357916.0,-19.16,17.37,0.29,5.96
2007-01-10,600511,-1.33,-1.21,-1.2,-1.49,48575,91517401.0,-21.01,12.32,0.17,7.05
2007-01-11,600511,-1.2,-1.36,-1.06,-1.41,30039,58154312.0,-28.93,-12.4,-0.15,4.36
2007-01-12,600511,-1.36,-1.47,-1.27,-1.63,21586,40119528.0,-26.47,-8.09,-0.11,3.13
2007-01-15,600511,-1.52,-0.99,-0.99,-1.52,27043,52604692.0,-36.05,32.65,0.48,3.92
2007-01-16,600511,-0.95,-0.74,-0.58,-1.11,42413,88321027.0,-53.54,25.25,0.25,6.16
2007-01-17,600511,-0.73,-0.85,-0.34,-0.86,57520,125043068.0,-70.27,-14.86,-0.11,8.35
2007-01-18,600511,-0.77,-0.27,-0.27,-0.91,31932,70252008.0,-75.29,68.24,0.58,4.63
2007-01-19,600511,-0.16,0.32,0.36,-0.16,51456,126628909.0,-192.59,218.52,0.59,7.47
2007-01-22,600511,0.32,0.3,0.34,-0.03,36175,87404478.0,115.63,-6.25,-0.02,5.25
2007-01-23,600511,0.25,-0.07,0.25,-0.22,16498,39263830.0,156.67,-123.33,-0.37,2.39
2007-01-24,600511,-0.08,-0.13,0.21,-0.31,16336,38353681.0,-742.86,-85.71,-0.06,2.37
2007-01-25,600511,-0.12,-0.63,-0.03,-0.64,41656,94859422.0,-469.23,-384.62,-0.5,6.05
2007-01-26,600511,-0.76,-0.66,-0.52,-1.18,13698,28335473.0,-104.76,-4.76,-0.03,1.99
2007-01-29,600511,-0.72,-0.51,-0.34,-0.73,8155,17826834.0,-59.09,22.73,0.15,1.18
2007-01-30,600511,-0.52,-0.7,-0.38,-0.71,21824,47302984.0,-64.71,-37.25,-0.19,3.17
2007-01-31,600511,-0.69,-1.0,-0.41,-1.0,26346,56901039.0,-84.29,-42.86,-0.3,3.82
2007-02-01,600511,-1.05,-0.47,-0.46,-1.19,29766,62745253.0,-73.0,53.0,0.53,4.32
2007-02-02,600511,-0.45,-0.12,-0.04,-0.61,49100,111976053.0,-121.28,74.47,0.35,7.13
2007-02-05,600511,-0.25,0.06,0.07,-0.44,14413,33917500.0,-425.0,150.0,0.18,2.09
2007-02-06,600511,-0.58,-0.32,0.12,-0.58,15054,35160921.0,1166.67,-633.33,-0.38,2.18
2007-02-07,600511,-0.31,-0.22,-0.05,-0.41,12381,28433226.0,-112.5,31.25,0.1,1.8
2007-02-08,600511,-0.33,0.42,0.42,-0.33,16995,42269045.0,-340.91,290.91,0.64,2.47
2007-02-09,600511,0.52,0.47,0.81,0.14,10538,26829012.0,159.52,11.9,0.05,1.53
2007-02-12,600511,0.47,1.06,1.11,0.37,17815,47446704.0,157.45,125.53,0.59,2.59
2007-02-13,600511,1.06,1.07,1.17,0.78,6102,16619615.0,36.79,0.94,0.01,0.89
2007-02-14,600511,1.07,0.84,1.07,0.8,8180,22064250.0,25.23,-21.5,-0.23,1.19
2007-02-15,600511,0.89,0.78,1.17,0.76,7599,20443868.0,48.81,-7.14,-0.06,1.1
2007-02-16,600511,0.78,0.68,0.89,0.67,8087,21453751.0,28.21,-12.82,-0.1,1.17
2007-02-26,600511,0.78,0.59,0.8,0.5,12131,31456247.0,44.12,-13.24,-0.09,1.76
2007-02-27,600511,0.59,-0.13,0.7,-0.13,22449,55873886.0,140.68,-122.03,-0.72,3.26
2007-02-28,600511,-0.29,-0.14,-0.13,-0.41,16535,38104254.0,-215.38,-7.69,-0.01,2.4
2007-03-01,600511,-0.05,-0.46,0.03,-0.55,14299,32364865.0,-414.29,-228.57,-0.32,2.08
2007-03-02,600511,-0.44,-0.44,-0.26,-0.5,11977,26675665.0,-52.17,4.35,0.02,1.74
2007-03-05,600511,-0.41,-0.49,-0.25,-0.58,12951,28825511.0,-75.0,-11.36,-0.05,1.88
2007-03-06,600511,-0.44,-0.28,-0.19,-0.58,25415,57135460.0,-79.59,42.86,0.21,3.69
2007-03-07,600511,-0.28,-0.22,-0.08,-0.3,22674,52457262.0,-78.57,21.43,0.06,3.29
2007-03-08,600511,-0.18,0.42,0.42,-0.22,25459,62387477.0,-290.91,290.91,0.64,3.7
2007-03-09,600511,0.56,0.49,0.66,0.28,22872,58776738.0,90.48,16.67,0.07,3.32
2007-03-12,600511,0.51,0.31,0.61,0.21,10202,25607936.0,81.63,-36.73,-0.18,1.48
2007-03-13,600511,0.31,0.57,0.58,0.05,18934,47707816.0,170.97,83.87,0.26,2.75
2007-03-14,600511,0.45,0.34,0.49,0.1,10589,26680031.0,68.42,-40.35,-0.23,1.54
2007-03-15,600511,0.34,0.48,0.61,0.3,9648,24448732.0,91.18,41.18,0.14,1.4
2007-03-16,600511,0.48,0.66,0.67,0.35,19561,50514127.0,66.67,37.5,0.18,2.84
2007-03-19,600511,0.34,0.52,0.89,0.34,8036,21146200.0,83.33,-21.21,-0.14,1.17
2007-03-20,600511,0.62,0.41,0.62,0.31,16802,42409109.0,59.62,-21.15,-0.11,2.44
2007-03-21,600511,0.41,0.2,0.41,0.09,26862,65966375.0,78.05,-51.22,-0.21,3.9
2007-03-22,600511,0.26,0.2,0.48,0.11,10607,26152224.0,185.0,0.0,0.0,1.54
2007-03-23,600511,0.21,0.59,0.61,0.2,23152,59137301.0,205.0,195.0,0.39,3.36
2007-03-26,600511,0.61,1.15,1.26,0.5,31391,85756837.0,128.81,94.92,0.56,4.56
2007-03-27,600511,1.26,1.12,1.27,0.97,18184,50098777.0,26.09,-2.61,-0.03,2.64
2007-03-28,600511,0.9,1.04,1.12,0.51,18559,49462376.0,54.46,-7.14,-0.08,2.69
2007-03-29,600511,0.9,0.89,0.98,0.81,12577,34010271.0,16.35,-14.42,-0.15,1.83
2007-03-30,600511,0.62,0.76,0.84,0.62,7571,20034122.0,24.72,-14.61,-0.13,1.1
2007-04-02,600511,0.76,0.84,0.86,0.62,4521,11953242.0,31.58,10.53,0.08,0.66
2007-04-03,600511,0.87,0.97,1.05,0.78,8245,22345881.0,32.14,15.48,0.13,1.2
2007-04-04,600511,0.97,0.92,1.01,0.76,11604,31317510.0,25.77,-5.15,-0.05,1.68
2007-04-05,600511,0.91,0.89,0.95,0.76,5555,14946396.0,20.65,-3.26,-0.03,0.81
2007-04-06,600511,0.94,1.03,1.14,0.89,5985,16375217.0,28.09,15.73,0.14,0.87
2007-04-09,600511,1.06,1.24,1.3,1.03,10378,29189496.0,26.21,20.39,0.21,1.51
2007-04-10,600511,1.37,1.46,1.66,1.3,8407,24364528.0,29.03,17.74,0.22,1.22
2007-04-11,600511,1.45,1.73,1.74,1.2,15838,45889802.0,36.99,18.49,0.27,2.3
2007-04-12,600511,1.96,1.89,2.11,1.78,9924,30743686.0,19.08,9.25,0.16,1.44
2007-04-13,600511,1.73,1.71,2.09,1.31,10533,31590455.0,41.27,-9.52,-0.18,1.53
2007-04-16,600511,1.78,1.89,2.01,1.59,9333,28196225.0,24.56,10.53,0.18,1.35
2007-04-17,600511,1.92,2.05,2.14,1.73,10105,31161727.0,21.69,8.47,0.16,1.47
2007-04-18,600511,2.28,2.92,2.92,2.16,10723,35839979.0,37.07,42.44,0.87,1.56
2007-04-19,600511,3.12,2.41,3.12,1.97,13504,43995569.0,39.38,-17.47,-0.51,1.96
2007-04-20,600511,2.39,2.75,2.83,2.39,6082,20344271.0,18.26,14.11,0.34,0.88
2007-04-23,600511,2.98,2.94,2.98,2.7,19774,67429057.0,10.18,6.91,0.19,2.87
2007-04-24,600511,2.84,3.46,3.67,2.84,14311,51501200.0,28.23,17.69,0.52,2.08
2007-04-25,600511,3.76,3.05,3.76,2.84,30193,106004620.0,26.59,-11.85,-0.41,4.38
2007-04-26,600511,3.1,3.39,3.67,3.1,9673,34569241.0,18.69,11.15,0.34,1.4
2007-04-27,600511,3.39,2.84,3.67,2.56,9506,32584137.0,32.74,-16.22,-0.55,1.38
2007-04-30,600511,2.84,2.88,2.98,2.66,12058,40881890.0,11.27,1.41,0.04,1.75
2007-05-08,600511,2.84,3.26,3.51,2.84,9005,31995748.0,23.26,13.19,0.38,1.31
2007-05-09,600511,3.28,2.77,3.66,2.39,18202,60729361.0,38.96,-15.03,-0.49,2.64
2007-05-10,600511,2.77,2.77,2.79,2.28,20614,67783138.0,18.41,0.0,0.0,2.99
2007-05-11,600511,2.59,2.48,2.7,2.33,17416,56766514.0,13.36,-10.47,-0.29,2.53
2007-05-14,600511,2.34,2.28,2.47,2.19,23259,74699944.0,11.29,-8.06,-0.2,3.38
2007-05-15,600511,2.28,2.62,2.78,2.28,19148,62857118.0,21.93,14.91,0.34,2.78
2007-05-16,600511,2.63,2.56,2.71,2.29,6796,22396442.0,16.03,-2.29,-0.06,0.99
2007-05-17,600511,2.64,3.14,3.16,2.56,19943,68488395.0,23.44,22.66,0.58,2.89
2007-05-18,600511,3.16,3.38,3.41,2.99,17251,61113391.0,13.38,7.64,0.24,2.5
2007-05-21,600511,3.12,3.32,3.84,2.96,16533,59246445.0,26.04,-1.78,-0.06,2.4
2007-05-22,600511,3.34,3.06,3.45,3.05,16007,56214310.0,12.05,-7.83,-0.26,2.32
2007-05-23,600511,3.06,3.12,3.26,2.84,6548,22990252.0,13.73,1.96,0.06,0.95
2007-05-24,600511,3.14,3.2,3.39,2.97,10996,38699121.0,13.46,2.56,0.08,1.6
2007-05-25,600511,3.17,3.22,3.36,2.57,11290,39385622.0,24.69,0.63,0.02,1.64
2007-05-29,600511,3.39,4.21,4.21,3.39,15716,60544217.0,25.47,30.75,0.99,2.28
2007-05-30,600511,3.34,4.21,5.12,3.14,28324,111720735.0,47.03,0.0,0.0,4.11
2007-05-31,600511,4.23,5.3,5.3,3.82,14398,58182401.0,35.15,25.89,1.09,2.09
2007-06-05,600511,4.11,4.11,4.11,4.11,6144,23697408.0,0.0,-22.45,-1.19,0.89
2007-06-06,600511,3.56,5.18,5.18,3.12,11366,44767651.0,50.12,26.03,1.07,1.65
2007-06-07,600511,5.62,5.44,5.89,5.29,11633,50877442.0,11.58,5.02,0.26,1.69
2007-06-08,600511,5.34,5.06,5.38,4.97,9981,42002072.0,7.54,-6.99,-0.38,1.45
2007-06-11,600511,5.03,5.95,6.17,4.8,14181,61173934.0,27.08,17.59,0.89,2.06
2007-06-12,600511,5.78,5.94,6.17,5.21,10150,45320669.0,16.13,-0.17,-0.01,1.47
2007-06-13,600511,5.92,6.26,6.45,5.78,10641,49010559.0,11.28,5.39,0.32,1.54
2007-06-14,600511,6.26,6.05,6.42,5.73,6486,29510277.0,11.02,-3.35,-0.21,0.94
2007-06-15,600511,5.78,5.86,6.12,5.78,5247,23627308.0,5.62,-3.14,-0.19,0.76
2007-06-18,600511,5.92,6.16,6.44,5.89,4902,22349370.0,9.39,5.12,0.3,0.71
2007-06-19,600511,6.14,5.71,6.14,5.62,4202,18723761.0,8.44,-7.31,-0.45,0.61
2007-06-20,600511,5.62,5.34,5.62,5.31,4353,18948645.0,5.43,-6.48,-0.37,0.63
2007-06-21,600511,5.34,5.27,5.57,5.06,4106,17502819.0,9.55,-1.31,-0.07,0.6
2007-06-22,600511,5.27,5.55,5.94,5.16,4343,18954614.0,14.8,5.31,0.28,0.63
2007-06-25,600511,5.62,4.77,5.75,4.33,3424,14406055.0,25.59,-14.05,-0.78,0.5
2007-06-26,600511,4.33,4.61,4.77,3.82,8726,33525609.0,19.92,-3.35,-0.16,1.27
2007-06-27,600511,4.51,4.72,4.92,4.23,18277,73285667.0,14.97,2.39,0.11,2.65
2007-06-28,600511,4.72,4.19,4.72,4.17,3455,13699929.0,11.65,-11.23,-0.53,0.5
2007-07-02,600511,3.95,4.82,4.97,3.4,6272,24491900.0,37.47,15.04,0.63,0.91
2007-07-03,600511,4.64,5.11,5.92,4.64,11976,51583047.0,26.56,6.02,0.29,1.74
2007-07-04,600511,4.88,4.92,5.34,4.64,3568,14963691.0,13.7,-3.72,-0.19,0.52
2007-07-05,600511,4.88,3.84,4.88,3.84,5874,23094814.0,21.14,-21.95,-1.08,0.85
2007-07-06,600511,3.76,4.11,4.28,3.62,9948,38114190.0,17.19,7.03,0.27,1.44
2007-07-09,600511,4.37,5.03,5.19,4.26,6751,27773005.0,22.63,22.38,0.92,0.98
2007-07-10,600511,5.14,4.73,5.2,4.67,2543,10572926.0,10.54,-5.96,-0.3,0.37
2007-07-11,600511,4.73,5.19,5.23,4.7,5695,23773098.0,11.21,9.73,0.46,0.83
2007-07-12,600511,5.2,5.42,5.59,5.06,4482,19323817.0,10.21,4.43,0.23,0.65
2007-07-13,600511,5.49,5.39,5.49,5.23,2101,8979374.0,4.8,-0.55,-0.03,0.3
2007-07-16,600511,5.39,4.72,5.57,4.61,2004,8366611.0,17.81,-12.43,-0.67,0.29
2007-07-17,600511,4.57,4.9,4.99,4.57,837,3421496.0,8.9,3.81,0.18,0.12
2007-07-18,600511,4.69,4.9,4.99,4.63,849,3468731.0,7.35,0.0,0.0,0.12
2007-07-19,600511,4.91,4.66,4.91,4.33,1118,4520145.0,11.84,-4.9,-0.24,0.16
2007-07-20,600511,4.71,4.85,4.94,4.6,3409,13867063.0,7.3,4.08,0.19,0.49
2007-07-23,600511,4.88,5.33,5.54,4.88,4056,17226368.0,13.61,9.9,0.48,0.59
2007-07-24,600511,5.55,5.61,5.66,5.35,11435,49569434.0,5.82,5.25,0.28,1.66
2007-07-25,600511,5.63,6.18,6.24,5.36,10258,45400159.0,15.69,10.16,0.57,1.49
2007-07-26,600511,6.35,5.99,6.57,5.85,9856,44893273.0,11.65,-3.07,-0.19,1.43
2007-07-27,600511,5.96,6.07,6.21,5.69,5038,22656672.0,8.68,1.34,0.08,0.73
2007-07-30,600511,6.24,5.93,6.24,5.9,12534,56539882.0,5.6,-2.31,-0.14,1.82
2007-07-31,600511,5.93,5.96,6.09,5.77,9001,40384247.0,5.4,0.51,0.03,1.31
2007-08-01,600511,5.94,6.55,6.93,5.94,15843,73152990.0,16.61,9.9,0.59,2.3
2007-08-02,600511,6.49,7.02,7.21,6.46,8453,40790344.0,11.45,7.18,0.47,1.23
2007-08-03,600511,7.35,7.52,7.76,7.02,8421,42036134.0,10.54,7.12,0.5,1.22
2007-08-06,600511,7.63,7.35,7.63,7.13,5866,29364103.0,6.65,-2.26,-0.17,0.85
2007-08-07,600511,7.38,8.46,8.74,7.24,7716,40496510.0,20.41,15.1,1.11,1.12
2007-08-08,600511,8.31,8.31,8.43,7.63,4989,26234649.0,9.46,-1.77,-0.15,0.72
2007-08-09,600511,7.77,8.15,8.19,7.77,3142,16461665.0,5.05,-1.93,-0.16,0.46
2007-08-10,600511,8.07,7.54,8.29,7.35,4231,21687190.0,11.53,-7.48,-0.61,0.61
2007-08-13,600511,7.52,6.84,7.54,6.66,4952,23987783.0,11.67,-9.28,-0.7,0.72
2007-08-14,600511,6.84,7.02,7.35,6.66,2429,11879394.0,10.09,2.63,0.18,0.35
2007-08-15,600511,7.02,7.44,7.54,6.8,2910,14420139.0,10.54,5.98,0.42,0.42
2007-08-16,600511,7.45,7.16,7.45,7.07,1564,7736072.0,5.11,-3.76,-0.28,0.23
2007-08-17,600511,7.19,6.74,7.62,6.46,4454,21601816.0,16.2,-5.87,-0.42,0.65
2007-08-20,600511,6.82,7.17,7.38,6.8,5238,25947840.0,8.61,6.38,0.43,0.76
2007-08-21,600511,7.35,7.66,7.71,7.27,5440,27467117.0,6.14,6.83,0.49,0.79
2007-08-22,600511,9.01,7.96,9.01,7.41,4726,24985101.0,20.89,3.92,0.3,0.69
2007-08-23,600511,7.77,7.88,8.16,7.65,2852,14729505.0,6.41,-1.01,-0.08,0.37
2007-08-24,600511,7.88,8.19,8.32,7.77,3741,19781268.0,6.98,3.93,0.31,0.49
2007-08-27,600511,8.19,9.01,9.06,8.19,10534,57840859.0,10.62,10.01,0.82,1.37
2007-08-28,600511,8.96,8.48,8.96,8.42,5548,30270635.0,5.99,-5.88,-0.53,0.72
2007-08-29,600511,8.46,7.64,8.46,7.41,5870,30101320.0,12.38,-9.91,-0.84,0.76
2007-08-30,600511,9.05,7.91,9.05,7.8,6497,34373848.0,16.36,3.53,0.27,0.84
2007-08-31,600511,8.02,7.75,8.32,7.49,5179,26382355.0,10.49,-2.02,-0.16,0.67
2007-09-03,600511,7.89,7.94,8.17,7.75,8771,45651516.0,5.42,2.45,0.19,1.14
2007-09-04,600511,7.95,7.63,7.96,7.46,20053,101890059.0,6.3,-3.9,-0.31,2.6
2007-09-05,600511,7.63,7.71,7.96,7.49,13812,70855425.0,6.16,1.05,0.08,1.79
2007-09-06,600511,7.73,7.74,8.21,7.49,12237,63679834.0,9.34,0.39,0.03,1.59
2007-09-07,600511,7.82,7.91,8.35,7.58,11048,57976486.0,9.95,2.2,0.17,1.43
2007-09-10,600511,7.79,8.46,8.49,7.79,11367,60556243.0,8.85,6.95,0.55,1.47
2007-09-11,600511,8.49,7.92,8.8,7.21,17388,94290165.0,18.79,-6.38,-0.54,2.25
2007-09-12,600511,7.92,8.13,8.32,7.23,5400,27809655.0,13.76,2.65,0.21,0.7
2007-09-13,600511,8.05,7.95,8.24,7.91,6230,32640319.0,4.06,-2.21,-0.18,0.81
2007-09-14,600511,7.95,7.69,8.18,7.49,3875,19742357.0,8.68,-3.27,-0.26,0.5
2007-09-17,600511,7.41,7.24,7.69,7.02,11634,57720316.0,8.71,-5.85,-0.45,1.51
2007-09-18,600511,7.35,7.39,7.6,7.24,20202,101099023.0,4.97,2.07,0.15,2.62
2007-09-19,600511,7.39,6.97,7.53,6.86,9712,48106389.0,9.07,-5.68,-0.42,1.26
2007-09-20,600511,6.99,6.67,7.35,6.49,20127,96010418.0,12.34,-4.3,-0.3,2.61
2007-09-21,600511,6.8,6.32,6.8,5.82,23677,107749414.0,14.69,-5.25,-0.35,3.07
2007-09-24,600511,6.19,6.37,6.76,6.19,18690,87725727.0,9.02,0.79,0.05,2.42
2007-09-25,600511,6.41,6.47,6.71,6.37,7189,33726211.0,5.34,1.57,0.1,0.93
2007-09-26,600511,6.6,5.99,6.6,5.96,7074,32650557.0,9.89,-7.42,-0.48,0.92
2007-09-27,600511,5.96,6.41,6.54,5.96,7578,35165513.0,9.68,7.01,0.42,0.98
2007-09-28,600511,6.41,6.59,6.66,6.41,4126,19493505.0,3.9,2.81,0.18,0.53
2007-10-08,600511,6.85,6.32,6.87,6.13,7005,32587935.0,11.23,-4.1,-0.27,0.91
2007-10-09,600511,6.32,5.97,6.46,5.94,7547,34128472.0,8.23,-5.54,-0.35,0.98
2007-10-10,600511,6.1,5.99,6.18,5.84,8718,39316557.0,5.7,0.34,0.02,1.13
2007-10-11,600511,5.96,5.67,6.13,5.67,9639,43010914.0,7.68,-5.34,-0.32,1.25
2007-10-12,600511,5.69,5.41,5.96,5.08,9775,42176438.0,15.52,-4.59,-0.26,1.27
2007-10-15,600511,5.41,5.32,5.54,5.08,8199,34786979.0,8.5,-1.66,-0.09,1.06
2007-10-16,600511,5.41,6.03,6.16,5.19,15381,68375507.0,18.23,13.35,0.71,1.99
2007-10-17,600511,6.05,5.89,6.3,5.61,13743,61505538.0,11.44,-2.32,-0.14,1.78
2007-10-18,600511,5.89,5.8,6.21,5.69,9679,43809006.0,8.83,-1.53,-0.09,1.26
2007-10-19,600511,5.83,6.04,6.32,5.83,15360,70137612.0,8.45,4.14,0.24,1.99
2007-10-22,600511,5.96,5.63,5.96,5.09,12376,53140342.0,14.4,-6.79,-0.41,1.6
2007-10-23,600511,5.29,6.02,6.1,5.29,7423,33003209.0,14.39,6.93,0.39,0.96
2007-10-24,600511,6.1,5.9,6.51,5.8,13910,64274083.0,11.79,-1.99,-0.12,1.8
2007-10-25,600511,5.84,5.45,5.84,5.19,5717,24643527.0,11.02,-7.63,-0.45,0.74
2007-10-26,600511,5.38,4.74,5.38,4.44,12059,49332267.0,17.25,-13.03,-0.71,1.56
2007-10-29,600511,4.83,4.57,4.83,4.38,18658,74143627.0,9.49,-3.59,-0.17,2.42
2007-10-30,600511,4.44,4.57,4.93,4.44,12779,51608559.0,10.72,0.0,0.0,1.66
2007-10-31,600511,4.76,5.62,5.69,4.65,12369,52366514.0,22.76,22.98,1.05,1.6
2007-11-01,600511,5.44,5.16,5.61,5.14,18565,79871173.0,8.36,-8.19,-0.46,2.41
2007-11-02,600511,5.23,5.16,5.54,5.13,13419,57489506.0,7.95,0.0,0.0,1.74
2007-11-05,600511,5.16,5.4,5.46,5.13,6481,27660261.0,6.4,4.65,0.24,0.84
2007-11-06,600511,5.67,5.67,5.82,5.19,5928,26049915.0,11.67,5.0,0.27,0.77
2007-11-07,600511,5.74,5.38,5.74,5.13,5466,23391180.0,10.76,-5.11,-0.29,0.71
2007-11-08,600511,5.01,5.27,5.52,5.01,4077,17451605.0,9.48,-2.04,-0.11,0.53
2007-11-09,600511,5.16,5.36,5.41,5.13,11278,48010066.0,5.31,1.71,0.09,1.46
2007-11-12,600511,5.36,5.38,5.55,4.58,4395,18439014.0,18.1,0.37,0.02,0.57
2007-11-13,600511,5.41,5.37,5.41,5.16,11117,47380939.0,4.65,-0.19,-0.01,1.44
2007-11-14,600511,5.27,5.86,5.96,5.27,7635,33476389.0,12.85,9.12,0.49,0.99
2007-11-15,600511,5.86,6.21,6.3,5.86,10089,46177875.0,7.51,5.97,0.35,1.31
2007-11-16,600511,6.18,6.24,6.28,5.94,6492,29742367.0,5.48,0.48,0.03,0.84
2007-11-19,600511,6.24,6.81,7.08,6.24,30464,146722078.0,13.46,9.13,0.57,3.95
2007-11-20,600511,6.68,6.92,7.06,6.52,7935,38229137.0,7.93,1.62,0.11,1.03
2007-11-21,600511,7.07,6.97,7.1,6.6,6473,31497052.0,7.23,0.72,0.05,0.84
2007-11-22,600511,6.8,7.22,7.41,6.29,13119,65074179.0,16.07,3.59,0.25,1.7
2007-11-23,600511,7.07,7.29,7.38,6.89,7536,37487899.0,6.79,0.97,0.07,0.98
2007-11-26,600511,7.63,7.74,7.95,7.52,19167,98695714.0,5.9,6.17,0.45,2.49
2007-11-27,600511,7.63,8.12,8.21,7.63,7710,40380714.0,7.49,4.91,0.38,1.0
2007-11-28,600511,8.12,7.23,8.24,6.79,12814,64649178.0,17.86,-10.96,-0.89,1.66
2007-11-29,600511,7.16,7.74,7.8,7.07,9755,49474556.0,10.1,7.05,0.51,1.26
2007-11-30,600511,7.74,7.71,7.9,7.57,1427,7319085.0,4.26,-0.39,-0.03,0.19
2007-12-03,600511,7.65,7.6,8.1,7.07,4164,21266424.0,13.36,-1.43,-0.11,0.54
2007-12-04,600511,7.43,7.6,7.81,7.43,7103,36373342.0,5.0,0.0,0.0,0.92
2007-12-05,600511,7.21,7.77,7.8,7.21,2548,13070353.0,7.76,2.24,0.17,0.33
2007-12-06,600511,7.77,7.49,7.85,7.35,1268,6450375.0,6.44,-3.6,-0.28,0.16
2007-12-07,600511,7.49,7.94,7.96,7.49,2085,10714861.0,6.28,6.01,0.45,0.27
2007-12-10,600511,7.91,8.98,9.02,7.67,6385,35293482.0,17.0,13.1,1.04,0.83
2007-12-11,600511,8.98,9.13,9.82,8.74,9602,54561777.0,12.03,1.67,0.15,1.25
2007-12-12,600511,8.74,9.43,9.67,8.74,2284,13008389.0,10.19,3.29,0.3,0.3
2007-12-13,600511,9.31,8.75,9.52,8.74,3484,19688236.0,8.27,-7.21,-0.68,0.45
2007-12-14,600511,8.56,8.77,9.02,7.87,3529,19124473.0,13.14,0.23,0.02,0.46
2007-12-17,600511,8.7,9.57,9.85,8.41,6252,35865030.0,16.42,9.12,0.8,0.81
2007-12-18,600511,9.57,9.33,9.58,9.1,848,4866855.0,5.02,-2.51,-0.24,0.11
2007-12-19,600511,9.3,9.44,9.8,9.19,1718,9896487.0,6.54,1.18,0.11,0.22
2007-12-20,600511,9.54,9.46,10.02,9.31,3093,18009868.0,7.52,0.21,0.02,0.4
2007-12-21,600511,9.57,9.45,9.8,9.08,2561,14603403.0,7.61,-0.11,-0.01,0.33
2007-12-24,600511,9.46,9.66,9.96,9.24,3526,20580092.0,7.62,2.22,0.21,0.46
2007-12-25,600511,9.85,10.31,10.4,9.58,4678,28054884.0,8.49,6.73,0.65,0.61
2007-12-26,600511,10.3,10.23,10.42,9.86,4744,28304134.0,5.43,-0.78,-0.08,0.62
2007-12-27,600511,10.12,10.18,10.54,9.95,4241,25829448.0,5.77,-0.49,-0.05,0.55
2007-12-28,600511,10.41,9.95,10.44,9.52,4651,27324329.0,9.04,-2.26,-0.23,0.6
2008-01-02,600511,9.98,10.55,10.71,9.54,10036,61421740.0,11.76,6.03,0.6,1.3
2008-01-03,600511,10.49,10.78,10.96,9.86,7682,47540703.0,10.43,2.18,0.23,1.0
2008-01-04,600511,10.24,10.68,10.96,10.24,6181,38488781.0,6.68,-0.93,-0.1,0.8
2008-01-07,600511,10.71,10.12,10.91,10.03,5305,31949780.0,8.24,-5.24,-0.56,0.69
2008-01-08,600511,10.02,9.52,10.04,9.3,19936,115904491.0,7.31,-5.93,-0.6,2.58
2008-01-09,600511,9.44,9.87,10.04,9.16,6337,37015522.0,9.24,3.68,0.35,0.82
2008-01-10,600511,9.87,9.76,9.88,9.44,6138,35806904.0,4.46,-1.11,-0.11,0.8
2008-01-11,600511,9.67,10.16,10.27,9.3,4307,25425783.0,9.94,4.1,0.4,0.56
2008-01-14,600511,10.12,10.08,10.18,9.74,4194,24823853.0,4.33,-0.79,-0.08,0.54
2008-01-15,600511,10.1,10.29,10.3,9.92,2096,12570118.0,3.77,2.08,0.21,0.27
2008-01-16,600511,10.13,10.21,10.57,9.92,3491,21174791.0,6.32,-0.78,-0.08,0.45
2008-01-17,600511,10.27,9.45,10.27,8.74,3752,21922692.0,14.99,-7.44,-0.76,0.49
2008-01-18,600511,9.39,9.78,9.93,9.19,2013,11759183.0,7.83,3.49,0.33,0.26
2008-01-21,600511,9.74,9.61,9.99,9.3,4810,27983641.0,7.06,-1.74,-0.17,0.62
2008-01-22,600511,9.3,8.47,9.83,8.0,15945,87652663.0,19.04,-11.86,-1.14,2.07
2008-01-23,600511,8.46,9.66,9.7,8.13,10802,58933921.0,18.54,14.05,1.19,1.4
2008-01-24,600511,9.66,10.69,10.96,9.2,4543,27692778.0,18.22,10.66,1.03,0.59
2008-01-25,600511,10.69,10.82,11.24,10.13,5495,34122850.0,10.38,1.22,0.13,0.71
2008-01-28,600511,10.96,10.2,11.02,9.85,3477,20955828.0,10.81,-5.73,-0.62,0.45
2008-01-29,600511,10.2,9.97,10.55,9.87,2187,13116874.0,6.67,-2.25,-0.23,0.28
2008-01-30,600511,9.97,9.47,11.15,9.19,1924,11121917.0,19.66,-5.02,-0.5,0.25
2008-01-31,600511,9.85,9.49,9.85,9.02,9294,53627689.0,8.76,0.21,0.02,1.21
2008-02-01,600511,9.44,9.3,9.71,9.3,4704,26990144.0,4.32,-2.0,-0.19,0.61
2008-02-04,600511,9.6,10.57,10.6,9.6,4086,24590363.0,10.75,13.66,1.27,0.53
2008-02-05,600511,10.57,10.41,10.57,10.13,1275,7745850.0,4.16,-1.51,-0.16,0.17
2008-02-13,600511,10.41,10.66,10.82,10.41,1532,9482697.0,3.94,2.4,0.25,0.2
2008-02-14,600511,10.69,11.21,11.46,10.69,3690,23540262.0,7.22,5.16,0.55,0.48
2008-02-15,600511,11.24,11.02,11.24,10.96,2238,14161266.0,2.5,-1.69,-0.19,0.29
2008-02-18,600511,11.4,12.37,12.78,11.28,6473,43514379.0,13.61,12.25,1.35,0.84
2008-02-19,600511,12.35,12.31,12.73,11.8,2814,18961741.0,7.52,-0.49,-0.06,0.36
2008-02-20,600511,12.16,12.38,12.58,11.94,1848,12503762.0,5.2,0.57,0.07,0.24
2008-02-21,600511,12.15,12.47,12.49,11.96,3873,26409437.0,4.28,0.73,0.09,0.5
2008-02-25,600511,11.76,11.69,12.13,11.61,3319,21921000.0,4.17,-6.26,-0.78,0.43
2008-02-26,600511,12.24,10.95,12.24,10.74,11558,72694693.0,12.83,-6.33,-0.74,1.5
2008-02-27,600511,10.77,11.29,11.53,10.57,4030,25884611.0,8.77,3.11,0.34,0.52
2008-02-28,600511,11.14,11.38,11.72,10.69,658,4216556.0,9.12,0.8,0.09,0.09
2008-02-29,600511,11.48,11.35,11.52,11.19,530,3407331.0,2.9,-0.26,-0.03,0.07
2008-03-03,600511,11.1,11.94,12.35,10.99,1568,10351680.0,11.98,5.2,0.59,0.2
2008-03-04,600511,11.8,11.71,12.21,11.66,3708,24689518.0,4.61,-1.93,-0.23,0.48
2008-03-05,600511,11.66,11.24,11.92,10.96,4270,27288346.0,8.2,-4.01,-0.47,0.55
2008-03-06,600511,11.16,11.23,11.31,10.8,3368,21219633.0,4.54,-0.09,-0.01,0.44
2008-03-07,600511,10.96,10.55,11.23,10.55,782,4865858.0,6.06,-6.06,-0.68,0.1
2008-03-10,600511,10.66,9.69,10.66,9.66,4470,26394113.0,9.48,-8.15,-0.86,0.58
2008-03-11,600511,9.52,10.04,10.04,8.74,12114,68116230.0,13.42,3.61,0.35,1.57
2008-03-12,600511,10.12,9.62,10.21,9.25,1373,7960615.0,9.56,-4.18,-0.42,0.18
2008-03-13,600511,9.56,8.97,9.56,8.9,1711,9551060.0,6.86,-6.76,-0.65,0.22
2008-03-14,600511,8.97,9.35,9.37,8.51,3180,17631158.0,9.59,4.24,0.38,0.41
2008-03-17,600511,9.07,8.19,9.34,8.05,575,3116897.0,13.8,-12.41,-1.16,0.07
2008-03-18,600511,7.63,7.91,8.35,6.8,1545,7842919.0,18.93,-3.42,-0.28,0.2
2008-03-19,600511,7.91,8.15,8.57,7.71,924,4862419.0,10.87,3.03,0.24,0.12
2008-03-20,600511,8.46,8.32,8.57,7.63,1208,6353068.0,11.53,2.09,0.17,0.16
2008-03-21,600511,8.02,9.31,9.52,8.02,2300,12801407.0,18.03,11.9,0.99,0.3
2008-03-24,600511,9.32,9.32,9.57,9.3,2238,12799710.0,2.9,0.11,0.01,0.29
2008-03-25,600511,8.88,9.33,9.55,8.74,4494,25536934.0,8.69,0.11,0.01,0.58
2008-03-26,600511,9.27,9.76,9.98,9.19,5169,30236770.0,8.47,4.61,0.43,0.67
2008-03-27,600511,9.57,9.87,10.13,9.16,2001,11645466.0,9.94,1.13,0.11,0.26
2008-03-28,600511,9.3,10.13,10.21,9.3,1931,11426418.0,9.22,2.63,0.26,0.25
2008-03-31,600511,9.94,9.57,9.94,9.3,565,3266419.0,6.32,-5.53,-0.56,0.07
2008-04-01,600511,9.71,8.74,9.71,8.13,1353,7463342.0,16.51,-8.67,-0.83,0.18
2008-04-02,600511,9.05,8.41,9.05,7.66,3169,16970789.0,15.9,-3.78,-0.33,0.41
2008-04-03,600511,8.35,8.74,8.96,7.94,7187,39542160.0,12.13,3.92,0.33,0.93
2008-04-07,600511,8.89,9.8,9.85,8.88,2542,14937557.0,11.1,12.13,1.06,0.33
2008-04-08,600511,9.92,10.46,10.85,9.62,2555,15653393.0,12.55,6.73,0.66,0.33
2008-04-09,600511,10.66,9.36,10.66,9.3,5918,34874853.0,13.0,-10.52,-1.1,0.77
2008-04-10,600511,9.35,9.3,9.62,9.03,2814,16104453.0,6.3,-0.64,-0.06,0.36
2008-04-11,600511,9.36,9.57,9.8,9.32,5284,30522011.0,5.16,2.9,0.27,0.69
2008-04-14,600511,9.57,9.05,9.71,8.97,428,2422679.0,7.73,-5.43,-0.52,0.06
2008-04-15,600511,9.02,8.71,9.26,8.46,2168,11911021.0,8.84,-3.76,-0.34,0.28
2008-04-16,600511,8.71,8.71,8.88,8.5,1809,9909751.0,4.36,0.0,0.0,0.23
2008-04-17,600511,9.02,8.61,9.02,8.46,1370,7566253.0,6.43,-1.15,-0.1,0.18
2008-04-18,600511,8.5,8.61,8.73,8.5,1396,7616578.0,2.67,0.0,0.0,0.18
2008-04-21,600511,9.27,8.08,9.51,7.91,2454,13220923.0,18.58,-6.16,-0.53,0.32
2008-04-22,600511,7.66,7.35,7.85,7.07,1241,6183748.0,9.65,-9.03,-0.73,0.16
2008-04-23,600511,7.05,7.35,7.74,7.05,4114,20728887.0,9.39,0.0,0.0,0.53
2008-04-24,600511,8.34,8.46,8.69,7.35,25034,131740713.0,18.23,15.1,1.11,3.25
2008-04-25,600511,7.94,7.67,8.19,7.49,5205,26898762.0,8.27,-9.34,-0.79,0.67
2008-04-28,600511,7.5,7.37,7.5,7.07,5137,25465785.0,5.61,-3.91,-0.3,0.67
2008-04-29,600511,7.35,7.49,7.63,7.35,2186,11056534.0,3.8,1.63,0.12,0.28
2008-04-30,600511,8.33,7.39,8.33,7.21,16917,85522815.0,14.95,-1.34,-0.1,2.19
2008-05-05,600511,7.46,8.78,8.78,7.46,19378,104608456.0,17.86,18.81,1.39,2.51
2008-05-06,600511,9.0,8.89,9.35,8.7,12236,68570960.0,7.4,1.25,0.11,1.59
2008-05-07,600511,8.74,8.47,8.8,8.26,6513,35296381.0,6.07,-4.72,-0.42,0.84
2008-05-08,600511,8.13,8.67,8.74,8.13,3557,19198095.0,7.2,2.36,0.2,0.46
2008-05-09,600511,8.73,8.43,9.1,8.24,4883,26469133.0,9.92,-2.77,-0.24,0.63
2008-05-12,600511,8.13,8.99,9.44,8.13,12325,68336446.0,15.54,6.64,0.56,1.6
2008-05-13,600511,8.71,10.55,10.55,8.56,25410,151006955.0,22.14,17.35,1.56,3.29
2008-05-14,600511,10.65,9.95,11.24,9.6,15358,93092038.0,15.55,-5.69,-0.6,1.99
2008-05-15,600511,9.93,9.09,9.93,9.06,11506,65839959.0,8.74,-8.64,-0.86,1.49
2008-05-16,600511,9.02,9.35,9.44,8.99,6289,35693696.0,4.95,2.86,0.26,0.82
2008-05-19,600511,9.23,9.32,9.71,9.06,3056,17630838.0,6.95,-0.32,-0.03,0.4
2008-05-20,600511,9.3,8.38,9.52,8.35,9024,49380093.0,12.55,-10.09,-0.94,1.17
2008-05-21,600511,8.35,9.45,9.46,7.94,10057,55112672.0,18.14,12.77,1.07,1.3
2008-05-22,600511,9.22,9.63,9.95,9.16,7019,40891551.0,8.36,1.9,0.18,0.91
2008-05-26,600511,9.12,8.96,9.43,8.49,2515,13983882.0,9.76,-6.96,-0.67,0.33
2008-05-27,600511,8.81,8.88,9.23,8.81,2511,13948426.0,4.69,-0.89,-0.08,0.33
2008-05-28,600511,8.94,9.26,9.3,8.86,2658,14945138.0,4.95,4.28,0.38,0.34
2008-05-29,600511,9.02,9.32,9.54,9.02,3641,20899952.0,5.62,0.65,0.06,0.47
2008-05-30,600511,9.46,9.04,9.46,8.88,1143,6428861.0,6.22,-3.0,-0.28,0.15
2008-06-02,600511,9.03,8.91,9.26,8.74,1544,8562015.0,5.75,-1.44,-0.13,0.2
2008-06-03,600511,8.8,8.8,8.94,8.69,1462,8067435.0,2.81,-1.23,-0.11,0.19
2008-06-04,600511,8.97,8.53,8.97,8.44,1374,7509685.0,6.02,-3.07,-0.27,0.18
2008-06-05,600511,8.53,8.21,8.59,8.13,1261,6712123.0,5.39,-3.75,-0.32,0.16
2008-06-06,600511,8.21,7.97,8.24,7.93,697,3656301.0,3.78,-2.92,-0.24,0.09
2008-06-10,600511,7.49,6.92,7.52,6.86,8905,44174848.0,8.28,-13.17,-1.05,1.15
2008-06-11,600511,6.89,7.05,7.35,6.66,2176,10554001.0,9.97,1.88,0.13,0.28
2008-06-12,600511,7.17,6.93,7.27,6.8,1850,9065127.0,6.67,-1.7,-0.12,0.24
2008-06-13,600511,7.29,6.22,7.29,6.19,1453,6838562.0,15.87,-10.25,-0.71,0.19
2008-06-16,600511,5.97,6.43,6.44,5.96,3058,14035103.0,7.72,3.38,0.21,0.4
2008-06-17,600511,6.43,6.24,6.57,5.98,1059,4862141.0,9.18,-2.95,-0.19,0.14
2008-06-18,600511,6.49,6.78,6.88,5.76,1218,5657079.0,17.95,8.65,0.54,0.16
2008-06-19,600511,6.78,6.44,7.28,6.38,2645,12590648.0,13.27,-5.01,-0.34,0.34
2008-06-20,600511,6.44,7.02,7.2,6.24,1436,6919887.0,14.91,9.01,0.58,0.19
2008-06-23,600511,7.07,6.98,7.07,6.52,570,2764227.0,7.83,-0.57,-0.04,0.07
2008-06-24,600511,7.21,6.94,7.21,6.3,2374,11467005.0,13.04,-0.57,-0.04,0.31
2008-06-25,600511,6.31,7.37,7.55,6.31,914,2491239.0,17.87,6.2,0.43,0.07
2008-06-26,600511,7.37,7.11,7.37,6.76,3450,9284000.0,8.28,-3.53,-0.26,0.25
2008-06-27,600511,6.57,6.56,7.1,6.37,2559,6676535.0,10.27,-7.74,-0.55,0.18
2008-06-30,600511,6.81,7.11,7.31,6.06,2937,7705457.0,19.05,8.38,0.55,0.21
2008-07-01,600511,7.06,6.87,7.3,6.59,705,1876225.0,9.99,-3.38,-0.24,0.05
2008-07-02,600511,6.83,7.17,7.21,6.71,2864,7696870.0,7.28,4.37,0.3,0.21
2008-07-03,600511,7.06,8.36,8.53,6.72,5193,14941958.0,25.24,16.6,1.19,0.37
2008-07-04,600511,8.36,8.0,8.56,7.91,1576,4572216.0,7.78,-4.31,-0.36,0.11
2008-07-07,600511,8.15,8.3,8.51,8.0,2093,6172591.0,6.38,3.75,0.3,0.15
2008-07-08,600511,8.3,8.2,8.81,7.97,1773,5193728.0,10.12,-1.2,-0.1,0.13
2008-07-09,600511,8.38,8.21,8.38,8.09,4163,12126214.0,3.54,0.12,0.01,0.3
2008-07-10,600511,8.22,8.94,9.25,8.19,9162,27893955.0,12.91,8.89,0.73,0.66
2008-07-11,600511,8.86,8.91,9.01,8.47,5103,15470515.0,6.04,-0.34,-0.03,0.37
2008-07-14,600511,8.66,8.53,8.96,8.32,3000,9043015.0,7.18,-4.26,-0.38,0.22
2008-07-15,600511,8.53,7.89,8.53,7.85,3767,10904142.0,7.97,-7.5,-0.64,0.27
2008-07-16,600511,7.79,7.72,7.81,7.36,3235,9104060.0,5.7,-2.15,-0.17,0.23
2008-07-17,600511,8.0,8.09,8.44,7.59,4268,12411468.0,11.01,4.79,0.37,0.31
2008-07-18,600511,8.18,8.0,8.31,7.84,2132,6152756.0,5.81,-1.11,-0.09,0.15
2008-07-21,600511,8.0,8.36,8.41,6.82,3918,11404679.0,19.88,4.5,0.36,0.28
2008-07-22,600511,8.35,8.34,8.55,8.1,3190,9440582.0,5.38,-0.24,-0.02,0.23
2008-07-23,600511,8.11,8.06,8.31,7.72,4071,11809789.0,7.07,-3.36,-0.28,0.29
2008-07-24,600511,8.06,8.15,8.35,7.75,5270,15292111.0,7.44,1.12,0.09,0.38
2008-07-25,600511,7.67,8.0,8.24,7.67,3165,9180923.0,6.99,-1.84,-0.15,0.23
2008-07-28,600511,8.0,7.94,8.31,7.81,3594,10348780.0,6.25,-0.75,-0.06,0.26
2008-07-29,600511,7.91,7.37,8.21,7.21,5013,13973716.0,12.59,-7.18,-0.57,0.36
2008-07-30,600511,7.54,7.21,7.55,6.85,10234,27599604.0,9.5,-2.17,-0.16,0.74
2008-07-31,600511,7.07,7.06,7.3,6.85,4708,12707744.0,6.24,-2.08,-0.15,0.34
2008-08-01,600511,6.86,7.36,7.5,6.56,3584,9623411.0,13.31,4.25,0.3,0.26
2008-08-04,600511,7.31,7.01,7.55,6.81,1601,4346573.0,10.05,-4.76,-0.35,0.12
2008-08-05,600511,7.15,7.08,7.76,6.81,8893,24595803.0,13.55,1.0,0.07,0.64
2008-08-06,600511,7.24,7.55,7.62,7.09,4141,11377078.0,7.49,6.64,0.47,0.3
2008-08-07,600511,7.56,7.49,7.56,7.08,1920,5274385.0,6.36,-0.79,-0.06,0.14
2008-08-08,600511,7.5,7.27,8.01,7.26,3014,8400077.0,10.01,-2.94,-0.22,0.22
2008-08-11,600511,7.54,7.04,7.56,6.97,5568,15037965.0,8.12,-3.16,-0.23,0.4
2008-08-12,600511,7.04,7.3,7.55,6.7,1851,5008927.0,12.07,3.69,0.26,0.13
2008-08-13,600511,7.3,7.34,7.35,7.09,2797,7642510.0,3.56,0.55,0.04,0.2
2008-08-14,600511,7.35,7.66,7.8,7.29,3003,8451020.0,6.95,4.36,0.32,0.22
2008-08-15,600511,7.66,7.58,7.9,7.36,2097,5887534.0,7.05,-1.04,-0.08,0.15
2008-08-18,600511,7.55,7.41,7.61,7.29,1794,4995924.0,4.22,-2.24,-0.17,0.13
2008-08-19,600511,7.14,7.42,7.56,7.14,960,2652697.0,5.67,0.13,0.01,0.07
2008-08-20,600511,7.51,7.7,8.16,7.1,13770,39102634.0,14.29,3.77,0.28,0.99
2008-08-21,600511,7.56,6.84,7.56,6.71,17170,46113875.0,11.04,-11.17,-0.86,1.24
2008-08-22,600511,6.96,5.71,6.96,5.51,28335,68472578.0,21.2,-16.52,-1.13,2.04
2008-08-25,600511,4.95,5.17,5.44,4.62,12172,28320102.0,14.36,-9.46,-0.54,0.88
2008-08-26,600511,5.06,4.98,5.15,4.64,9802,22267759.0,9.86,-3.68,-0.19,0.71
2008-08-27,600511,4.87,4.88,5.05,4.32,3660,8263514.0,14.66,-2.01,-0.1,0.26
2008-08-28,600511,5.01,4.92,5.01,4.67,2067,4675895.0,6.97,0.82,0.04,0.15
2008-08-29,600511,5.0,4.95,5.3,4.81,1704,3888090.0,9.96,0.61,0.03,0.12
2008-09-01,600511,4.86,4.58,5.0,4.33,1753,3872494.0,13.54,-7.47,-0.37,0.13
2008-09-02,600511,4.21,4.76,4.79,4.21,2319,5136578.0,12.66,3.93,0.18,0.17
2008-09-03,600511,4.37,4.88,5.12,4.32,2102,4756917.0,16.81,2.52,0.12,0.15
2008-09-04,600511,5.13,4.88,5.13,4.72,454,1026967.0,8.4,0.0,0.0,0.03
2008-09-05,600511,4.76,4.56,4.76,4.5,1189,2641590.0,5.33,-6.56,-0.32,0.09
2008-09-08,600511,4.51,4.99,5.05,4.09,3414,7473679.0,21.05,9.43,0.43,0.25
2008-09-10,600511,4.91,5.41,5.43,4.61,2008,4681846.0,16.43,8.42,0.42,0.14
2008-09-11,600511,5.41,5.43,5.63,5.19,2094,4962459.0,8.13,0.37,0.02,0.15
2008-09-12,600511,5.8,5.69,5.8,4.62,1662,4007433.0,21.73,4.79,0.26,0.12
2008-09-16,600511,5.11,5.76,5.96,5.11,1382,3359090.0,14.94,1.23,0.07,0.1
2008-09-17,600511,5.7,5.64,6.1,5.57,3802,9367808.0,9.2,-2.08,-0.12,0.27
2008-09-18,600511,5.23,5.4,5.46,5.23,9201,21630681.0,4.08,-4.26,-0.24,0.66
2008-09-19,600511,6.31,6.59,6.59,6.0,51343,133059156.0,10.93,22.04,1.19,3.7
2008-09-22,600511,6.66,6.17,7.66,5.55,34791,89429891.0,32.02,-6.37,-0.42,2.51
2008-09-23,600511,5.86,5.26,6.21,5.07,8291,19825635.0,18.48,-14.75,-0.91,0.6
2008-09-24,600511,4.96,6.06,6.07,4.82,4686,11216616.0,23.76,15.21,0.8,0.34
2008-09-25,600511,6.31,6.26,6.46,6.06,9289,23550197.0,6.6,3.3,0.2,0.67
2008-09-26,600511,6.25,6.22,6.4,6.06,3798,9654368.0,5.43,-0.64,-0.04,0.27
2008-10-06,600511,6.22,6.08,6.29,5.36,1448,3609378.0,14.95,-2.25,-0.14,0.1
2008-10-07,600511,5.99,6.13,6.26,5.81,2285,5685462.0,7.4,0.82,0.05,0.16
2008-10-08,600511,6.41,6.19,6.41,5.57,2709,6863831.0,13.7,0.98,0.06,0.2
2008-10-09,600511,6.26,6.14,6.55,6.13,1312,3344089.0,6.79,-0.81,-0.05,0.09
2008-10-10,600511,5.75,6.15,6.16,5.7,2312,5693759.0,7.49,0.16,0.01,0.17
2008-10-13,600511,6.09,6.07,6.13,5.74,484,1196284.0,6.34,-1.3,-0.08,0.03
2008-10-14,600511,6.5,5.82,6.59,5.81,2002,5040792.0,12.85,-4.12,-0.25,0.14
2008-10-15,600511,5.82,6.07,6.15,5.57,3101,7730349.0,9.97,4.3,0.25,0.22
2008-10-16,600511,5.82,5.85,6.06,5.81,1481,3674619.0,4.12,-3.62,-0.22,0.11
2008-10-17,600511,6.06,5.91,6.07,5.85,1235,3077930.0,3.76,1.03,0.06,0.09
2008-10-20,600511,5.81,5.86,6.05,5.76,709,1743769.0,4.91,-0.85,-0.05,0.05
2008-10-21,600511,5.87,5.76,5.87,5.72,1266,3099065.0,2.56,-1.71,-0.1,0.09
2008-10-22,600511,5.86,5.54,5.86,5.43,1755,4200308.0,7.47,-3.82,-0.22,0.13
2008-10-23,600511,5.56,5.5,5.73,5.46,1938,4643418.0,4.87,-0.72,-0.04,0.14
2008-10-24,600511,5.31,5.41,5.61,5.31,1305,3086572.0,5.45,-1.64,-0.09,0.09
2008-10-27,600511,5.08,4.87,5.56,4.62,1976,4548377.0,17.38,-9.98,-0.54,0.14
2008-10-28,600511,4.78,4.76,5.01,4.56,7044,15822143.0,9.24,-2.26,-0.11,0.51
2008-10-29,600511,5.01,5.07,5.15,4.81,1732,3949432.0,7.14,6.51,0.31,0.12
2008-10-30,600511,5.09,5.22,5.3,4.96,864,2003998.0,6.71,2.96,0.15,0.06
2008-10-31,600511,5.31,4.96,5.31,4.88,678,1564539.0,8.24,-4.98,-0.26,0.05
2008-11-03,600511,4.97,4.59,5.07,4.47,1874,4146063.0,12.1,-7.46,-0.37,0.14
2008-11-04,600511,4.46,4.53,4.58,4.22,5213,11227598.0,7.84,-1.31,-0.06,0.38
2008-11-05,600511,4.52,4.5,4.71,4.47,1066,2351374.0,5.3,-0.66,-0.03,0.08
2008-11-06,600511,4.35,4.38,4.41,4.1,669,1438210.0,6.89,-2.67,-0.12,0.05
2008-11-07,600511,4.3,4.37,4.44,4.16,360,776161.0,6.39,-0.23,-0.01,0.03
2008-11-10,600511,4.56,4.84,4.85,4.34,3219,7150214.0,11.67,10.76,0.47,0.23
2008-11-11,600511,4.76,4.74,4.84,4.61,1418,3160403.0,4.75,-2.07,-0.1,0.1
2008-11-12,600511,4.61,4.79,4.81,4.6,822,1836719.0,4.43,1.05,0.05,0.06
2008-11-13,600511,4.79,4.9,4.99,4.56,5695,12831002.0,8.98,2.3,0.11,0.41
2008-11-14,600511,5.09,5.42,5.44,4.96,3293,7694320.0,9.8,10.61,0.52,0.24
2008-11-17,600511,5.49,6.61,6.61,5.46,17565,45440041.0,21.22,21.96,1.19,1.27
2008-11-18,600511,6.66,5.73,6.81,5.69,7519,18967479.0,16.94,-13.31,-0.88,0.54
2008-11-19,600511,5.71,6.45,6.49,5.46,5108,12941016.0,17.98,12.57,0.72,0.37
2008-11-20,600511,6.41,6.1,6.41,5.76,5003,12474081.0,10.08,-5.43,-0.35,0.36
2008-11-21,600511,5.77,5.93,6.06,5.56,4270,10453519.0,8.2,-2.79,-0.17,0.31
2008-11-24,600511,5.69,5.82,6.48,5.66,2079,5226741.0,13.83,-1.85,-0.11,0.15
2008-11-25,600511,6.11,5.94,6.11,5.39,2649,6457776.0,12.37,2.06,0.12,0.19
2008-11-26,600511,5.9,5.89,5.95,5.69,2184,5353297.0,4.38,-0.84,-0.05,0.16
2008-11-27,600511,6.36,5.96,6.66,5.89,3240,8252165.0,13.07,1.19,0.07,0.23
2008-11-28,600511,5.75,6.37,6.41,5.74,3107,7821639.0,11.24,6.88,0.41,0.22
2008-12-01,600511,6.36,6.42,6.46,6.07,1470,3757423.0,6.12,0.78,0.05,0.11
2008-12-02,600511,6.29,6.34,6.45,6.01,2093,5327312.0,6.85,-1.25,-0.08,0.15
2008-12-03,600511,6.32,6.9,6.96,6.32,3602,9457307.0,10.09,8.83,0.56,0.26
2008-12-04,600511,7.01,7.06,7.21,6.77,5926,16021199.0,6.38,2.32,0.16,0.43
2008-12-05,600511,7.1,6.96,7.1,6.77,3217,8582903.0,4.67,-1.42,-0.1,0.23
2008-12-08,600511,7.06,7.46,7.5,6.96,2205,6083651.0,7.76,7.18,0.5,0.16
2008-12-09,600511,7.51,7.26,7.65,7.21,1230,3398227.0,5.9,-2.68,-0.2,0.09
2008-12-10,600511,7.21,7.42,7.46,7.19,1660,4559402.0,3.72,2.2,0.16,0.12
2008-12-11,600511,7.55,7.88,8.31,7.42,3490,10011381.0,11.99,6.2,0.46,0.25
2008-12-12,600511,7.81,7.52,7.81,7.3,1967,5528724.0,6.47,-4.57,-0.36,0.14
2008-12-15,600511,7.52,7.49,7.89,7.17,1443,4022386.0,9.57,-0.4,-0.03,0.1
2008-12-16,600511,7.49,7.83,8.0,7.41,3389,9541017.0,7.88,4.54,0.34,0.24
2008-12-17,600511,8.3,7.95,8.31,7.82,2653,7734237.0,6.26,1.53,0.12,0.19
2008-12-18,600511,8.06,8.17,8.22,7.81,2987,8674535.0,5.16,2.77,0.22,0.22
2008-12-19,600511,8.17,8.45,8.51,7.96,2000,5920060.0,6.73,3.43,0.28,0.14
2008-12-22,600511,8.51,8.37,8.55,8.22,1284,3808243.0,3.91,-0.95,-0.08,0.09
2008-12-23,600511,8.46,7.74,8.46,7.61,3237,9175398.0,10.16,-7.53,-0.63,0.23
2008-12-24,600511,7.37,7.52,8.06,7.06,2901,7998675.0,12.92,-2.84,-0.22,0.21
2008-12-25,600511,7.99,7.58,7.99,7.08,2859,7842506.0,12.1,0.8,0.06,0.21
2008-12-26,600511,7.31,7.25,7.61,7.1,1933,5276439.0,6.73,-4.35,-0.33,0.14
2008-12-29,600511,7.05,7.34,7.41,6.71,6514,17564135.0,9.66,1.24,0.09,0.47
2008-12-31,600511,7.44,7.85,8.05,7.36,12015,34020976.0,9.4,6.95,0.51,0.87
2009-01-05,600511,7.96,7.94,8.33,7.66,1597,4581210.0,8.54,1.15,0.09,0.12
2009-01-06,600511,7.72,7.75,8.06,7.64,2589,7325875.0,5.29,-2.39,-0.19,0.19
2009-01-07,600511,7.9,7.97,8.04,7.66,5491,15608184.0,4.9,2.84,0.22,0.4
2009-01-08,600511,7.91,7.74,7.91,7.69,1451,4109050.0,2.76,-2.89,-0.23,0.1
2009-01-09,600511,7.61,7.89,7.9,7.61,2100,5972533.0,3.75,1.94,0.15,0.15
2009-01-12,600511,7.99,7.87,8.13,7.84,2354,6751937.0,3.68,-0.25,-0.02,0.17
2009-01-13,600511,7.74,7.74,7.91,7.57,2355,6718644.0,4.32,-1.65,-0.13,0.17
2009-01-14,600511,7.71,7.88,7.89,7.66,2753,7817891.0,2.97,1.81,0.14,0.2
2009-01-15,600511,7.86,7.46,7.86,7.38,3447,9660278.0,6.09,-5.33,-0.42,0.25
2009-01-16,600511,7.46,7.29,7.55,7.25,3807,10531201.0,4.02,-2.28,-0.17,0.27
2009-01-19,600511,7.46,7.16,7.46,6.71,7500,20135255.0,10.29,-1.78,-0.13,0.54
2009-01-20,600511,7.16,7.41,7.41,6.94,4734,12908172.0,6.56,3.49,0.25,0.34
2009-01-21,600511,7.22,7.23,7.39,7.21,4602,12603867.0,2.43,-2.43,-0.18,0.33
2009-01-22,600511,7.47,7.4,7.76,7.4,22138,62181226.0,4.98,2.35,0.17,1.59
2009-01-23,600511,7.42,7.06,7.55,7.05,5625,15293159.0,6.76,-4.59,-0.34,0.41
2009-02-02,600511,7.5,7.24,7.5,6.92,8796,24064370.0,8.22,2.55,0.18,0.63
2009-02-03,600511,7.24,7.22,7.36,7.07,8816,24067660.0,4.01,-0.28,-0.02,0.64
2009-02-04,600511,7.26,8.03,8.34,7.25,14136,40256416.0,15.1,11.22,0.81,1.02
2009-02-05,600511,8.03,7.61,8.11,7.51,25432,71478575.0,7.47,-5.23,-0.42,1.83
2009-02-06,600511,7.56,7.74,7.78,7.54,32118,90637616.0,3.15,1.71,0.13,2.31
2009-02-09,600511,7.95,8.06,8.06,7.51,37594,106597558.0,7.11,4.13,0.32,2.71
2009-02-10,600511,8.05,7.92,8.05,7.61,37969,108017470.0,5.46,-1.74,-0.14,2.74
2009-02-11,600511,7.79,8.34,8.42,7.69,44398,129704078.0,9.22,5.3,0.42,3.2
2009-02-12,600511,8.31,8.1,8.46,7.84,19961,58183862.0,7.43,-2.88,-0.24,1.44
2009-02-13,600511,8.15,8.62,8.64,8.15,27052,80129232.0,6.05,6.42,0.52,1.95
2009-02-16,600511,8.66,9.12,9.12,8.3,31545,95288516.0,9.51,5.8,0.5,2.27
2009-02-17,600511,9.12,8.19,9.12,8.15,28215,85043987.0,10.64,-10.2,-0.93,2.03
2009-02-18,600511,7.86,7.98,8.45,7.81,17497,51040685.0,7.81,-2.56,-0.21,1.26
2009-02-19,600511,8.04,8.18,8.29,8.04,10733,31326458.0,3.13,2.51,0.2,0.77
2009-02-20,600511,8.23,8.26,8.27,7.89,11648,33799392.0,4.65,0.98,0.08,0.84
2009-02-23,600511,8.21,8.51,8.66,7.81,64712,187069972.0,10.29,3.03,0.25,4.66
2009-02-24,600511,8.21,7.83,8.26,7.81,31826,92228193.0,5.29,-7.99,-0.68,2.29
2009-02-25,600511,7.82,7.62,8.01,7.35,19468,54634268.0,8.43,-2.68,-0.21,1.4
2009-02-26,600511,7.62,6.81,7.68,6.26,14708,40289421.0,18.64,-10.63,-0.81,1.06
2009-02-27,600511,6.57,6.62,6.72,6.18,17866,46029428.0,7.93,-2.79,-0.19,1.29
2009-03-02,600511,6.61,6.87,6.95,6.61,6692,17722474.0,5.14,3.78,0.25,0.48
2009-03-03,600511,6.56,6.98,7.25,6.4,14018,37761968.0,12.37,1.6,0.11,1.01
2009-03-04,600511,7.02,7.43,7.45,7.02,16375,44957497.0,6.16,6.45,0.45,1.18
2009-03-05,600511,7.49,7.19,7.55,7.11,12294,33795711.0,5.92,-3.23,-0.24,0.89
2009-03-06,600511,7.17,6.89,7.17,6.83,11441,30542903.0,4.73,-4.17,-0.3,0.82
2009-03-09,600511,6.96,6.59,7.05,6.57,8576,22584081.0,6.97,-4.35,-0.3,0.62
2009-03-10,600511,6.59,6.76,6.76,6.56,4813,12633962.0,3.03,2.58,0.17,0.35
2009-03-11,600511,6.96,7.09,7.15,6.85,20658,55540102.0,4.44,4.88,0.33,1.49
2009-03-12,600511,7.08,7.04,7.13,6.67,7122,19037310.0,6.49,-0.71,-0.05,0.51
2009-03-13,600511,7.03,6.78,7.06,6.74,5542,14752263.0,4.55,-3.69,-0.26,0.4
2009-03-16,600511,6.78,6.77,6.79,6.57,3407,8931328.0,3.24,-0.15,-0.01,0.25
2009-03-17,600511,6.87,7.24,7.31,6.66,23441,62202012.0,9.6,6.94,0.47,1.69
2009-03-18,600511,7.31,7.36,7.48,7.31,21879,60476634.0,2.35,1.66,0.12,1.58
2009-03-19,600511,7.36,7.47,7.49,7.16,24268,66340762.0,4.48,1.49,0.11,1.75
2009-03-20,600511,7.41,7.29,7.41,7.03,20472,55608435.0,5.09,-2.41,-0.18,1.47
2009-03-23,600511,7.21,7.11,7.21,6.84,33619,90575103.0,5.08,-2.47,-0.18,2.42
2009-03-24,600511,7.17,7.74,7.76,6.96,61729,168298655.0,11.25,8.86,0.63,4.45
2009-03-25,600511,7.51,7.08,7.51,7.06,26011,71753794.0,5.81,-8.53,-0.66,1.87
2009-03-26,600511,7.08,7.04,7.16,6.8,18765,50446463.0,5.08,-0.56,-0.04,1.35
2009-03-27,600511,7.05,6.99,7.21,6.92,22883,61555764.0,4.12,-0.71,-0.05,1.65
2009-03-30,600511,6.99,7.04,7.13,6.94,13533,36422333.0,2.72,0.72,0.05,0.97
2009-03-31,600511,6.83,7.05,7.15,6.82,17493,47002542.0,4.69,0.14,0.01,1.26
2009-04-01,600511,7.15,7.27,7.28,7.01,29513,80020184.0,3.83,3.12,0.22,2.13
2009-04-02,600511,7.25,7.29,7.36,7.11,43682,119257843.0,3.44,0.28,0.02,3.15
2009-04-03,600511,7.31,7.55,7.71,7.19,45221,125361539.0,7.13,3.57,0.26,3.26
2009-04-07,600511,8.04,7.73,8.3,7.61,81853,235147024.0,9.14,2.38,0.18,5.9
2009-04-08,600511,7.73,7.21,7.73,7.2,45640,125923745.0,6.86,-6.73,-0.52,3.29
2009-04-09,600511,7.26,8.1,8.29,7.26,106273,305831992.0,14.29,12.34,0.89,7.66
2009-04-10,600511,8.16,8.42,8.81,8.1,92222,273296309.0,8.77,3.95,0.32,6.64
2009-04-13,600511,8.58,8.57,8.84,8.26,55435,166452647.0,6.89,1.78,0.15,3.99
2009-04-14,600511,8.59,8.95,9.15,8.44,37623,115800832.0,8.28,4.43,0.38,2.71
2009-04-15,600511,8.96,8.92,9.5,8.71,28135,87005131.0,8.83,-0.34,-0.03,2.03
2009-04-16,600511,9.11,9.56,9.71,8.96,58430,184750012.0,8.41,7.17,0.64,4.21
2009-04-17,600511,9.84,9.61,10.24,9.24,69284,224947905.0,10.46,0.52,0.05,4.99
2009-04-20,600511,9.85,9.38,10.14,9.3,60167,192465801.0,8.74,-2.39,-0.23,4.33
2009-04-21,600511,9.29,9.65,9.66,8.87,42885,134853097.0,8.42,2.88,0.27,3.09
2009-04-22,600511,9.66,8.62,9.76,8.51,36902,114507193.0,12.95,-10.67,-1.03,2.66
2009-04-23,600511,8.56,8.64,8.95,8.36,26735,80486613.0,6.84,0.23,0.02,1.93
2009-04-24,600511,8.81,8.33,8.81,8.3,26852,80498327.0,5.9,-3.59,-0.31,1.93
2009-04-27,600511,8.35,8.31,8.61,8.2,22002,65042201.0,4.92,-0.24,-0.02,1.58
2009-04-28,600511,8.31,9.03,9.04,8.31,40482,123506458.0,8.78,8.66,0.72,2.92
2009-04-29,600511,9.06,8.91,9.14,8.67,30656,93951731.0,5.2,-1.33,-0.12,2.21
2009-04-30,600511,8.94,8.81,9.05,8.54,35253,106835696.0,5.72,-1.12,-0.1,2.54
2009-05-04,600511,8.82,9.06,9.17,8.82,30515,94623793.0,3.97,2.84,0.25,2.2
2009-05-05,600511,9.08,9.09,9.16,8.83,28697,88625264.0,3.64,0.33,0.03,2.07
2009-05-06,600511,9.09,8.99,9.16,8.94,20761,64150963.0,2.42,-1.1,-0.1,1.5
2009-05-07,600511,9.04,8.79,9.09,8.57,18930,57817485.0,5.78,-2.22,-0.2,1.36
2009-05-08,600511,8.79,8.76,9.19,8.63,22441,68661759.0,6.37,-0.34,-0.03,1.62
2009-05-11,600511,8.89,8.56,8.94,8.56,20096,60800067.0,4.34,-2.28,-0.2,1.45
2009-05-12,600511,8.46,8.48,8.59,8.11,17874,52912185.0,5.61,-0.93,-0.08,1.29
2009-05-13,600511,8.5,8.44,8.69,8.4,12973,38651936.0,3.42,-0.47,-0.04,0.93
2009-05-14,600511,8.47,8.7,8.71,8.42,19248,57657192.0,3.44,3.08,0.26,1.39
2009-05-18,600511,8.73,9.06,9.21,8.73,29158,90043448.0,5.52,4.14,0.36,2.1
2009-05-19,600511,9.11,9.1,9.43,9.09,26957,84659767.0,3.75,0.44,0.04,1.94
2009-05-20,600511,9.1,8.93,9.25,8.86,15294,47172853.0,4.29,-1.87,-0.17,1.1
2009-05-21,600511,8.85,8.53,8.85,8.5,18501,55763282.0,3.92,-4.48,-0.4,1.33
2009-05-22,600511,8.53,8.66,8.94,8.46,16255,49171780.0,5.63,1.52,0.13,1.17
2009-05-25,600511,8.44,8.96,8.99,8.11,17082,50994519.0,10.16,3.46,0.3,1.23
2009-05-26,600511,9.19,9.27,9.4,8.82,38444,119876329.0,6.47,3.46,0.31,2.77
2009-05-27,600511,9.25,9.11,9.49,8.99,18360,57473396.0,5.39,-1.73,-0.16,1.32
2009-06-01,600511,9.27,9.29,9.36,9.11,26597,83542992.0,2.74,1.98,0.18,1.92
2009-06-02,600511,9.31,8.97,9.45,8.85,47524,146847342.0,6.46,-3.44,-0.32,3.42
2009-06-03,600511,8.98,8.95,9.41,8.84,43865,67953146.0,6.35,-0.22,-0.02,1.58
2009-06-04,600511,8.99,10.48,10.48,8.89,273807,443389889.0,17.77,17.09,1.53,9.86
2009-06-05,600511,10.59,10.83,11.46,10.24,192016,332150471.0,11.64,3.34,0.35,6.92
2009-06-08,600511,10.89,10.59,11.12,10.09,84097,142096947.0,9.51,-2.22,-0.24,3.03
2009-06-09,600511,10.84,11.3,11.36,10.44,135362,233611648.0,8.69,6.7,0.71,4.88
2009-06-10,600511,11.29,11.37,11.51,10.96,91396,161420432.0,4.87,0.62,0.07,3.29
2009-06-11,600511,11.3,11.46,11.83,11.07,75289,133849865.0,6.68,0.79,0.09,2.71
2009-06-12,600511,11.49,11.34,12.23,11.15,87287,158120440.0,9.42,-1.05,-0.12,3.14
2009-06-15,600511,11.04,11.83,12.0,11.04,68650,124394801.0,8.47,4.32,0.49,2.47
2009-06-16,600511,11.78,12.59,12.68,11.55,71741,133547545.0,9.55,6.42,0.76,2.58
2009-06-17,600511,12.59,13.14,13.69,12.44,101521,198359821.0,9.93,4.37,0.55,3.66
2009-06-18,600511,13.16,12.63,13.34,12.4,78392,149446444.0,7.15,-3.88,-0.51,2.82
2009-06-19,600511,12.64,11.94,13.07,11.69,123106,228212676.0,10.93,-5.46,-0.69,4.43
2009-06-22,600511,11.94,11.98,12.14,11.45,64995,118242655.0,5.78,0.34,0.04,2.34
2009-06-23,600511,11.64,11.73,11.9,11.54,36700,66250803.0,3.01,-2.09,-0.25,1.32
2009-06-24,600511,11.81,12.32,12.47,11.54,53277,98493264.0,7.93,5.03,0.59,1.92
2009-06-25,600511,12.14,11.94,12.43,11.82,40983,75600017.0,4.95,-3.08,-0.38,1.48
2009-06-26,600511,11.94,11.98,12.09,11.66,33520,60805237.0,3.6,0.34,0.04,1.21
2009-06-29,600511,11.96,11.67,11.99,11.44,62547,112587453.0,4.59,-2.59,-0.31,2.25
2009-06-30,600511,11.64,11.39,11.64,11.31,46540,82571918.0,2.83,-2.4,-0.28,1.68
2009-07-01,600511,11.44,11.39,11.53,11.09,30690,54121226.0,3.86,0.0,0.0,1.11
2009-07-02,600511,11.32,11.43,11.73,11.32,36979,65944244.0,3.6,0.35,0.04,1.33
2009-07-03,600511,11.34,11.07,11.34,10.82,86705,150400209.0,4.55,-3.15,-0.36,3.12
2009-07-06,600511,11.08,10.96,11.1,10.72,76639,131985512.0,3.43,-0.99,-0.11,2.76
2009-07-07,600511,10.66,11.45,11.94,10.66,58898,104664161.0,11.68,4.47,0.49,2.12
2009-07-08,600511,11.27,11.62,11.79,11.15,55750,100097014.0,5.59,1.48,0.17,2.01
2009-07-09,600511,11.76,12.17,12.55,11.76,58357,108673567.0,6.8,4.73,0.55,2.1
2009-07-10,600511,12.44,12.2,12.82,11.98,61546,114870622.0,6.9,0.25,0.03,2.22
2009-07-13,600511,12.2,12.4,12.74,12.2,42685,80448853.0,4.43,1.64,0.2,1.54
2009-07-14,600511,12.44,12.49,12.74,12.29,41953,79007997.0,3.63,0.73,0.09,1.51
2009-07-15,600511,12.5,12.63,12.84,12.49,55093,104837152.0,2.8,1.12,0.14,1.98
2009-07-16,600511,12.67,12.07,12.77,12.03,87855,163453518.0,5.86,-4.43,-0.56,3.16
2009-07-17,600511,12.14,12.05,12.16,11.92,31405,57746885.0,1.99,-0.17,-0.02,1.13
2009-07-20,600511,12.19,11.87,12.2,11.83,72721,133039404.0,3.07,-1.49,-0.18,2.62
2009-07-21,600511,11.89,11.66,12.02,11.54,57024,102942563.0,4.04,-1.77,-0.21,2.05
2009-07-22,600511,11.64,11.63,11.83,11.56,39042,70219177.0,2.32,-0.26,-0.03,1.41
2009-07-23,600511,11.64,11.73,11.79,11.62,55202,99489485.0,1.46,0.86,0.1,1.99
2009-07-24,600511,11.79,11.54,11.79,11.34,62204,111369861.0,3.84,-1.62,-0.19,2.24
2009-07-27,600511,11.53,11.72,11.79,11.42,60622,109019471.0,3.21,1.56,0.18,2.18
2009-07-28,600511,11.74,11.62,11.74,11.24,77635,138096440.0,4.27,-0.85,-0.1,2.8
2009-07-29,600511,11.64,10.76,11.68,9.82,64443,113229514.0,16.01,-7.4,-0.86,2.32
2009-07-30,600511,10.66,10.6,11.14,10.39,50471,85812993.0,6.97,-1.49,-0.16,1.82
2009-07-31,600511,10.74,11.13,11.24,10.74,56487,98621355.0,4.72,5.0,0.53,2.03
2009-08-03,600511,11.15,11.24,11.39,10.9,71528,125012918.0,4.4,0.99,0.11,2.58
2009-08-04,600511,11.24,10.98,11.34,10.77,69210,119688455.0,5.07,-2.31,-0.26,2.49
2009-08-05,600511,10.98,11.79,11.81,10.95,109133,195648190.0,7.83,7.38,0.81,3.93
2009-08-06,600511,11.74,12.28,12.54,11.44,192867,356067500.0,9.33,4.16,0.49,6.95
2009-08-07,600511,12.28,12.06,12.37,11.82,90648,167544806.0,4.48,-1.79,-0.22,3.26
2009-08-10,600511,12.12,12.48,12.52,12.12,84852,159217507.0,3.32,3.48,0.42,3.06
2009-08-11,600511,12.54,12.33,12.61,12.14,45141,84357600.0,3.77,-1.2,-0.15,1.63
2009-08-12,600511,12.33,11.03,12.34,10.64,62004,111502683.0,13.79,-10.54,-1.3,2.23
2009-08-13,600511,10.94,11.41,11.54,10.94,35231,62128190.0,5.44,3.45,0.38,1.27
2009-08-14,600511,11.6,10.42,11.6,10.24,38843,66337375.0,11.92,-8.68,-0.99,1.4
2009-08-17,600511,10.44,10.04,10.91,9.98,30324,51068739.0,8.93,-3.65,-0.38,1.09
2009-08-18,600511,9.9,9.93,10.14,9.64,20234,32974094.0,4.98,-1.1,-0.11,0.73
2009-08-19,600511,10.43,10.15,10.84,9.9,43068,72249672.0,9.47,2.22,0.22,1.55
2009-08-20,600511,10.19,10.58,10.64,10.19,29613,49853034.0,4.43,4.24,0.43,1.07
2009-08-21,600511,10.63,12.03,12.22,10.58,85306,153209824.0,15.5,13.71,1.45,3.07
2009-08-24,600511,12.23,13.39,13.64,12.14,142499,275391748.0,12.47,11.31,1.36,5.13
2009-08-25,600511,13.44,13.18,13.44,12.44,114769,222986793.0,7.47,-1.57,-0.21,4.13
2009-08-26,600511,13.12,13.53,13.64,12.66,93204,181111477.0,7.44,2.66,0.35,3.36
2009-08-27,600511,13.24,13.93,15.09,13.14,127097,261615257.0,14.41,2.96,0.4,4.58
2009-08-28,600511,13.82,12.58,13.82,12.52,84437,163232684.0,9.33,-9.69,-1.35,3.04
2009-08-31,600511,12.39,12.48,13.11,11.96,77135,147210227.0,9.14,-0.79,-0.1,2.78
2009-09-01,600511,12.25,13.08,13.31,12.05,64737,124943677.0,10.1,4.81,0.6,2.33
2009-09-02,600511,13.04,12.67,13.06,12.11,50119,94706110.0,7.26,-3.13,-0.41,1.81
2009-09-03,600511,12.65,13.14,13.39,12.03,125434,237004864.0,10.73,3.71,0.47,4.52
2009-09-04,600511,12.84,13.79,13.84,12.65,123062,241358174.0,9.06,4.95,0.65,4.43
2009-09-07,600511,14.04,13.72,14.8,13.14,136239,280167750.0,12.04,-0.51,-0.07,4.91
2009-09-08,600511,13.39,13.47,13.74,13.09,102260,202158387.0,4.74,-1.82,-0.25,3.68
2009-09-09,600511,13.48,12.92,13.62,12.66,80114,154945509.0,7.13,-4.08,-0.55,2.89
2009-09-10,600511,13.49,13.37,14.22,13.17,114229,228079452.0,8.13,3.48,0.45,4.11
2009-09-11,600511,12.94,13.57,13.64,12.93,90205,177933969.0,5.31,1.5,0.2,3.25
2009-09-14,600511,13.62,13.75,13.97,13.23,105520,211320554.0,5.45,1.33,0.18,3.8
2009-09-15,600511,13.77,14.21,14.64,13.54,113577,232515255.0,8.0,3.35,0.46,4.09
2009-09-16,600511,14.41,14.7,15.04,14.21,123014,258438689.0,5.84,3.45,0.49,4.43
2009-09-17,600511,15.1,14.74,15.63,14.64,120655,258185929.0,6.73,0.27,0.04,4.35
2009-09-18,600511,14.74,14.11,15.07,13.68,99744,208873067.0,9.43,-4.27,-0.63,3.59
2009-09-21,600511,13.92,14.69,14.82,13.69,72744,151403402.0,8.01,4.11,0.58,2.62
2009-09-22,600511,14.72,13.73,15.17,13.66,93895,194405820.0,10.28,-6.54,-0.96,3.38
2009-09-23,600511,13.74,12.86,13.99,12.64,94588,183376360.0,9.83,-6.34,-0.87,3.41
2009-09-24,600511,12.65,12.14,12.82,11.83,71367,132865908.0,7.7,-5.6,-0.72,2.57
2009-09-25,600511,12.14,12.21,12.48,11.95,30633,57167358.0,4.37,0.58,0.07,1.1
2009-09-29,600511,12.04,11.38,12.04,10.64,58527,104428902.0,11.47,-6.8,-0.83,2.11
2009-09-30,600511,11.39,11.58,11.88,11.38,21207,38120480.0,4.39,1.76,0.2,0.76
2009-10-09,600511,11.59,12.19,12.22,11.59,35783,65979312.0,5.44,5.27,0.61,1.29
2009-10-12,600511,12.22,12.32,12.5,12.03,29027,54080356.0,3.86,1.07,0.13,1.05
2009-10-13,600511,12.32,12.14,12.42,11.95,27353,50530582.0,3.81,-1.46,-0.18,0.99
2009-10-14,600511,12.18,12.56,12.73,12.1,67540,126424362.0,5.19,3.46,0.42,2.43
2009-10-15,600511,12.49,12.14,12.63,12.03,50926,94701890.0,4.78,-3.34,-0.42,1.83
2009-10-16,600511,12.23,12.02,12.4,11.81,35956,66184601.0,4.86,-0.99,-0.12,1.3
2009-10-19,600511,12.08,12.35,12.39,11.88,99190,182370829.0,4.24,2.75,0.33,3.57
2009-10-20,600511,12.44,12.37,12.44,11.94,109183,202697646.0,4.05,0.16,0.02,3.93
2009-10-21,600511,12.35,12.53,12.74,12.17,84977,160473734.0,4.61,1.29,0.16,3.06
2009-10-22,600511,12.45,12.17,12.51,12.11,58656,108931838.0,3.19,-2.87,-0.36,2.11
2009-10-23,600511,12.24,12.37,12.39,12.15,68126,127001595.0,1.97,1.64,0.2,2.45
2009-10-26,600511,12.4,13.64,13.94,12.4,171946,335116110.0,12.45,10.27,1.27,6.19
2009-10-27,600511,13.54,12.71,13.54,12.66,111783,216563285.0,6.45,-6.82,-0.93,4.03
2009-10-28,600511,12.57,12.49,12.84,11.97,68778,128767541.0,6.85,-1.73,-0.22,2.48
2009-10-29,600511,12.34,12.27,12.96,12.04,72262,137059751.0,7.37,-1.76,-0.22,2.6
2009-10-30,600511,12.42,12.66,12.85,12.26,71151,134311962.0,4.81,3.18,0.39,2.56
2009-11-02,600511,12.58,14.56,14.56,12.24,341292,695431076.0,18.33,15.01,1.9,12.29
2009-11-03,600511,15.54,14.83,15.92,14.56,376718,808374210.0,9.34,1.85,0.27,13.57
2009-11-04,600511,14.82,14.58,14.94,14.07,168797,350936110.0,5.87,-1.69,-0.25,6.08
2009-11-05,600511,14.48,15.87,16.63,14.27,232044,515635825.0,16.19,8.85,1.29,8.36
2009-11-06,600511,15.99,15.41,16.32,15.39,140525,309368811.0,5.86,-2.9,-0.46,5.06
2009-11-09,600511,15.42,14.93,15.44,14.45,103628,219121410.0,6.42,-3.11,-0.48,3.73
2009-11-10,600511,14.96,14.89,15.53,14.66,113617,244238806.0,5.83,-0.27,-0.04,4.09
2009-11-11,600511,14.89,14.98,15.03,14.5,70434,148241794.0,3.56,0.6,0.09,2.54
2009-11-12,600511,15.03,14.63,15.04,14.54,64518,136443337.0,3.34,-2.34,-0.35,2.32
2009-11-13,600511,14.52,14.43,14.62,14.04,78402,162332805.0,3.96,-1.37,-0.2,2.82
2009-11-16,600511,14.56,14.83,14.96,14.49,102999,216918859.0,3.26,2.77,0.4,3.71
2009-11-17,600511,14.9,15.19,15.24,14.53,136646,290820476.0,4.79,2.43,0.36,4.92
2009-11-18,600511,15.24,15.59,15.79,14.91,154223,334785554.0,5.79,2.63,0.4,5.55
2009-11-19,600511,15.64,16.37,16.74,15.59,225159,510181306.0,7.38,5.0,0.78,8.11
2009-11-20,600511,16.33,15.88,16.59,15.84,121186,273337812.0,4.58,-2.99,-0.49,4.36
2009-11-23,600511,15.88,15.83,16.14,15.54,96874,214370198.0,3.78,-0.31,-0.05,3.49
2009-11-24,600511,16.02,14.39,16.06,14.21,146028,317295728.0,11.69,-9.1,-1.44,5.26
2009-11-25,600511,14.34,16.11,16.3,14.0,216513,465977717.0,15.98,11.95,1.72,7.8
2009-11-26,600511,16.21,16.44,17.75,15.79,342267,795630821.0,12.17,2.05,0.33,12.33
2009-11-27,600511,16.44,18.11,18.72,15.64,373363,903414376.0,18.73,10.16,1.67,13.45
2009-11-30,600511,18.52,18.76,18.92,17.44,264273,645952176.0,8.17,3.59,0.65,9.52
2009-12-01,600511,18.52,18.56,18.74,17.94,159166,393548316.0,4.26,-1.07,-0.2,5.73
2009-12-02,600511,18.34,18.67,19.52,18.14,130272,327516688.0,7.44,0.59,0.11,4.69
2009-12-03,600511,18.54,18.03,18.62,17.74,95474,233415136.0,4.71,-3.43,-0.64,3.44
2009-12-04,600511,17.88,17.9,18.97,17.5,129494,318910745.0,8.15,-0.72,-0.13,4.66
2009-12-07,600511,17.95,18.15,18.79,17.91,57160,140814232.0,4.92,1.4,0.25,2.06
2009-12-08,600511,18.12,18.74,18.86,17.96,91802,228998428.0,4.96,3.25,0.59,3.31
2009-12-09,600511,18.74,18.35,19.24,17.97,81485,203568117.0,6.78,-2.08,-0.39,2.93
2009-12-10,600511,18.62,18.09,18.72,17.88,55797,136982309.0,4.58,-1.42,-0.26,2.01
2009-12-11,600511,18.16,18.02,18.44,17.6,34725,84385434.0,4.64,-0.39,-0.07,1.25
2009-12-14,600511,18.02,18.14,18.39,17.7,37588,91800689.0,3.83,0.67,0.12,1.35
2009-12-15,600511,18.22,19.15,19.3,18.16,79854,202177198.0,6.28,5.57,1.01,2.88
2009-12-16,600511,19.29,20.21,20.29,18.97,107152,281369693.0,6.89,5.54,1.06,3.86
2009-12-17,600511,20.08,19.25,20.29,18.64,100072,255587430.0,8.16,-4.75,-0.96,3.6
2009-12-18,600511,18.79,18.32,19.02,17.95,60668,151347802.0,5.56,-4.83,-0.93,2.19
2009-12-21,600511,18.33,18.74,18.82,18.19,37219,92830112.0,3.44,2.29,0.42,1.34
2009-12-22,600511,18.73,18.48,18.92,17.41,62138,152711655.0,8.06,-1.39,-0.26,2.24
2009-12-23,600511,18.19,18.2,18.46,17.9,20571,50437550.0,3.03,-1.52,-0.28,0.74
2009-12-24,600511,18.34,19.35,19.44,18.13,41996,105655961.0,7.2,6.32,1.15,1.51
2009-12-25,600511,19.36,20.0,20.14,19.11,52524,136279560.0,5.32,3.36,0.65,1.89
2009-12-28,600511,20.02,19.83,20.32,19.24,44322,115843284.0,5.4,-0.85,-0.17,1.6
2009-12-29,600511,19.76,19.67,19.99,19.34,26302,68357252.0,3.28,-0.81,-0.16,0.95
2009-12-30,600511,19.64,19.44,20.45,19.0,66324,173163934.0,7.37,-1.17,-0.23,2.39
2009-12-31,600511,19.34,19.24,19.72,18.94,46670,119501213.0,4.01,-1.03,-0.2,1.68
2010-01-04,600511,19.24,19.61,19.76,18.95,31203,80090472.0,4.21,1.92,0.37,1.12
2010-01-05,600511,19.62,20.38,20.63,19.25,73408,194048118.0,7.04,3.93,0.77,2.64
2010-01-06,600511,20.62,20.5,21.54,20.25,87585,240626406.0,6.33,0.59,0.12,3.15
2010-01-07,600511,20.37,20.22,21.07,19.99,47329,126865419.0,5.27,-1.37,-0.28,1.7
2010-01-08,600511,20.12,21.1,21.14,20.04,42145,113909494.0,5.44,4.35,0.88,1.52
2010-01-11,600511,21.64,20.67,22.27,20.52,37611,102460156.0,8.29,-2.04,-0.43,1.35
2010-01-12,600511,20.64,21.14,21.16,20.15,33612,91056599.0,4.89,2.27,0.47,1.21
2010-01-13,600511,20.56,22.47,22.54,20.39,73421,208438371.0,10.17,6.29,1.33,2.64
2010-01-14,600511,22.47,22.8,22.9,22.14,32540,94221878.0,3.38,1.47,0.33,1.17
2010-01-15,600511,22.74,22.14,22.82,22.02,18943,54527506.0,3.51,-2.89,-0.66,0.68
2010-01-18,600511,22.14,22.62,22.92,21.96,30363,87234730.0,4.34,2.17,0.48,1.09
2010-01-19,600511,22.63,21.63,22.64,21.58,41423,117078740.0,4.69,-4.38,-0.99,1.49
2010-01-20,600511,21.72,21.16,22.2,20.44,33134,92446437.0,8.14,-2.17,-0.47,1.19
2010-01-21,600511,21.14,21.13,21.42,20.76,16435,45070765.0,3.12,-0.14,-0.03,0.59
2010-01-22,600511,20.99,20.51,21.54,20.19,23427,63357463.0,6.39,-2.93,-0.62,0.84
2010-01-25,600511,20.47,20.81,21.29,20.44,30064,82108880.0,4.14,1.46,0.3,1.08
2010-01-26,600511,20.64,19.15,21.34,19.14,49357,129352352.0,10.57,-7.98,-1.66,1.78
2010-01-27,600511,19.15,19.28,19.86,18.46,29696,76363282.0,7.31,0.68,0.13,1.07
2010-01-28,600511,19.33,20.62,20.7,18.99,37421,98492369.0,8.87,6.95,1.34,1.35
2010-01-29,600511,20.44,20.63,21.16,19.85,22058,59864110.0,6.35,0.05,0.01,0.79
2010-02-01,600511,20.59,20.96,21.14,19.98,23301,62936412.0,5.62,1.6,0.33,0.84
2010-02-02,600511,20.67,19.84,21.04,19.64,25451,67698743.0,6.68,-5.34,-1.12,0.92
2010-02-03,600511,19.84,19.64,20.13,18.36,36379,92504411.0,8.92,-1.01,-0.2,1.31
2010-02-04,600511,19.67,19.41,19.82,18.9,38182,98057316.0,4.68,-1.17,-0.23,1.38
2010-02-05,600511,19.03,19.13,19.64,18.64,15449,39545552.0,5.15,-1.44,-0.28,0.56
2010-02-08,600511,19.44,19.53,19.74,19.25,15470,40063166.0,2.56,2.09,0.4,0.56
2010-02-09,600511,19.47,18.73,19.73,18.55,9882,25110255.0,6.04,-4.1,-0.8,0.36
2010-02-10,600511,18.83,19.07,19.13,18.75,9193,23220952.0,2.03,1.82,0.34,0.33
2010-02-11,600511,19.07,18.77,19.23,18.67,10269,25964738.0,2.94,-1.57,-0.3,0.37
2010-02-12,600511,18.75,19.33,19.49,18.75,10740,27488930.0,3.94,2.98,0.56,0.39
2010-02-22,600511,19.56,19.87,20.14,18.94,15045,39208113.0,6.21,2.79,0.54,0.54
2010-02-23,600511,20.24,21.1,21.77,20.24,63335,174629853.0,7.7,6.19,1.23,2.28
2010-02-24,600511,20.72,21.94,22.46,20.7,58382,165654728.0,8.34,3.98,0.84,2.1
2010-02-26,600511,22.04,21.56,22.38,21.26,30310,84474342.0,5.1,-1.73,-0.38,1.09
2010-03-01,600511,21.56,21.9,22.09,21.25,18325,51791317.0,3.9,1.58,0.34,0.66
2010-03-02,600511,21.64,21.58,22.07,21.49,17041,47967957.0,2.65,-1.46,-0.32,0.61
2010-03-03,600511,21.74,21.57,22.04,20.89,22395,61705231.0,5.33,-0.05,-0.01,0.81
2010-03-04,600511,21.62,20.69,21.99,20.65,23820,65397713.0,6.21,-4.08,-0.88,0.86
2010-03-05,600511,20.94,21.14,21.24,20.3,24215,65857295.0,4.54,2.17,0.45,0.87
2010-03-08,600511,21.14,20.93,21.69,20.88,18302,50775921.0,3.83,-0.99,-0.21,0.66
2010-03-09,600511,20.94,20.83,21.24,20.52,20187,54966109.0,3.44,-0.48,-0.1,0.73
2010-03-10,600511,20.74,20.04,21.04,20.02,14908,39814117.0,4.9,-3.79,-0.79,0.54
2010-03-11,600511,20.14,19.52,20.54,19.39,30094,78919722.0,5.74,-2.59,-0.52,1.08
2010-03-12,600511,19.49,19.18,19.6,19.11,17128,43835121.0,2.51,-1.74,-0.34,0.62
2010-03-15,600511,19.18,19.02,19.79,18.72,18290,46711864.0,5.58,-0.83,-0.16,0.66
2010-03-16,600511,19.24,18.93,19.24,18.82,11672,29501848.0,2.21,-0.47,-0.09,0.42
2010-03-17,600511,19.34,19.67,19.73,19.14,15690,40321204.0,3.12,3.91,0.74,0.57
2010-03-18,600511,19.64,19.53,19.89,19.14,15157,39100868.0,3.81,-0.71,-0.14,0.55
2010-03-19,600511,19.54,19.33,19.54,18.99,18064,45990622.0,2.82,-1.02,-0.2,0.65
2010-03-22,600511,19.39,19.02,19.43,18.54,44407,111931014.0,4.6,-1.6,-0.31,1.6
2010-03-23,600511,19.11,19.12,19.24,18.64,29288,74080028.0,3.15,0.53,0.1,1.05
2010-03-24,600511,19.25,19.42,19.44,19.04,37617,96536490.0,2.09,1.57,0.3,1.35
2010-03-25,600511,19.6,18.76,19.74,18.53,38757,97949955.0,6.23,-3.4,-0.66,1.4
2010-03-26,600511,18.8,18.34,18.8,18.05,56038,138034457.0,4.0,-2.24,-0.42,2.02
2010-03-29,600511,18.52,18.94,18.95,18.13,63507,157067289.0,4.47,3.27,0.6,2.29
2010-03-30,600511,18.88,18.4,18.88,18.32,61736,153039637.0,2.96,-2.85,-0.54,2.22
2010-03-31,600511,18.37,18.68,18.84,18.14,55422,137782353.0,3.8,1.52,0.28,2.0
2010-04-01,600511,18.73,19.21,19.24,18.64,49905,126382300.0,3.21,2.84,0.53,1.8
2010-04-02,600511,19.22,18.89,19.26,18.84,34988,88694591.0,2.19,-1.67,-0.32,1.26
2010-04-06,600511,19.08,18.57,19.14,18.34,40066,99811851.0,4.24,-1.69,-0.32,1.44
2010-04-07,600511,18.57,19.32,19.38,18.57,71006,181187239.0,4.36,4.04,0.75,2.56
2010-04-08,600511,19.34,19.97,20.16,19.09,71544,187094751.0,5.54,3.36,0.65,2.58
2010-04-09,600511,19.94,19.67,19.94,19.56,43106,112317465.0,1.9,-1.5,-0.3,1.55
2010-04-12,600511,19.84,20.14,20.28,19.49,54804,143553447.0,4.02,2.39,0.47,1.97
2010-04-13,600511,20.15,19.61,20.64,19.14,46827,122150625.0,7.45,-2.63,-0.53,1.69
2010-04-14,600511,19.5,19.65,19.87,19.34,34635,89825013.0,2.7,0.2,0.04,1.25
2010-04-15,600511,19.74,18.98,19.79,18.94,31665,80915178.0,4.33,-3.41,-0.67,1.14
2010-04-16,600511,19.17,18.95,19.18,18.65,31728,80154568.0,2.79,-0.16,-0.03,1.14
2010-04-19,600511,18.86,18.18,19.23,18.15,51413,129321717.0,5.7,-4.06,-0.77,1.85
2010-04-20,600511,18.15,18.88,19.06,17.99,56243,139913940.0,5.89,3.85,0.7,2.03
2010-04-21,600511,19.14,19.79,20.14,19.11,83088,217546307.0,5.46,4.82,0.91,2.99
2010-04-22,600511,19.81,19.6,20.05,19.49,35037,91729888.0,2.83,-0.96,-0.19,1.26
2010-04-26,600511,19.34,20.88,21.69,19.34,78152,211482539.0,11.99,6.53,1.28,2.81
2010-04-27,600511,20.89,20.66,20.9,19.92,40379,107944719.0,4.69,-1.05,-0.22,1.45
2010-04-28,600511,20.59,21.1,21.46,20.03,44007,120427684.0,6.92,2.13,0.44,1.59
2010-04-29,600511,21.05,19.7,21.14,19.64,44812,121004684.0,7.11,-6.64,-1.4,1.61
2010-04-30,600511,19.75,19.48,20.09,18.8,28561,73161458.0,6.55,-1.12,-0.22,1.03
2010-05-04,600511,19.23,20.24,20.44,18.86,28241,74530008.0,8.11,3.9,0.76,1.02
2010-05-05,600511,20.07,21.04,21.24,19.84,52524,143409773.0,6.92,3.95,0.8,1.89
2010-05-06,600511,20.94,20.77,21.44,20.66,48801,133862189.0,3.71,-1.28,-0.27,1.76
2010-05-07,600511,20.23,20.15,21.22,19.94,43533,117154407.0,6.16,-2.99,-0.62,1.57
2010-05-10,600511,19.74,19.03,20.15,18.93,43143,110899286.0,6.05,-5.56,-1.12,1.55
2010-05-11,600511,19.39,18.86,19.59,18.33,31144,78042665.0,6.62,-0.89,-0.17,1.12
2010-05-12,600511,18.64,18.24,18.64,16.94,62114,150603208.0,9.01,-3.29,-0.62,2.24
2010-05-13,600511,18.14,18.82,18.84,17.52,39910,97813303.0,7.24,3.18,0.58,1.44
2010-05-14,600511,18.82,19.01,19.19,18.44,26018,65796503.0,3.99,1.01,0.19,0.94
2010-05-17,600511,18.66,18.01,18.79,17.99,16700,41508897.0,4.21,-5.26,-1.0,0.6
2010-05-18,600511,17.99,17.44,17.99,16.84,39676,93737645.0,6.39,-3.16,-0.57,1.43
2010-05-19,600511,17.44,17.14,17.49,16.81,37787,89085472.0,3.9,-1.72,-0.3,1.36
2010-05-20,600511,16.99,16.55,17.34,16.29,35660,81859160.0,6.13,-3.44,-0.59,1.28
2010-05-21,600511,15.94,16.81,16.94,15.3,46625,104919479.0,9.91,1.57,0.26,1.68
2010-05-24,600511,16.81,17.47,17.65,16.66,47129,111409968.0,5.89,3.93,0.66,1.7
2010-05-25,600511,17.58,16.93,17.58,16.84,18435,43407711.0,4.24,-3.09,-0.54,0.66
2010-05-26,600511,16.99,16.49,17.08,16.28,21118,48532144.0,4.73,-2.6,-0.44,0.76
2010-05-27,600511,16.51,16.99,17.29,16.22,20132,46498071.0,6.49,3.03,0.5,0.73
2010-05-28,600511,17.06,18.0,18.29,17.06,49398,119939481.0,7.24,5.94,1.01,1.78
2010-05-31,600511,18.01,17.9,18.66,17.32,45642,111842558.0,7.44,-0.56,-0.1,1.64
2010-06-01,600511,17.24,17.32,17.85,16.99,15946,37965158.0,4.8,-3.24,-0.58,0.57
2010-06-02,600511,17.33,16.77,17.33,16.04,23898,55273171.0,7.45,-3.18,-0.55,0.86
2010-06-04,600511,17.04,16.76,17.14,16.45,9912,22962324.0,4.11,-0.06,-0.01,0.36
2010-06-07,600511,16.64,16.48,16.75,16.16,8644,19741257.0,3.52,-1.67,-0.28,0.31
2010-06-08,600511,16.61,16.4,16.94,16.12,18951,43214643.0,4.98,-0.49,-0.08,0.68
2010-06-09,600511,16.44,17.24,17.3,16.44,15309,35657089.0,5.24,5.12,0.84,0.55
2010-06-10,600511,17.14,16.84,17.33,16.69,18668,43623498.0,3.71,-2.32,-0.4,0.67
2010-06-11,600511,16.86,17.55,17.82,16.86,68430,162207994.0,5.7,4.22,0.71,2.46
2010-06-17,600511,17.82,17.32,17.94,17.09,52781,125873225.0,4.84,-1.31,-0.23,1.9
2010-06-18,600511,17.32,15.14,17.44,14.99,60108,135496982.0,14.15,-12.59,-2.18,2.16
2010-06-21,600511,14.94,15.31,15.76,14.01,60094,127119622.0,11.56,1.12,0.17,2.16
2010-06-22,600511,15.16,15.91,15.99,15.16,22570,49357742.0,5.42,3.92,0.6,0.81
2010-06-23,600511,15.54,15.72,16.25,15.44,37206,82636983.0,5.09,-1.19,-0.19,1.34
2010-06-24,600511,15.88,16.02,16.35,15.35,40431,89559190.0,6.36,1.91,0.3,1.46
2010-06-25,600511,16.12,15.87,16.13,15.74,8162,18123602.0,2.43,-0.94,-0.15,0.29
2010-06-28,600511,15.65,15.88,16.14,15.34,11079,24577966.0,5.04,0.06,0.01,0.4
2010-06-29,600511,15.84,15.0,16.14,14.24,23309,50602924.0,11.96,-5.54,-0.88,0.84
2010-06-30,600511,14.86,15.51,15.73,14.42,18093,38899701.0,8.73,3.4,0.51,0.65
2010-07-01,600511,15.25,14.24,15.54,13.37,24217,49383729.0,13.99,-8.19,-1.27,0.87
2010-07-02,600511,14.03,13.44,14.03,12.74,48330,95269858.0,9.06,-5.62,-0.8,1.74
2010-07-05,600511,13.28,14.34,14.42,13.04,32771,65533358.0,10.27,6.7,0.9,1.18
2010-07-06,600511,14.06,15.04,15.4,14.06,25976,55261359.0,9.34,4.88,0.7,0.94
2010-07-07,600511,15.04,15.82,15.87,15.04,28866,62650631.0,5.52,5.19,0.78,1.04
2010-07-08,600511,15.74,15.92,15.99,15.54,18732,41336723.0,2.84,0.63,0.1,0.67
2010-07-09,600511,15.6,16.4,16.44,15.6,30945,68738928.0,5.28,3.02,0.48,1.11
2010-07-12,600511,15.96,16.74,16.94,15.95,18679,42737694.0,6.04,2.07,0.34,0.67
2010-07-13,600511,16.74,16.09,16.74,15.55,15013,33204365.0,7.11,-3.88,-0.65,0.54
2010-07-14,600511,16.09,16.23,16.29,15.75,23110,51648953.0,3.36,0.87,0.14,0.83
2010-07-16,600511,15.78,15.75,16.22,14.74,42770,94002633.0,9.12,-2.96,-0.48,1.54
2010-07-19,600511,15.64,15.93,16.02,15.26,28863,63417929.0,4.83,1.14,0.18,1.04
2010-07-20,600511,15.88,16.33,16.44,15.66,22105,49749265.0,4.9,2.51,0.4,0.8
2010-07-21,600511,16.5,16.2,16.79,16.19,7637,17342068.0,3.67,-0.8,-0.13,0.28
2010-07-22,600511,16.19,16.19,16.23,15.54,67490,148799015.0,4.26,-0.06,-0.01,2.43
2010-07-23,600511,16.14,15.96,16.53,15.64,36429,80730648.0,5.5,-1.42,-0.23,1.31
2010-07-26,600511,15.99,15.97,16.13,15.74,14656,32514223.0,2.44,0.06,0.01,0.53
2010-07-27,600511,15.98,16.81,16.92,15.84,66358,151580160.0,6.76,5.26,0.84,2.39
2010-07-28,600511,16.8,16.87,17.03,16.52,45880,105627795.0,3.03,0.36,0.06,1.65
2010-07-29,600511,16.88,16.72,16.99,16.56,18538,42560964.0,2.55,-0.89,-0.15,0.67
2010-07-30,600511,16.59,16.45,16.6,16.14,24124,54622945.0,2.75,-1.61,-0.27,0.87
2010-08-02,600511,16.64,16.76,16.89,16.14,53662,121792669.0,4.56,1.88,0.31,1.93
2010-08-03,600511,16.75,16.35,16.99,16.25,50699,115616725.0,4.42,-2.45,-0.41,1.83
2010-08-04,600511,16.34,16.37,16.5,16.04,28174,63293890.0,2.81,0.12,0.02,1.01
2010-08-05,600511,16.25,17.6,17.64,16.25,67362,158346550.0,8.49,7.51,1.23,2.43
2010-08-06,600511,17.61,17.74,18.14,17.19,69975,166709692.0,5.4,0.8,0.14,2.52
2010-08-09,600511,17.74,17.72,18.21,17.55,37471,90157840.0,3.72,-0.11,-0.02,1.35
2010-08-10,600511,17.64,16.89,18.42,16.74,52638,125944148.0,9.48,-4.68,-0.83,1.9
2010-08-11,600511,16.81,17.74,18.32,16.77,35830,85925962.0,9.18,5.03,0.85,1.29
2010-08-12,600511,17.64,18.3,18.42,17.26,36483,89092784.0,6.54,3.16,0.56,1.31
2010-08-13,600511,18.34,18.99,19.09,18.32,55523,138608537.0,4.21,3.77,0.69,2.0
2010-08-16,600511,18.94,19.12,19.74,18.74,43661,111552937.0,5.27,0.68,0.13,1.57
2010-08-17,600511,19.23,19.14,19.43,18.78,19154,48364506.0,3.4,0.1,0.02,0.69
2010-08-18,600511,19.14,18.72,19.19,18.58,25673,64266563.0,3.19,-2.19,-0.42,0.92
2010-08-19,600511,18.6,18.34,19.16,18.12,31685,78813603.0,5.56,-2.03,-0.38,1.14
2010-08-20,600511,18.18,17.06,18.54,17.04,53878,127687158.0,8.18,-6.98,-1.28,1.94
2010-08-23,600511,17.05,17.35,17.53,16.74,23519,55049262.0,4.63,1.7,0.29,0.85
2010-08-24,600511,17.17,17.59,17.6,16.9,24420,57818165.0,4.03,1.38,0.24,0.88
2010-08-25,600511,17.52,17.2,17.52,17.1,39187,92182202.0,2.39,-2.22,-0.39,1.41
2010-08-26,600511,17.15,17.36,17.44,17.09,20944,49252626.0,2.03,0.93,0.16,0.75
2010-08-27,600511,17.49,18.28,18.44,17.49,38851,94626582.0,5.47,5.3,0.92,1.4
2010-08-30,600511,18.29,18.67,19.08,17.98,32695,81681799.0,6.02,2.13,0.39,1.18
2010-08-31,600511,18.65,18.64,19.02,18.28,20826,52042576.0,3.96,-0.16,-0.03,0.75
2010-09-01,600511,18.65,18.76,19.19,18.42,24805,62131579.0,4.13,0.64,0.12,0.89
2010-09-02,600511,18.84,18.92,19.53,18.75,28413,72130924.0,4.16,0.85,0.16,1.02
2010-09-06,600511,19.2,18.74,19.63,18.63,24942,62879568.0,5.29,-0.95,-0.18,0.9
2010-09-07,600511,18.5,18.33,19.04,18.04,23573,57971467.0,5.34,-2.19,-0.41,0.85
2010-09-08,600511,18.24,18.43,18.56,18.04,17265,42517563.0,2.84,0.55,0.1,0.62
2010-09-09,600511,18.59,18.83,19.26,18.45,34850,87584343.0,4.4,2.17,0.4,1.26
2010-09-10,600511,18.73,19.58,19.59,18.72,39809,101292998.0,4.62,3.98,0.75,1.43
2010-09-13,600511,19.44,19.07,19.53,18.88,44008,111663094.0,3.32,-2.6,-0.51,1.59
2010-09-14,600511,19.09,18.72,19.23,18.54,61972,154838996.0,3.62,-1.84,-0.35,2.23
2010-09-15,600511,18.74,18.18,18.92,18.0,22650,56185992.0,4.91,-2.88,-0.54,0.82
2010-09-16,600511,18.19,18.03,18.34,17.35,40591,97299554.0,5.45,-0.83,-0.15,1.46
2010-09-17,600511,17.78,17.73,18.29,17.69,14134,34227774.0,3.33,-1.66,-0.3,0.51
2010-09-20,600511,18.0,17.16,18.0,17.14,14586,34612962.0,4.85,-3.21,-0.57,0.53
2010-09-21,600511,17.24,18.2,18.39,17.19,22554,54197662.0,6.99,6.06,1.04,0.81
2010-09-27,600511,18.22,18.24,18.4,17.92,22693,55254092.0,2.64,0.22,0.04,0.82
2010-09-28,600511,18.26,17.73,18.34,17.56,14374,34628765.0,4.28,-2.8,-0.51,0.52
2010-09-29,600511,17.73,16.29,17.97,15.81,62847,143577353.0,12.18,-8.12,-1.44,2.26
2010-09-30,600511,16.19,16.56,16.63,15.72,70865,158039853.0,5.59,1.66,0.27,2.55
2010-10-08,600511,16.54,16.81,17.15,16.42,71335,164516783.0,4.41,1.51,0.25,2.57
2010-10-11,600511,16.74,16.41,16.74,15.94,138592,311709131.0,4.76,-2.38,-0.4,4.99
2010-10-12,600511,16.29,16.09,16.29,15.89,54478,121408714.0,2.44,-1.95,-0.32,1.96
2010-10-13,600511,16.09,15.54,16.28,15.14,115816,251899781.0,7.09,-3.42,-0.55,4.17
2010-10-14,600511,15.63,15.32,15.71,15.11,60514,130541826.0,3.86,-1.42,-0.22,2.18
2010-10-15,600511,15.32,15.25,15.69,14.94,122701,263645487.0,4.9,-0.46,-0.07,4.42
2010-10-18,600511,15.34,15.2,15.34,14.29,98495,206595007.0,6.89,-0.33,-0.05,3.55
2010-10-19,600511,15.34,16.18,16.27,15.15,98445,217789375.0,7.37,6.45,0.98,3.55
2010-10-20,600511,16.01,16.49,17.01,15.73,130321,296796568.0,7.91,1.92,0.31,4.69
2010-10-21,600511,16.52,16.59,16.97,16.29,72716,166701776.0,4.12,0.61,0.1,2.62
2010-10-22,600511,16.6,16.18,16.83,16.01,70393,159398434.0,4.94,-2.47,-0.41,2.54
2010-10-25,600511,16.2,16.44,16.53,15.62,73461,164456214.0,5.62,1.61,0.26,2.65
2010-10-26,600511,16.44,17.04,17.24,16.21,83719,191882855.0,6.27,3.65,0.6,3.02
2010-10-27,600511,17.58,17.53,18.36,17.4,140394,335400197.0,5.63,2.88,0.49,5.06
2010-10-28,600511,17.34,17.27,17.6,16.83,52124,122375969.0,4.39,-1.48,-0.26,1.88
2010-10-29,600511,17.25,17.04,17.39,16.64,45420,106051232.0,4.34,-1.33,-0.23,1.64
2010-11-01,600511,17.74,17.83,17.99,17.54,92601,222795340.0,2.64,4.64,0.79,3.34
2010-11-02,600511,17.82,17.63,18.07,17.5,61895,148924269.0,3.2,-1.12,-0.2,2.23
2010-11-03,600511,17.29,17.27,17.74,17.25,33205,78792663.0,2.78,-2.04,-0.36,1.2
2010-11-04,600511,17.16,17.44,17.49,17.12,27092,63909571.0,2.14,0.98,0.17,0.98
2010-11-05,600511,17.64,17.22,17.64,17.1,52886,124200779.0,3.1,-1.26,-0.22,1.9
2010-11-08,600511,17.41,18.13,18.14,17.24,87763,211577245.0,5.23,5.28,0.91,3.16
2010-11-09,600511,18.24,19.26,19.47,17.83,114798,286458771.0,9.05,6.23,1.13,4.13
2010-11-10,600511,19.54,20.03,21.14,19.54,179996,479857946.0,8.31,4.0,0.77,6.48
2010-11-11,600511,19.84,21.24,22.66,19.76,225541,621637889.0,14.48,6.04,1.21,8.12
2010-11-12,600511,21.24,21.55,22.53,20.34,220036,615934679.0,10.31,1.46,0.31,7.93
2010-11-15,600511,21.56,22.29,22.36,21.01,115922,327502586.0,6.26,3.43,0.74,4.18
2010-11-16,600511,22.15,21.92,22.64,20.24,108313,303532853.0,10.77,-1.66,-0.37,3.9
2010-11-17,600511,21.24,19.53,21.59,19.19,84213,224451724.0,10.95,-10.9,-2.39,3.03
2010-11-18,600511,19.54,20.36,20.46,19.54,78894,207944560.0,4.71,4.25,0.83,2.84
2010-11-19,600511,20.54,20.72,20.99,19.92,42998,114994178.0,5.26,1.77,0.36,1.55
2010-11-22,600511,20.69,20.59,21.09,20.26,43887,118250862.0,4.01,-0.63,-0.13,1.58
2010-11-23,600511,20.6,20.43,20.83,19.65,28679,75774294.0,5.73,-0.78,-0.16,1.03
2010-11-24,600511,20.24,21.91,21.94,19.74,50239,137754074.0,10.77,7.24,1.48,1.81
2010-11-25,600511,21.94,21.79,22.6,21.27,68234,193970533.0,6.07,-0.55,-0.12,2.46
2010-11-26,600511,21.79,21.27,21.88,21.06,54938,152144852.0,3.76,-2.39,-0.52,1.98
2010-11-29,600511,21.27,21.27,21.6,20.85,50473,139478332.0,3.53,0.0,0.0,1.82
2010-11-30,600511,21.14,20.76,21.64,19.45,86414,231763920.0,10.3,-2.4,-0.51,3.11
2010-12-01,600511,20.54,19.54,20.55,19.29,54642,142385860.0,6.07,-5.88,-1.22,1.97
2010-12-02,600511,19.72,19.03,19.73,18.8,85403,216116235.0,4.76,-2.61,-0.51,3.08
2010-12-03,600511,18.97,19.02,19.34,18.59,71598,180311964.0,3.94,-0.05,-0.01,2.58
2010-12-06,600511,18.92,19.5,19.96,18.65,102577,265549333.0,6.89,2.52,0.48,3.69
2010-12-07,600511,19.5,20.03,20.24,18.77,38770,100949692.0,7.54,2.72,0.53,1.4
2010-12-08,600511,20.04,19.7,20.12,19.48,31453,82075368.0,3.2,-1.65,-0.33,1.13
2010-12-09,600511,19.52,19.38,19.76,18.99,21829,55873418.0,3.91,-1.62,-0.32,0.79
2010-12-10,600511,18.89,19.26,19.72,18.89,23352,59893395.0,4.28,-0.62,-0.12,0.84
2010-12-13,600511,19.26,19.75,20.01,19.1,95422,246114673.0,4.72,2.54,0.49,3.44
2010-12-14,600511,19.84,19.6,20.09,19.44,64860,168625258.0,3.29,-0.76,-0.15,2.34
2010-12-15,600511,19.66,19.99,20.14,19.64,42193,110511361.0,2.55,1.99,0.39,1.52
2010-12-16,600511,19.98,19.88,20.29,19.74,36918,97039097.0,2.75,-0.55,-0.11,1.33
2010-12-17,600511,19.74,19.63,20.14,19.5,21119,55200769.0,3.22,-1.26,-0.25,0.76
2010-12-20,600511,19.35,19.71,19.93,18.74,61624,157695059.0,6.06,0.41,0.08,2.22
2010-12-21,600511,19.54,19.41,19.96,19.34,57263,148224541.0,3.15,-1.52,-0.3,2.06
2010-12-22,600511,19.42,18.35,19.42,18.24,61644,153344237.0,6.08,-5.46,-1.06,2.22
2010-12-23,600511,18.39,18.27,18.76,18.14,30116,74519388.0,3.38,-0.44,-0.08,1.08
2010-12-24,600511,18.34,17.54,18.36,17.45,17171,41117926.0,4.98,-4.0,-0.73,0.62
2010-12-27,600511,17.32,17.29,18.01,17.22,15487,36805731.0,4.5,-1.43,-0.25,0.56
2010-12-28,600511,17.24,16.66,17.24,16.19,37894,86944662.0,6.07,-3.64,-0.63,1.36
2010-12-29,600511,16.84,17.72,17.88,16.62,33888,80050250.0,7.56,6.36,1.06,1.22
2010-12-30,600511,17.74,18.22,18.44,17.54,59749,145629114.0,5.08,2.82,0.5,2.15
2010-12-31,600511,18.24,18.54,18.74,17.95,49677,122397735.0,4.34,1.76,0.32,1.79
2011-01-04,600511,18.74,17.7,18.74,17.54,66975,160942307.0,6.47,-4.53,-0.84,2.41
2011-01-05,600511,17.63,17.78,17.92,17.39,79198,189206435.0,2.99,0.45,0.08,2.85
2011-01-06,600511,17.63,17.85,17.94,17.51,43633,104800955.0,2.42,0.39,0.07,1.57
2011-01-07,600511,17.74,17.64,18.06,17.52,20349,49046816.0,3.03,-1.18,-0.21,0.73
2011-01-10,600511,17.54,17.62,17.74,17.03,71710,169744815.0,4.02,-0.11,-0.02,2.58
2011-01-11,600511,17.49,17.14,17.5,16.93,10755,25194813.0,3.23,-2.72,-0.48,0.39
2011-01-12,600511,17.05,16.74,17.28,16.67,16283,37614390.0,3.56,-2.33,-0.4,0.59
2011-01-13,600511,16.74,16.74,16.97,16.42,19438,44576684.0,3.29,0.0,0.0,0.7
2011-01-14,600511,16.72,16.49,16.94,16.04,19183,43657573.0,5.38,-1.49,-0.25,0.69
2011-01-17,600511,16.43,15.64,16.48,15.34,16317,35842909.0,6.91,-5.15,-0.85,0.59
2011-01-18,600511,15.63,15.8,15.89,15.5,5353,11750773.0,2.49,1.02,0.16,0.19
2011-01-19,600511,15.82,15.99,16.02,15.64,16531,36517790.0,2.41,1.2,0.19,0.6
2011-01-20,600511,15.94,15.33,15.94,15.16,12411,27030006.0,4.88,-4.13,-0.66,0.45
2011-01-21,600511,15.24,15.0,15.74,14.94,13960,30068337.0,5.22,-2.15,-0.33,0.5
2011-01-24,600511,15.19,14.54,15.38,14.52,19985,42749889.0,5.73,-3.07,-0.46,0.72
2011-01-25,600511,14.57,14.57,14.93,14.39,12934,26956297.0,3.71,0.21,0.03,0.47
2011-01-26,600511,14.43,14.88,14.91,14.43,8002,16836595.0,3.29,2.13,0.31,0.29
2011-01-27,600511,14.89,15.04,15.23,14.54,6693,14240319.0,4.64,1.08,0.16,0.24
2011-01-28,600511,15.04,15.66,15.94,15.04,10513,22898287.0,5.98,4.12,0.62,0.38
2011-01-31,600511,15.68,15.55,15.89,15.45,21563,47366455.0,2.81,-0.7,-0.11,0.78
2011-02-01,600511,15.54,15.64,15.69,15.2,9028,19580989.0,3.15,0.58,0.09,0.33
2011-02-09,600511,15.54,15.7,16.03,15.19,9935,21797594.0,5.37,0.38,0.06,0.36
2011-02-10,600511,15.7,16.16,16.49,15.64,11167,25021342.0,5.41,2.93,0.46,0.4
2011-02-11,600511,16.34,16.13,16.49,15.86,10611,23705108.0,3.9,-0.19,-0.03,0.38
2011-02-14,600511,16.16,16.62,16.68,16.16,25739,58580438.0,3.22,3.04,0.49,0.93
2011-02-15,600511,16.45,16.19,16.64,16.15,26096,59202725.0,2.95,-2.59,-0.43,0.94
2011-02-16,600511,16.15,16.22,16.38,16.04,16584,37159010.0,2.1,0.19,0.03,0.6
2011-02-17,600511,16.28,16.02,16.36,15.91,16922,37785106.0,2.77,-1.23,-0.2,0.61
2011-02-18,600511,16.05,15.48,16.08,15.32,43625,95125507.0,4.74,-3.37,-0.54,1.57
2011-02-21,600511,15.49,15.69,15.73,15.23,46062,100313763.0,3.23,1.36,0.21,1.66
2011-02-22,600511,15.78,15.26,15.94,15.1,43253,94218287.0,5.35,-2.74,-0.43,1.56
2011-02-23,600511,15.29,15.98,16.0,15.14,34324,75157562.0,5.64,4.72,0.72,1.24
2011-02-24,600511,15.89,16.34,16.49,15.79,46969,105359789.0,4.38,2.25,0.36,1.69
2011-02-25,600511,16.25,15.99,16.29,15.87,26162,58180398.0,2.57,-2.14,-0.35,0.94
2011-02-28,600511,15.98,16.13,16.2,15.98,20059,44827628.0,1.38,0.88,0.14,0.72
2011-03-01,600511,16.15,16.44,16.56,16.04,36864,83368513.0,3.22,1.92,0.31,1.33
2011-03-02,600511,16.34,15.98,16.57,15.74,47359,105787042.0,5.05,-2.8,-0.46,1.71
2011-03-03,600511,16.0,15.29,16.1,15.2,46229,100698317.0,5.63,-4.32,-0.69,1.67
2011-03-04,600511,15.3,15.54,15.57,15.14,22534,48648233.0,2.81,1.64,0.25,0.81
2011-03-07,600511,15.59,15.52,15.66,15.37,36155,78673587.0,1.87,-0.13,-0.02,1.3
2011-03-08,600511,15.51,15.57,15.82,15.34,54448,118912609.0,3.09,0.32,0.05,1.96
2011-03-09,600511,15.62,15.81,15.81,15.54,34259,75088513.0,1.73,1.54,0.24,1.23
2011-03-10,600511,15.85,16.15,16.37,15.85,60783,136333813.0,3.29,2.15,0.34,2.19
2011-03-11,600511,16.19,17.22,17.45,16.19,136242,315219763.0,7.8,6.63,1.07,4.91
2011-03-14,600511,17.24,17.33,17.73,16.98,124758,294678487.0,4.36,0.64,0.11,4.49
2011-03-15,600511,17.33,17.16,17.43,16.47,73908,171496554.0,5.54,-0.98,-0.17,2.66
2011-03-16,600511,17.15,16.83,17.15,16.61,37962,87591585.0,3.15,-1.92,-0.33,1.37
2011-03-17,600511,16.71,16.89,17.22,16.32,46807,108254646.0,5.35,0.36,0.06,1.69
2011-03-18,600511,16.82,16.58,17.04,16.35,45470,103766267.0,4.09,-1.84,-0.31,1.64
2011-03-21,600511,16.42,15.71,16.42,15.42,82632,182195390.0,6.03,-5.25,-0.87,2.98
2011-03-22,600511,15.71,15.57,15.79,15.24,48724,105459061.0,3.5,-0.89,-0.14,1.75
2011-03-23,600511,15.34,15.67,15.71,15.33,38118,83038963.0,2.44,0.64,0.1,1.37
2011-03-24,600511,15.63,15.79,15.89,15.55,24187,53281481.0,2.17,0.77,0.12,0.87
2011-03-25,600511,15.79,15.59,15.86,15.45,56908,124103740.0,2.6,-1.27,-0.2,2.05
2011-03-28,600511,15.62,15.1,15.69,15.02,59654,128568682.0,4.3,-3.14,-0.49,2.15
2011-03-29,600511,15.09,15.15,15.31,14.94,28848,61635287.0,2.45,0.33,0.05,1.04
2011-03-30,600511,15.22,15.09,15.4,15.06,28648,61545512.0,2.24,-0.4,-0.06,1.03
2011-03-31,600511,15.04,15.08,15.33,15.02,19721,42135703.0,2.05,-0.07,-0.01,0.71
2011-04-01,600511,15.07,15.14,15.32,14.96,29809,63794100.0,2.39,0.4,0.06,1.07
2011-04-06,600511,15.16,14.6,15.19,14.5,49919,104955611.0,4.56,-3.57,-0.54,1.8
2011-04-07,600511,14.59,14.62,14.89,14.54,52486,109734277.0,2.4,0.14,0.02,1.89
2011-04-08,600511,14.66,15.06,15.08,14.64,34694,73508675.0,3.01,3.01,0.44,1.25
2011-04-11,600511,15.1,14.9,15.32,14.85,31073,66265226.0,3.12,-1.06,-0.16,1.12
2011-04-12,600511,14.96,15.23,15.24,14.89,31604,67419631.0,2.35,2.21,0.33,1.14
2011-04-13,600511,15.17,15.56,15.71,15.03,47345,102888264.0,4.46,2.17,0.33,1.71
2011-04-14,600511,15.57,15.52,15.69,15.34,33298,72387742.0,2.25,-0.26,-0.04,1.2
2011-04-15,600511,15.48,15.24,15.69,15.09,30262,65040611.0,3.87,-1.8,-0.28,1.09
2011-04-18,600511,15.21,15.22,15.58,15.04,30378,64948340.0,3.54,-0.13,-0.02,1.09
2011-04-19,600511,15.17,15.37,15.52,14.96,46442,100393036.0,3.68,0.99,0.15,1.67
2011-04-21,600511,15.62,13.5,15.62,13.24,218278,448335602.0,15.48,-12.17,-1.87,7.86
2011-04-22,600511,13.59,13.05,13.59,12.59,140572,268322223.0,7.41,-3.33,-0.45,5.06
2011-04-25,600511,13.05,12.24,13.05,12.04,160508,299320175.0,7.74,-6.21,-0.81,5.78
2011-04-26,600511,12.25,12.25,12.52,11.95,62575,115812192.0,4.66,0.08,0.01,2.25
2011-04-27,600511,12.3,12.16,12.54,12.11,75478,140027471.0,3.51,-0.73,-0.09,2.72
2011-04-28,600511,12.23,11.77,12.34,11.74,64803,118301142.0,4.93,-3.21,-0.39,2.33
2011-04-29,600511,11.77,11.63,11.96,11.47,55080,99047885.0,4.16,-1.19,-0.14,1.98
2011-05-03,600511,11.65,12.08,12.11,11.57,51345,93246472.0,4.64,3.87,0.45,1.85
2011-05-04,600511,12.13,12.22,12.24,11.74,62292,113611725.0,4.14,1.16,0.14,2.24
2011-05-05,600511,12.38,12.29,12.44,12.14,61405,114093381.0,2.45,0.57,0.07,2.21
2011-05-06,600511,12.29,12.46,12.53,12.03,52378,97695055.0,4.07,1.38,0.17,1.89
2011-05-09,600511,12.48,12.31,12.58,12.24,36187,67396511.0,2.73,-1.2,-0.15,1.3
2011-05-10,600511,12.26,12.24,12.33,11.6,86005,155702192.0,5.93,-0.57,-0.07,3.1
2011-05-11,600511,12.09,12.11,12.18,11.77,53153,97243107.0,3.35,-1.06,-0.13,1.91
2011-05-12,600511,12.06,12.13,12.37,11.92,63114,116180932.0,3.72,0.17,0.02,2.27
2011-05-13,600511,12.09,11.88,12.12,11.72,39408,71367295.0,3.3,-2.06,-0.25,1.42
2011-05-16,600511,11.84,11.72,12.03,11.72,38611,69666767.0,2.61,-1.35,-0.16,1.39
2011-05-17,600511,11.74,10.99,11.79,10.84,74958,132487856.0,8.11,-6.23,-0.73,2.7
2011-05-18,600511,11.02,11.12,11.19,10.92,52948,91588233.0,2.46,1.18,0.13,1.91
2011-05-19,600511,11.12,11.06,11.27,11.03,22583,39313121.0,2.16,-0.54,-0.06,0.81
2011-05-20,600511,11.0,10.92,11.04,10.75,39284,67234630.0,2.62,-1.27,-0.14,1.41
2011-05-23,600511,10.94,10.21,10.96,10.19,37841,63581639.0,7.05,-6.5,-0.71,1.36
2011-05-24,600511,10.13,10.4,10.47,10.11,36609,60644287.0,3.53,1.86,0.19,1.32
2011-05-25,600511,10.41,10.44,10.58,10.25,44533,74573530.0,3.17,0.38,0.04,1.6
2011-05-26,600511,10.44,10.72,10.87,10.44,36232,61343461.0,4.12,2.68,0.28,1.3
2011-05-27,600511,10.73,10.07,10.74,10.04,30538,50309878.0,6.53,-6.06,-0.65,1.1
2011-05-30,600511,10.03,9.79,10.08,9.76,19414,31448415.0,3.18,-2.78,-0.28,0.7
2011-05-31,600511,9.75,10.1,10.14,9.64,24601,39753670.0,5.11,3.17,0.31,0.89
2011-06-01,600511,10.05,10.23,10.29,9.95,19782,32529212.0,3.37,1.29,0.13,0.71
2011-06-02,600511,10.04,9.86,10.04,9.7,24649,39680216.0,3.32,-3.62,-0.37,0.89
2011-06-03,600511,9.84,10.09,10.18,9.82,17668,28852023.0,3.65,2.33,0.23,0.64
2011-06-07,600511,10.08,10.23,10.38,10.02,18668,30819559.0,3.57,1.39,0.14,0.67
2011-06-08,600511,10.19,10.04,10.27,9.91,15355,25045774.0,3.52,-1.86,-0.19,0.55
2011-06-10,600511,9.75,9.9,9.94,9.74,19711,31682053.0,1.99,-1.39,-0.14,0.71
2011-06-13,600511,9.87,9.72,9.95,9.66,16075,25765844.0,2.93,-1.82,-0.18,0.58
2011-06-14,600511,9.76,9.88,9.91,9.74,20362,32802872.0,1.75,1.65,0.16,0.73
2011-06-15,600511,9.84,9.77,9.95,9.69,19736,31708017.0,2.63,-1.11,-0.11,0.71
2011-06-16,600511,9.73,9.33,9.75,9.24,26840,42440091.0,5.22,-4.5,-0.44,0.97
2011-06-17,600511,9.33,8.59,9.38,8.47,38971,58420951.0,9.75,-7.93,-0.74,1.4
2011-06-20,600511,8.6,8.57,8.64,8.37,24499,35778846.0,3.14,-0.23,-0.02,0.88
2011-06-21,600511,8.57,8.57,8.64,8.3,35613,51839129.0,3.97,0.0,0.0,1.28
2011-06-22,600511,8.54,8.41,8.58,8.33,19805,28803632.0,2.92,-1.87,-0.16,0.71
2011-06-23,600511,8.4,8.6,8.74,8.19,38924,56854189.0,6.54,2.26,0.19,1.4
2011-06-24,600511,8.59,9.23,9.53,8.55,76370,116066410.0,11.4,7.33,0.63,2.75
2011-06-27,600511,9.23,9.44,9.49,9.19,41926,64823875.0,3.25,2.28,0.21,1.51
2011-06-28,600511,9.46,9.35,9.47,9.2,33344,51564538.0,2.86,-0.95,-0.09,1.2
2011-06-29,600511,9.35,8.92,9.35,8.88,70793,107153849.0,5.03,-4.6,-0.43,2.55
2011-06-30,600511,8.94,9.07,9.12,8.86,59606,90118186.0,2.91,1.68,0.15,2.15
2011-07-01,600511,9.09,9.33,9.47,8.9,63328,96790811.0,6.28,2.87,0.26,2.28
2011-07-04,600511,9.33,9.85,9.88,9.3,92028,144945967.0,6.22,5.57,0.52,3.31
2011-07-05,600511,9.83,9.79,9.96,9.7,51305,81638696.0,2.64,-0.61,-0.06,1.85
2011-07-06,600511,9.84,10.35,10.38,9.77,92849,151364219.0,6.23,5.72,0.56,3.34
2011-07-07,600511,10.26,10.77,11.04,10.19,128070,215194494.0,8.21,4.06,0.42,4.61
2011-07-08,600511,10.69,10.73,10.97,10.58,62209,104912578.0,3.62,-0.37,-0.04,2.24
2011-07-11,600511,10.7,10.98,11.05,10.32,60930,102187406.0,6.8,2.33,0.25,2.19
2011-07-12,600511,10.79,10.44,10.82,10.39,34815,58200671.0,3.92,-4.92,-0.54,1.25
2011-07-13,600511,10.43,10.52,10.69,10.4,56384,94032835.0,2.78,0.77,0.08,2.03
2011-07-14,600511,10.48,10.8,10.88,10.48,59013,99436549.0,3.8,2.66,0.28,2.13
2011-07-15,600511,11.04,11.53,11.63,10.88,95151,164897732.0,6.94,6.76,0.73,3.43
2011-07-18,600511,11.55,11.61,12.11,11.39,96039,172462046.0,6.24,0.69,0.08,3.46
2011-07-19,600511,11.44,11.27,11.52,11.2,36465,63694829.0,2.76,-2.93,-0.34,1.31
2011-07-20,600511,11.31,11.53,11.56,11.1,40694,71153372.0,4.08,2.31,0.26,1.47
2011-07-21,600511,11.53,11.58,11.88,11.22,40083,71144389.0,5.72,0.43,0.05,1.44
2011-07-22,600511,11.61,11.82,12.07,11.29,78952,141328342.0,6.74,2.07,0.24,2.84
2011-07-25,600511,11.69,11.07,11.89,10.89,59352,104440757.0,8.46,-6.35,-0.75,2.14
2011-07-26,600511,11.09,10.23,11.1,9.83,82725,135848485.0,11.47,-7.59,-0.84,2.98
2011-07-27,600511,10.11,10.69,10.7,9.84,61079,100277778.0,8.41,4.5,0.46,2.2
2011-07-28,600511,10.39,10.55,10.69,10.2,24634,40917921.0,4.58,-1.31,-0.14,0.89
2011-07-29,600511,10.55,10.2,10.66,10.15,37810,62146740.0,4.83,-3.32,-0.35,1.36
2011-08-01,600511,10.19,9.97,10.41,9.88,49908,80838852.0,5.2,-2.25,-0.23,1.8
2011-08-02,600511,9.97,9.54,9.97,9.24,35967,55948943.0,7.32,-4.31,-0.43,1.3
2011-08-03,600511,9.34,9.54,9.72,9.25,20537,32146362.0,4.93,0.0,0.0,0.74
2011-08-04,600511,9.66,9.7,9.8,9.56,19983,31617687.0,2.52,1.68,0.16,0.72
2011-08-05,600511,9.19,10.12,10.25,8.89,59701,95507864.0,14.02,4.33,0.42,2.15
2011-08-08,600511,9.94,10.31,10.65,9.2,92787,151646398.0,14.33,1.88,0.19,3.34
2011-08-09,600511,9.83,10.96,11.24,9.57,117129,196852896.0,16.2,6.3,0.65,4.22
2011-08-10,600511,11.17,11.18,11.43,11.0,100724,174896350.0,3.92,2.01,0.22,3.63
2011-08-11,600511,10.94,11.5,11.54,10.9,80722,140831529.0,5.72,2.86,0.32,2.91
2011-08-12,600511,11.54,11.35,11.97,11.34,76118,135232101.0,5.48,-1.3,-0.15,2.74
2011-08-15,600511,11.35,11.61,11.63,11.19,53178,93110986.0,3.88,2.29,0.26,1.92
2011-08-16,600511,11.6,10.97,11.6,10.94,73016,125869111.0,5.68,-5.51,-0.64,2.63
2011-08-17,600511,11.11,11.3,11.45,10.98,63216,109592408.0,4.28,3.01,0.33,2.28
2011-08-18,600511,11.24,10.86,11.48,10.71,63680,108696237.0,6.81,-3.89,-0.44,2.29
2011-08-19,600511,10.41,10.91,11.06,10.41,38020,64515110.0,5.99,0.46,0.05,1.37
2011-08-22,600511,10.84,10.77,11.14,10.7,24954,42539330.0,4.03,-1.28,-0.14,0.9
2011-08-23,600511,10.79,11.39,11.42,10.79,58111,100792298.0,5.85,5.76,0.62,2.09
2011-08-24,600511,11.42,11.59,11.86,11.3,101168,179131506.0,4.92,1.76,0.2,3.64
2011-08-25,600511,11.51,11.94,11.99,11.51,96128,171500306.0,4.14,3.02,0.35,3.46
2011-08-26,600511,11.97,12.85,13.06,11.81,188231,351282752.0,10.47,7.62,0.91,6.78
2011-08-29,600511,12.73,12.93,13.51,12.5,212539,408325232.0,7.86,0.62,0.08,7.66
2011-08-31,600511,12.66,12.38,12.94,12.09,118740,220007474.0,6.57,-4.25,-0.55,4.28
2011-09-01,600511,12.41,11.84,12.56,11.79,72410,131845512.0,6.22,-4.36,-0.54,2.61
2011-09-02,600511,11.72,11.61,12.03,11.5,65318,116147081.0,4.48,-1.94,-0.23,2.35
2011-09-05,600511,11.48,11.58,11.68,11.2,43060,75411544.0,4.13,-0.26,-0.03,1.55
2011-09-06,600511,11.36,10.89,11.58,10.76,45937,78765164.0,7.08,-5.96,-0.69,1.65
2011-09-07,600511,10.89,11.38,11.41,10.8,35152,60809627.0,5.6,4.5,0.49,1.27
2011-09-08,600511,11.47,11.53,11.78,11.27,43326,76462232.0,4.48,1.32,0.15,1.56
2011-09-09,600511,11.49,11.04,11.67,10.89,34433,59658699.0,6.76,-4.25,-0.49,1.24
2011-09-13,600511,10.69,10.68,11.09,10.59,25185,42556552.0,4.53,-3.26,-0.36,0.91
2011-09-14,600511,10.78,10.85,10.94,10.31,25232,42202671.0,5.9,1.59,0.17,0.91
2011-09-15,600511,10.91,11.15,11.24,10.86,32683,56236806.0,3.5,2.76,0.3,1.18
2011-09-16,600511,11.17,10.94,11.3,10.88,18591,31837986.0,3.77,-1.88,-0.21,0.67
2011-09-19,600511,10.78,10.95,11.16,10.35,27346,46032670.0,7.4,0.09,0.01,0.98
2011-09-20,600511,10.92,11.22,11.27,10.58,18116,31117804.0,6.3,2.47,0.27,0.65
2011-09-21,600511,11.17,11.89,12.07,11.09,63151,113080763.0,8.73,5.97,0.67,2.27
2011-09-22,600511,11.77,11.34,12.02,11.32,36361,64618661.0,5.89,-4.63,-0.55,1.31
2011-09-23,600511,11.03,11.39,11.84,10.9,30073,52637381.0,8.29,0.44,0.05,1.08
2011-09-26,600511,11.32,11.01,11.49,10.73,37398,64107310.0,6.67,-3.34,-0.38,1.35
2011-09-27,600511,11.07,10.84,11.25,10.39,21668,36732306.0,7.81,-1.54,-0.17,0.78
2011-09-28,600511,10.87,10.35,10.98,9.99,29641,49147397.0,9.13,-4.52,-0.49,1.07
2011-09-29,600511,10.3,9.85,10.39,9.84,21629,34922601.0,5.31,-4.83,-0.5,0.78
2011-09-30,600511,9.86,9.84,10.14,9.54,13057,20745299.0,6.09,-0.1,-0.01,0.47
2011-10-10,600511,9.98,9.55,10.06,9.51,9076,14412280.0,5.59,-2.95,-0.29,0.33
2011-10-11,600511,9.98,9.53,10.18,9.37,11652,18475085.0,8.48,-0.21,-0.02,0.42
2011-10-12,600511,9.41,10.09,10.11,9.39,27736,44311205.0,7.56,5.88,0.56,1.0
2011-10-13,600511,10.09,10.26,10.57,9.98,27570,45235403.0,5.85,1.68,0.17,0.99
2011-10-14,600511,10.28,10.06,10.44,9.94,18135,29480067.0,4.87,-1.95,-0.2,0.65
2011-10-17,600511,10.07,10.22,10.24,9.97,15267,24755573.0,2.68,1.59,0.16,0.55
2011-10-18,600511,10.15,9.55,10.15,9.49,19342,30583595.0,6.46,-6.56,-0.67,0.7
2011-10-19,600511,9.64,9.18,9.69,9.09,23482,36193869.0,6.28,-3.87,-0.37,0.85
2011-10-20,600511,9.18,8.67,9.21,8.64,27937,41592586.0,6.21,-5.56,-0.51,1.01
2011-10-21,600511,8.67,8.34,8.74,8.28,13380,19554209.0,5.31,-3.81,-0.33,0.48
2011-10-24,600511,8.34,8.62,8.65,7.94,18544,26896935.0,8.51,3.36,0.28,0.67
2011-10-25,600511,8.62,8.94,8.98,8.34,25014,37158706.0,7.42,3.71,0.32,0.9
2011-10-26,600511,8.94,8.99,9.22,8.64,33985,51268945.0,6.49,0.56,0.05,1.22
2011-10-27,600511,8.84,9.24,9.47,8.84,38164,58838125.0,7.01,2.78,0.25,1.37
2011-10-28,600511,9.54,9.59,9.74,9.39,27879,43641021.0,3.79,3.79,0.35,1.0
2011-10-31,600511,9.66,9.54,9.69,9.34,22668,35322742.0,3.65,-0.52,-0.05,0.82
2011-11-01,600511,9.39,9.48,9.64,9.25,24957,38881683.0,4.09,-0.63,-0.06,0.9
2011-11-02,600511,9.41,9.8,9.81,9.16,23991,37513806.0,6.86,3.38,0.32,0.86
2011-11-03,600511,9.89,10.0,10.26,9.81,42185,68207390.0,4.59,2.04,0.2,1.52
2011-11-04,600511,10.07,10.01,10.14,9.76,20419,32689524.0,3.8,0.1,0.01,0.74
2011-11-07,600511,10.02,9.85,10.15,9.78,16584,26614826.0,3.7,-1.6,-0.16,0.6
2011-11-08,600511,9.87,9.49,10.54,9.41,37701,59758337.0,11.47,-3.65,-0.36,1.36
2011-11-09,600511,9.49,9.8,9.82,9.39,21553,33883734.0,4.53,3.27,0.31,0.78
2011-11-10,600511,9.67,9.62,9.75,9.5,16626,26121947.0,2.55,-1.84,-0.18,0.6
2011-11-11,600511,9.66,9.64,9.77,9.55,10093,15904844.0,2.29,0.21,0.02,0.36
2011-11-14,600511,9.7,9.89,9.96,9.7,27230,43419525.0,2.7,2.59,0.25,0.98
2011-11-15,600511,9.88,10.14,10.16,9.69,38643,62199408.0,4.75,2.53,0.25,1.39
2011-11-16,600511,10.1,9.87,10.39,9.8,43673,71046959.0,5.82,-2.66,-0.27,1.57
2011-11-17,600511,9.87,9.55,9.96,9.49,26229,41444833.0,4.76,-3.24,-0.32,0.94
2011-11-21,600511,9.16,8.85,9.17,8.59,34549,51616642.0,6.07,-7.33,-0.7,1.24
2011-11-22,600511,8.59,8.59,8.85,8.54,24970,36820144.0,3.5,-2.94,-0.26,0.9
2011-11-23,600511,8.65,8.56,8.74,8.5,18760,27560779.0,2.79,-0.35,-0.03,0.68
2011-11-24,600511,8.44,8.72,8.74,8.35,16936,24820566.0,4.56,1.87,0.16,0.61
2011-11-25,600511,8.69,8.52,8.69,8.52,11060,16265277.0,1.95,-2.29,-0.2,0.4
2011-11-28,600511,8.62,8.47,8.69,8.38,8760,12769722.0,3.64,-0.59,-0.05,0.32
2011-11-29,600511,8.66,8.78,8.79,8.49,15351,22730393.0,3.54,3.66,0.31,0.55
2011-11-30,600511,8.74,8.45,8.98,8.11,24229,35741439.0,9.91,-3.76,-0.33,0.87
2011-12-01,600511,8.75,9.04,9.07,8.49,35553,53385459.0,6.86,6.98,0.59,1.28
2011-12-02,600511,9.02,8.88,9.03,8.71,23058,34549427.0,3.54,-1.77,-0.16,0.83
2011-12-05,600511,8.82,8.57,8.89,8.34,15892,23220617.0,6.19,-3.49,-0.31,0.57
2011-12-06,600511,8.57,8.54,8.6,8.26,7225,10508646.0,3.97,-0.35,-0.03,0.26
2011-12-07,600511,8.38,8.38,8.56,8.34,6841,9962320.0,2.58,-1.87,-0.16,0.25
2011-12-08,600511,8.49,8.42,8.49,8.09,12926,18587732.0,4.77,0.48,0.04,0.47
2011-12-09,600511,8.29,8.01,8.37,7.79,31476,44582978.0,6.89,-4.87,-0.41,1.13
2011-12-12,600511,7.93,7.54,8.05,7.54,17495,24140619.0,6.37,-5.87,-0.47,0.63
2011-12-13,600511,7.57,7.47,7.57,7.19,26096,34976042.0,5.04,-0.93,-0.07,0.94
2011-12-14,600511,7.29,7.36,7.44,7.17,21381,28656709.0,3.61,-1.47,-0.11,0.77
2011-12-15,600511,7.31,7.09,7.31,6.75,21552,28201843.0,7.61,-3.67,-0.27,0.78
2011-12-16,600511,7.09,7.57,7.63,6.92,20070,26788709.0,10.01,6.77,0.48,0.72
2011-12-19,600511,7.54,7.39,7.54,7.14,16663,22350152.0,5.28,-2.38,-0.18,0.6
2011-12-20,600511,7.39,6.94,7.47,6.9,17236,22991297.0,7.71,-6.09,-0.45,0.62
2011-12-21,600511,7.16,6.71,7.16,6.69,19992,26029656.0,6.77,-3.31,-0.23,0.72
2011-12-23,600511,6.66,6.59,6.77,6.39,17575,22302200.0,5.66,-1.79,-0.12,0.63
2011-12-26,600511,6.59,6.43,6.66,6.4,25752,32618295.0,3.95,-2.43,-0.16,0.93
2011-12-27,600511,6.4,5.63,6.45,5.61,31751,38293286.0,13.06,-12.44,-0.8,1.14
2011-12-28,600511,5.63,5.71,5.73,5.18,40518,46938492.0,9.77,1.42,0.08,1.46
2011-12-29,600511,5.49,5.56,5.74,5.48,15767,18505134.0,4.55,-2.63,-0.15,0.57
2011-12-30,600511,5.5,5.88,5.9,5.5,17923,21165453.0,7.19,5.76,0.32,0.65
2012-01-04,600511,5.9,5.58,6.01,5.58,8914,10599457.0,7.31,-5.1,-0.3,0.32
2012-01-05,600511,5.61,5.1,5.61,4.88,20261,22722695.0,13.08,-8.6,-0.48,0.73
2012-01-06,600511,5.07,4.62,5.11,4.35,62935,67553251.0,14.9,-9.41,-0.48,2.27
2012-01-09,600511,4.69,5.07,5.14,4.5,59669,65549592.0,13.85,9.74,0.45,2.15
2012-01-10,600511,5.11,5.53,5.62,5.0,37587,43138458.0,12.23,9.07,0.46,1.35
2012-01-11,600511,5.54,5.59,5.72,5.41,20756,24228998.0,5.61,1.08,0.06,0.75
2012-01-12,600511,5.57,5.53,5.69,5.45,18274,21326758.0,4.29,-1.07,-0.06,0.66
2012-01-13,600511,5.53,4.92,5.55,4.79,24802,27769202.0,13.74,-11.03,-0.61,0.89
2012-01-16,600511,4.84,4.62,4.92,4.6,19278,20954643.0,6.5,-6.1,-0.3,0.69
2012-01-17,600511,4.67,5.22,5.24,4.47,23180,25703521.0,16.67,12.99,0.6,0.83
2012-01-18,600511,5.34,4.88,5.36,4.84,21794,24395361.0,9.96,-6.51,-0.34,0.78
2012-01-19,600511,4.84,5.17,5.24,4.84,17219,19344322.0,8.2,5.94,0.29,0.62
2012-01-20,600511,5.19,5.52,5.63,5.14,24067,27794777.0,9.48,6.77,0.35,0.87
2012-01-30,600511,5.55,5.38,5.62,5.34,12094,13964945.0,5.07,-2.54,-0.14,0.44
2012-01-31,600511,5.35,5.22,5.42,5.06,12824,14499845.0,6.69,-2.97,-0.16,0.46
2012-02-01,600511,5.22,5.14,5.32,5.07,14403,16270317.0,4.79,-1.53,-0.08,0.52
2012-02-02,600511,5.21,5.26,5.27,5.05,37139,41753324.0,4.28,2.33,0.12,1.34
2012-02-03,600511,5.19,5.84,5.85,5.15,77943,91057414.0,13.31,11.03,0.58,2.81
2012-02-06,600511,5.82,6.02,6.04,5.69,55079,65834013.0,5.99,3.08,0.18,1.98
2012-02-07,600511,5.95,5.79,5.95,5.64,43219,51265401.0,5.15,-3.82,-0.23,1.56
2012-02-08,600511,5.65,6.17,6.18,5.62,44316,53045539.0,9.67,6.56,0.38,1.6
2012-02-09,600511,6.09,6.16,6.24,5.97,47952,58507480.0,4.38,-0.16,-0.01,1.73
2012-02-10,600511,6.14,6.08,6.18,5.9,57339,69677684.0,4.55,-1.3,-0.08,2.07
2012-02-13,600511,5.94,6.11,6.17,5.84,46618,56758372.0,5.43,0.49,0.03,1.68
2012-02-14,600511,6.11,6.06,6.22,5.96,35894,43679482.0,4.26,-0.82,-0.05,1.29
2012-02-15,600511,6.03,6.27,6.32,5.91,43745,53579388.0,6.77,3.47,0.21,1.58
2012-02-16,600511,6.29,6.12,6.43,5.95,34798,42883279.0,7.66,-2.39,-0.15,1.25
2012-02-17,600511,6.12,6.1,6.21,5.96,20774,25343952.0,4.08,-0.33,-0.02,0.75
2012-02-20,600511,6.26,5.96,6.31,5.95,29728,36382586.0,5.9,-2.3,-0.14,1.07
2012-02-21,600511,5.97,6.19,6.29,5.79,33373,40502110.0,8.39,3.86,0.23,1.2
2012-02-22,600511,6.21,6.49,6.54,6.09,58728,73084977.0,7.27,4.85,0.3,2.12
2012-02-23,600511,6.48,6.54,6.73,6.37,55023,69559249.0,5.55,0.77,0.05,1.98
2012-02-24,600511,6.55,6.82,6.84,6.43,50094,63976502.0,6.27,4.28,0.28,1.8
2012-02-27,600511,6.88,6.8,7.15,6.73,65951,85775790.0,6.16,-0.29,-0.02,2.38
2012-02-28,600511,6.78,6.77,6.99,6.6,49704,64120754.0,5.74,-0.44,-0.03,1.79
2012-02-29,600511,6.75,6.49,6.75,6.44,44615,56552670.0,4.58,-4.14,-0.28,1.61
2012-03-01,600511,6.43,6.51,6.61,6.42,27634,34878883.0,2.93,0.31,0.02,1.0
2012-03-02,600511,6.56,6.69,6.72,6.49,45227,57414910.0,3.53,2.76,0.18,1.63
2012-03-05,600511,6.76,6.43,6.77,6.34,80574,101822080.0,6.43,-3.89,-0.26,2.9
2012-03-06,600511,6.37,6.02,6.39,5.89,67837,82907679.0,7.78,-6.38,-0.41,2.44
2012-03-07,600511,5.89,5.9,6.05,5.8,47064,56672476.0,4.15,-1.99,-0.12,1.7
2012-03-08,600511,6.02,6.2,6.27,5.93,59412,72641596.0,5.76,5.08,0.3,2.14
2012-03-09,600511,6.29,6.53,6.55,6.17,88687,110615958.0,6.13,5.32,0.33,3.19
2012-03-12,600511,6.58,6.97,7.02,6.55,109081,140989617.0,7.2,6.74,0.44,3.93
2012-03-13,600511,6.89,7.26,7.75,6.75,114389,150551576.0,14.35,4.16,0.29,4.12
2012-03-14,600511,7.28,6.5,7.39,6.29,172138,225592035.0,15.15,-10.47,-0.76,6.2
2012-03-15,600511,6.43,6.6,6.79,6.17,74421,93893135.0,9.54,1.54,0.1,2.68
2012-03-16,600511,6.6,7.13,7.14,6.54,95761,123496223.0,9.09,8.03,0.53,3.45
2012-03-19,600511,7.04,7.25,7.43,6.93,108587,144728163.0,7.01,1.68,0.12,3.91
2012-03-20,600511,7.01,6.68,7.33,6.66,76460,99355330.0,9.24,-7.86,-0.57,2.75
2012-03-22,600511,6.6,6.4,6.65,6.34,57714,72358985.0,4.64,-4.19,-0.28,2.08
2012-03-23,600511,6.31,6.29,6.52,6.13,64350,80025626.0,6.09,-1.72,-0.11,2.32
2012-03-26,600511,6.31,7.27,7.38,6.24,117047,151020870.0,18.12,15.58,0.98,4.22
2012-03-27,600511,6.99,6.39,7.15,6.34,205817,267049073.0,11.14,-12.1,-0.88,7.41
2012-03-28,600511,6.14,5.59,6.23,5.35,92071,109141298.0,13.77,-12.52,-0.8,3.32
2012-03-29,600511,5.43,5.07,5.54,5.06,45243,51581161.0,8.59,-9.3,-0.52,1.63
2012-03-30,600511,5.07,5.14,5.26,4.99,29051,32597984.0,5.33,1.38,0.07,1.05
2012-04-05,600511,5.14,5.44,5.53,5.11,40523,46391793.0,8.17,5.84,0.3,1.46
2012-04-06,600511,5.49,5.24,5.49,5.15,40047,45840515.0,6.25,-3.68,-0.2,1.44
2012-04-09,600511,5.21,5.26,5.44,5.15,32463,36980667.0,5.53,0.38,0.02,1.17
2012-04-10,600511,5.17,6.18,6.4,4.97,94321,111498512.0,27.19,17.49,0.92,3.4
2012-04-11,600511,5.95,6.21,6.64,5.7,83518,102163224.0,15.21,0.49,0.03,3.01
2012-04-12,600511,6.19,6.1,6.28,5.91,139617,170254635.0,5.96,-1.77,-0.11,5.03
2012-04-13,600511,6.04,5.96,6.26,5.88,72275,87753890.0,6.23,-2.3,-0.14,2.6
2012-04-16,600511,5.9,5.9,5.96,5.76,32502,38894579.0,3.36,-1.01,-0.06,1.17
2012-04-17,600511,5.9,6.0,6.14,5.79,51564,62570903.0,5.93,1.69,0.1,1.86
2012-04-18,600511,5.96,6.2,6.25,5.84,56143,68686534.0,6.83,3.33,0.2,2.02
2012-04-19,600511,6.2,6.29,6.52,6.16,55414,69066938.0,5.81,1.45,0.09,2.0
2012-04-20,600511,6.31,6.39,6.4,6.11,36108,44711808.0,4.61,1.59,0.1,1.3
2012-04-23,600511,6.48,6.4,6.58,6.32,68085,85692116.0,4.07,0.16,0.01,2.45
2012-04-24,600511,6.18,6.29,6.38,5.84,52864,64708715.0,8.44,-1.72,-0.11,1.9
2012-04-25,600511,6.23,6.24,6.33,6.0,26874,33060776.0,5.25,-0.79,-0.05,0.97
2012-04-27,600511,6.47,6.22,6.47,6.09,26485,32713529.0,6.09,-0.32,-0.02,0.95
2012-05-02,600511,6.32,6.5,6.57,6.22,52993,66176608.0,5.63,4.5,0.28,1.91
2012-05-03,600511,6.45,6.87,7.03,6.43,96511,124757802.0,9.23,5.69,0.37,3.48
2012-05-04,600511,6.8,7.18,7.29,6.77,112164,148443671.0,7.57,4.51,0.31,4.04
2012-05-07,600511,7.09,7.72,7.75,7.02,111772,152194157.0,10.17,7.52,0.54,4.03
2012-05-08,600511,7.69,7.62,7.73,7.42,54106,73915569.0,4.02,-1.3,-0.1,1.95
2012-05-09,600511,7.53,7.27,7.54,7.2,53822,72321748.0,4.46,-4.59,-0.35,1.94
2012-05-10,600511,7.17,7.55,7.88,7.16,81213,111387238.0,9.9,3.85,0.28,2.93
2012-05-11,600511,7.54,7.73,7.86,7.33,77661,106414921.0,7.02,2.38,0.18,2.8
2012-05-14,600511,7.83,7.67,8.18,7.57,129366,181022553.0,7.89,-0.78,-0.06,4.66
2012-05-15,600511,7.4,7.98,8.0,7.27,63495,87393576.0,9.52,4.04,0.31,2.29
2012-05-16,600511,7.84,7.85,8.4,7.84,67456,96137602.0,7.02,-1.63,-0.13,2.43
2012-05-17,600511,7.83,7.98,8.03,7.6,44672,62168476.0,5.48,1.66,0.13,1.61
2012-05-18,600511,7.74,7.89,7.99,7.57,52333,72948940.0,5.26,-1.13,-0.09,1.88
2012-05-21,600511,7.91,7.6,7.91,7.45,37514,51625945.0,5.83,-3.68,-0.29,1.35
2012-05-22,600511,7.6,7.71,7.85,7.57,41434,57368876.0,3.68,1.45,0.11,1.49
2012-05-23,600511,7.64,7.49,7.71,7.3,40281,54710680.0,5.32,-2.85,-0.22,1.45
2012-05-24,600511,7.46,7.54,7.54,7.37,27569,37421500.0,2.27,0.67,0.05,0.99
2012-05-25,600511,7.45,7.48,7.57,7.34,23610,31956218.0,3.05,-0.8,-0.06,0.85
2012-05-28,600511,7.34,7.09,7.39,6.89,39072,51622514.0,6.68,-5.21,-0.39,1.41
2012-05-29,600511,7.16,7.22,7.31,6.77,42266,55795011.0,7.62,1.83,0.13,1.52
2012-05-30,600511,7.22,7.22,7.32,7.14,16324,21787082.0,2.49,0.0,0.0,0.59
2012-05-31,600511,7.22,7.49,7.65,7.03,62076,83277797.0,8.59,3.74,0.27,2.24
2012-06-01,600511,7.38,7.89,7.96,7.35,54634,75490317.0,8.14,5.34,0.4,1.97
2012-06-04,600511,7.74,7.79,8.25,7.59,66030,93227702.0,8.37,-1.27,-0.1,2.38
2012-06-05,600511,7.73,8.31,8.37,7.67,109460,156478650.0,8.99,6.68,0.52,3.94
2012-06-06,600511,8.22,8.11,8.32,7.97,48988,70033541.0,4.21,-2.41,-0.2,1.76
2012-06-07,600511,8.12,7.88,8.33,7.81,36394,51420397.0,6.41,-2.84,-0.23,1.31
2012-06-08,600511,7.94,7.91,8.26,7.66,44114,62242852.0,7.61,0.38,0.03,1.59
2012-06-11,600511,7.89,7.99,8.06,7.79,26908,37742120.0,3.41,1.01,0.08,0.97
2012-06-12,600511,7.89,7.88,7.99,7.79,27719,38741756.0,2.5,-1.38,-0.11,1.0
2012-06-13,600511,7.84,8.21,8.23,7.82,30306,42864517.0,5.2,4.19,0.33,1.09
2012-06-14,600511,8.19,7.97,8.3,7.9,27288,38629265.0,4.87,-2.92,-0.24,0.98
2012-06-15,600511,8.08,8.15,8.35,7.94,30651,43762281.0,5.14,2.26,0.18,1.1
2012-06-18,600511,8.11,7.91,8.37,7.89,29900,42561869.0,5.89,-2.94,-0.24,1.08
2012-06-19,600511,7.92,7.88,8.15,7.83,27009,37865464.0,4.05,-0.38,-0.03,0.97
2012-06-20,600511,7.93,7.46,8.01,7.35,45361,61583855.0,8.38,-5.33,-0.42,1.63
2012-06-21,600511,7.46,7.33,7.46,7.01,42265,55831670.0,6.03,-1.74,-0.13,1.52
2012-06-25,600511,7.12,7.19,7.35,7.05,25043,33218418.0,4.09,-1.91,-0.14,0.9
2012-06-26,600511,7.09,7.28,7.4,6.78,19672,25798571.0,8.62,1.25,0.09,0.71
2012-06-27,600511,7.28,7.73,7.74,7.17,46858,63952478.0,7.83,6.18,0.45,1.69
2012-06-28,600511,7.7,7.7,8.03,7.66,34460,47887850.0,4.79,-0.39,-0.03,1.24
2012-06-29,600511,7.7,7.95,7.98,7.6,14853,20524636.0,4.94,3.25,0.25,0.53
2012-07-02,600511,8.04,8.36,8.37,7.95,58552,83045484.0,5.28,5.16,0.41,2.11
2012-07-03,600511,8.43,8.14,8.62,8.05,30893,44348802.0,6.82,-2.63,-0.22,1.11
2012-07-04,600511,8.25,7.79,8.25,7.64,18234,25360154.0,7.49,-4.3,-0.35,0.66
2012-07-05,600511,7.63,7.7,7.75,7.46,14531,19815067.0,3.72,-1.16,-0.09,0.52
2012-07-06,600511,7.71,8.2,8.25,7.54,28934,40742736.0,9.22,6.49,0.5,1.04
2012-07-09,600511,8.17,8.07,8.33,7.85,46318,65550736.0,5.85,-1.59,-0.13,1.67
2012-07-10,600511,7.92,8.04,8.2,7.42,42161,58208349.0,9.67,-0.37,-0.03,1.52
2012-07-11,600511,7.95,8.48,8.51,7.92,51689,74429156.0,7.34,5.47,0.44,1.86
2012-07-12,600511,8.45,8.89,9.25,8.35,85768,128224329.0,10.61,4.83,0.41,3.09
2012-07-13,600511,8.84,9.08,9.13,8.46,31620,47015699.0,7.54,2.14,0.19,1.14
2012-07-16,600511,9.14,8.54,9.14,8.31,41564,61264512.0,9.14,-5.95,-0.54,1.5
2012-07-17,600511,8.34,8.44,8.6,8.1,14803,21295629.0,5.85,-1.17,-0.1,0.53
2012-07-18,600511,8.48,8.17,8.48,8.01,20196,28773192.0,5.57,-3.2,-0.27,0.73
2012-07-19,600511,8.15,8.15,8.4,8.05,37615,53562124.0,4.28,-0.24,-0.02,1.35
2012-07-20,600511,8.05,8.32,8.54,8.05,39414,56673810.0,6.01,2.09,0.17,1.42
2012-07-23,600511,8.27,8.58,8.68,8.11,29232,42379940.0,6.85,3.13,0.26,1.05
2012-07-24,600511,8.47,8.4,8.57,8.23,20981,30314357.0,3.96,-2.1,-0.18,0.76
2012-07-25,600511,8.42,8.49,8.71,8.3,37385,54362584.0,4.88,1.07,0.09,1.35
2012-07-26,600511,8.45,8.29,8.62,8.1,27190,39319327.0,6.12,-2.36,-0.2,0.98
2012-07-27,600511,8.17,7.99,8.28,7.81,29206,41033654.0,5.67,-3.62,-0.3,1.05
2012-07-30,600511,7.87,7.75,7.92,7.6,15969,22058139.0,4.01,-3.0,-0.24,0.58
2012-07-31,600511,7.65,7.74,7.85,7.65,9530,13118243.0,2.58,-0.13,-0.01,0.34
2012-08-01,600511,7.65,7.98,8.14,7.63,9004,12609163.0,6.59,3.1,0.24,0.32
2012-08-02,600511,7.97,7.88,8.25,7.45,26546,36811428.0,10.03,-1.25,-0.1,0.96
2012-08-03,600511,7.85,8.16,8.24,7.75,14046,19864978.0,6.22,3.55,0.28,0.51
2012-08-06,600511,8.05,8.55,8.59,8.05,24067,34911689.0,6.62,4.78,0.39,0.87
2012-08-07,600511,8.58,8.53,8.6,8.38,22443,32529877.0,2.57,-0.23,-0.02,0.81
2012-08-08,600511,8.55,8.23,8.56,8.13,21369,30775762.0,5.04,-3.52,-0.3,0.77
2012-08-09,600511,8.18,8.65,8.65,8.18,20980,30457048.0,5.71,5.1,0.42,0.76
2012-08-10,600511,8.65,8.91,9.07,8.47,37804,56288541.0,6.94,3.01,0.26,1.36
2012-08-13,600511,8.91,8.44,8.91,8.38,36259,53416632.0,5.95,-5.27,-0.47,1.31
2012-08-14,600511,8.46,9.03,9.05,8.46,51183,76079349.0,6.99,6.99,0.59,1.84
2012-08-15,600511,8.99,8.91,9.07,8.8,16503,24754083.0,2.99,-1.33,-0.12,0.59
2012-08-16,600511,8.91,8.66,8.99,8.48,16389,24139839.0,5.72,-2.81,-0.25,0.59
2012-08-17,600511,8.73,8.88,8.9,8.53,17399,25703958.0,4.27,2.54,0.22,0.63
2012-08-20,600511,8.85,8.67,8.86,8.46,12306,18000535.0,4.5,-2.36,-0.21,0.44
2012-08-21,600511,8.64,9.2,9.25,8.47,37524,56737060.0,9.0,6.11,0.53,1.35
2012-08-22,600511,9.12,8.97,9.24,8.91,20040,30283252.0,3.59,-2.5,-0.23,0.72
2012-08-23,600511,8.74,8.68,9.14,8.49,24794,36735675.0,7.25,-3.23,-0.29,0.89
2012-08-24,600511,8.64,8.68,8.79,8.48,16016,23515235.0,3.57,0.0,0.0,0.58
2012-08-27,600511,8.65,8.24,8.71,8.19,18012,25956120.0,5.99,-5.07,-0.44,0.65
2012-08-28,600511,8.16,8.26,8.39,8.1,9380,13374054.0,3.52,0.24,0.02,0.34
2012-08-29,600511,8.3,8.44,8.47,8.15,10431,14973236.0,3.87,2.18,0.18,0.38
2012-08-30,600511,8.53,7.78,8.54,7.61,21042,29481600.0,11.02,-7.82,-0.66,0.76
2012-08-31,600511,7.78,7.84,7.91,7.37,16083,21966526.0,6.94,0.77,0.06,0.58
2012-09-03,600511,7.74,7.99,8.03,7.52,12180,16978695.0,6.51,1.91,0.15,0.44
2012-09-04,600511,7.95,8.02,8.26,7.95,16573,23448965.0,3.88,0.38,0.03,0.6
2012-09-05,600511,7.96,8.11,8.15,7.85,11119,15637540.0,3.74,1.12,0.09,0.4
2012-09-06,600511,8.15,8.34,8.37,8.01,12832,18330600.0,4.44,2.84,0.23,0.46
2012-09-07,600511,8.4,8.61,8.82,8.34,34093,49866054.0,5.76,3.24,0.27,1.23
2012-09-10,600511,8.54,8.36,8.63,8.24,24980,36097625.0,4.53,-2.9,-0.25,0.9
2012-09-11,600511,8.3,8.57,8.6,8.2,17200,24907980.0,4.78,2.51,0.21,0.62
2012-09-12,600511,8.55,8.5,8.61,8.23,14872,21455302.0,4.43,-0.82,-0.07,0.54
2012-09-13,600511,8.49,8.35,8.51,8.29,10613,15311091.0,2.59,-1.76,-0.15,0.38
2012-09-14,600511,8.38,7.96,8.47,7.9,36583,51705585.0,6.83,-4.67,-0.39,1.32
2012-09-17,600511,8.0,7.73,8.02,7.73,14240,19763256.0,3.64,-2.89,-0.23,0.51
2012-09-18,600511,7.65,7.8,7.96,7.65,9743,13531958.0,4.01,0.91,0.07,0.35
2012-09-19,600511,7.88,8.17,8.22,7.81,12460,17616281.0,5.26,4.74,0.37,0.45
2012-09-20,600511,8.17,7.92,8.17,7.86,9117,12777852.0,3.79,-3.06,-0.25,0.33
2012-09-21,600511,7.9,7.85,8.0,7.76,6327,8796499.0,3.03,-0.88,-0.07,0.23
2012-09-24,600511,7.69,7.93,8.0,7.69,3832,5332621.0,3.95,1.02,0.08,0.14
2012-09-25,600511,7.93,8.08,8.15,7.75,9031,12746107.0,5.04,1.89,0.15,0.33
2012-09-26,600511,8.06,7.94,8.06,7.45,8624,11918609.0,7.55,-1.73,-0.14,0.31
2012-09-27,600511,7.85,7.96,8.1,7.76,10680,14941350.0,4.28,0.25,0.02,0.38
2012-09-28,600511,7.98,8.11,8.15,7.85,12425,17454785.0,3.77,1.88,0.15,0.45
2012-10-08,600511,8.11,7.94,8.11,7.88,4960,6962572.0,2.84,-2.1,-0.17,0.18
2012-10-09,600511,8.04,8.24,8.27,7.91,12567,17886657.0,4.53,3.78,0.3,0.45
2012-10-10,600511,8.2,8.38,8.4,8.08,14315,20422198.0,3.88,1.7,0.14,0.52
2012-10-11,600511,8.35,8.29,8.49,8.22,9973,14381797.0,3.22,-1.07,-0.09,0.36
2012-10-12,600511,8.25,7.93,8.38,7.87,13870,19482235.0,6.15,-4.34,-0.36,0.5
2012-10-15,600511,7.93,8.0,8.03,7.59,9969,13797063.0,5.55,0.88,0.07,0.36
2012-10-16,600511,8.0,8.52,8.55,7.96,29912,43193662.0,7.38,6.5,0.52,1.08
2012-10-17,600511,8.53,8.38,8.57,8.26,12013,17330708.0,3.64,-1.64,-0.14,0.43
2012-10-18,600511,8.44,8.45,8.51,8.33,25166,36477524.0,2.15,0.84,0.07,0.91
2012-10-19,600511,8.5,8.31,8.51,8.26,16099,23240747.0,2.96,-1.66,-0.14,0.58
2012-10-22,600511,8.31,8.67,8.74,8.25,28659,41978486.0,5.9,4.33,0.36,1.03
2012-10-23,600511,8.58,8.36,8.75,8.19,26926,39045127.0,6.46,-3.58,-0.31,0.97
2012-10-24,600511,8.4,8.24,8.4,7.89,22040,31214779.0,6.1,-1.44,-0.12,0.79
2012-10-25,600511,8.31,8.08,8.4,7.86,17507,24725002.0,6.55,-1.94,-0.16,0.63
2012-10-26,600511,8.03,7.8,8.03,7.61,28109,38813728.0,5.2,-3.47,-0.28,1.01
2012-10-29,600511,7.6,7.84,8.0,7.57,9417,13133168.0,5.51,0.51,0.04,0.34
2012-10-30,600511,7.93,7.83,8.02,7.63,10858,15067100.0,4.97,-0.13,-0.01,0.39
2012-10-31,600511,7.82,7.67,7.82,7.55,17671,24160106.0,3.45,-2.04,-0.16,0.64
2012-11-01,600511,7.72,8.25,8.26,7.7,44563,62936427.0,7.3,7.56,0.58,1.61
2012-11-02,600511,8.24,8.25,8.3,8.14,18241,25980283.0,1.94,0.0,0.0,0.66
2012-11-05,600511,8.24,8.23,8.34,8.07,13637,19377735.0,3.27,-0.24,-0.02,0.49
2012-11-06,600511,8.22,8.1,8.25,7.96,22120,31210467.0,3.52,-1.58,-0.13,0.8
2012-11-07,600511,8.08,8.06,8.09,7.82,14532,20295529.0,3.33,-0.49,-0.04,0.52
2012-11-08,600511,7.87,7.8,8.05,7.67,9207,12748528.0,4.71,-3.23,-0.26,0.33
2012-11-09,600511,7.78,7.79,8.12,7.58,18254,25024800.0,6.92,-0.13,-0.01,0.66
2012-11-12,600511,7.75,7.78,7.8,7.55,18225,24991093.0,3.21,-0.13,-0.01,0.66
2012-11-13,600511,7.63,7.56,7.74,7.35,23554,31971911.0,5.01,-2.83,-0.22,0.85
2012-11-14,600511,7.56,7.61,7.63,7.38,11013,14950349.0,3.31,0.66,0.05,0.4
2012-11-15,600511,7.6,7.36,7.66,7.33,5592,7609331.0,4.34,-3.29,-0.25,0.2
2012-11-16,600511,7.43,7.14,7.49,6.78,23533,30860262.0,9.65,-2.99,-0.22,0.85
2012-11-19,600511,7.16,7.25,7.28,6.95,5247,6910534.0,4.62,1.54,0.11,0.19
2012-11-20,600511,7.15,7.25,7.31,7.15,1717,2279851.0,2.21,0.0,0.0,0.06
2012-11-21,600511,7.34,7.25,7.34,7.09,10820,14346211.0,3.45,0.0,0.0,0.39
2012-11-22,600511,7.26,7.21,7.26,7.06,10441,13792105.0,2.76,-0.55,-0.04,0.38
2012-11-23,600511,7.21,7.16,7.25,7.12,9710,12864622.0,1.8,-0.69,-0.05,0.35
2012-11-26,600511,6.95,7.05,7.12,6.94,6544,8552036.0,2.51,-1.54,-0.11,0.24
2012-11-27,600511,7.04,6.8,7.04,6.65,16059,20710886.0,5.53,-3.55,-0.25,0.58
2012-11-28,600511,6.75,6.69,6.75,6.35,11140,14092248.0,5.88,-1.62,-0.11,0.4
2012-11-29,600511,6.47,6.44,6.69,6.37,7601,9543536.0,4.78,-3.74,-0.25,0.27
2012-11-30,600511,6.38,6.51,6.75,6.35,24786,31193841.0,6.21,1.09,0.07,0.89
2012-12-03,600511,6.57,6.65,6.75,6.51,18383,23376146.0,3.69,2.15,0.14,0.66
2012-12-04,600511,6.65,6.79,6.83,6.45,10516,13335720.0,5.71,2.11,0.14,0.38
2012-12-05,600511,6.68,7.16,7.3,6.68,21399,28124334.0,9.13,5.45,0.37,0.77
2012-12-06,600511,7.05,7.1,7.25,6.83,20955,27333674.0,5.87,-0.84,-0.06,0.75
2012-12-07,600511,6.95,7.5,7.54,6.94,25051,33558132.0,8.45,5.63,0.4,0.9
2012-12-10,600511,7.4,7.52,7.63,7.33,18111,24525709.0,4.0,0.27,0.02,0.65
2012-12-11,600511,7.45,7.33,7.64,7.3,6929,9321296.0,4.52,-2.53,-0.19,0.25
2012-12-12,600511,7.33,7.34,7.5,7.13,15037,20095027.0,5.05,0.14,0.01,0.54
2012-12-13,600511,7.36,7.34,7.45,7.23,10156,13565557.0,3.0,0.0,0.0,0.37
2012-12-14,600511,7.11,7.84,7.85,7.11,30836,42201305.0,10.08,6.81,0.5,1.11
2012-12-17,600511,7.84,7.49,7.91,7.27,32268,43719730.0,8.16,-4.46,-0.35,1.16
2012-12-18,600511,7.41,7.35,7.44,7.22,22731,30386928.0,2.94,-1.87,-0.14,0.82
2012-12-19,600511,7.41,7.17,7.41,7.11,26656,35268187.0,4.08,-2.45,-0.18,0.96
2012-12-20,600511,7.18,7.12,7.22,7.03,15500,20418640.0,2.65,-0.7,-0.05,0.56
2012-12-21,600511,7.13,7.39,7.45,7.08,41075,54646718.0,5.2,3.79,0.27,1.48
2012-12-24,600511,7.35,7.32,7.51,7.16,23712,31664510.0,4.74,-0.95,-0.07,0.85
2012-12-25,600511,7.3,7.66,7.75,7.23,48326,65854211.0,7.1,4.64,0.34,1.74
2012-12-26,600511,7.65,7.63,7.67,7.45,34660,47276953.0,2.87,-0.39,-0.03,1.25
2012-12-27,600511,7.7,7.88,8.0,7.61,56535,78509492.0,5.11,3.28,0.25,2.04
2012-12-28,600511,7.76,8.3,8.5,7.73,63464,90729007.0,9.77,5.33,0.42,2.29
2012-12-31,600511,8.25,8.52,8.6,8.1,40769,58721551.0,6.02,2.65,0.22,1.47
2013-01-04,600511,8.57,7.99,8.63,7.81,49903,70224288.0,9.62,-6.22,-0.53,1.8
2013-01-07,600511,7.99,8.33,8.36,7.9,32152,45671685.0,5.76,4.26,0.34,1.16
2013-01-08,600511,8.67,9.77,9.77,8.67,117262,184134181.0,13.21,17.29,1.44,4.22
2013-01-09,600511,10.2,10.04,10.73,9.98,135798,222260475.0,7.68,2.76,0.27,4.89
2013-01-10,600511,9.88,10.37,10.38,9.88,48297,78122220.0,4.98,3.29,0.33,1.74
2013-01-11,600511,10.37,10.2,10.65,10.06,42874,70595241.0,5.69,-1.64,-0.17,1.54
2013-01-14,600511,10.16,11.27,11.55,10.16,77186,130985383.0,13.63,10.49,1.07,2.78
2013-01-15,600511,11.2,11.33,11.7,10.98,63724,111480915.0,6.39,0.53,0.06,2.3
2013-01-16,600511,11.25,11.48,11.65,10.9,52907,91537302.0,6.62,1.32,0.15,1.91
2013-01-17,600511,11.36,11.22,11.53,11.09,29536,50892776.0,3.83,-2.26,-0.26,1.06
2013-01-18,600511,11.15,11.58,11.65,10.73,61238,105130148.0,8.2,3.21,0.36,2.21
2013-01-21,600511,11.43,11.3,11.63,11.0,43988,76090392.0,5.44,-2.42,-0.28,1.58
2013-01-22,600511,11.15,10.93,11.24,10.75,17786,30324965.0,4.34,-3.27,-0.37,0.64
2013-01-23,600511,10.86,11.09,11.12,10.65,30804,52043067.0,4.3,1.46,0.16,1.11
2013-01-24,600511,10.95,10.75,11.46,10.75,25729,44068876.0,6.4,-3.07,-0.34,0.93
2013-01-25,600511,10.75,11.15,11.25,10.63,32019,54813283.0,5.77,3.72,0.4,1.15
2013-01-28,600511,11.09,12.14,12.23,10.97,44356,79490881.0,11.3,8.88,0.99,1.6
2013-01-29,600511,12.14,11.76,12.32,11.72,40709,73355240.0,4.94,-3.13,-0.38,1.47
2013-01-30,600511,11.65,11.85,12.03,11.5,30825,54833015.0,4.51,0.77,0.09,1.11
2013-01-31,600511,11.81,11.74,11.81,11.4,17003,30010075.0,3.46,-0.93,-0.11,0.61
2013-02-01,600511,11.65,11.64,11.7,11.28,30550,53603303.0,3.58,-0.85,-0.1,1.1
2013-02-04,600511,11.46,11.15,11.6,10.91,37664,64702555.0,5.93,-4.21,-0.49,1.36
2013-02-05,600511,11.15,11.04,11.26,10.84,25393,43255292.0,3.77,-0.99,-0.11,0.91
2013-02-06,600511,11.04,11.42,11.6,10.99,29427,50808200.0,5.53,3.44,0.38,1.06
2013-02-07,600511,11.4,12.2,12.3,11.25,38305,68737449.0,9.19,6.83,0.78,1.38
2013-02-08,600511,12.1,12.76,13.39,12.1,38538,72336826.0,10.57,4.59,0.56,1.39
2013-02-18,600511,12.76,13.21,13.98,12.66,57765,113225593.0,10.34,3.53,0.45,2.08
2013-02-19,600511,13.11,12.83,13.6,12.81,33231,64179759.0,5.98,-2.88,-0.38,1.2
2013-02-20,600511,13.0,13.76,13.94,12.76,30411,59432842.0,9.2,7.25,0.93,1.1
2013-02-21,600511,13.84,13.45,13.91,12.94,37347,72889922.0,7.05,-2.25,-0.31,1.35
2013-02-22,600511,13.33,13.2,13.74,13.05,16268,31481702.0,5.13,-1.86,-0.25,0.59
2013-02-25,600511,13.14,13.48,13.7,13.06,22876,44492021.0,4.85,2.12,0.28,0.82
2013-02-26,600511,13.41,13.98,14.25,13.37,34764,69648376.0,6.53,3.71,0.5,1.25
2013-02-27,600511,13.95,13.88,13.98,12.85,39951,77379115.0,8.08,-0.72,-0.1,1.44
2013-02-28,600511,13.76,13.42,13.76,13.03,35019,67708178.0,5.26,-3.31,-0.46,1.26
2013-03-01,600511,13.28,13.29,13.57,12.46,48718,93407311.0,8.27,-0.97,-0.13,1.75
2013-03-04,600511,13.25,12.48,13.25,11.96,42006,78520275.0,9.71,-6.09,-0.81,1.51
2013-03-05,600511,12.35,13.41,13.48,12.27,37673,71406560.0,9.7,7.45,0.93,1.36
2013-03-06,600511,13.41,12.95,13.76,12.8,35645,68150293.0,7.16,-3.43,-0.46,1.28
2013-03-07,600511,12.94,12.11,12.98,11.92,41707,76061737.0,8.19,-6.49,-0.84,1.5
2013-03-08,600511,12.22,11.54,12.22,11.4,31939,56345866.0,6.77,-4.71,-0.57,1.15
2013-03-11,600511,11.7,11.48,11.92,11.4,31655,56091559.0,4.51,-0.52,-0.06,1.14
2013-03-12,600511,11.51,11.3,11.72,10.75,44653,76573889.0,8.45,-1.57,-0.18,1.61
2013-03-13,600511,11.24,11.32,11.54,11.05,14962,26066034.0,4.34,0.18,0.02,0.54
2013-03-14,600511,11.37,11.66,11.75,11.25,17266,30430474.0,4.42,3.0,0.34,0.62
2013-03-15,600511,11.66,11.57,12.02,11.3,20080,35592144.0,6.17,-0.77,-0.09,0.72
2013-03-18,600511,11.55,11.97,12.2,11.51,29841,53706128.0,5.96,3.46,0.4,1.07
2013-03-19,600511,11.95,11.59,11.99,11.17,34038,59790686.0,6.85,-3.17,-0.38,1.23
2013-03-20,600511,11.63,12.24,12.37,11.61,39705,71842602.0,6.56,5.61,0.65,1.43
2013-03-21,600511,12.24,12.46,12.49,12.1,20519,37781383.0,3.19,1.8,0.22,0.74
2013-03-22,600511,12.46,13.07,13.29,12.45,45101,86257428.0,6.74,4.9,0.61,1.62
2013-03-25,600511,13.07,13.05,13.23,12.83,9582,18225563.0,3.06,-0.15,-0.02,0.35
2013-03-26,600511,13.06,12.75,13.06,12.39,8909,16668288.0,5.13,-2.3,-0.3,0.32
2013-03-27,600511,12.75,12.96,13.03,12.6,13702,25932219.0,3.37,1.65,0.21,0.49
2013-03-28,600511,12.83,12.55,12.87,12.36,16116,30134910.0,3.94,-3.16,-0.41,0.58
2013-03-29,600511,12.52,11.94,12.63,11.64,30984,55878782.0,7.89,-4.86,-0.61,1.12
2013-04-01,600511,11.95,11.84,12.3,11.62,32139,57695107.0,5.7,-0.84,-0.1,1.16
2013-04-02,600511,11.95,11.62,12.24,11.43,29219,52523781.0,6.84,-1.86,-0.22,1.05
2013-04-03,600511,11.62,11.3,11.84,11.15,36831,63944163.0,5.94,-2.75,-0.32,1.33
2013-04-08,600511,11.33,11.66,11.94,11.2,22279,39461156.0,6.55,3.19,0.36,0.8
2013-04-09,600511,11.8,11.15,11.8,10.97,22617,38996501.0,7.12,-4.37,-0.51,0.81
2013-04-10,600511,11.15,10.7,11.24,10.6,20430,34281243.0,5.74,-4.04,-0.45,0.74
2013-04-11,600511,10.73,10.52,10.93,10.45,29987,49901926.0,4.49,-1.68,-0.18,1.08
2013-04-12,600511,10.5,10.76,10.88,10.43,11628,19445155.0,4.28,2.28,0.24,0.42
2013-04-15,600511,10.8,10.76,10.93,10.35,13254,22082412.0,5.39,0.0,0.0,0.48
2013-04-16,600511,10.57,10.21,10.73,10.0,30710,50039801.0,6.78,-5.11,-0.55,1.11
2013-04-17,600511,10.17,10.46,10.55,10.16,25886,42425890.0,3.82,2.45,0.25,0.93
2013-04-18,600511,10.35,10.55,10.85,10.35,19594,32694805.0,4.78,0.86,0.09,0.71
2013-04-19,600511,10.54,11.08,11.17,10.45,14069,23890212.0,6.82,5.02,0.53,0.51
2013-04-22,600511,11.1,11.35,11.5,10.96,21866,37868914.0,4.87,2.44,0.27,0.79
2013-04-23,600511,11.45,11.23,11.45,10.85,25007,43136127.0,5.29,-1.06,-0.12,0.9
2013-04-24,600511,11.24,11.31,11.43,10.81,39819,67856515.0,5.52,0.71,0.08,1.43
2013-04-25,600511,11.1,11.12,11.21,10.95,14907,25573410.0,2.3,-1.68,-0.19,0.54
2013-04-26,600511,11.12,11.12,11.8,10.97,15682,27152657.0,7.46,0.0,0.0,0.56
2013-05-02,600511,11.08,10.89,11.1,10.54,16228,27177870.0,5.04,-2.07,-0.23,0.58
2013-05-03,600511,10.87,11.22,11.25,10.65,30994,53020602.0,5.51,3.03,0.33,1.12
2013-05-06,600511,11.43,11.74,11.76,11.02,27272,47799783.0,6.6,4.63,0.52,0.98
2013-05-07,600511,11.79,11.53,11.79,11.47,15905,27986656.0,2.73,-1.79,-0.21,0.57
2013-05-08,600511,11.64,12.25,12.27,11.33,31061,56080068.0,8.15,6.24,0.72,1.12
2013-05-09,600511,12.24,12.22,12.44,12.05,15885,29062130.0,3.18,-0.24,-0.03,0.57
2013-05-10,600511,12.4,11.8,12.43,11.6,17108,30660195.0,6.79,-3.44,-0.42,0.62
2013-05-13,600511,11.8,11.53,11.8,11.48,11719,20645932.0,2.71,-2.29,-0.27,0.42
2013-05-14,600511,11.48,11.42,11.65,11.2,11942,20808518.0,3.9,-0.95,-0.11,0.43
2013-05-15,600511,11.36,11.81,11.83,11.28,10177,17993704.0,4.82,3.42,0.39,0.37
2013-05-16,600511,11.75,11.11,11.79,10.99,51634,90211269.0,6.77,-5.93,-0.7,1.86
2013-05-17,600511,11.11,11.0,11.2,10.65,67326,113990630.0,4.95,-0.99,-0.11,2.42
2013-05-20,600511,10.93,10.28,10.94,9.65,133122,214285773.0,11.73,-6.55,-0.72,4.79
2013-05-21,600511,10.12,10.87,10.95,9.92,93498,154053086.0,10.02,5.74,0.59,3.37
2013-05-22,600511,10.8,10.64,11.08,10.51,53119,89571974.0,5.24,-2.12,-0.23,1.91
2013-05-23,600511,10.55,10.47,10.68,10.28,32706,54137144.0,3.76,-1.6,-0.17,1.18
2013-05-24,600511,10.55,10.47,10.63,10.25,27330,44953144.0,3.63,0.0,0.0,0.98
2013-05-27,600511,10.47,10.79,10.8,10.35,30261,50367002.0,4.3,3.06,0.32,1.09
2013-05-28,600511,10.83,11.24,11.54,10.71,59919,103101271.0,7.69,4.17,0.45,2.16
2013-05-29,600511,11.24,11.28,11.32,10.95,26529,45762327.0,3.29,0.36,0.04,0.96
2013-05-30,600511,11.24,11.61,11.85,11.15,57042,100734907.0,6.21,2.93,0.33,2.05
2013-05-31,600511,11.62,11.85,12.15,11.62,49789,89597777.0,4.57,2.07,0.24,1.79
2013-06-03,600511,11.9,11.21,12.07,11.12,60146,105165854.0,8.02,-5.4,-0.64,2.17
2013-06-04,600511,11.12,10.84,11.21,10.43,52194,87382126.0,6.96,-3.3,-0.37,1.88
2013-06-05,600511,10.74,10.65,10.75,10.48,31088,51827715.0,2.49,-1.75,-0.19,1.12
2013-06-06,600511,10.5,10.45,10.7,10.33,22352,37051506.0,3.47,-1.88,-0.2,0.81
2013-06-07,600511,10.46,10.12,10.6,9.93,39271,63612010.0,6.41,-3.16,-0.33,1.41
2013-06-13,600511,9.95,10.01,10.16,9.53,41924,66722419.0,6.23,-1.09,-0.11,1.51
2013-06-14,600511,10.01,10.11,10.12,9.9,36570,58749960.0,2.2,1.0,0.1,1.32
2013-06-17,600511,10.14,9.97,10.19,9.7,26051,41446651.0,4.85,-1.38,-0.14,0.94
2013-06-18,600511,9.97,10.07,10.09,9.83,11440,18316548.0,2.61,1.0,0.1,0.41
2013-06-19,600511,10.13,10.1,10.22,9.87,11009,17460328.0,3.48,0.3,0.03,0.4
2013-06-20,600511,10.07,9.97,10.3,9.72,17803,28099011.0,5.74,-1.29,-0.13,0.64
2013-06-21,600511,9.67,9.99,10.04,9.47,7866,12305497.0,5.72,0.2,0.02,0.28
2013-06-24,600511,9.99,9.13,9.99,8.91,15168,23141464.0,10.81,-8.61,-0.86,0.55
2013-06-25,600511,9.13,8.6,9.13,7.78,46959,66830191.0,14.79,-5.81,-0.53,1.69
2013-06-26,600511,8.63,8.75,9.12,8.56,23694,34752752.0,6.51,1.74,0.15,0.85
2013-06-27,600511,8.75,8.28,8.91,8.02,39780,57168129.0,10.17,-5.37,-0.47,1.43
2013-06-28,600511,8.27,8.51,8.57,8.02,69662,98105937.0,6.64,2.78,0.23,2.51
2013-07-01,600511,8.45,8.67,8.72,8.08,32903,46720491.0,7.52,1.88,0.16,1.19
2013-07-02,600511,8.64,8.88,9.03,8.07,52713,76116412.0,11.07,2.42,0.21,1.9
2013-07-03,600511,8.68,8.73,8.86,8.49,33390,48472296.0,4.17,-1.69,-0.15,1.2
2013-07-04,600511,8.59,8.77,8.99,8.39,19348,28117534.0,6.87,0.46,0.04,0.7
2013-07-05,600511,8.71,8.68,8.92,8.53,18710,27159637.0,4.45,-1.03,-0.09,0.67
2013-07-08,600511,8.57,8.38,8.76,8.22,17364,24877884.0,6.22,-3.46,-0.3,0.63
2013-07-09,600511,8.34,8.42,8.56,8.3,15448,22018926.0,3.1,0.48,0.04,0.56
2013-07-10,600511,8.56,8.83,8.95,8.42,15837,23061239.0,6.29,4.87,0.41,0.57
2013-07-11,600511,8.85,9.2,9.35,8.78,23643,35214015.0,6.46,4.19,0.37,0.85
2013-07-12,600511,9.2,9.58,9.92,9.13,45346,70180859.0,8.59,4.13,0.38,1.63
2013-07-15,600511,9.63,9.88,10.08,9.48,28561,44833319.0,6.26,3.13,0.3,1.03
2013-07-16,600511,9.91,9.89,9.93,9.58,16778,26270951.0,3.54,0.1,0.01,0.6
2013-07-17,600511,9.89,9.59,9.92,9.59,16376,25452240.0,3.34,-3.03,-0.3,0.59
2013-07-18,600511,9.58,9.34,9.58,9.29,13503,20516176.0,3.02,-2.61,-0.25,0.49
2013-07-19,600511,9.39,9.13,9.48,9.08,17757,26748275.0,4.28,-2.25,-0.21,0.64
2013-07-22,600511,9.12,10.18,10.27,9.12,57559,90762504.0,12.6,11.5,1.05,2.07
2013-07-23,600511,10.57,10.65,10.82,10.43,59490,98166073.0,3.83,4.62,0.47,2.14
2013-07-24,600511,10.39,10.77,11.09,10.39,40327,67415034.0,6.57,1.13,0.12,1.45
2013-07-25,600511,10.85,10.55,11.11,10.29,54880,90173688.0,7.61,-2.04,-0.22,1.98
2013-07-26,600511,10.52,10.62,10.84,10.2,46785,76625707.0,6.07,0.66,0.07,1.69
2013-07-29,600511,10.28,10.29,10.52,10.0,25299,40701180.0,4.9,-3.11,-0.33,0.91
2013-07-30,600511,10.29,9.99,10.47,9.79,17995,28548063.0,6.61,-2.92,-0.3,0.65
2013-07-31,600511,10.01,9.87,10.24,9.83,25446,40322865.0,4.1,-1.2,-0.12,0.92
2013-08-01,600511,9.98,9.77,10.05,9.52,57228,88925940.0,5.37,-1.01,-0.1,2.06
2013-08-02,600511,9.89,9.96,10.22,9.71,42129,66357394.0,5.22,1.94,0.19,1.52
2013-08-05,600511,9.89,10.61,10.72,9.88,39408,63614675.0,8.43,6.53,0.65,1.42
2013-08-06,600511,10.6,11.17,11.32,10.24,60808,101741158.0,10.18,5.28,0.56,2.19
2013-08-07,600511,11.05,11.09,11.37,10.88,53918,91370702.0,4.39,-0.72,-0.08,1.94
2013-08-08,600511,11.07,11.18,11.57,10.98,43717,74989548.0,5.32,0.81,0.09,1.57
2013-08-09,600511,11.17,11.67,12.1,11.17,59241,104047282.0,8.32,4.38,0.49,2.13
2013-08-12,600511,11.61,12.16,12.39,11.61,60154,108040739.0,6.68,4.2,0.49,2.17
2013-08-13,600511,12.06,11.75,12.22,11.67,43341,76748124.0,4.52,-3.37,-0.41,1.56
2013-08-14,600511,11.76,12.41,12.42,11.76,49362,89300321.0,5.62,5.62,0.66,1.78
2013-08-15,600511,12.47,11.34,12.72,11.26,96935,171909651.0,11.76,-8.62,-1.07,3.49
2013-08-16,600511,11.34,10.79,11.59,10.77,32112,54627515.0,7.23,-4.85,-0.55,1.16
2013-08-19,600511,10.82,11.25,11.31,10.72,32282,54461773.0,5.47,4.26,0.46,1.16
2013-08-20,600511,11.36,11.53,11.6,10.97,36951,62877294.0,5.6,2.49,0.28,1.33
2013-08-21,600511,11.45,11.31,11.5,11.07,25869,44260856.0,3.73,-1.91,-0.22,0.93
2013-08-22,600511,11.31,11.0,11.36,10.92,31226,52669631.0,3.89,-2.74,-0.31,1.12
2013-08-23,600511,11.13,10.92,11.13,10.62,19800,33035919.0,4.64,-0.73,-0.08,0.71
2013-08-26,600511,10.93,11.75,11.77,10.86,69005,118816056.0,8.33,7.6,0.83,2.49
2013-08-27,600511,11.8,11.86,12.09,11.6,33749,59681667.0,4.17,0.94,0.11,1.22
2013-08-28,600511,11.86,11.89,12.14,11.67,31744,56309721.0,3.96,0.25,0.03,1.14
2013-08-29,600511,11.9,12.6,12.8,11.82,54191,99150998.0,8.24,5.97,0.71,1.95
2013-08-30,600511,12.67,11.6,12.72,11.54,33470,59848627.0,9.37,-7.94,-1.0,1.21
2013-09-02,600511,11.72,11.76,12.15,11.57,30511,54218878.0,5.0,1.38,0.16,1.1
2013-09-03,600511,11.6,12.45,12.48,11.37,55217,98971908.0,9.44,5.87,0.69,1.99
2013-09-04,600511,12.87,12.37,12.87,12.1,42060,76563631.0,6.18,-0.64,-0.08,1.51
2013-09-05,600511,12.37,12.32,12.56,12.02,17387,31390861.0,4.37,-0.4,-0.05,0.63
2013-09-06,600511,12.27,11.78,12.32,11.48,42109,74144553.0,6.82,-4.38,-0.54,1.52
2013-09-09,600511,11.87,12.41,12.5,11.87,58920,105909115.0,5.35,5.35,0.63,2.12
2013-09-10,600511,12.37,12.34,12.41,11.88,25713,46216418.0,4.27,-0.56,-0.07,0.93
2013-09-11,600511,12.29,12.11,12.29,11.87,16163,28953929.0,3.4,-1.86,-0.23,0.58
2013-09-12,600511,12.11,11.85,12.11,11.61,32129,56530210.0,4.13,-2.15,-0.26,1.16
2013-09-13,600511,11.74,11.98,12.12,11.68,22726,40520936.0,3.71,1.1,0.13,0.82
2013-09-16,600511,11.98,12.07,12.12,11.78,10536,18795904.0,2.84,0.75,0.09,0.38
2013-09-17,600511,12.05,11.69,12.09,11.68,14713,25972858.0,3.4,-3.15,-0.38,0.53
2013-09-18,600511,11.67,11.92,12.12,11.24,26406,46073832.0,7.53,1.97,0.23,0.95
2013-09-23,600511,11.75,12.09,12.17,11.65,29509,52434301.0,4.36,1.43,0.17,1.06
2013-09-24,600511,12.11,12.13,12.37,12.06,17134,30899287.0,2.56,0.33,0.04,0.62
2013-09-25,600511,12.13,12.22,12.4,11.97,28971,52242069.0,3.54,0.74,0.09,1.04
2013-09-26,600511,12.21,12.44,12.57,11.91,42312,76753549.0,5.4,1.8,0.22,1.52
2013-09-27,600511,12.44,12.62,12.84,12.44,33307,61619160.0,3.22,1.45,0.18,1.2
2013-09-30,600511,12.63,12.91,13.07,12.56,30903,57863062.0,4.04,2.3,0.29,1.11
2013-10-08,600511,12.93,12.82,13.15,12.61,20844,38736795.0,4.18,-0.7,-0.09,0.75
2013-10-09,600511,12.82,12.72,13.02,12.33,25009,46161649.0,5.38,-0.78,-0.1,0.9
2013-10-10,600511,12.95,13.31,13.67,12.95,37940,72451402.0,5.66,4.64,0.59,1.37
2013-10-11,600511,13.15,13.06,13.31,12.93,27587,52083583.0,2.85,-1.88,-0.25,0.99
2013-10-14,600511,13.05,12.82,13.18,12.72,25698,47921715.0,3.52,-1.84,-0.24,0.93
2013-10-15,600511,12.77,12.74,13.07,12.57,27216,50553540.0,3.9,-0.62,-0.08,0.98
2013-10-16,600511,12.74,12.34,12.81,12.17,25882,47237618.0,5.02,-3.14,-0.4,0.93
2013-10-17,600511,12.4,11.55,12.4,11.52,60186,106659779.0,7.13,-6.4,-0.79,2.17
2013-10-18,600511,11.55,10.96,11.55,10.65,102684,171481187.0,7.79,-5.11,-0.59,3.7
2013-10-21,600511,10.97,11.5,11.69,10.87,73175,125739631.0,7.48,4.93,0.54,2.64
2013-10-22,600511,11.45,10.86,11.48,10.81,49278,83132128.0,5.83,-5.57,-0.64,1.77
2013-10-23,600511,11.02,12.03,12.26,11.02,115881,203899776.0,11.42,10.77,1.17,4.17
2013-10-24,600511,11.85,12.05,12.27,11.55,34881,62168449.0,5.99,0.17,0.02,1.26
2013-10-25,600511,11.87,11.62,12.02,11.57,21625,38093494.0,3.73,-3.57,-0.43,0.78
2013-10-28,600511,11.74,11.33,11.82,11.07,20962,35831272.0,6.45,-2.5,-0.29,0.76
2013-10-29,600511,11.65,11.6,12.18,11.16,76441,134226123.0,9.0,2.38,0.27,2.75
2013-10-30,600511,11.6,11.42,11.68,11.05,28120,48389671.0,5.43,-1.55,-0.18,1.01
2013-10-31,600511,11.52,11.25,11.55,11.12,37238,63960180.0,3.77,-1.49,-0.17,1.34
2013-11-01,600511,11.17,11.04,11.33,10.67,25690,42850100.0,5.87,-1.87,-0.21,0.93
2013-11-04,600511,11.04,10.34,11.05,10.33,46069,75555961.0,6.52,-6.34,-0.7,1.66
2013-11-05,600511,10.35,10.31,10.39,10.08,39259,63074469.0,3.0,-0.29,-0.03,1.41
2013-11-06,600511,10.29,10.26,10.43,10.2,30505,49276412.0,2.23,-0.48,-0.05,1.1
2013-11-07,600511,10.27,10.12,10.35,10.03,33850,54115078.0,3.12,-1.36,-0.14,1.22
2013-11-08,600511,10.06,10.25,10.49,10.0,31217,50201037.0,4.84,1.28,0.13,1.12
2013-11-11,600511,10.25,10.85,10.91,10.21,38530,63396238.0,6.83,5.85,0.6,1.39
2013-11-12,600511,10.81,10.83,11.03,10.72,19306,32257505.0,2.86,-0.18,-0.02,0.7
2013-11-13,600511,10.85,10.86,10.94,10.65,15144,25204050.0,2.68,0.28,0.03,0.55
2013-11-14,600511,10.88,11.25,11.32,10.74,19592,33212605.0,5.34,3.59,0.39,0.71
2013-11-15,600511,11.23,11.59,11.75,11.17,34707,60455522.0,5.16,3.02,0.34,1.25
2013-11-18,600511,11.62,11.39,11.71,11.35,41529,71932354.0,3.11,-1.73,-0.2,1.5
2013-11-19,600511,11.43,10.97,11.47,10.86,42369,71689121.0,5.36,-3.69,-0.42,1.53
2013-11-20,600511,11.06,11.22,11.22,10.98,16314,27626006.0,2.19,2.28,0.25,0.59
2013-11-21,600511,11.22,11.52,11.55,10.85,25832,43954724.0,6.24,2.67,0.3,0.93
2013-11-22,600511,11.43,11.15,11.62,10.98,25803,43977892.0,5.56,-3.21,-0.37,0.93
2013-11-25,600511,11.07,11.31,11.42,10.88,26460,45093872.0,4.84,1.43,0.16,0.95
2013-11-26,600511,11.17,11.14,11.44,10.98,12242,20720566.0,4.07,-1.5,-0.17,0.44
2013-11-27,600511,11.08,11.28,11.47,10.97,20162,34460969.0,4.49,1.26,0.14,0.73
2013-11-28,600511,11.36,11.42,11.55,11.22,35190,60670685.0,2.93,1.24,0.14,1.27
2013-11-29,600511,11.46,11.23,11.46,11.07,52321,88985132.0,3.42,-1.66,-0.19,1.88
2013-12-02,600511,11.04,10.87,11.06,10.31,50226,83331011.0,6.68,-3.21,-0.36,1.81
2013-12-03,600511,10.84,11.12,11.15,10.69,30103,50753902.0,4.23,2.3,0.25,1.08
2013-12-04,600511,10.98,11.43,11.63,10.98,27859,48094764.0,5.85,2.79,0.31,1.0
2013-12-05,600511,11.46,11.47,11.57,11.36,13715,23719768.0,1.84,0.35,0.04,0.49
2013-12-06,600511,11.48,11.59,11.62,11.41,16023,27818141.0,1.83,1.05,0.12,0.58
2013-12-09,600511,11.57,11.37,11.66,11.12,31522,54252001.0,4.66,-1.9,-0.22,1.14
2013-12-10,600511,11.37,11.15,11.47,11.03,26733,45554640.0,3.87,-1.93,-0.22,0.96
2013-12-11,600511,11.07,10.77,11.08,10.75,21834,36432983.0,2.96,-3.41,-0.38,0.79
2013-12-12,600511,10.75,10.98,11.03,10.68,29044,48570531.0,3.25,1.95,0.21,1.05
2013-12-13,600511,10.87,11.05,11.12,10.8,27648,46359455.0,2.91,0.64,0.07,1.0
2013-12-16,600511,11.05,11.12,11.35,10.98,27810,47365235.0,3.35,0.63,0.07,1.0
2013-12-17,600511,11.12,11.3,11.32,11.07,22600,38626362.0,2.25,1.62,0.18,0.81
2013-12-18,600511,11.32,11.3,11.47,11.21,14694,25203859.0,2.3,0.0,0.0,0.53
2013-12-19,600511,11.3,11.15,11.49,10.99,22358,38208755.0,4.42,-1.33,-0.15,0.81
2013-12-20,600511,10.99,11.08,11.15,10.94,16295,27465821.0,1.88,-0.63,-0.07,0.59
2013-12-23,600511,11.07,11.67,11.72,10.75,49293,85036963.0,8.75,5.32,0.59,1.78
2013-12-24,600511,11.67,11.21,11.71,11.11,38660,66627270.0,5.14,-3.94,-0.46,1.39
2013-12-25,600511,11.19,11.26,11.5,11.11,59052,100922011.0,3.48,0.45,0.05,2.13
2013-12-26,600511,11.25,11.43,11.67,11.25,51305,88839010.0,3.73,1.51,0.17,1.85
2013-12-27,600511,11.36,11.89,11.89,11.32,54004,94987858.0,4.99,4.02,0.46,1.95
2013-12-30,600511,11.9,11.98,12.25,11.85,33516,59915041.0,3.36,0.76,0.09,1.21
2013-12-31,600511,13.17,13.04,13.67,12.56,187142,352276176.0,9.27,8.85,1.06,6.74
2014-01-02,600511,13.17,13.21,13.32,12.79,78805,148867874.0,4.06,1.3,0.17,2.84
2014-01-03,600511,13.12,13.03,13.27,12.83,43114,81518412.0,3.33,-1.36,-0.18,1.55
2014-01-06,600511,12.97,12.76,13.05,12.44,33479,62024075.0,4.68,-2.07,-0.27,1.21
2014-01-07,600511,12.65,12.78,12.99,12.32,72844,135533314.0,5.25,0.16,0.02,2.62
2014-01-08,600511,12.79,13.51,13.8,12.79,72030,138209574.0,7.9,5.71,0.73,2.59
2014-01-09,600511,13.55,13.29,14.02,13.28,48286,94234432.0,5.48,-1.63,-0.22,1.74
2014-01-10,600511,13.29,13.11,13.42,12.57,22891,42827988.0,6.4,-1.35,-0.18,0.82
2014-01-13,600511,12.88,12.65,13.1,12.26,37706,69429201.0,6.41,-3.51,-0.46,1.36
2014-01-14,600511,12.45,12.7,12.93,12.45,27235,50655454.0,3.79,0.4,0.05,0.98
2014-01-15,600511,12.81,12.8,12.93,12.25,32629,59844714.0,5.35,0.79,0.1,1.18
2014-01-16,600511,12.95,12.97,13.41,12.72,38746,73082292.0,5.39,1.33,0.17,1.4
2014-01-17,600511,12.93,12.76,13.21,12.72,12429,23359800.0,3.78,-1.62,-0.21,0.45
2014-01-20,600511,12.68,12.34,12.97,12.07,21624,39317773.0,7.05,-3.29,-0.42,0.78
2014-01-21,600511,12.34,11.97,12.55,11.92,26076,46883693.0,5.11,-3.0,-0.37,0.94
2014-01-22,600511,11.97,12.45,12.46,11.77,19099,34520582.0,5.76,4.01,0.48,0.69
2014-01-23,600511,12.45,12.51,12.65,12.37,32799,60158228.0,2.25,0.48,0.06,1.18
2014-01-24,600511,12.67,13.94,14.11,12.44,83981,161387662.0,13.35,11.43,1.43,3.02
2014-01-27,600511,13.92,14.15,14.27,13.79,42381,84241343.0,3.44,1.51,0.21,1.53
2014-01-28,600511,14.08,14.09,14.52,13.73,31247,61874840.0,5.58,-0.42,-0.06,1.13
2014-01-29,600511,14.15,14.16,14.2,13.74,42403,83733055.0,3.26,0.5,0.07,1.53
2014-01-30,600511,14.3,14.85,14.95,14.11,39658,80845650.0,5.93,4.87,0.69,1.43
2014-02-07,600511,14.77,16.15,16.42,14.49,49673,106581908.0,13.0,8.75,1.3,1.79
2014-02-10,600511,16.17,16.13,17.04,16.0,72889,160731226.0,6.44,-0.12,-0.02,2.63
2014-02-11,600511,16.15,15.88,16.77,15.62,58203,129236253.0,7.13,-1.55,-0.25,2.1
2014-02-12,600511,15.9,17.52,17.67,15.65,56711,127760027.0,12.72,10.33,1.64,2.04
2014-02-13,600511,17.47,17.52,17.77,16.97,35200,81683235.0,4.57,0.0,0.0,1.27
2014-02-14,600511,17.37,18.68,18.97,17.19,58043,141128549.0,10.16,6.62,1.16,2.09
2014-02-17,600511,18.72,18.22,18.72,18.07,46367,111837311.0,3.48,-2.46,-0.46,1.67
2014-02-18,600511,18.25,18.12,19.37,17.91,43068,105907382.0,8.01,-0.55,-0.1,1.55
2014-02-19,600511,17.96,17.52,18.25,17.18,35669,83825698.0,5.91,-3.31,-0.6,1.28
2014-02-20,600511,17.52,17.36,17.85,16.8,32913,76113777.0,5.99,-0.91,-0.16,1.19
2014-02-21,600511,17.36,16.92,17.61,16.45,40313,91138730.0,6.68,-2.53,-0.44,1.45
2014-02-24,600511,16.77,17.5,17.71,16.67,29821,68602022.0,6.15,3.43,0.58,1.07
2014-02-25,600511,17.5,16.12,17.5,15.79,64697,144530467.0,9.77,-7.89,-1.38,2.33
2014-02-26,600511,16.05,16.43,16.74,15.28,29994,66158358.0,9.06,1.92,0.31,1.08
2014-02-27,600511,16.45,16.1,16.72,15.52,24690,54423726.0,7.3,-2.01,-0.33,0.89
2014-02-28,600511,16.2,16.05,16.2,15.24,33684,71969367.0,5.96,-0.31,-0.05,1.21
2014-03-03,600511,15.67,16.81,16.97,15.52,41171,90693338.0,9.03,4.74,0.76,1.48
2014-03-04,600511,16.82,16.03,16.82,15.87,26863,59105106.0,5.65,-4.64,-0.78,0.97
2014-03-05,600511,16.03,15.47,16.07,15.37,20814,44733922.0,4.37,-3.49,-0.56,0.75
2014-03-06,600511,15.46,15.56,15.75,15.18,15322,32746104.0,3.68,0.58,0.09,0.55
2014-03-07,600511,15.52,15.73,15.73,15.35,19924,42677633.0,2.44,1.09,0.17,0.72
2014-03-10,600511,15.7,15.28,15.7,14.86,17251,36095176.0,5.34,-2.86,-0.45,0.62
2014-03-11,600511,15.1,14.46,15.42,14.39,39016,80056077.0,6.74,-5.37,-0.82,1.41
2014-03-12,600511,14.55,14.58,14.96,14.15,38113,77141916.0,5.6,0.83,0.12,1.37
2014-03-13,600511,14.47,14.74,15.02,14.37,13575,27954209.0,4.46,1.1,0.16,0.49
2014-03-14,600511,14.79,14.87,15.15,14.56,16348,33826983.0,4.0,0.88,0.13,0.59
2014-03-17,600511,14.87,15.89,16.13,14.87,29105,62895217.0,8.47,6.86,1.02,1.05
2014-03-18,600511,15.89,15.92,16.22,15.7,14443,31389569.0,3.27,0.19,0.03,0.52
2014-03-19,600511,15.9,15.65,15.9,14.53,57726,119747224.0,8.61,-1.7,-0.27,2.08
2014-03-20,600511,15.32,15.31,15.81,14.87,30876,65776949.0,6.01,-2.17,-0.34,1.11
2014-03-21,600511,15.31,15.69,15.75,14.75,31181,65605485.0,6.53,2.48,0.38,1.12
2014-03-24,600511,15.58,16.0,16.12,15.58,23446,51138008.0,3.44,1.98,0.31,0.84
2014-03-25,600511,16.0,15.59,16.12,15.35,12328,26539704.0,4.81,-2.56,-0.41,0.44
2014-03-26,600511,15.65,15.65,15.9,15.37,12467,26837472.0,3.4,0.38,0.06,0.45
2014-03-27,600511,15.52,15.1,15.88,15.06,16672,35675515.0,5.24,-3.51,-0.55,0.6
2014-03-28,600511,15.1,15.12,15.35,14.55,18282,37790906.0,5.3,0.13,0.02,0.66
2014-03-31,600511,15.06,14.56,15.06,14.3,15127,30832601.0,5.03,-3.7,-0.56,0.54
2014-04-01,600511,14.35,14.81,14.89,14.35,10092,20714778.0,3.71,1.72,0.25,0.36
2014-04-02,600511,14.83,14.6,14.83,14.43,6557,13410507.0,2.7,-1.42,-0.21,0.24
2014-04-03,600511,14.72,14.93,15.03,14.55,10924,22579662.0,3.29,2.26,0.33,0.39
2014-04-04,600511,14.68,14.75,14.93,14.37,21870,44604067.0,3.75,-1.21,-0.18,0.79
2014-04-08,600511,14.62,14.88,14.92,14.44,32154,65742715.0,3.25,0.88,0.13,1.16
2014-04-09,600511,14.72,15.32,15.39,14.72,20942,43832564.0,4.5,2.96,0.44,0.75
2014-04-10,600511,15.32,15.55,15.85,15.22,17043,36421761.0,4.11,1.5,0.23,0.61
2014-04-11,600511,15.48,15.84,15.92,15.38,15704,33779765.0,3.47,1.86,0.29,0.57
2014-04-14,600511,15.89,15.98,16.09,15.52,18238,39394584.0,3.6,0.88,0.14,0.66
2014-04-15,600511,15.99,15.61,15.99,15.49,10325,22176554.0,3.13,-2.32,-0.37,0.37
2014-04-16,600511,15.61,15.52,15.69,15.29,6211,13206487.0,2.56,-0.58,-0.09,0.22
2014-04-17,600511,15.61,15.05,15.67,14.96,13712,28901308.0,4.57,-3.03,-0.47,0.49
2014-04-18,600511,15.09,15.1,15.16,14.35,16959,35131901.0,5.38,0.33,0.05,0.61
2014-04-21,600511,15.05,14.83,15.1,14.82,7859,16344327.0,1.85,-1.79,-0.27,0.28
2014-04-22,600511,14.67,14.62,14.96,14.34,11159,22798208.0,4.18,-1.42,-0.21,0.4
2014-04-23,600511,14.58,14.41,14.71,14.27,13373,27094116.0,3.01,-1.44,-0.21,0.48
2014-04-24,600511,14.45,14.29,14.5,14.1,18360,36905290.0,2.78,-0.83,-0.12,0.66
2014-04-25,600511,14.39,13.86,14.4,13.17,33293,64892422.0,8.61,-3.01,-0.43,1.2
2014-04-28,600511,13.85,13.88,14.31,13.3,42738,84542960.0,7.29,0.14,0.02,1.54
2014-04-29,600511,13.82,13.88,14.06,13.58,12176,23916862.0,3.46,0.0,0.0,0.44
2014-04-30,600511,13.57,14.43,14.51,13.57,20365,40865063.0,6.77,3.96,0.55,0.73
2014-05-05,600511,14.37,14.37,14.57,14.1,11961,24088527.0,3.26,-0.42,-0.06,0.43
2014-05-06,600511,14.42,14.36,14.67,14.22,18354,37243544.0,3.13,-0.07,-0.01,0.66
2014-05-07,600511,14.27,14.24,14.47,14.12,8560,17210671.0,2.44,-0.84,-0.12,0.31
2014-05-08,600511,13.97,14.23,14.27,13.97,10551,21092851.0,2.11,-0.07,-0.01,0.38
2014-05-09,600511,14.37,14.17,14.37,13.68,12381,24613318.0,4.85,-0.42,-0.06,0.45
2014-05-12,600511,14.32,14.5,14.59,14.02,15442,31248454.0,4.02,2.33,0.33,0.56
2014-05-13,600511,14.53,14.91,15.04,14.51,19679,40708153.0,3.66,2.83,0.41,0.71
2014-05-14,600511,15.01,14.78,15.02,14.69,10195,21090818.0,2.21,-0.87,-0.13,0.37
2014-05-15,600511,14.75,14.35,14.75,14.02,12930,26041919.0,4.94,-2.91,-0.43,0.47
2014-05-16,600511,14.34,14.2,14.34,13.77,19262,38269363.0,3.97,-1.05,-0.15,0.69
2014-05-19,600511,13.97,14.17,14.37,13.97,8169,16319228.0,2.82,-0.21,-0.03,0.29
2014-05-20,600511,14.37,14.02,14.37,13.87,10617,21098000.0,3.53,-1.06,-0.15,0.38
2014-05-21,600511,13.88,14.12,14.25,13.67,9634,19154766.0,4.14,0.71,0.1,0.35
2014-05-22,600511,14.17,14.07,14.45,13.97,15023,30218193.0,3.4,-0.35,-0.05,0.54
2014-05-23,600511,14.15,14.13,14.17,13.77,15763,31178212.0,2.84,0.43,0.06,0.57
2014-05-26,600511,14.21,14.46,14.62,14.07,44778,90744793.0,3.89,2.34,0.33,1.61
2014-05-27,600511,14.52,14.2,14.57,14.1,29694,59720916.0,3.25,-1.8,-0.26,1.07
2014-05-28,600511,14.27,14.29,14.53,14.03,31758,63731422.0,3.52,0.63,0.09,1.14
2014-05-29,600511,14.19,14.31,14.6,14.16,50255,101650480.0,3.08,0.14,0.02,1.81
2014-05-30,600511,14.37,14.17,14.37,13.97,19392,38692194.0,2.8,-0.98,-0.14,0.7
2014-06-03,600511,14.37,13.96,14.37,13.87,18878,37521637.0,3.53,-1.48,-0.21,0.68
2014-06-04,600511,13.86,13.93,13.99,13.45,22395,43563118.0,3.87,-0.21,-0.03,0.81
2014-06-05,600511,13.83,14.12,14.35,13.68,28954,57770871.0,4.81,1.36,0.19,1.04
2014-06-06,600511,14.2,14.39,14.51,14.1,27584,55580851.0,2.9,1.91,0.27,0.99
2014-06-09,600511,14.52,14.14,14.52,13.97,23247,46380966.0,3.82,-1.74,-0.25,0.84
2014-06-10,600511,14.1,14.12,14.15,13.77,25627,50787204.0,2.69,-0.14,-0.02,0.92
2014-06-11,600511,14.16,14.08,14.16,13.98,9607,19107708.0,1.27,-0.28,-0.04,0.35
2014-06-12,600511,14.16,14.36,14.4,14.04,20751,41670725.0,2.56,1.99,0.28,0.75
2014-06-13,600511,14.39,15.84,16.32,14.25,52504,111123045.0,14.42,10.31,1.48,1.89
2014-06-16,600511,15.72,16.3,16.49,15.58,39215,86297533.0,5.74,2.9,0.46,1.41
2014-06-17,600511,16.12,15.97,16.17,15.8,11423,24895410.0,2.27,-2.02,-0.33,0.41
2014-06-18,600511,16.16,15.51,16.32,15.43,11784,25387177.0,5.57,-2.88,-0.46,0.42
2014-06-19,600511,15.81,15.16,15.81,14.73,26789,55363813.0,6.96,-2.26,-0.35,0.96
2014-06-20,600511,14.96,15.7,15.72,14.83,17066,35650616.0,5.87,3.56,0.54,0.61
2014-06-23,600511,15.46,16.17,16.33,15.46,21905,47527979.0,5.54,2.99,0.47,0.79
2014-06-24,600511,16.18,16.94,17.63,16.18,42214,95233334.0,8.97,4.76,0.77,1.52
2014-06-25,600511,17.05,16.54,17.05,16.33,17495,38813760.0,4.25,-2.36,-0.4,0.63
2014-06-26,600511,16.73,17.01,17.43,16.55,18647,42426310.0,5.32,2.84,0.47,0.67
2014-06-27,600511,16.99,17.05,17.38,16.76,9800,22227455.0,3.64,0.24,0.04,0.35
2014-06-30,600511,16.93,17.13,17.27,16.56,13601,30677012.0,4.16,0.47,0.08,0.49
2014-07-01,600511,17.05,16.99,17.12,16.74,6829,15375571.0,2.22,-0.82,-0.14,0.25
2014-07-02,600511,16.93,16.9,17.07,16.65,18465,41335169.0,2.47,-0.53,-0.09,0.67
2014-07-03,600511,16.93,16.94,17.02,16.63,20530,46010959.0,2.31,0.24,0.04,0.74
2014-07-04,600511,17.04,17.23,17.41,16.76,17272,39348077.0,3.84,1.71,0.29,0.62
2014-07-07,600511,17.17,16.79,17.22,16.35,29106,64727360.0,5.05,-2.55,-0.44,1.05
2014-07-08,600511,16.88,16.73,16.88,16.4,8250,18283282.0,2.86,-0.36,-0.06,0.3
2014-07-09,600511,16.75,16.29,16.75,16.23,12213,26838010.0,3.11,-2.63,-0.44,0.44
2014-07-10,600511,16.38,16.28,16.45,16.16,7006,15321827.0,1.78,-0.06,-0.01,0.25
2014-07-11,600511,16.38,16.34,16.63,16.03,12297,26779191.0,3.69,0.37,0.06,0.44
2014-07-14,600511,16.37,17.7,17.73,16.33,54520,123527309.0,8.57,8.32,1.36,1.96
2014-07-15,600511,17.63,18.08,18.28,17.12,71558,166729690.0,6.55,2.15,0.38,2.58
2014-07-16,600511,18.38,17.42,19.42,17.18,100907,240624544.0,12.39,-3.65,-0.66,3.63
2014-07-17,600511,17.52,17.29,18.39,16.94,54076,125377502.0,8.32,-0.75,-0.13,1.95
2014-07-18,600511,16.96,17.63,17.96,16.43,44210,102239319.0,8.85,1.97,0.34,1.59
2014-07-21,600511,17.62,17.21,17.62,17.03,18023,41058628.0,3.35,-2.38,-0.42,0.65
2014-07-22,600511,17.21,17.35,17.79,16.88,25583,58947793.0,5.29,0.81,0.14,0.92
2014-07-23,600511,17.38,17.09,17.42,16.71,26148,59056273.0,4.09,-1.5,-0.26,0.94
2014-07-24,600511,17.09,16.73,17.31,16.45,31343,69613107.0,5.03,-2.11,-0.36,1.13
2014-07-25,600511,16.73,16.8,16.83,16.45,23070,51345362.0,2.27,0.42,0.07,0.83
2014-07-28,600511,16.78,16.93,17.54,16.69,29187,65715202.0,5.06,0.77,0.13,1.05
2014-07-29,600511,17.01,17.36,17.61,16.93,36400,83303836.0,4.02,2.54,0.43,1.31
2014-07-30,600511,17.23,17.91,17.94,16.99,49809,115375735.0,5.47,3.17,0.55,1.79
2014-07-31,600511,17.93,17.88,17.93,17.5,22680,52694290.0,2.4,-0.17,-0.03,0.82
2014-08-01,600511,17.82,17.7,18.42,17.44,42593,99928558.0,5.48,-1.01,-0.18,1.53
2014-08-04,600511,17.87,18.61,18.94,17.55,60764,145430187.0,7.85,5.14,0.91,2.19
2014-08-05,600511,18.56,18.67,18.73,18.15,28596,68681180.0,3.12,0.32,0.06,1.03
2014-08-06,600511,18.58,18.58,18.68,18.33,24745,59634968.0,1.87,-0.48,-0.09,0.89
2014-08-07,600511,18.61,18.1,18.66,18.03,28611,68567255.0,3.39,-2.58,-0.48,1.03
2014-08-08,600511,18.08,18.93,18.96,18.02,36483,88121674.0,5.19,4.59,0.83,1.31
2014-08-11,600511,18.94,18.83,19.63,18.71,44034,108549741.0,4.86,-0.53,-0.1,1.59
2014-08-12,600511,18.82,18.43,18.84,18.39,26278,63468060.0,2.39,-2.12,-0.4,0.95
2014-08-13,600511,18.38,18.93,19.03,18.33,43780,106241040.0,3.8,2.71,0.5,1.58
2014-08-14,600511,18.83,18.5,18.89,18.33,23379,56572135.0,2.96,-2.27,-0.43,0.84
2014-08-15,600511,18.6,18.83,19.02,18.34,24080,58677169.0,3.68,1.78,0.33,0.87
2014-08-18,600511,18.81,19.43,19.63,18.64,29685,73727414.0,5.26,3.19,0.6,1.07
2014-08-19,600511,19.43,19.34,19.53,19.13,12879,31935427.0,2.06,-0.46,-0.09,0.46
2014-08-20,600511,19.34,19.29,19.4,19.13,14631,36360342.0,1.4,-0.26,-0.05,0.53
2014-08-21,600511,19.4,19.32,19.43,18.75,10812,26651515.0,3.53,0.16,0.03,0.39
2014-08-22,600511,19.43,19.87,19.93,19.43,24713,62563649.0,2.59,2.85,0.55,0.89
2014-08-25,600511,19.87,20.48,20.83,19.66,44520,115827664.0,5.89,3.07,0.61,1.6
2014-08-26,600511,20.43,19.93,20.61,19.73,25371,65265079.0,4.3,-2.69,-0.55,0.91
2014-08-27,600511,19.96,19.88,20.31,19.68,12032,30668453.0,3.16,-0.25,-0.05,0.43
2014-08-28,600511,19.88,19.32,20.14,19.14,17620,44051681.0,5.03,-2.82,-0.56,0.63
2014-08-29,600511,19.16,19.35,19.55,19.13,17675,44103055.0,2.17,0.16,0.03,0.64
2014-09-01,600511,19.51,20.02,20.11,19.25,19229,48623328.0,4.44,3.46,0.67,0.69
2014-09-02,600511,20.01,20.03,20.07,19.58,27974,71059532.0,2.45,0.05,0.01,1.01
2014-09-03,600511,20.03,19.69,20.03,19.38,28683,72331632.0,3.25,-1.7,-0.34,1.03
2014-09-04,600511,19.72,19.58,19.84,19.3,47973,120075611.0,2.74,-0.56,-0.11,1.73
2014-09-05,600511,19.68,20.04,20.28,19.33,35495,89511336.0,4.85,2.35,0.46,1.28
2014-09-09,600511,20.04,20.87,21.1,19.71,43896,115190539.0,6.94,4.14,0.83,1.58
2014-09-10,600511,20.85,21.44,21.94,20.76,57441,155306171.0,5.65,2.73,0.57,2.07
2014-09-11,600511,21.41,21.26,21.58,20.81,30938,82952740.0,3.59,-0.84,-0.18,1.11
2014-09-12,600511,21.29,21.26,21.29,21.02,14530,38788353.0,1.27,0.0,0.0,0.52
2014-09-15,600511,21.23,21.85,21.88,21.03,41796,113642015.0,4.0,2.78,0.59,1.51
2014-09-16,600511,21.86,20.86,21.89,20.47,37650,100084335.0,6.5,-4.53,-0.99,1.36
2014-09-17,600511,20.87,20.83,21.13,20.01,48452,125800378.0,5.37,-0.14,-0.03,1.75
2014-09-18,600511,20.89,21.39,21.78,20.51,42491,114079447.0,6.1,2.69,0.56,1.53
2014-09-19,600511,21.39,22.03,22.09,21.25,45259,123532027.0,3.93,2.99,0.64,1.63
2014-09-22,600511,22.12,21.66,22.12,21.23,25174,68335829.0,4.04,-1.68,-0.37,0.91
2014-09-23,600511,21.71,21.57,21.71,20.93,31845,85531701.0,3.6,-0.42,-0.09,1.15
2014-09-24,600511,21.43,21.78,22.08,21.24,32512,89125258.0,3.89,0.97,0.21,1.17
2014-09-25,600511,21.75,21.28,21.85,21.11,24269,65569907.0,3.4,-2.3,-0.5,0.87
2014-09-26,600511,21.28,21.37,21.4,20.85,22304,59345385.0,2.58,0.42,0.09,0.8
2014-09-29,600511,21.37,21.37,21.59,21.03,24429,65554322.0,2.62,0.0,0.0,0.88
2014-09-30,600511,21.37,21.38,21.43,21.06,30046,80497736.0,1.73,0.05,0.01,1.08
2014-10-08,600511,21.34,22.42,22.53,21.31,60762,167535772.0,5.71,4.86,1.04,2.19
2014-10-09,600511,22.33,22.34,22.43,21.93,31572,87678551.0,2.23,-0.36,-0.08,1.14
2014-10-10,600511,22.21,22.26,22.55,22.04,29936,83632061.0,2.28,-0.36,-0.08,1.08
2014-10-13,600511,22.28,22.03,22.28,21.14,35719,97076602.0,5.12,-1.03,-0.23,1.29
2014-10-14,600511,22.03,20.96,22.03,20.93,49015,131771789.0,4.99,-4.86,-1.07,1.77
2014-10-15,600511,21.03,20.9,21.16,20.28,37301,97862700.0,4.2,-0.29,-0.06,1.34
2014-10-16,600511,20.63,20.66,21.78,20.33,49644,133465919.0,6.94,-1.15,-0.24,1.79
2014-10-17,600511,20.43,20.77,20.91,19.88,25616,66453353.0,4.99,0.53,0.11,0.92
2014-10-20,600511,20.76,20.69,20.81,20.43,19116,50088020.0,1.83,-0.39,-0.08,0.69
2014-10-21,600511,20.87,20.44,20.87,20.11,27473,71135913.0,3.67,-1.21,-0.25,0.99
2014-10-22,600511,20.43,20.21,20.48,19.93,39061,100320066.0,2.69,-1.13,-0.23,1.41
2014-10-23,600511,20.12,19.71,20.29,19.5,24219,61310048.0,3.91,-2.47,-0.5,0.87
2014-10-24,600511,19.76,20.09,20.37,19.73,30341,77985270.0,3.25,1.93,0.38,1.09
2014-10-27,600511,20.09,20.93,20.95,20.09,21321,55596474.0,4.28,4.18,0.84,0.77
2014-10-28,600511,20.88,21.0,21.18,20.72,21589,57305137.0,2.2,0.33,0.07,0.78
2014-10-29,600511,20.98,20.91,21.28,20.81,16105,42799439.0,2.24,-0.43,-0.09,0.58
2014-10-30,600511,20.99,21.61,21.75,20.84,33839,91578474.0,4.35,3.35,0.7,1.22
2014-10-31,600511,21.58,21.39,21.73,20.76,32340,86833771.0,4.49,-1.02,-0.22,1.16
2014-11-03,600511,21.46,20.85,21.46,20.74,22158,58709559.0,3.37,-2.52,-0.54,0.8
2014-11-04,600511,20.95,20.84,21.02,20.54,20719,54505868.0,2.3,-0.05,-0.01,0.75
2014-11-05,600511,20.87,20.82,21.13,20.34,26899,70586923.0,3.79,-0.1,-0.02,0.97
2014-11-06,600511,20.83,21.93,22.08,20.54,59388,161330841.0,7.4,5.33,1.11,2.14
2014-11-07,600511,22.15,22.39,23.58,21.43,86883,245717058.0,9.8,2.1,0.46,3.13
2014-11-10,600511,22.28,22.92,23.44,22.08,39602,113059281.0,6.07,2.37,0.53,1.43
2014-11-11,600511,22.87,22.09,22.93,21.46,27556,76314408.0,6.41,-3.62,-0.83,0.99
2014-11-12,600511,21.66,22.26,22.46,21.63,14927,41286253.0,3.76,0.77,0.17,0.54
2014-11-13,600511,21.98,21.53,22.1,21.01,22014,59263671.0,4.9,-3.28,-0.73,0.79
2014-11-14,600511,21.43,21.3,21.88,21.14,10311,27868777.0,3.44,-1.07,-0.23,0.37
2014-11-17,600511,21.83,21.73,22.27,21.44,14223,38978004.0,3.9,2.02,0.43,0.51
2014-11-18,600511,21.68,21.85,21.91,21.0,18665,50300289.0,4.19,0.55,0.12,0.67
2014-11-19,600511,21.48,21.63,22.0,21.48,13229,36090844.0,2.38,-1.01,-0.22,0.48
2014-11-20,600511,21.51,21.31,21.83,21.24,21945,59408417.0,2.73,-1.48,-0.32,0.79
2014-11-21,600511,21.31,21.31,21.52,21.14,20413,54764666.0,1.78,0.0,0.0,0.74
2014-11-24,600511,21.31,20.93,21.53,20.83,50598,134932387.0,3.28,-1.78,-0.38,1.82
2014-11-25,600511,20.92,21.48,21.54,20.89,49914,133918418.0,3.11,2.63,0.55,1.8
2014-11-26,600511,21.43,22.0,22.31,21.42,33281,91456670.0,4.14,2.42,0.52,1.2
2014-11-27,600511,22.08,21.96,22.23,21.51,26347,71995535.0,3.27,-0.18,-0.04,0.95
2014-11-28,600511,21.92,23.24,23.34,21.71,82692,234781044.0,7.42,5.83,1.28,2.98
2014-12-01,600511,22.93,23.43,23.57,22.31,53586,152769537.0,5.42,0.82,0.19,1.93
2014-12-02,600511,23.23,24.18,24.43,23.03,50738,150498424.0,5.98,3.2,0.75,1.83
2014-12-03,600511,23.93,24.16,24.41,23.43,33113,97713012.0,4.05,-0.08,-0.02,1.19
2014-12-04,600511,24.03,24.14,24.61,23.33,49170,145133288.0,5.3,-0.08,-0.02,1.77
2014-12-05,600511,24.33,25.65,26.61,23.93,82412,254080535.0,11.1,6.26,1.51,2.97
2014-12-08,600511,25.42,26.25,26.61,23.93,80602,247957404.0,10.45,2.34,0.6,2.9
2014-12-09,600511,25.48,23.93,27.42,23.07,60530,186542622.0,16.57,-8.84,-2.32,2.18
2014-12-10,600511,23.43,24.85,24.93,22.76,43877,130717086.0,9.07,3.84,0.92,1.58
2014-12-11,600511,24.86,24.74,25.43,24.21,38780,117634014.0,4.91,-0.44,-0.11,1.4
2014-12-12,600511,24.74,24.8,24.94,23.81,43435,129534665.0,4.57,0.24,0.06,1.56
2014-12-15,600511,24.67,27.34,27.84,24.44,60826,196609057.0,13.71,10.24,2.54,2.19
2014-12-16,600511,27.23,27.61,29.43,26.78,54952,183992598.0,9.69,0.99,0.27,1.98
2014-12-17,600511,27.36,26.24,27.36,25.43,50398,160366253.0,6.99,-4.96,-1.37,1.82
2014-12-18,600511,25.93,26.52,27.48,25.54,45707,147529304.0,7.39,1.07,0.28,1.65
2014-12-19,600511,26.23,26.21,26.63,25.03,34723,108536580.0,6.03,-1.17,-0.31,1.25
2014-12-22,600511,25.45,25.25,25.92,24.23,43885,133855601.0,6.45,-3.66,-0.96,1.58
2014-12-23,600511,25.28,24.21,25.89,23.99,21932,66607948.0,7.52,-4.12,-1.04,0.79
2014-12-24,600511,24.34,24.01,24.6,23.43,24657,72733757.0,4.83,-0.83,-0.2,0.89
2014-12-25,600511,24.02,25.31,26.33,24.02,35883,110824993.0,9.62,5.41,1.3,1.29
2014-12-26,600511,25.34,25.27,25.73,24.63,14917,46041322.0,4.35,-0.16,-0.04,0.54
2014-12-29,600511,25.72,25.53,25.72,24.32,32748,99703585.0,5.54,1.03,0.26,1.18
2014-12-30,600511,25.6,24.65,25.6,24.33,30736,93257975.0,4.97,-3.45,-0.88,1.11
2014-12-31,600511,24.45,25.42,25.53,24.27,42123,128359157.0,5.11,3.12,0.77,1.52
2015-01-05,600511,25.42,25.85,26.78,25.01,38922,121839223.0,6.96,1.69,0.43,1.4
2015-01-06,600511,25.79,26.63,26.92,24.65,63983,202571071.0,8.78,3.02,0.78,2.3
2015-01-07,600511,26.59,26.58,27.21,26.11,42691,137564559.0,4.13,-0.19,-0.05,1.54
2015-01-08,600511,26.58,27.4,28.37,26.44,47528,156803044.0,7.26,3.09,0.82,1.71
2015-01-09,600511,27.51,27.75,29.61,27.51,68605,233845070.0,7.66,1.28,0.35,2.47
2015-01-12,600511,27.03,28.33,29.23,26.97,48484,164503531.0,8.14,2.09,0.58,1.75
2015-01-13,600511,27.93,28.75,29.41,27.88,26248,90316083.0,5.4,1.48,0.42,0.95
2015-01-14,600511,28.57,27.02,28.59,26.98,41929,138189045.0,5.6,-6.02,-1.73,1.51
2015-01-15,600511,27.28,26.71,27.4,26.22,25986,83321950.0,4.37,-1.15,-0.31,0.94
2015-01-16,600511,26.5,26.16,26.98,25.63,66023,208823035.0,5.05,-2.06,-0.55,2.38
2015-01-19,600511,25.91,25.74,27.93,24.93,91680,292828928.0,11.47,-1.61,-0.42,3.3
2015-01-20,600511,26.42,26.02,26.88,25.42,84587,265832274.0,5.67,1.09,0.28,3.05
2015-01-21,600511,26.08,27.6,27.89,26.08,119970,394211312.0,6.96,6.07,1.58,4.32
2015-01-22,600511,28.03,28.63,29.23,27.82,81298,275644304.0,5.11,3.73,1.03,2.93
2015-01-23,600511,28.43,27.8,28.51,27.33,44951,149759613.0,4.12,-2.9,-0.83,1.62
2015-01-26,600511,27.84,28.0,28.31,27.53,42174,141307574.0,2.81,0.72,0.2,1.52
2015-01-27,600511,27.94,28.69,28.71,27.27,63710,214256431.0,5.14,2.46,0.69,2.29
2015-01-28,600511,28.73,28.03,29.41,27.63,42302,144255601.0,6.2,-2.3,-0.66,1.52
2015-01-29,600511,27.44,26.59,27.67,26.58,36025,117455000.0,3.89,-5.14,-1.44,1.3
2015-01-30,600511,26.63,26.43,26.87,25.81,30065,96169052.0,3.99,-0.6,-0.16,1.08
2015-02-02,600511,26.43,26.88,27.53,25.95,41862,136175854.0,5.98,1.7,0.45,1.51
2015-02-03,600511,26.76,27.48,27.63,26.71,29409,96695820.0,3.42,2.23,0.6,1.06
2015-02-04,600511,27.43,26.5,27.43,25.99,48444,155284033.0,5.24,-3.57,-0.98,1.74
2015-02-05,600511,26.61,25.62,26.71,25.38,55286,174106143.0,5.02,-3.32,-0.88,1.99
2015-02-06,600511,28.74,28.74,28.74,27.83,118435,405283360.0,3.55,12.18,3.12,4.27
2015-02-09,600511,28.81,27.31,28.93,26.11,108819,361389856.0,9.81,-4.98,-1.43,3.92
2015-02-10,600511,26.33,26.51,26.91,25.53,83300,263856340.0,5.05,-2.93,-0.8,3.0
2015-02-11,600511,26.51,26.43,26.83,26.04,47895,153141635.0,2.98,-0.3,-0.08,1.73
2015-02-12,600511,26.22,26.52,26.88,25.94,41404,132192963.0,3.56,0.34,0.09,1.49
2015-02-13,600511,26.73,26.61,27.08,26.51,60052,193689228.0,2.15,0.34,0.09,2.16
2015-02-16,600511,26.56,26.52,26.58,26.21,33309,106371501.0,1.39,-0.34,-0.09,1.2
2015-02-17,600511,26.63,26.84,27.11,26.5,42309,136685951.0,2.3,1.21,0.32,1.52
2015-02-25,600511,26.56,27.57,27.91,26.43,49658,162175570.0,5.51,2.72,0.73,1.79
2015-02-26,600511,27.52,27.42,27.7,27.15,28450,93917574.0,1.99,-0.54,-0.15,1.02
2015-02-27,600511,27.41,27.36,27.6,27.12,38713,127423621.0,1.75,-0.22,-0.06,1.39
2015-03-02,600511,27.36,27.01,27.36,26.59,66602,215831171.0,2.81,-1.28,-0.35,2.4
2015-03-03,600511,26.97,25.93,26.97,25.83,93462,298312816.0,4.22,-4.0,-1.08,3.37
2015-03-04,600511,25.83,26.23,26.26,25.53,64009,201508378.0,2.82,1.16,0.3,2.31
2015-03-05,600511,26.31,26.01,26.65,25.83,64436,205001258.0,3.13,-0.84,-0.22,2.32
2015-03-06,600511,25.84,25.84,26.22,25.74,31691,99650497.0,1.85,-0.65,-0.17,1.14
2015-03-09,600511,25.83,25.69,25.86,25.13,73083,225879283.0,2.83,-0.58,-0.15,2.63
2015-03-10,600511,25.73,25.7,25.9,25.28,47163,147035551.0,2.41,0.04,0.01,1.7
2015-03-11,600511,25.77,25.87,25.9,25.33,58699,183081995.0,2.22,0.66,0.17,2.11
2015-03-12,600511,25.89,25.61,26.13,25.48,51588,161719836.0,2.51,-1.01,-0.26,1.86
2015-03-13,600511,25.77,25.71,25.78,25.44,39956,124387957.0,1.33,0.39,0.1,1.44
2015-03-16,600511,25.71,26.48,26.67,25.71,100372,319725296.0,3.73,2.99,0.77,3.62
2015-03-17,600511,26.65,27.91,28.6,26.43,166076,553618960.0,8.19,5.4,1.43,5.98
2015-03-18,600511,27.71,27.7,27.91,27.15,82882,273756848.0,2.72,-0.75,-0.21,2.99
2015-03-19,600511,27.7,27.18,27.73,27.03,77441,253870669.0,2.53,-1.88,-0.52,2.79
2015-03-20,600511,27.33,27.14,27.39,26.71,73485,238998395.0,2.5,-0.15,-0.04,2.65
2015-03-23,600511,26.93,27.35,27.48,26.59,128182,418178144.0,3.28,0.77,0.21,4.62
2015-03-24,600511,27.73,28.18,28.48,27.11,187449,627728656.0,5.01,3.03,0.83,6.75
2015-03-25,600511,28.31,29.93,31.56,27.56,212467,737485136.0,14.19,6.21,1.75,7.65
2015-03-26,600511,29.98,30.09,31.3,29.06,140568,503371968.0,7.48,0.53,0.16,5.06
2015-03-27,600511,29.67,29.75,30.08,29.11,81799,287857840.0,3.22,-1.13,-0.34,2.95
2015-03-30,600511,29.73,29.89,29.93,29.54,78849,278565168.0,1.31,0.47,0.14,2.84
2015-03-31,600511,30.03,29.92,31.29,29.78,90887,327148368.0,5.05,0.1,0.03,3.27
2015-04-01,600511,29.53,29.92,29.94,29.05,126374,443374304.0,2.97,0.0,0.0,4.55
2015-04-02,600511,30.08,29.89,31.01,29.44,98056,350167104.0,5.25,-0.1,-0.03,3.53
2015-04-03,600511,29.83,30.17,30.41,29.43,88069,313223824.0,3.28,0.94,0.28,3.17
2015-04-07,600511,30.28,30.96,31.08,29.98,135127,488362864.0,3.65,2.62,0.79,4.87
2015-04-08,600511,31.24,29.85,31.4,29.58,121220,435402992.0,5.88,-3.59,-1.11,4.37
2015-04-09,600511,29.63,30.09,31.43,27.73,145058,508363760.0,12.4,0.8,0.24,5.22
2015-04-10,600511,29.82,32.87,33.43,29.44,212971,798635472.0,13.26,9.24,2.78,7.67
2015-04-13,600511,32.87,34.44,35.98,32.45,187708,754013152.0,10.74,4.78,1.57,6.76
2015-04-14,600511,33.89,33.11,34.41,32.45,116678,454149104.0,5.69,-3.86,-1.33,4.2
2015-04-15,600511,32.89,31.23,32.93,30.93,114561,427932768.0,6.04,-5.68,-1.88,4.13
2015-04-16,600511,30.61,32.25,32.33,30.23,79477,295991840.0,6.72,3.27,1.02,2.86
2015-04-17,600511,32.54,32.32,34.41,32.29,117765,455690368.0,6.57,0.22,0.07,4.24
2015-04-20,600511,32.42,30.72,32.5,30.64,98716,363474624.0,5.75,-4.95,-1.6,3.56
2015-04-21,600511,30.53,32.38,32.72,30.27,83321,311362400.0,7.98,5.4,1.66,3.0
2015-04-22,600511,32.43,33.82,34.41,32.43,116518,452247008.0,6.11,4.45,1.44,4.2
2015-04-23,600511,33.43,33.06,34.31,32.69,89681,348342176.0,4.79,-2.25,-0.76,3.23
2015-04-24,600511,32.39,33.41,33.72,31.94,79572,307815456.0,5.38,1.06,0.35,2.87
2015-04-27,600511,33.66,34.06,34.43,32.76,98014,383588016.0,5.0,1.95,0.65,3.53
2015-04-28,600511,34.08,32.74,34.37,32.43,75548,292113312.0,5.7,-3.88,-1.32,2.72
2015-04-29,600511,33.13,32.65,33.18,32.1,65369,249493222.0,3.3,-0.27,-0.09,2.35
2015-04-30,600511,32.68,32.3,32.99,32.14,69445,264396467.0,2.6,-1.07,-0.35,2.5
2015-05-04,600511,32.43,31.82,32.43,31.45,64624,241770708.0,3.03,-1.49,-0.48,2.33
2015-05-05,600511,32.03,30.93,32.78,30.43,66377,247561675.0,7.39,-2.8,-0.89,2.39
2015-05-06,600511,32.11,31.12,32.43,30.95,86320,323262368.0,4.78,0.61,0.19,3.11
2015-05-07,600511,30.93,31.06,31.78,30.53,52741,193892222.0,4.02,-0.19,-0.06,1.9
2015-05-08,600511,31.43,31.78,32.03,31.12,60208,223905492.0,2.93,2.32,0.72,2.17
2015-05-11,600511,32.02,32.61,33.02,31.23,97029,365722976.0,5.63,2.61,0.83,3.49
2015-05-12,600511,32.65,34.39,34.72,32.18,164306,639789184.0,7.79,5.46,1.78,5.92
2015-05-13,600511,34.09,33.34,34.93,32.91,125837,494682464.0,5.87,-3.05,-1.05,4.53
2015-05-14,600511,33.42,32.99,33.75,32.73,81252,314020976.0,3.06,-1.05,-0.35,2.93
2015-05-15,600511,33.03,33.49,33.78,32.45,94636,366231488.0,4.03,1.52,0.5,3.41
2015-05-18,600511,33.93,34.92,36.01,33.93,159847,652437008.0,6.21,4.27,1.43,5.76
2015-05-19,600511,34.8,35.87,36.59,34.08,116605,476667728.0,7.19,2.72,0.95,4.2
2015-05-20,600511,36.06,36.72,38.93,36.06,123306,532164848.0,8.0,2.37,0.85,4.44
2015-05-21,600511,36.67,37.73,37.99,36.21,93949,398529376.0,4.85,2.75,1.01,3.38
2015-05-22,600511,37.71,38.11,38.42,36.5,102854,443420688.0,5.09,1.01,0.38,3.7
2015-05-25,600511,37.44,39.31,41.33,37.25,124855,556954704.0,10.71,3.15,1.2,4.5
2015-05-26,600511,39.23,41.26,41.45,39.2,93808,432432256.0,5.72,4.96,1.95,3.38
2015-05-27,600511,41.24,40.59,42.41,39.71,118164,549183008.0,6.54,-1.62,-0.67,4.26
2015-05-28,600511,40.04,36.07,40.43,35.97,143597,629503824.0,10.99,-11.14,-4.52,5.17
2015-05-29,600511,36.02,35.88,37.84,35.05,94243,395151056.0,7.73,-0.53,-0.19,3.39
2015-06-01,600511,36.41,37.67,37.83,36.33,120134,511983728.0,4.18,4.99,1.79,4.33
2015-06-02,600511,37.67,38.23,38.4,36.95,112981,487837440.0,3.85,1.49,0.56,4.07
2015-06-03,600511,38.45,39.51,39.88,37.73,97249,433841792.0,5.62,3.35,1.28,3.5
2015-06-04,600511,40.05,38.06,40.1,35.4,89935,390931136.0,11.9,-3.67,-1.45,3.24
2015-06-05,600511,38.73,41.44,41.98,37.98,206028,931138288.0,10.51,8.88,3.38,7.42
2015-06-08,600511,41.43,43.63,45.13,41.43,221473,1083381104.0,8.93,5.28,2.19,7.98
2015-06-09,600511,42.98,42.11,43.31,41.64,72254,345762048.0,3.83,-3.48,-1.52,2.6
2015-06-10,600511,41.97,42.5,43.23,40.93,92698,445091120.0,5.46,0.93,0.39,3.34
2015-06-11,600511,42.38,41.4,42.81,41.08,112232,527857024.0,4.07,-2.59,-1.1,4.04
2015-06-12,600511,41.63,42.31,43.4,41.54,122150,586669200.0,4.49,2.2,0.91,4.4
2015-06-15,600511,42.33,41.62,44.23,41.29,92008,444751936.0,6.95,-1.63,-0.69,3.31
2015-06-16,600511,40.93,39.78,41.45,38.41,70318,319220160.0,7.3,-4.42,-1.84,2.53
2015-06-17,600511,39.43,44.32,44.32,38.48,143293,682452288.0,14.68,11.41,4.54,5.16
2015-06-18,600511,44.93,42.07,47.31,41.43,197966,1002032160.0,13.27,-5.08,-2.25,7.13
2015-06-19,600511,40.53,40.42,42.63,39.44,117427,547023808.0,7.58,-3.92,-1.65,4.23
2015-06-23,600511,39.75,45.02,45.02,38.98,154302,737256304.0,14.94,11.38,4.6,5.56
2015-06-24,600511,46.81,50.08,50.08,46.09,252283,1361399296.0,8.86,11.24,5.06,9.09
2015-06-25,600511,50.01,50.1,52.42,45.94,217337,1205031488.0,12.94,0.04,0.02,7.83
2015-06-26,600511,46.83,44.54,50.09,44.54,181925,941719776.0,11.08,-11.1,-5.56,6.55
2015-06-29,600511,46.53,43.5,47.35,39.54,243199,1196636976.0,17.53,-2.33,-1.04,8.76
2015-06-30,600511,42.25,44.92,47.73,38.64,213137,1036946912.0,20.9,3.26,1.42,7.68
2015-07-01,600511,43.53,39.88,44.41,39.88,177460,846872736.0,10.08,-11.22,-5.04,6.39
2015-07-02,600511,38.38,35.35,38.38,35.35,133747,556431264.0,7.6,-11.36,-4.53,4.82
2015-07-03,600511,31.27,31.27,34.43,31.27,145155,542626288.0,8.94,-11.54,-4.08,5.23
2015-07-06,600511,34.94,29.6,34.94,27.6,231483,833081472.0,23.47,-5.34,-1.67,8.34
2015-07-07,600511,28.33,26.09,28.33,26.09,130389,418093776.0,7.57,-11.86,-3.51,4.7
2015-07-08,600511,22.93,24.05,26.1,22.93,336153,989029856.0,12.15,-7.82,-2.04,12.11
2015-07-09,600511,22.88,27.0,27.0,22.88,113261,361136512.0,17.13,12.27,2.95,4.08
2015-07-10,600511,30.03,30.25,30.25,28.05,69171,246154377.0,8.15,12.04,3.25,2.49
2015-07-13,600511,32.53,33.82,33.82,31.33,89253,340584752.0,8.23,11.8,3.57,3.21
2015-07-14,600511,34.53,33.55,36.83,33.51,137286,553733296.0,9.82,-0.8,-0.27,4.94
2015-07-15,600511,32.53,29.65,33.03,29.65,87886,320660672.0,10.07,-11.62,-3.9,3.17
2015-07-16,600511,29.65,31.18,32.47,27.53,95504,348156464.0,16.66,5.16,1.53,3.44
2015-07-17,600511,31.41,33.62,33.98,31.41,75638,292178560.0,8.24,7.83,2.44,2.72
2015-07-20,600511,34.12,34.65,35.99,33.19,93828,377579280.0,8.33,3.06,1.03,3.38
2015-07-21,600511,34.42,36.62,38.33,33.33,82524,342757360.0,14.43,5.69,1.97,2.97
2015-07-22,600511,36.78,40.83,40.83,34.9,165135,718522736.0,16.19,11.5,4.21,5.95
2015-07-23,600511,41.13,41.96,45.03,40.19,168967,809882368.0,11.85,2.77,1.13,6.09
2015-07-24,600511,41.25,39.07,42.93,37.53,193473,885521056.0,12.87,-6.89,-2.89,6.97
2015-07-27,600511,37.51,34.62,41.33,34.62,171824,760137792.0,17.17,-11.39,-4.45,6.19
2015-07-28,600511,33.52,34.29,36.34,30.83,149359,587833920.0,15.92,-0.95,-0.33,5.38
2015-07-29,600511,34.96,36.62,37.07,32.83,114374,457225072.0,12.37,6.79,2.33,4.12
2015-07-30,600511,36.33,35.05,38.27,34.08,113241,478401472.0,11.44,-4.29,-1.57,4.08
2015-07-31,600511,34.23,33.82,35.91,33.03,70689,283563376.0,8.22,-3.51,-1.23,2.55
2015-08-03,600511,33.29,31.2,33.83,30.29,103293,381412080.0,10.47,-7.75,-2.62,3.72
2015-08-04,600511,31.54,34.6,34.65,31.08,90365,348457376.0,11.44,10.9,3.4,3.25
2015-08-05,600511,34.63,35.04,36.97,33.51,117185,476142208.0,10.0,1.27,0.44,4.22
2015-08-06,600511,33.53,33.55,35.03,32.71,57040,225046275.0,6.62,-4.25,-1.49,2.05
2015-08-07,600511,34.18,34.86,35.33,34.18,71797,289551216.0,3.43,3.9,1.31,2.59
2015-08-10,600511,36.04,38.89,38.89,36.04,128602,558878384.0,8.18,11.56,4.03,4.63
2015-08-11,600511,38.53,40.26,42.89,38.11,145859,658978544.0,12.29,3.52,1.37,5.25
2015-08-12,600511,39.79,40.81,43.48,39.29,145774,686587088.0,10.41,1.37,0.55,5.25
2015-08-13,600511,40.28,40.93,42.01,38.85,105806,484694560.0,7.74,0.29,0.12,3.81
2015-08-14,600511,41.36,43.03,43.33,40.52,132613,626963616.0,6.87,5.13,2.1,4.78
2015-08-17,600511,42.53,42.28,44.03,41.31,161942,776874064.0,6.32,-1.74,-0.75,5.83
2015-08-18,600511,42.03,37.51,42.08,37.51,141403,628059344.0,10.81,-11.28,-4.77,5.09
2015-08-19,600511,35.03,36.66,37.78,33.21,144078,585870576.0,12.18,-2.27,-0.85,5.19
2015-08-20,600511,35.54,33.29,35.91,33.21,143418,570826464.0,7.36,-9.19,-3.37,5.17
2015-08-21,600511,32.26,30.69,33.29,30.49,105442,391114160.0,8.41,-7.81,-2.6,3.8
2015-08-24,600511,28.63,27.07,28.68,27.07,136695,445973568.0,5.25,-11.8,-3.62,4.92
2015-08-25,600511,23.83,23.83,26.53,23.82,149536,452023776.0,10.01,-11.97,-3.24,5.39
2015-08-26,600511,24.73,24.5,26.13,22.58,120024,363097264.0,14.9,2.81,0.67,4.32
2015-08-27,600511,25.33,27.5,27.5,24.83,114387,360007120.0,10.9,12.24,3.0,4.12
2015-08-28,600511,28.66,30.52,30.53,28.34,107465,375045488.0,7.96,10.98,3.02,3.87
2015-08-31,600511,29.83,27.59,29.83,27.19,85397,292674144.0,8.65,-9.6,-2.93,3.08
2015-09-01,600511,27.64,24.43,28.49,24.29,116515,369862928.0,15.22,-11.45,-3.16,4.2
2015-09-02,600511,23.04,25.27,25.92,22.58,123306,371621792.0,13.67,3.44,0.84,4.44
2015-09-07,600511,25.53,25.82,27.2,25.45,66953,213582283.0,6.93,2.18,0.55,2.41
2015-09-08,600511,25.28,27.59,28.02,25.24,53386,169852432.0,10.77,6.86,1.77,1.92
2015-09-09,600511,27.83,28.09,28.68,26.75,84352,282567904.0,7.0,1.81,0.5,3.04
2015-09-10,600511,28.27,28.1,29.5,28.04,85643,293533696.0,5.2,0.04,0.01,3.08
2015-09-11,600511,27.69,27.74,28.24,26.89,67981,223715110.0,4.8,-1.28,-0.36,2.45
2015-09-14,600511,29.0,24.43,29.41,24.42,109134,352421264.0,17.99,-11.93,-3.31,3.93
2015-09-15,600511,23.82,22.61,23.88,22.53,72922,208263314.0,5.53,-7.45,-1.82,2.63
2015-09-16,600511,22.68,25.23,25.33,22.68,59228,173822186.0,11.72,11.59,2.62,2.13
2015-09-17,600511,24.67,23.95,25.52,23.73,66612,201550370.0,7.09,-5.07,-1.28,2.4
2015-09-18,600511,24.26,24.02,24.43,23.23,43334,126871826.0,5.01,0.29,0.07,1.56
2015-09-21,600511,23.93,24.91,25.0,23.56,47281,141623533.0,6.0,3.71,0.89,1.7
2015-09-22,600511,24.99,24.86,25.41,24.23,54006,164154491.0,4.74,-0.2,-0.05,1.95
2015-09-23,600511,24.33,24.16,24.53,23.81,54131,160387046.0,2.9,-2.82,-0.7,1.95
2015-09-24,600511,24.18,24.43,24.71,23.94,38902,116008193.0,3.19,1.12,0.27,1.4
2015-09-25,600511,24.89,24.66,25.86,24.43,101020,309527472.0,5.85,0.94,0.23,3.64
2015-09-28,600511,24.36,24.51,24.63,23.25,54258,159670435.0,5.6,-0.61,-0.15,1.95
2015-09-29,600511,23.58,23.66,24.09,23.32,41588,120891513.0,3.14,-3.47,-0.85,1.5
2015-09-30,600511,23.53,23.86,23.99,23.42,28063,81919458.0,2.41,0.85,0.2,1.01
2015-10-08,600511,24.89,25.13,25.36,24.71,53141,162170673.0,2.72,5.32,1.27,1.91
2015-10-09,600511,25.23,25.19,25.3,24.83,44221,135141555.0,1.87,0.24,0.06,1.59
2015-10-12,600511,25.41,26.77,27.7,25.41,92630,298374976.0,9.09,6.27,1.58,3.34
2015-10-13,600511,26.53,27.2,27.49,26.39,53596,174320740.0,4.11,1.61,0.43,1.93
2015-10-14,600511,27.21,26.7,27.51,26.64,42814,138501680.0,3.2,-1.84,-0.5,1.54
2015-10-15,600511,26.54,27.98,28.19,26.53,85614,283587184.0,6.22,4.79,1.28,3.08
2015-10-16,600511,28.53,29.16,30.39,28.41,92754,323429488.0,7.08,4.22,1.18,3.34
2015-10-19,600511,29.52,28.36,29.52,27.86,69974,239113777.0,5.69,-2.74,-0.8,2.52
2015-10-20,600511,28.37,29.26,29.38,28.34,103856,355007072.0,3.67,3.17,0.9,3.74
2015-10-21,600511,31.53,29.35,32.43,28.93,222288,805762528.0,11.96,0.31,0.09,8.01
2015-10-22,600511,28.68,31.31,31.48,28.68,112342,399807840.0,9.54,6.68,1.96,4.05
2015-10-23,600511,31.63,30.89,32.03,30.23,141290,514875760.0,5.75,-1.34,-0.42,5.09
2015-10-26,600511,31.43,29.78,31.45,29.48,124445,440676704.0,6.38,-3.59,-1.11,4.48
2015-10-27,600511,29.54,29.12,29.54,27.53,117903,400491504.0,6.75,-2.22,-0.66,4.25
2015-10-28,600511,28.53,27.9,28.95,27.74,65523,221614763.0,4.16,-4.19,-1.22,2.36
2015-10-29,600511,28.32,28.44,29.06,27.99,64067,217811602.0,3.84,1.94,0.54,2.31
2015-10-30,600511,28.48,28.2,28.63,27.62,49569,166755889.0,3.55,-0.84,-0.24,1.79
2015-11-02,600511,27.74,27.48,28.11,27.39,45983,152454349.0,2.55,-2.55,-0.72,1.66
2015-11-03,600511,27.49,27.05,27.77,26.84,45728,149311670.0,3.38,-1.56,-0.43,1.65
2015-11-04,600511,27.32,29.02,29.03,27.29,102031,344570928.0,6.43,7.28,1.97,3.67
2015-11-05,600511,28.92,29.34,30.11,28.64,112707,393414304.0,5.07,1.1,0.32,4.06
2015-11-06,600511,29.32,29.58,29.63,29.04,97543,340257840.0,2.01,0.82,0.24,3.51
2015-11-09,600511,29.13,30.07,31.23,28.53,150717,534179200.0,9.13,1.66,0.49,5.43
2015-11-10,600511,30.03,29.62,30.52,29.33,83637,294436576.0,3.96,-1.5,-0.45,3.01
2015-11-11,600511,29.48,29.69,29.81,29.33,81665,286249296.0,1.62,0.24,0.07,2.94
2015-11-12,600511,29.88,28.76,30.18,28.31,93197,321736800.0,6.3,-3.13,-0.93,3.36
2015-11-13,600511,28.32,27.88,28.69,27.81,77344,260024798.0,3.06,-3.06,-0.88,2.79
2015-11-16,600511,27.29,28.18,28.21,27.14,46185,153497521.0,3.84,1.08,0.3,1.66
2015-11-17,600511,28.34,28.06,28.73,28.01,57971,196627518.0,2.56,-0.43,-0.12,2.09
2015-11-18,600511,28.05,27.72,28.75,27.59,50362,169085910.0,4.13,-1.21,-0.34,1.81
2015-11-19,600511,27.83,28.28,28.33,27.66,36724,122899454.0,2.42,2.02,0.56,1.32
2015-11-20,600511,28.28,28.57,28.63,28.13,49331,167423272.0,1.77,1.03,0.29,1.78
2015-11-23,600511,28.38,28.07,28.82,27.97,52595,178341080.0,2.98,-1.75,-0.5,1.89
2015-11-24,600511,28.18,27.74,28.18,27.33,54446,179712840.0,3.03,-1.18,-0.33,1.96
2015-11-25,600511,27.69,27.93,28.19,27.43,79187,263142655.0,2.74,0.68,0.19,2.85
2015-11-26,600511,28.16,27.5,28.23,27.42,95020,315579504.0,2.9,-1.54,-0.43,3.42
2015-11-27,600511,27.53,27.07,27.53,26.43,129047,416768384.0,4.0,-1.56,-0.43,4.65
2015-11-30,600511,27.01,27.5,27.52,26.06,86787,282280384.0,5.39,1.59,0.43,3.13
2015-12-01,600511,27.52,27.27,27.6,26.71,62579,204203622.0,3.24,-0.84,-0.23,2.25
2015-12-02,600511,27.14,27.96,28.01,26.98,97852,324212688.0,3.78,2.53,0.69,3.52
2015-12-03,600511,27.93,29.31,29.32,27.76,108577,372301488.0,5.58,4.83,1.35,3.91
2015-12-04,600511,28.84,29.1,29.93,28.84,94888,331302272.0,3.72,-0.72,-0.21,3.42
2015-12-07,600511,28.93,29.01,29.04,28.38,72062,245975264.0,2.27,-0.31,-0.09,2.6
2015-12-08,600511,28.9,28.07,28.9,27.78,62576,211771333.0,3.86,-3.24,-0.94,2.25
2015-12-09,600511,28.0,27.73,28.18,27.64,31440,104903970.0,1.92,-1.21,-0.34,1.13
2015-12-10,600511,27.93,27.77,28.05,27.53,43702,145215896.0,1.88,0.14,0.04,1.57
2015-12-11,600511,27.54,28.01,28.23,27.15,58026,193472354.0,3.89,0.86,0.24,2.09
2015-12-14,600511,27.88,28.72,28.92,27.03,69030,230754958.0,6.75,2.53,0.71,2.49
2015-12-15,600511,28.53,28.98,29.38,28.34,59675,205873413.0,3.62,0.91,0.26,2.15
2015-12-16,600511,28.88,28.71,29.18,28.68,40237,138179230.0,1.73,-0.93,-0.27,1.45
2015-12-17,600511,28.8,29.15,29.28,28.79,58083,200566631.0,1.71,1.53,0.44,2.09
2015-12-18,600511,29.08,28.63,29.22,28.54,51869,177734439.0,2.33,-1.78,-0.52,1.87
2015-12-21,600511,28.6,29.37,29.91,28.53,85988,299463808.0,4.82,2.58,0.74,3.1
2015-12-22,600511,29.53,29.56,30.08,29.13,71428,250020623.0,3.23,0.65,0.19,2.57
2015-12-23,600511,29.67,30.08,30.88,29.43,117291,417082352.0,4.91,1.76,0.52,4.22
2015-12-24,600511,29.99,29.71,30.23,29.19,55280,193883906.0,3.46,-1.23,-0.37,1.99
2015-12-25,600511,29.68,29.76,29.98,29.49,47609,167720835.0,1.65,0.17,0.05,1.71
2015-12-28,600511,29.93,30.97,32.49,29.85,192851,713967280.0,8.87,4.07,1.21,6.95
2015-12-29,600511,30.93,32.17,32.19,30.54,94177,346387472.0,5.33,3.87,1.2,3.39
2015-12-30,600511,32.17,31.97,32.33,31.18,68781,256416156.0,3.57,-0.62,-0.2,2.48
2015-12-31,600511,31.72,32.45,33.3,31.71,119514,457727584.0,4.97,1.5,0.48,4.3
2016-01-04,600511,32.64,30.12,34.03,29.71,136056,522551088.0,13.31,-7.18,-2.33,4.9
2016-01-05,600511,29.63,32.83,33.03,29.54,136818,505951120.0,11.59,9.0,2.71,4.93
2016-01-06,600511,33.38,33.51,34.4,32.88,170354,667479040.0,4.63,2.07,0.68,6.14
2016-01-07,600511,32.68,29.79,32.71,29.63,24700,90620111.0,9.19,-11.1,-3.72,0.89
2016-01-08,600511,31.58,30.8,31.83,29.03,106091,385455488.0,9.4,3.39,1.01,3.82
2016-01-11,600511,29.73,27.17,29.95,27.17,134613,454607808.0,9.03,-11.79,-3.63,4.85
2016-01-12,600511,26.93,26.66,28.01,26.44,59162,193508058.0,5.78,-1.88,-0.51,2.13
2016-01-13,600511,27.13,24.43,27.42,24.33,74113,230314937.0,11.59,-8.36,-2.23,2.67
2016-01-14,600511,23.73,25.3,25.47,23.03,70401,207486904.0,9.99,3.56,0.87,2.54
2016-01-15,600511,25.01,23.44,25.52,23.23,50692,151045032.0,9.05,-7.35,-1.86,1.83
2016-01-18,600511,23.03,23.72,24.41,22.74,41355,121318752.0,7.12,1.19,0.28,1.49
2016-01-19,600511,23.82,25.59,25.71,23.78,71767,218782964.0,8.14,7.88,1.87,2.58
2016-01-20,600511,25.35,24.79,26.1,24.63,55934,171892985.0,5.74,-3.13,-0.8,2.01
2016-01-21,600511,24.03,23.64,25.16,23.53,47038,141218391.0,6.58,-4.64,-1.15,1.69
2016-01-22,600511,23.98,23.97,24.52,22.8,47100,136546791.0,7.28,1.4,0.33,1.7
2016-01-25,600511,24.32,23.33,24.33,22.91,62859,181912343.0,5.92,-2.67,-0.64,2.26
2016-01-26,600511,23.03,22.22,23.73,21.93,66442,188860209.0,7.72,-4.76,-1.11,2.39
2016-01-27,600511,22.03,21.68,22.39,20.13,63389,168273319.0,10.17,-2.43,-0.54,2.28
2016-01-28,600511,21.49,19.58,21.49,19.43,49118,128150431.0,9.5,-9.69,-2.1,1.77
2016-01-29,600511,19.74,20.37,20.71,19.28,68262,173966469.0,7.3,4.03,0.79,2.46
2016-02-01,600511,20.13,19.67,20.3,19.33,39149,98336452.0,4.76,-3.44,-0.7,1.41
2016-02-02,600511,19.78,20.57,20.67,19.67,39300,101466543.0,5.08,4.58,0.9,1.42
2016-02-03,600511,20.08,20.8,21.1,19.8,33842,87651872.0,6.32,1.12,0.23,1.22
2016-02-04,600511,21.01,21.44,21.48,20.73,38867,103579965.0,3.61,3.08,0.64,1.4
2016-02-05,600511,21.46,21.58,21.83,21.26,24018,64947503.0,2.66,0.65,0.14,0.87
2016-02-15,600511,20.91,21.17,21.91,20.15,45476,120109055.0,8.16,-1.9,-0.41,1.64
2016-02-16,600511,21.41,22.34,22.5,21.34,44719,122689192.0,5.48,5.53,1.17,1.61
2016-02-17,600511,22.25,22.05,22.25,21.9,32377,88980276.0,1.57,-1.3,-0.29,1.17
2016-08-04,600511,24.79,24.79,24.79,24.79,1909,5757333.0,0.0,12.43,2.74,0.07
2016-08-05,600511,27.81,27.24,27.81,26.13,361853,1181858400.0,6.78,9.88,2.45,13.03
2016-08-08,600511,26.93,27.18,27.23,25.88,166487,529077312.0,4.96,-0.22,-0.06,6.0
2016-08-09,600511,26.87,26.88,27.07,26.5,86028,276447456.0,2.1,-1.1,-0.3,3.1
2016-08-10,600511,26.66,26.42,27.39,26.19,81006,260588328.0,4.46,-1.71,-0.46,2.92
2016-08-11,600511,26.03,25.64,26.13,25.28,69382,215742456.0,3.22,-2.95,-0.78,2.5
2016-08-12,600511,25.71,25.9,25.93,25.43,33443,103864678.0,1.95,1.01,0.26,1.2
2016-08-15,600511,26.16,26.16,26.63,25.58,75497,237398365.0,4.05,1.0,0.26,2.72
2016-08-16,600511,26.23,26.28,26.73,26.12,53914,170906413.0,2.33,0.46,0.12,1.94
2016-08-17,600511,26.44,26.77,27.06,26.28,60636,194554044.0,2.97,1.86,0.49,2.18
2016-08-18,600511,26.77,26.0,26.99,25.96,53846,171082807.0,3.85,-2.88,-0.77,1.94
2016-08-19,600511,26.41,26.36,26.61,26.18,41550,131935013.0,1.65,1.38,0.36,1.5
2016-08-22,600511,26.52,26.17,26.97,26.14,43682,139376815.0,3.15,-0.72,-0.19,1.57
2016-08-23,600511,25.96,26.52,26.82,25.96,48184,153675766.0,3.29,1.34,0.35,1.74
2016-08-24,600511,26.6,26.5,26.78,26.35,34324,109539329.0,1.62,-0.08,-0.02,1.24
2016-08-25,600511,26.22,25.68,26.23,25.35,42762,132949587.0,3.32,-3.09,-0.82,1.54
2016-08-26,600511,25.78,25.92,26.1,25.54,40503,126519623.0,2.18,0.93,0.24,1.46
2016-08-29,600511,25.83,26.07,26.12,25.58,40638,127051257.0,2.08,0.58,0.15,1.46
2016-08-30,600511,26.06,26.54,26.72,25.96,43171,137132038.0,2.92,1.8,0.47,1.55
2016-08-31,600511,26.63,27.98,28.03,26.39,84159,273329920.0,6.18,5.43,1.44,3.03
2016-09-01,600511,27.66,27.42,28.61,27.31,66536,222405515.0,4.65,-2.0,-0.56,2.4
2016-09-02,600511,27.08,27.2,28.39,27.08,50042,165302018.0,4.78,-0.8,-0.22,1.8
2016-09-05,600511,27.53,28.18,28.58,27.04,56545,188282329.0,5.66,3.6,0.98,2.04
2016-09-06,600511,28.03,28.75,29.1,28.0,76362,259722380.0,3.9,2.02,0.57,2.75
2016-09-07,600511,28.78,28.38,29.2,28.21,45205,153823901.0,3.44,-1.29,-0.37,1.63
2016-09-08,600511,28.51,28.22,28.53,27.62,27924,93701999.0,3.21,-0.56,-0.16,1.01
2016-09-09,600511,28.17,27.62,28.17,27.34,34605,114475034.0,2.94,-2.13,-0.6,1.25
2016-09-12,600511,26.88,26.48,27.13,25.66,48756,156340279.0,5.32,-4.13,-1.14,1.76
2016-09-13,600511,26.71,26.79,26.99,26.18,31602,100757221.0,3.06,1.17,0.31,1.14
2016-09-14,600511,26.53,27.28,27.41,26.36,38391,124484525.0,3.92,1.83,0.49,1.38
2016-09-19,600511,27.23,27.5,27.73,27.13,16477,54158343.0,2.2,0.81,0.22,0.59
2016-09-20,600511,27.43,27.03,27.69,26.9,24400,79397421.0,2.87,-1.71,-0.47,0.88
2016-09-21,600511,27.03,26.72,27.03,26.68,18036,57983250.0,1.29,-1.15,-0.31,0.65
2016-09-22,600511,26.93,26.43,27.21,26.33,31381,100610057.0,3.29,-1.09,-0.29,1.13
2016-09-23,600511,26.51,26.19,26.53,26.13,22722,71952743.0,1.51,-0.91,-0.24,0.82
2016-09-26,600511,26.21,25.23,26.51,24.78,29412,91846100.0,6.61,-3.67,-0.96,1.06
2016-09-27,600511,25.33,25.39,25.52,25.1,18713,57401406.0,1.66,0.63,0.16,0.67
2016-09-28,600511,25.4,26.26,26.41,25.38,43106,135991317.0,4.06,3.43,0.87,1.55
2016-09-29,600511,26.16,25.57,26.36,25.43,39929,124541036.0,3.54,-2.63,-0.69,1.44
2016-09-30,600511,25.53,25.65,25.9,25.39,34542,107057876.0,1.99,0.31,0.08,1.24
2016-10-10,600511,25.77,26.51,26.61,25.76,25101,79497131.0,3.31,3.35,0.86,0.9
2016-10-11,600511,26.51,26.55,26.58,26.31,19456,61906423.0,1.02,0.15,0.04,0.7
2016-10-12,600511,26.53,26.52,26.73,26.3,20527,65466592.0,1.62,-0.11,-0.03,0.74
2016-10-13,600511,26.63,26.27,26.63,26.13,25198,80022192.0,1.89,-0.94,-0.25,0.91
2016-10-14,600511,26.51,26.24,26.51,25.85,23619,74256141.0,2.51,-0.11,-0.03,0.85
2016-10-17,600511,26.23,25.91,26.42,25.83,30577,96271841.0,2.25,-1.26,-0.33,1.1
2016-10-18,600511,25.93,26.82,26.91,25.78,46717,148434791.0,4.36,3.51,0.91,1.68
2016-10-19,600511,26.73,26.51,26.83,26.4,22738,72666115.0,1.6,-1.16,-0.31,0.82
2016-10-20,600511,26.53,26.45,26.57,26.32,16355,51999619.0,0.94,-0.23,-0.06,0.59
2016-10-21,600511,26.45,26.22,26.58,26.13,19661,62321011.0,1.7,-0.87,-0.23,0.71
2016-10-24,600511,26.3,26.46,26.61,26.14,28341,89891683.0,1.79,0.92,0.24,1.02
2016-10-25,600511,26.49,26.48,26.68,26.41,33539,107082960.0,1.02,0.08,0.02,1.21
2016-10-26,600511,26.52,26.28,26.63,26.21,24005,76138920.0,1.59,-0.76,-0.2,0.86
2016-10-27,600511,26.33,26.43,26.63,26.13,20343,64533213.0,1.9,0.57,0.15,0.73
2016-10-28,600511,26.59,26.92,27.21,26.46,45056,145454478.0,2.84,1.85,0.49,1.62
2016-10-31,600511,27.08,26.96,27.09,26.78,38075,122962088.0,1.15,0.15,0.04,1.37
2016-11-01,600511,26.96,27.04,27.06,26.73,40739,131302536.0,1.22,0.3,0.08,1.47
2016-11-02,600511,27.04,26.61,27.04,26.5,30371,97571562.0,2.0,-1.59,-0.43,1.09
2016-11-03,600511,26.61,26.69,26.88,26.35,31417,100448846.0,1.99,0.3,0.08,1.13
2016-11-04,600511,26.58,26.11,26.72,26.05,32614,103677463.0,2.51,-2.17,-0.58,1.17
2016-11-07,600511,26.04,25.9,26.13,25.72,28283,88235128.0,1.57,-0.8,-0.21,1.02
2016-11-08,600511,26.07,26.22,26.28,25.88,21277,66864604.0,1.54,1.24,0.32,0.77
2016-11-09,600511,26.16,25.44,26.23,25.34,38179,118760796.0,3.39,-2.97,-0.78,1.38
2016-11-10,600511,25.81,26.0,26.13,25.58,31697,99156604.0,2.16,2.2,0.56,1.14
2016-11-11,600511,26.0,25.88,26.09,25.74,28427,88816177.0,1.35,-0.46,-0.12,1.02
2016-11-14,600511,26.07,26.01,26.3,25.83,31415,98751160.0,1.82,0.5,0.13,1.13
2016-11-15,600511,26.01,25.99,26.02,25.68,19350,60437291.0,1.31,-0.08,-0.02,0.7
2016-11-16,600511,26.07,26.0,26.1,25.91,19466,61059239.0,0.73,0.04,0.01,0.7
2016-11-17,600511,26.03,25.89,26.13,25.71,16483,51493754.0,1.62,-0.42,-0.11,0.59
2016-11-18,600511,25.93,25.71,25.97,25.68,19717,61442964.0,1.12,-0.7,-0.18,0.71
2016-11-21,600511,25.58,25.55,25.84,25.34,38777,119786199.0,1.94,-0.62,-0.16,1.4
2016-11-22,600511,25.59,25.6,25.67,25.44,26596,82240720.0,0.9,0.2,0.05,0.96
2016-11-23,600511,25.63,25.33,25.63,25.24,20876,64314165.0,1.52,-1.05,-0.27,0.75
2016-11-24,600511,25.29,26.16,26.27,25.03,58826,183169725.0,4.9,3.28,0.83,2.12
2016-11-25,600511,25.97,26.04,26.21,25.77,35929,112693576.0,1.68,-0.46,-0.12,1.29
2016-11-28,600511,25.94,26.13,26.42,25.94,28905,91288963.0,1.84,0.35,0.09,1.04
2016-11-29,600511,26.13,26.36,26.73,25.95,41087,130751745.0,2.99,0.88,0.23,1.48
2016-11-30,600511,26.32,25.9,26.32,25.89,28530,89575596.0,1.63,-1.75,-0.46,1.03
2016-12-01,600511,25.72,26.14,26.25,25.71,36086,113325140.0,2.08,0.93,0.24,1.3
2016-12-02,600511,26.17,26.39,26.71,26.03,39538,125478766.0,2.6,0.96,0.25,1.42
2016-12-05,600511,26.51,26.55,26.73,26.28,44374,141358172.0,1.71,0.61,0.16,1.6
2016-12-06,600511,26.71,26.5,26.71,26.31,24945,79429126.0,1.51,-0.19,-0.05,0.9
2016-12-07,600511,26.59,26.64,26.73,26.25,31649,100882661.0,1.81,0.53,0.14,1.14
2016-12-08,600511,26.96,27.14,28.18,26.68,84012,275252976.0,5.63,1.88,0.5,3.03
2016-12-09,600511,27.12,26.4,27.12,26.29,49673,158880727.0,3.06,-2.73,-0.74,1.79
2016-12-12,600511,26.18,25.01,26.48,24.91,54877,169715696.0,5.95,-5.27,-1.39,1.98
2016-12-13,600511,25.03,25.36,25.46,24.43,50682,153931886.0,4.12,1.4,0.35,1.83
2016-12-14,600511,25.33,24.65,25.33,24.56,37721,114659767.0,3.04,-2.8,-0.71,1.36
2016-12-15,600511,24.53,24.71,25.03,24.53,27771,83473978.0,2.03,0.24,0.06,1.0
2016-12-16,600511,24.68,24.65,24.88,24.53,19808,59533318.0,1.42,-0.24,-0.06,0.71
2016-12-19,600511,24.64,25.23,25.34,24.54,37407,113479791.0,3.25,2.35,0.58,1.35
2016-12-20,600511,25.11,25.15,25.24,24.96,14808,45124187.0,1.11,-0.32,-0.08,0.53
2016-12-21,600511,25.13,25.2,25.39,25.04,26621,81491962.0,1.39,0.2,0.05,0.96
2016-12-22,600511,25.13,25.24,25.38,25.0,19596,59942913.0,1.51,0.16,0.04,0.71
2016-12-23,600511,25.24,25.12,25.29,25.04,15745,48045490.0,0.99,-0.48,-0.12,0.57
2016-12-26,600511,25.12,25.07,25.15,24.45,25751,77666852.0,2.79,-0.2,-0.05,0.93
2016-12-27,600511,25.07,25.27,25.3,24.93,22639,69155466.0,1.48,0.8,0.2,0.82
2016-12-28,600511,25.26,24.99,25.26,24.9,22002,66918471.0,1.42,-1.11,-0.28,0.79
2016-12-29,600511,25.02,24.58,25.02,24.38,37618,112786772.0,2.56,-1.64,-0.41,1.35
2016-12-30,600511,24.58,24.73,24.78,24.48,32611,97823754.0,1.22,0.61,0.15,1.17
2017-01-03,600511,24.74,24.8,24.84,24.63,37605,113281045.0,0.85,0.28,0.07,1.35
2017-01-04,600511,24.93,25.09,25.14,24.83,37851,114878137.0,1.25,1.17,0.29,1.36
2017-01-05,600511,25.1,25.12,25.23,24.95,20565,62697304.0,1.12,0.12,0.03,0.74
2017-01-06,600511,25.2,25.14,25.31,25.03,29336,89495539.0,1.11,0.08,0.02,1.06
2017-01-09,600511,25.04,26.12,26.64,25.04,85063,268472912.0,6.36,3.9,0.98,3.06
2017-01-10,600511,26.13,26.45,26.88,26.12,68088,217313958.0,2.91,1.26,0.33,2.45
2017-01-18,600511,25.73,26.0,26.17,25.34,59351,184999438.0,3.14,-1.7,-0.45,2.14
2017-01-19,600511,25.89,26.05,26.55,25.73,42481,133696665.0,3.15,0.19,0.05,1.53
2017-01-20,600511,26.05,26.58,26.83,26.05,47894,152743027.0,2.99,2.03,0.53,1.73
2017-01-23,600511,26.53,27.03,27.38,26.53,48126,155772272.0,3.2,1.69,0.45,1.73
2017-01-24,600511,26.83,26.56,27.03,26.48,29697,95068479.0,2.03,-1.74,-0.47,1.07
2017-01-25,600511,26.47,27.22,27.25,26.37,44566,144007301.0,3.31,2.48,0.66,1.61
2017-01-26,600511,27.11,27.26,27.6,27.11,30762,100716772.0,1.8,0.15,0.04,1.11
2017-02-03,600511,27.28,27.11,27.29,26.85,19474,63051071.0,1.61,-0.55,-0.15,0.7
2017-02-06,600511,27.13,27.11,27.26,26.98,34794,113052309.0,1.03,0.0,0.0,1.25
2017-02-07,600511,27.06,26.98,27.18,26.84,31096,100667196.0,1.25,-0.48,-0.13,1.12
2017-02-08,600511,26.98,27.07,27.23,26.93,31266,101423458.0,1.11,0.33,0.09,1.13
2017-02-09,600511,27.08,27.27,27.31,26.88,36572,119032054.0,1.59,0.74,0.2,1.32
2017-02-10,600511,27.58,27.44,27.92,27.41,55588,183690097.0,1.87,0.62,0.17,2.0
2017-02-13,600511,27.26,27.53,27.53,27.15,54191,177242277.0,1.38,0.33,0.09,1.95
2017-02-14,600511,27.53,28.25,28.27,27.41,73839,246287216.0,3.12,2.62,0.72,2.66
2017-02-15,600511,28.23,27.73,28.51,27.68,48772,163279628.0,2.94,-1.84,-0.52,1.76
2017-02-16,600511,27.72,27.68,27.89,27.55,28894,95567248.0,1.23,-0.18,-0.05,1.04
2017-02-17,600511,27.68,27.56,27.73,27.44,24623,81176856.0,1.05,-0.43,-0.12,0.89
2017-02-20,600511,27.5,28.11,28.13,27.32,37968,125661913.0,2.94,2.0,0.55,1.37
2017-02-21,600511,28.18,28.09,28.42,27.93,42092,141114904.0,1.74,-0.07,-0.02,1.52
2017-02-22,600511,28.21,28.19,28.21,27.9,34999,117044354.0,1.1,0.36,0.1,1.26
2017-02-23,600511,28.19,28.39,28.5,27.92,44400,149307817.0,2.06,0.71,0.2,1.6
2017-02-24,600511,28.42,28.41,28.71,28.31,47494,160791556.0,1.41,0.07,0.02,1.71
2017-02-27,600511,28.4,27.71,28.7,27.63,36017,120272046.0,3.77,-2.46,-0.7,1.3
2017-02-28,600511,27.81,27.49,27.81,27.23,31227,102464214.0,2.09,-0.79,-0.22,1.12
2017-03-01,600511,27.58,27.5,27.7,27.33,30934,101793927.0,1.35,0.04,0.01,1.11
2017-03-02,600511,27.52,27.31,27.6,27.26,26261,85997046.0,1.24,-0.69,-0.19,0.95
2017-03-03,600511,27.27,27.4,27.43,27.05,34204,111285182.0,1.39,0.33,0.09,1.23
2017-03-06,600511,27.43,27.61,27.68,27.25,31940,104998144.0,1.57,0.77,0.21,1.15
2017-03-07,600511,27.63,27.75,27.79,27.37,33460,109990409.0,1.52,0.51,0.14,1.21
2017-03-08,600511,27.78,28.09,28.13,27.54,49971,166397542.0,2.13,1.23,0.34,1.8
2017-03-09,600511,28.07,27.86,28.07,27.66,22668,75306857.0,1.46,-0.82,-0.23,0.82
2017-03-10,600511,27.74,27.75,27.86,27.55,26694,88349345.0,1.11,-0.39,-0.11,0.96
2017-03-13,600511,27.75,28.08,28.15,27.55,41963,139768287.0,2.16,1.19,0.33,1.51
2017-03-14,600511,28.1,27.21,28.18,26.75,52135,171601934.0,5.09,-3.1,-0.87,1.88
2017-03-15,600511,27.21,27.25,27.3,26.79,51289,165995609.0,1.87,0.15,0.04,1.85
2017-03-16,600511,27.15,27.08,27.38,26.89,42609,138001062.0,1.8,-0.62,-0.17,1.53
2017-03-17,600511,27.16,26.67,27.17,26.62,36546,117829426.0,2.03,-1.51,-0.41,1.32
2017-03-20,600511,26.68,27.44,27.53,26.61,59661,193411023.0,3.45,2.89,0.77,2.15
2017-03-21,600511,27.39,28.13,28.17,27.21,70272,233690440.0,3.5,2.51,0.69,2.53
2017-03-22,600511,27.93,28.85,28.97,27.84,94139,320531920.0,4.02,2.56,0.72,3.39
2017-03-23,600511,28.96,28.89,29.45,28.43,63652,218413738.0,3.54,0.14,0.04,2.29
2017-03-24,600511,28.64,28.43,28.81,28.15,69861,235547585.0,2.28,-1.59,-0.46,2.52
2017-03-27,600511,28.43,28.33,28.51,27.86,56309,188498299.0,2.29,-0.35,-0.1,2.03
2017-03-28,600511,28.37,28.24,28.43,28.12,37381,125689092.0,1.09,-0.32,-0.09,1.35
2017-03-29,600511,28.24,28.7,28.81,27.93,53760,181298181.0,3.12,1.63,0.46,1.94
2017-03-30,600511,28.57,27.72,28.63,27.49,45849,152995447.0,3.97,-3.41,-0.98,1.65
2017-03-31,600511,27.7,28.17,28.27,27.68,39223,130687030.0,2.13,1.62,0.45,1.41
2017-04-05,600511,28.13,28.43,29.09,28.13,52427,178184905.0,3.41,0.92,0.26,1.89
2017-04-06,600511,28.41,28.57,28.62,28.01,50146,168537470.0,2.15,0.49,0.14,1.81
2017-04-07,600511,28.38,28.85,29.13,28.26,56762,193746229.0,3.05,0.98,0.28,2.04
2017-04-10,600511,28.83,28.75,29.32,28.53,39454,134759771.0,2.74,-0.35,-0.1,1.42
2017-04-11,600511,28.83,28.13,28.88,27.79,58253,195769404.0,3.79,-2.16,-0.62,2.1
2017-04-12,600511,28.03,27.65,28.1,27.58,54112,179111432.0,1.85,-1.71,-0.48,1.95
2017-04-13,600511,27.65,27.88,28.11,27.65,34449,114737511.0,1.66,0.83,0.23,1.24
2017-04-14,600511,27.88,27.32,27.93,27.23,39897,131316280.0,2.51,-2.01,-0.56,1.44
2017-04-17,600511,27.23,27.26,27.59,27.02,43589,142336997.0,2.09,-0.22,-0.06,1.57
2017-04-18,600511,27.42,27.43,27.73,27.19,43839,144037753.0,1.98,0.62,0.17,1.58
2017-04-19,600511,27.33,28.51,28.58,27.25,68700,228970576.0,4.85,3.94,1.08,2.47
2017-04-20,600511,28.53,28.73,29.32,28.36,86899,298242544.0,3.37,0.77,0.22,3.13
2017-04-21,600511,28.6,28.67,29.03,28.43,44953,152939300.0,2.09,-0.21,-0.06,1.62
2017-04-24,600511,28.63,28.47,28.63,27.68,41045,137488684.0,3.31,-0.7,-0.2,1.48
2017-04-25,600511,28.49,29.84,30.14,28.3,76209,264114024.0,6.46,4.81,1.37,2.74
2017-04-26,600511,29.83,29.55,30.61,29.33,97637,346344384.0,4.29,-0.97,-0.29,3.52
2017-04-27,600511,29.61,31.08,31.29,29.23,112252,400311200.0,6.97,5.18,1.53,4.04
2017-04-28,600511,30.93,30.55,30.95,30.13,68136,244411617.0,2.64,-1.71,-0.53,2.45
2017-05-02,600511,30.63,30.33,30.64,29.95,42968,152666604.0,2.26,-0.72,-0.22,1.55
2017-05-03,600511,30.14,29.98,30.43,29.71,44025,155674838.0,2.37,-1.15,-0.35,1.59
2017-05-04,600511,30.08,29.99,30.2,29.73,45778,161743200.0,1.57,0.03,0.01,1.65
2017-05-05,600511,29.89,29.53,29.99,29.18,50189,175122115.0,2.7,-1.53,-0.46,1.81
2017-05-08,600511,29.23,29.46,29.83,29.13,48129,167745937.0,2.37,-0.24,-0.07,1.73
2017-05-09,600511,29.38,29.1,29.62,28.64,31557,108739394.0,3.33,-1.22,-0.36,1.14
2017-05-10,600511,29.29,29.16,29.53,28.97,32665,113101539.0,1.92,0.21,0.06,1.18
2017-05-11,600511,28.83,29.63,29.77,28.34,43190,148635240.0,4.9,1.61,0.47,1.56
2017-05-12,600511,29.61,29.79,30.05,29.48,33999,118875696.0,1.92,0.54,0.16,1.22
2017-05-15,600511,29.79,30.43,30.59,29.73,43954,155632005.0,2.89,2.15,0.64,1.58
2017-05-16,600511,30.41,30.88,30.96,29.99,45506,162038343.0,3.19,1.48,0.45,1.64
2017-05-17,600511,30.71,30.15,31.03,29.83,52951,188642291.0,3.89,-2.36,-0.73,1.91
2017-05-18,600511,29.83,30.39,30.49,29.64,33085,116794716.0,2.82,0.8,0.24,1.19
2017-05-19,600511,30.37,30.45,30.69,30.23,35147,125236772.0,1.51,0.2,0.06,1.27
2017-05-22,600511,30.45,29.82,30.71,29.25,48064,168706754.0,4.79,-2.07,-0.63,1.73
2017-05-23,600511,29.78,30.76,31.27,29.58,92880,331853792.0,5.67,3.15,0.94,3.35
2017-05-24,600511,30.44,30.4,30.83,29.83,49580,175824870.0,3.25,-1.17,-0.36,1.79
2017-05-25,600511,30.47,30.63,31.03,30.32,49844,178675485.0,2.34,0.76,0.23,1.8
2017-05-26,600511,30.73,30.32,30.82,30.05,40135,142458940.0,2.51,-1.01,-0.31,1.45
2017-05-31,600511,30.43,29.8,30.62,29.33,60027,209748393.0,4.25,-1.72,-0.52,2.16
2017-06-01,600511,29.71,29.77,30.0,29.13,49035,170256707.0,2.92,-0.1,-0.03,1.77
2017-06-02,600511,29.71,29.31,29.73,29.03,39513,136474027.0,2.35,-1.55,-0.46,1.42
2017-06-05,600511,29.18,28.76,29.51,28.63,47322,161779978.0,3.0,-1.88,-0.55,1.7
2017-06-06,600511,28.83,29.34,29.35,28.76,37606,128987578.0,2.05,2.02,0.58,1.35
2017-06-07,600511,29.53,29.58,29.84,29.34,71412,248006229.0,1.7,0.82,0.24,2.57
2017-06-08,600511,29.68,30.17,30.18,29.38,44342,155175198.0,2.7,1.99,0.59,1.6
2017-06-09,600511,30.13,30.0,30.61,29.79,57230,202432639.0,2.72,-0.56,-0.17,2.06
2017-06-12,600511,29.83,30.75,31.01,29.55,74577,265744331.0,4.87,2.5,0.75,2.69
2017-06-13,600511,30.63,30.58,30.93,30.33,49057,175681302.0,1.95,-0.55,-0.17,1.77
2017-06-14,600511,30.47,29.46,30.79,29.4,60749,212944640.0,4.55,-3.66,-1.12,2.19
2017-06-15,600511,29.53,29.98,29.99,29.29,41536,144635286.0,2.38,1.77,0.52,1.5
2017-06-16,600511,29.95,29.36,29.97,29.28,45518,157798254.0,2.3,-2.07,-0.62,1.64
2017-06-19,600511,29.5,29.65,29.71,29.29,33384,115670225.0,1.43,0.99,0.29,1.2
2017-06-20,600511,29.54,29.73,30.21,29.54,44873,157583318.0,2.26,0.27,0.08,1.62
2017-06-21,600511,29.83,30.62,30.74,29.73,67732,240823938.0,3.4,2.99,0.89,2.44
2017-06-22,600511,30.59,30.18,30.78,30.02,57018,203112399.0,2.48,-1.44,-0.44,2.05
2017-06-23,600511,30.13,30.73,30.78,29.58,46768,164678818.0,3.98,1.82,0.55,1.68
2017-06-26,600511,30.82,31.22,31.73,30.71,91997,336356432.0,3.32,1.59,0.49,3.31
2017-06-27,600511,31.22,31.3,31.52,30.95,41982,152751696.0,1.83,0.26,0.08,1.51
2017-06-28,600511,31.33,30.95,31.33,30.87,33255,120696558.0,1.47,-1.12,-0.35,1.2
2017-06-29,600511,30.82,30.87,31.31,30.78,27448,99339676.0,1.71,-0.26,-0.08,0.99
2017-06-30,600511,30.71,31.07,31.11,30.56,35180,126659273.0,1.78,0.65,0.2,1.27
2017-07-03,600511,31.1,30.86,31.43,30.62,45961,165870568.0,2.61,-0.68,-0.21,1.66
2017-07-04,600511,30.78,30.27,30.78,30.11,45781,162374417.0,2.17,-1.91,-0.59,1.65
2017-07-05,600511,30.13,30.41,30.54,29.98,48860,173146496.0,1.85,0.46,0.14,1.76
2017-07-06,600511,30.23,30.14,30.41,29.79,58487,206319019.0,2.04,-0.89,-0.27,2.11
2017-07-07,600511,29.98,29.95,30.08,29.78,39894,139921297.0,1.0,-0.63,-0.19,1.44
2017-07-10,600511,30.01,26.6,30.01,26.44,245091,793685664.0,11.92,-11.19,-3.35,8.83
2017-07-11,600511,26.38,25.94,26.78,25.87,155596,488617936.0,3.42,-2.48,-0.66,5.6
2017-07-12,600511,25.96,25.66,26.24,25.13,108007,332286400.0,4.28,-1.08,-0.28,3.89
2017-07-13,600511,26.07,27.07,27.58,26.07,140496,451441568.0,5.88,5.49,1.41,5.06
2017-07-14,600511,26.84,26.89,26.96,26.57,50516,161207490.0,1.44,-0.66,-0.18,1.82
2017-07-17,600511,26.85,26.52,27.31,25.19,73482,233597343.0,7.88,-1.38,-0.37,2.65
2017-07-18,600511,26.13,26.69,26.88,26.09,40418,127948309.0,2.98,0.64,0.17,1.46
2017-07-19,600511,26.43,26.47,26.63,26.27,51681,163261591.0,1.35,-0.82,-0.22,1.86
2017-07-20,600511,26.42,26.31,26.51,26.23,42583,134181464.0,1.06,-0.6,-0.16,1.53
2017-07-21,600511,26.18,26.25,26.51,25.95,33394,105162919.0,2.13,-0.23,-0.06,1.2
2017-07-24,600511,26.27,26.11,26.27,25.82,54851,171092432.0,1.71,-0.53,-0.14,1.98
2017-07-25,600511,26.1,26.14,26.48,25.94,35121,110309173.0,2.07,0.11,0.03,1.26
2017-07-26,600511,26.1,25.89,26.29,25.8,22917,71338837.0,1.87,-0.96,-0.25,0.83
2017-07-27,600511,25.83,25.81,26.04,25.42,40184,124148495.0,2.39,-0.31,-0.08,1.45
2017-07-28,600511,25.73,25.84,26.02,25.73,33703,104604478.0,1.12,0.12,0.03,1.21
2017-07-31,600511,25.83,25.76,25.93,25.57,33504,103563536.0,1.39,-0.31,-0.08,1.21
2017-08-01,600511,25.76,25.91,26.06,25.63,33708,104710464.0,1.67,0.58,0.15,1.21
2017-08-02,600511,25.99,25.72,26.12,25.61,27522,85269295.0,1.97,-0.73,-0.19,0.99
2017-08-03,600511,25.38,25.54,25.7,25.38,26498,81378578.0,1.24,-0.7,-0.18,0.95
2017-08-04,600511,25.54,25.53,25.81,25.38,26494,81548309.0,1.68,-0.04,-0.01,0.95
2017-08-07,600511,25.59,25.44,25.65,25.28,43104,131826083.0,1.45,-0.35,-0.09,1.55
2017-08-08,600511,25.39,25.91,26.08,25.36,37576,116028633.0,2.83,1.85,0.47,1.35
2017-08-09,600511,25.97,26.02,26.12,25.83,43723,136304467.0,1.12,0.42,0.11,1.57
2017-08-10,600511,26.11,25.81,26.11,25.54,29061,90151579.0,2.19,-0.81,-0.21,1.05
2017-08-11,600511,25.44,26.4,26.69,25.44,55962,174881452.0,4.84,2.29,0.59,2.02
2017-08-14,600511,26.28,26.57,26.72,26.24,43291,137448841.0,1.82,0.64,0.17,1.56
2017-08-15,600511,26.43,26.26,26.55,25.99,28009,88061548.0,2.11,-1.17,-0.31,1.01
2017-08-16,600511,26.32,26.19,26.32,26.05,20210,63305956.0,1.03,-0.27,-0.07,0.73
2017-08-17,600511,26.2,26.64,26.97,26.2,37260,118772957.0,2.94,1.72,0.45,1.34
2017-08-18,600511,26.63,26.71,26.82,26.37,32373,102946977.0,1.69,0.26,0.07,1.17
2017-08-21,600511,26.68,26.85,27.26,26.58,24631,78978639.0,2.55,0.52,0.14,0.89
2017-08-22,600511,27.03,27.94,28.01,26.75,84149,274544720.0,4.69,4.06,1.09,3.03
2017-08-23,600511,26.96,26.99,27.23,26.83,62252,200347962.0,1.43,-3.4,-0.95,2.24
2017-08-24,600511,27.03,26.45,27.03,26.27,43789,138587401.0,2.82,-2.0,-0.54,1.58
2017-08-25,600511,26.23,26.55,26.6,26.23,23812,75360064.0,1.4,0.38,0.1,0.86
2017-08-28,600511,26.55,26.56,26.66,26.36,47938,151872498.0,1.13,0.04,0.01,1.73
2017-08-29,600511,26.55,26.38,26.61,26.23,40569,128007389.0,1.43,-0.68,-0.18,1.46
2017-08-30,600511,26.38,25.95,26.5,25.84,45398,141804258.0,2.5,-1.63,-0.43,1.64
2017-08-31,600511,25.98,26.02,26.15,25.89,34543,107785842.0,1.0,0.27,0.07,1.24
2017-09-01,600511,26.03,25.82,26.18,25.63,55412,171755406.0,2.11,-0.77,-0.2,2.0
2017-09-04,600511,25.86,25.93,26.07,25.61,43610,135445511.0,1.78,0.43,0.11,1.57
2017-09-05,600511,25.98,26.23,26.46,25.93,48494,152458249.0,2.04,1.16,0.3,1.75
2017-09-06,600511,26.2,26.42,26.43,26.08,39160,123333039.0,1.33,0.72,0.19,1.41
2017-09-07,600511,26.43,26.24,26.49,26.19,24129,75905960.0,1.14,-0.68,-0.18,0.87
2017-09-08,600511,26.25,26.04,26.35,25.91,27514,86031084.0,1.68,-0.76,-0.2,0.99
2017-09-11,600511,26.07,25.84,26.12,25.8,36725,114169103.0,1.23,-0.77,-0.2,1.32
2017-09-12,600511,25.91,25.62,26.0,25.54,36027,110995772.0,1.78,-0.85,-0.22,1.3
2017-09-13,600511,25.64,25.73,25.86,25.56,29608,91396128.0,1.17,0.43,0.11,1.07
2017-09-14,600511,25.82,25.75,25.88,25.65,27958,86449899.0,0.89,0.08,0.02,1.01
2017-09-15,600511,25.83,25.49,25.88,25.44,24217,74456892.0,1.71,-1.01,-0.26,0.87
2017-09-18,600511,25.49,25.62,25.71,25.45,26794,82410158.0,1.02,0.51,0.13,0.97
2017-09-19,600511,25.6,25.55,25.74,25.5,24988,76813761.0,0.94,-0.27,-0.07,0.9
2017-09-20,600511,25.41,25.72,25.81,25.41,22343,68914773.0,1.57,0.67,0.17,0.8
2017-09-21,600511,25.71,25.55,25.71,25.48,20750,63778958.0,0.89,-0.66,-0.17,0.75
2017-09-22,600511,25.54,25.34,25.59,25.14,29601,90169490.0,1.76,-0.82,-0.21,1.07
2017-09-25,600511,25.34,25.17,25.52,24.99,36850,112343626.0,2.09,-0.67,-0.17,1.33
2017-09-26,600511,25.11,24.39,25.26,24.18,62033,184710749.0,4.29,-3.1,-0.78,2.23
2017-09-27,600511,24.39,24.38,24.7,24.29,26044,77191844.0,1.68,-0.04,-0.01,0.94
2017-09-28,600511,24.44,24.52,24.66,24.38,24306,72257487.0,1.15,0.57,0.14,0.88
2017-09-29,600511,24.61,24.66,24.85,24.53,30300,90547206.0,1.31,0.57,0.14,1.09
2017-10-09,600511,24.84,24.98,25.05,24.78,31315,94327210.0,1.09,1.3,0.32,1.13
2017-10-10,600511,25.02,25.39,25.46,24.96,54011,164766583.0,2.0,1.64,0.41,1.95
2017-10-11,600511,25.58,25.81,25.95,25.44,100406,310782448.0,2.01,1.65,0.42,3.62
2017-10-12,600511,25.85,25.62,25.99,25.39,37222,114398105.0,2.32,-0.74,-0.19,1.34
2017-10-13,600511,25.53,25.6,25.74,25.24,33561,103048031.0,1.95,-0.08,-0.02,1.21
2017-10-16,600511,25.43,25.39,25.63,25.11,24483,74756763.0,2.03,-0.82,-0.21,0.88
2017-10-17,600511,25.39,24.96,25.42,24.86,26779,80980546.0,2.21,-1.69,-0.43,0.96
2017-10-18,600511,24.84,25.19,25.28,24.84,29655,89913181.0,1.76,0.92,0.23,1.07
2017-10-19,600511,25.13,25.07,25.58,25.01,31037,94518191.0,2.26,-0.48,-0.12,1.12
2017-10-20,600511,25.03,24.92,25.1,24.74,28988,87027183.0,1.44,-0.6,-0.15,1.04
2017-10-23,600511,24.92,25.28,25.48,24.78,43950,133332735.0,2.81,1.44,0.36,1.58
2017-10-24,600511,25.26,25.37,25.48,25.05,29436,89581960.0,1.7,0.36,0.09,1.06
2017-10-25,600511,25.42,25.34,25.48,25.13,37630,114514627.0,1.38,-0.12,-0.03,1.36
2017-10-26,600511,25.28,25.29,25.65,25.17,49357,150811429.0,1.89,-0.2,-0.05,1.78
2017-10-27,600511,25.41,25.25,25.49,25.06,46745,142382312.0,1.7,-0.16,-0.04,1.68
2017-10-30,600511,25.32,24.79,25.32,24.12,66376,197357855.0,4.75,-1.82,-0.46,2.39
2017-10-31,600511,24.75,24.4,24.81,24.14,41094,121589643.0,2.7,-1.57,-0.39,1.48
2017-11-01,600511,24.31,23.6,24.45,23.57,79731,231512998.0,3.61,-3.28,-0.8,2.87
2017-11-02,600511,23.62,22.76,23.62,22.61,62512,175849796.0,4.28,-3.56,-0.84,2.25
2017-11-03,600511,22.78,22.7,22.98,22.61,37209,103850848.0,1.63,-0.26,-0.06,1.34
2017-11-06,600511,22.78,23.19,23.37,22.71,45671,129082278.0,2.91,2.16,0.49,1.64
2017-11-07,600511,23.13,22.99,23.17,22.91,32935,92839157.0,1.12,-0.86,-0.2,1.19
2017-11-08,600511,22.97,23.13,23.38,22.96,33732,95776391.0,1.83,0.61,0.14,1.21
2017-11-09,600511,23.14,23.31,23.36,22.98,25209,71625656.0,1.64,0.78,0.18,0.91
2017-11-10,600511,23.31,23.17,23.39,23.08,29614,83987062.0,1.33,-0.6,-0.14,1.07
2017-11-13,600511,23.18,23.11,23.48,22.99,29853,84736140.0,2.11,-0.26,-0.06,1.08
2017-11-14,600511,23.11,22.69,23.11,22.66,36735,102916735.0,1.95,-1.82,-0.42,1.32
2017-11-15,600511,22.78,22.84,23.0,22.65,26290,73602474.0,1.54,0.66,0.15,0.95
2017-11-16,600511,22.83,22.82,23.06,22.75,29941,84112922.0,1.36,-0.09,-0.02,1.08
2017-11-17,600511,22.76,22.0,22.92,21.99,34132,93810213.0,4.08,-3.59,-0.82,1.23
2017-11-20,600511,21.98,21.98,22.13,21.47,35519,95491306.0,3.0,-0.09,-0.02,1.28
2017-11-21,600511,21.97,22.41,22.48,21.74,34228,93394084.0,3.37,1.96,0.43,1.23
2017-11-22,600511,22.43,21.99,22.52,21.81,35389,96535365.0,3.17,-1.87,-0.42,1.27
2017-11-23,600511,22.03,21.85,22.05,21.83,32795,88731274.0,1.0,-0.64,-0.14,1.18
2017-11-24,600511,21.81,21.54,21.83,21.23,42238,112540397.0,2.75,-1.42,-0.31,1.52
2017-11-27,600511,21.53,21.89,22.07,21.34,30681,82620259.0,3.39,1.62,0.35,1.11
2017-11-28,600511,21.82,21.9,22.0,21.59,21735,58659773.0,1.87,0.05,0.01,0.78
2017-11-29,600511,21.92,21.55,21.97,21.09,35108,93387691.0,4.02,-1.6,-0.35,1.26
2017-11-30,600511,21.4,21.33,21.64,21.24,21517,57229495.0,1.86,-1.02,-0.22,0.77
2017-12-01,600511,21.48,21.52,21.76,21.33,23117,61847226.0,2.02,0.89,0.19,0.83
2017-12-04,600511,21.5,21.3,21.62,21.29,21860,58079761.0,1.53,-1.02,-0.22,0.79
2017-12-05,600511,21.31,20.76,21.48,20.47,32802,85618333.0,4.74,-2.54,-0.54,1.18
2017-12-06,600511,20.77,20.57,21.0,20.27,24674,63551962.0,3.52,-0.92,-0.19,0.89
2017-12-07,600511,20.44,20.35,20.62,20.23,25762,66025831.0,1.9,-1.07,-0.22,0.93
2017-12-08,600511,20.24,20.55,20.68,20.24,23053,59263699.0,2.16,0.98,0.2,0.83
2017-12-11,600511,20.57,20.87,21.01,20.5,31360,81623761.0,2.48,1.56,0.32,1.13
2017-12-12,600511,20.72,20.53,20.89,20.51,14196,36664409.0,1.82,-1.63,-0.34,0.51
2017-12-13,600511,20.54,20.82,20.88,20.46,17691,45788241.0,2.05,1.41,0.29,0.64
2017-12-14,600511,20.98,20.59,20.98,20.41,26890,69341974.0,2.74,-1.1,-0.23,0.97
2017-12-15,600511,20.6,20.19,20.62,20.04,32195,81868848.0,2.82,-1.94,-0.4,1.16
2017-12-18,600511,20.16,20.21,20.39,20.11,27681,70231175.0,1.39,0.1,0.02,1.0
2017-12-19,600511,20.18,20.9,21.02,20.18,45587,118049982.0,4.16,3.41,0.69,1.64
2017-12-20,600511,20.89,20.91,20.95,20.63,27606,71809013.0,1.53,0.05,0.01,0.99
2017-12-21,600511,20.92,21.58,22.13,20.76,74867,199325767.0,6.55,3.2,0.67,2.7
2017-12-22,600511,21.56,22.16,22.52,21.44,66897,183151437.0,5.0,2.69,0.58,2.41
2017-12-25,600511,22.15,22.28,22.41,21.81,38869,106395109.0,2.71,0.54,0.12,1.4
2017-12-26,600511,22.28,22.55,22.71,22.05,43543,120302711.0,2.96,1.21,0.27,1.57
2017-12-27,600511,22.57,22.42,22.67,22.29,31409,87047567.0,1.69,-0.58,-0.13,1.13
2017-12-28,600511,22.49,22.47,22.57,22.2,38734,107060352.0,1.65,0.22,0.05,1.4
2017-12-29,600511,22.36,22.63,22.75,22.07,41498,114355639.0,3.03,0.71,0.16,1.49
2018-01-02,600511,22.62,22.96,23.08,22.52,43310,121307821.0,2.47,1.46,0.33,1.56
2018-01-03,600511,23.03,23.77,23.92,22.77,66669,191469751.0,5.01,3.53,0.81,2.4
2018-01-04,600511,23.73,23.44,23.77,23.21,38242,109602449.0,2.36,-1.39,-0.33,1.38
2018-01-05,600511,23.38,22.95,23.38,22.89,44354,125183658.0,2.09,-2.09,-0.49,1.6
2018-01-08,600511,22.85,23.67,23.74,22.85,50103,143276896.0,3.88,3.14,0.72,1.8
2018-01-09,600511,23.37,23.36,23.79,23.29,28310,81196377.0,2.11,-1.31,-0.31,1.02
2018-01-10,600511,23.3,22.83,23.46,22.75,34649,97660606.0,3.04,-2.27,-0.53,1.25
2018-01-11,600511,23.03,23.09,23.2,22.9,29211,82474422.0,1.31,1.14,0.26,1.05
2018-01-12,600511,23.08,23.02,23.14,22.85,21775,61348333.0,1.26,-0.3,-0.07,0.78
2018-01-15,600511,22.93,21.84,23.03,21.72,49646,136037646.0,5.69,-5.13,-1.18,1.79
2018-01-16,600511,21.84,22.2,22.32,21.71,34777,94762264.0,2.79,1.65,0.36,1.25
2018-01-17,600511,22.12,21.93,22.57,21.9,43896,120168915.0,3.02,-1.22,-0.27,1.58
2018-01-18,600511,21.94,21.81,22.23,21.77,34102,92317379.0,2.1,-0.55,-0.12,1.23
2018-01-19,600511,21.81,21.36,21.94,21.21,56664,150792162.0,3.35,-2.06,-0.45,2.04
2018-01-22,600511,21.35,22.62,22.72,21.13,68479,185538256.0,7.44,5.9,1.26,2.47
2018-01-23,600511,22.6,22.18,22.6,22.0,43599,119192756.0,2.65,-1.95,-0.44,1.57
2018-01-24,600511,22.09,21.9,22.09,21.83,39837,108062837.0,1.17,-1.26,-0.28,1.43
2018-01-25,600511,21.88,21.75,22.19,21.65,51844,140171495.0,2.47,-0.68,-0.15,1.87
2018-01-26,600511,21.73,21.82,21.92,21.73,36897,99630983.0,0.87,0.32,0.07,1.33
2018-01-29,600511,21.87,21.09,21.87,20.93,47551,125758921.0,4.31,-3.35,-0.73,1.71
2018-01-30,600511,21.46,23.24,23.71,21.43,126437,351289696.0,10.81,10.19,2.15,4.55
2018-01-31,600511,23.03,23.51,23.69,22.67,85341,242968675.0,4.39,1.16,0.27,3.07
2018-02-01,600511,23.18,23.07,23.58,22.54,45757,129159905.0,4.42,-1.87,-0.44,1.65
2018-02-02,600511,23.1,23.05,23.59,22.83,53242,150952258.0,3.29,-0.09,-0.02,1.92
2018-02-05,600511,22.6,22.31,22.81,21.84,49448,135638843.0,4.21,-3.21,-0.74,1.78
2018-02-06,600511,21.82,22.27,22.69,21.5,60461,165603449.0,5.33,-0.18,-0.04,2.18
2018-02-07,600511,22.66,22.4,22.81,21.88,41659,114891365.0,4.18,0.58,0.13,1.5
2018-02-08,600511,22.18,23.18,23.29,22.06,43563,121724868.0,5.49,3.48,0.78,1.57
2018-02-09,600511,22.68,22.21,22.83,21.51,50541,137935912.0,5.69,-4.18,-0.97,1.82
2018-02-12,600511,22.35,22.57,22.85,21.89,32659,90502225.0,4.32,1.62,0.36,1.18
2018-02-13,600511,22.83,23.7,24.03,22.57,67793,194279728.0,6.47,5.01,1.13,2.44
2018-02-14,600511,23.69,23.66,24.01,23.38,35798,103368627.0,2.66,-0.17,-0.04,1.29
2018-02-22,600511,23.72,23.84,23.97,23.22,43952,126721164.0,3.17,0.76,0.18,1.58
2018-02-23,600511,23.85,24.27,24.79,23.68,66498,196310050.0,4.66,1.8,0.43,2.4
2018-02-26,600511,24.28,24.65,24.71,24.16,64354,191117872.0,2.27,1.57,0.38,2.32
2018-02-27,600511,24.55,24.41,24.71,23.92,56481,166841841.0,3.2,-0.97,-0.24,2.03
2018-02-28,600511,24.2,24.02,24.42,23.83,44594,130490762.0,2.42,-1.6,-0.39,1.61
2018-03-01,600511,23.78,24.07,24.16,23.65,30256,88166960.0,2.12,0.21,0.05,1.09
2018-03-02,600511,23.93,24.5,24.92,23.71,61650,183081761.0,5.03,1.79,0.43,2.22
2018-03-05,600511,24.43,24.47,24.89,24.14,39841,118313238.0,3.06,-0.12,-0.03,1.43
2018-03-06,600511,24.43,24.64,24.71,23.96,48787,143814393.0,3.06,0.69,0.17,1.76
2018-03-07,600511,24.63,24.07,24.63,24.04,31945,94229456.0,2.39,-2.31,-0.57,1.15
2018-03-08,600511,24.04,24.52,24.61,23.81,36346,107090311.0,3.32,1.87,0.45,1.31
2018-03-09,600511,24.53,25.07,25.38,24.43,80341,242802527.0,3.87,2.24,0.55,2.89
2018-03-12,600511,24.96,25.76,26.0,24.96,68694,211818671.0,4.15,2.75,0.69,2.47
2018-03-13,600511,25.73,25.5,25.92,25.44,38381,118234671.0,1.86,-1.01,-0.26,1.38
2018-03-14,600511,25.58,24.92,25.58,24.75,37981,114601379.0,3.25,-2.27,-0.58,1.37
2018-03-15,600511,25.02,24.5,25.12,24.39,31601,94401817.0,2.93,-1.69,-0.42,1.14
2018-03-16,600511,24.53,24.54,24.88,24.33,34723,103366665.0,2.24,0.16,0.04,1.25
2018-03-19,600511,24.61,25.48,25.52,24.39,45673,138216257.0,4.6,3.83,0.94,1.65
2018-03-20,600511,25.31,25.54,25.89,25.17,49883,153377800.0,2.83,0.24,0.06,1.8
2018-03-21,600511,25.63,25.35,25.92,25.25,48531,149421021.0,2.62,-0.74,-0.19,1.75
2018-03-22,600511,25.36,24.95,25.63,24.68,42869,129073929.0,3.75,-1.58,-0.4,1.54
2018-03-23,600511,24.03,24.28,24.81,22.83,64136,189689445.0,7.94,-2.69,-0.67,2.31
2018-03-26,600511,23.91,24.6,24.92,23.84,60097,177886458.0,4.45,1.32,0.32,2.16
2018-03-27,600511,24.93,24.96,25.4,24.63,71931,217670970.0,3.13,1.46,0.36,2.59
2018-03-28,600511,24.52,24.51,25.52,24.33,57084,171912875.0,4.77,-1.8,-0.45,2.06
2018-03-29,600511,24.65,24.29,24.97,24.28,46423,137985702.0,2.82,-0.9,-0.22,1.67
2018-03-30,600511,24.51,25.43,25.51,24.36,56940,172060919.0,4.73,4.69,1.14,2.05
2018-04-02,600511,25.41,25.4,25.92,25.13,72313,222359599.0,3.11,-0.12,-0.03,2.6
2018-04-03,600511,25.2,25.82,25.94,25.06,64268,197422513.0,3.46,1.65,0.42,2.31
2018-04-04,600511,26.06,25.61,26.61,25.51,101042,316278480.0,4.26,-0.81,-0.21,3.64
2018-04-09,600511,25.57,26.46,26.63,25.57,97328,307107280.0,4.14,3.32,0.85,3.51
2018-04-10,600511,26.58,26.5,26.62,26.07,59745,187982999.0,2.08,0.15,0.04,2.15
2018-04-11,600511,25.68,25.27,25.69,24.2,222464,666696880.0,5.62,-4.64,-1.23,8.01
2018-04-12,600511,24.75,24.69,25.03,24.56,72541,217235581.0,1.86,-2.3,-0.58,2.61
2018-04-13,600511,24.84,23.75,25.01,23.71,72182,211648860.0,5.27,-3.81,-0.94,2.6
2018-04-16,600511,23.75,23.63,24.1,23.32,41876,120864538.0,3.28,-0.51,-0.12,1.51
2018-04-17,600511,23.62,23.44,23.88,23.33,43332,124651795.0,2.33,-0.8,-0.19,1.56
2018-04-18,600511,23.71,23.51,23.75,22.58,32807,93241274.0,4.99,0.3,0.07,1.18
2018-04-19,600511,23.29,23.71,23.76,23.29,26046,75026964.0,2.0,0.85,0.2,0.94
2018-04-20,600511,23.68,22.28,23.68,22.23,33373,93907863.0,6.12,-6.03,-1.43,1.2
2018-04-23,600511,22.43,21.12,22.58,20.8,82141,218057835.0,7.99,-5.21,-1.16,2.96
2018-04-24,600511,21.15,23.05,23.49,21.15,66716,184855981.0,11.08,9.14,1.93,2.4
2018-04-25,600511,22.85,23.06,23.28,22.74,40012,112738255.0,2.34,0.04,0.01,1.44
2018-04-26,600511,23.01,22.89,23.95,22.84,36654,104200431.0,4.81,-0.74,-0.17,1.32
2018-04-27,600511,23.08,23.24,23.7,22.93,38758,110665907.0,3.36,1.53,0.35,1.4
2018-05-02,600511,23.24,22.87,23.48,22.48,39772,111320819.0,4.3,-1.59,-0.37,1.43
2018-05-03,600511,22.87,23.05,23.1,22.57,27581,77296171.0,2.32,0.79,0.18,0.99
2018-05-04,600511,23.05,23.53,23.73,22.93,28995,82932163.0,3.47,2.08,0.48,1.04
2018-05-07,600511,23.65,24.12,24.41,23.38,42908,125653156.0,4.38,2.51,0.59,1.55
2018-05-08,600511,24.19,24.01,24.67,23.99,41647,122917976.0,2.82,-0.46,-0.11,1.5
2018-05-09,600511,24.08,24.07,24.23,23.77,24392,71122946.0,1.92,0.25,0.06,0.88
2018-05-10,600511,24.24,24.33,24.36,24.06,22746,66870801.0,1.25,1.08,0.26,0.82
2018-05-11,600511,24.41,24.04,24.78,23.66,29725,87174256.0,4.6,-1.19,-0.29,1.07
2018-05-14,600511,24.17,24.15,24.24,23.68,26355,76727689.0,2.33,0.46,0.11,0.95
2018-05-15,600511,24.2,24.52,24.58,24.05,31877,93879570.0,2.19,1.53,0.37,1.15
2018-05-16,600511,24.44,24.4,24.71,24.24,35160,104421498.0,1.92,-0.49,-0.12,1.27
2018-05-17,600511,24.36,23.6,24.52,23.43,35894,103811593.0,4.47,-3.28,-0.8,1.29
2018-05-18,600511,23.56,23.58,23.83,23.28,25554,73363570.0,2.33,-0.08,-0.02,0.92
2018-05-21,600511,23.83,23.32,23.99,23.28,37404,107317170.0,3.01,-1.1,-0.26,1.35
2018-05-22,600511,23.28,23.77,23.83,23.19,36219,104399732.0,2.74,1.93,0.45,1.3
2018-05-23,600511,23.69,23.7,24.23,23.65,49480,144256920.0,2.44,-0.29,-0.07,1.78
2018-05-24,600511,23.74,23.96,24.24,23.59,36512,106665519.0,2.74,1.1,0.26,1.32
2018-05-25,600511,24.1,23.44,24.1,23.28,40218,115899768.0,3.42,-2.17,-0.52,1.45
2018-05-28,600511,23.51,23.28,23.67,22.89,32128,91302328.0,3.33,-0.68,-0.16,1.16
2018-05-29,600511,23.18,23.32,24.28,23.18,40608,117446515.0,4.73,0.17,0.04,1.46
2018-05-30,600511,23.12,22.66,23.48,22.54,33568,94290096.0,4.03,-2.83,-0.66,1.21
2018-05-31,600511,23.03,23.37,23.59,22.79,31598,89526076.0,3.53,3.13,0.71,1.14
2018-06-01,600511,23.49,23.39,24.16,23.29,40956,116325806.0,3.72,0.09,0.02,1.48
2018-06-04,600511,23.34,23.6,23.84,22.58,42170,118088118.0,5.39,0.9,0.21,1.52
2018-06-05,600511,23.58,24.62,24.64,23.56,50917,147954437.0,4.58,4.32,1.02,1.83
2018-06-06,600511,24.72,24.62,24.98,24.39,27942,81954109.0,2.4,0.0,0.0,1.01
2018-06-07,600511,24.63,24.41,24.77,24.08,29181,85017737.0,2.8,-0.85,-0.21,1.05
2018-06-08,600511,24.23,24.48,24.64,24.08,26207,76310791.0,2.29,0.29,0.07,0.94
2018-06-11,600511,24.29,23.9,24.53,23.66,29426,84710979.0,3.55,-2.37,-0.58,1.06
2018-06-12,600511,24.1,24.68,24.7,23.9,29602,86211452.0,3.35,3.26,0.78,1.07
2018-06-13,600511,24.68,24.31,24.83,24.21,28264,82796923.0,2.51,-1.5,-0.37,1.02
2018-06-14,600511,24.16,23.98,24.35,23.68,26452,75770502.0,2.76,-1.36,-0.33,0.95
2018-06-15,600511,23.88,23.58,24.02,23.38,20019,56673312.0,2.67,-1.67,-0.4,0.72
2018-06-19,600511,23.25,22.28,23.71,22.06,29074,80145171.0,7.0,-5.51,-1.3,1.05
2018-06-20,600511,22.27,22.07,22.48,21.81,29868,80195717.0,3.01,-0.94,-0.21,1.08
2018-06-21,600511,22.1,21.99,22.53,21.9,22886,61639855.0,2.85,-0.36,-0.08,0.82
2018-06-22,600511,22.07,22.22,22.36,21.49,27365,73206291.0,3.96,1.05,0.23,0.99
2018-06-25,600511,22.39,22.63,22.93,22.22,32378,88492877.0,3.2,1.85,0.41,1.17
2018-06-26,600511,22.41,22.41,23.16,22.16,26065,71045660.0,4.42,-0.97,-0.22,0.94
2018-06-27,600511,22.39,22.28,22.72,22.17,16135,43863402.0,2.45,-0.58,-0.13,0.58
2018-06-28,600511,22.28,21.92,22.3,21.79,15613,41826363.0,2.29,-1.62,-0.36,0.56
2018-06-29,600511,22.17,22.23,22.37,21.68,19704,52890321.0,3.15,1.41,0.31,0.71
2018-07-02,600511,22.28,21.6,22.35,21.29,17434,46471747.0,4.77,-2.83,-0.63,0.63
2018-07-03,600511,21.58,20.93,21.76,20.18,44253,113115326.0,7.31,-3.1,-0.67,1.59
2018-07-04,600511,20.79,19.76,21.02,19.71,49911,124589672.0,6.26,-5.59,-1.17,1.8
2018-07-05,600511,19.9,18.99,20.06,18.94,44300,107371768.0,5.67,-3.9,-0.77,1.6
2018-07-06,600511,18.85,18.74,19.22,17.98,44052,103191696.0,6.53,-1.32,-0.25,1.59
2018-07-09,600511,19.71,20.26,20.35,19.38,81385,200939262.0,5.18,8.11,1.52,2.93
2018-07-10,600511,20.09,21.83,22.07,19.95,85402,221421044.0,10.46,7.75,1.57,3.08
2018-07-11,600511,21.43,21.86,22.2,20.88,48407,128024535.0,6.05,0.14,0.03,1.74
2018-07-12,600511,21.78,22.18,22.56,21.76,28119,76011265.0,3.66,1.46,0.32,1.01
2018-07-13,600511,22.04,22.85,23.04,21.93,38281,105249607.0,5.0,3.02,0.67,1.38
2018-07-16,600511,22.73,22.82,23.01,22.48,29589,81273692.0,2.32,-0.13,-0.03,1.07
2018-07-17,600511,22.73,22.61,22.95,22.13,23157,63002292.0,3.59,-0.92,-0.21,0.83
2018-07-18,600511,22.7,22.66,23.34,22.58,31944,88455320.0,3.36,0.22,0.05,1.15
2018-07-19,600511,22.77,22.11,22.95,21.89,29352,79326529.0,4.68,-2.43,-0.55,1.06
2018-07-20,600511,22.65,22.73,23.07,22.31,29361,80531735.0,3.44,2.8,0.62,1.06
2018-07-23,600511,22.44,21.55,22.44,20.73,58926,155110755.0,7.52,-5.19,-1.18,2.12
2018-07-24,600511,21.52,23.54,23.83,21.29,81704,227002595.0,11.79,9.23,1.99,2.94
2018-07-25,600511,23.62,23.46,23.66,23.16,53986,151932549.0,2.12,-0.34,-0.08,1.94
2018-07-26,600511,23.45,23.01,23.72,22.88,45730,128034813.0,3.58,-1.92,-0.45,1.65
2018-07-27,600511,23.29,22.91,23.39,22.69,34163,95148376.0,3.04,-0.43,-0.1,1.23
2018-07-30,600511,22.9,22.12,23.06,21.99,27564,74298499.0,4.67,-3.45,-0.79,0.99
2018-07-31,600511,22.13,21.99,22.58,21.92,16969,45595642.0,2.98,-0.59,-0.13,0.61
2018-08-01,600511,22.18,21.41,22.18,21.22,30726,81584379.0,4.37,-2.64,-0.58,1.11
2018-08-02,600511,21.48,21.2,21.48,20.88,27991,72381038.0,2.8,-0.98,-0.21,1.01
2018-08-03,600511,21.28,20.43,21.3,20.35,27964,71222697.0,4.48,-3.63,-0.77,1.01
2018-08-06,600511,20.42,19.6,20.42,18.99,38318,93622513.0,7.0,-4.06,-0.83,1.38
2018-08-07,600511,19.53,19.94,20.08,18.84,54153,131168769.0,6.33,1.73,0.34,1.95
2018-08-08,600511,19.88,19.34,19.9,19.18,28598,69090930.0,3.61,-3.01,-0.6,1.03
2018-08-09,600511,19.15,20.01,20.29,18.93,33569,82516172.0,7.03,3.46,0.67,1.21
2018-08-10,600511,19.91,20.41,20.76,19.91,25996,65362053.0,4.25,2.0,0.4,0.94
2018-08-13,600511,20.02,20.47,20.68,19.98,27487,68798981.0,3.43,0.29,0.06,0.99
2018-08-14,600511,20.49,20.63,20.77,20.24,22982,58215573.0,2.59,0.78,0.16,0.83
2018-08-15,600511,20.49,19.77,20.61,19.73,30168,74593822.0,4.27,-4.17,-0.86,1.09
2018-08-16,600511,19.49,19.95,20.24,19.32,23059,56901988.0,4.65,0.91,0.18,0.83
2018-08-17,600511,20.05,19.78,20.23,19.37,20665,50513405.0,4.31,-0.85,-0.17,0.74
2018-08-20,600511,19.48,19.52,19.74,18.88,50807,121978976.0,4.35,-1.31,-0.26,1.83
2018-08-21,600511,19.51,21.06,21.11,19.3,37627,94310997.0,9.27,7.89,1.54,1.36
2018-08-22,600511,20.81,20.43,20.93,20.29,19804,49977515.0,3.04,-2.99,-0.63,0.71
2018-08-23,600511,20.53,20.17,20.53,19.98,21796,54329328.0,2.69,-1.27,-0.26,0.79
2018-08-24,600511,20.1,20.51,20.84,19.89,35389,89019753.0,4.71,1.69,0.34,1.27
2018-08-27,600511,20.71,21.24,21.46,20.58,34061,87983452.0,4.29,3.56,0.73,1.23
2018-08-28,600511,21.29,21.68,22.01,21.28,31545,83452694.0,3.44,2.07,0.44,1.14
2018-08-29,600511,21.68,21.83,22.11,21.6,31165,82791810.0,2.35,0.69,0.15,1.12
2018-08-30,600511,21.69,21.66,21.98,21.49,16696,44101047.0,2.24,-0.78,-0.17,0.6
2018-08-31,600511,21.39,21.16,21.57,20.84,24474,63439951.0,3.37,-2.31,-0.5,0.88
2018-09-03,600511,21.3,21.53,21.9,21.29,21108,55547448.0,2.88,1.75,0.37,0.76
2018-09-04,600511,21.61,21.47,21.93,21.38,34041,89891442.0,2.55,-0.28,-0.06,1.23
2018-09-05,600511,21.56,21.55,22.0,21.3,39035,103324623.0,3.26,0.37,0.08,1.41
2018-09-06,600511,21.41,21.14,21.77,20.79,23470,60888757.0,4.55,-1.9,-0.41,0.85
2018-09-07,600511,20.94,21.43,21.63,20.94,29648,77314094.0,3.26,1.37,0.29,1.07
2018-09-10,600511,21.64,21.8,22.23,21.2,30877,81985924.0,4.81,1.73,0.37,1.11
2018-09-11,600511,21.83,21.72,21.83,21.23,28726,75270677.0,2.75,-0.37,-0.08,1.03
2018-09-12,600511,21.59,21.73,21.96,21.29,21500,56627716.0,3.08,0.05,0.01,0.77
2018-09-13,600511,21.64,20.65,21.97,20.06,49910,126711514.0,8.79,-4.97,-1.08,1.8
2018-09-14,600511,20.74,21.74,22.01,20.4,42740,111200166.0,7.8,5.28,1.09,1.54
2018-09-17,600511,21.3,20.63,21.31,20.59,43561,112032522.0,3.31,-5.11,-1.11,1.57
2018-09-18,600511,20.63,20.84,21.15,20.4,27517,70177639.0,3.64,1.02,0.21,0.99
2018-09-19,600511,20.9,20.81,21.18,20.48,38343,98363961.0,3.36,-0.14,-0.03,1.38
2018-09-20,600511,20.84,20.53,21.1,20.41,21416,54517824.0,3.32,-1.35,-0.28,0.77
2018-09-21,600511,20.56,21.48,21.63,20.46,34808,89852694.0,5.7,4.63,0.95,1.25
2018-09-25,600511,21.17,21.13,21.55,20.96,26060,67701862.0,2.75,-1.63,-0.35,0.94
2018-09-26,600511,21.18,21.62,21.77,20.99,34734,91056460.0,3.69,2.32,0.49,1.25
2018-09-27,600511,21.58,21.51,21.86,21.1,35567,93155342.0,3.52,-0.51,-0.11,1.28
2018-09-28,600511,21.47,21.54,21.68,21.28,24604,64406520.0,1.86,0.14,0.03,0.89
2018-10-08,600511,21.08,20.28,21.08,20.08,37030,93233623.0,4.64,-5.85,-1.26,1.33
2018-10-09,600511,20.28,20.78,20.96,20.28,30408,77404951.0,3.35,2.47,0.5,1.1
2018-10-10,600511,20.74,21.1,21.19,20.73,25685,66104679.0,2.21,1.54,0.32,0.93
2018-10-11,600511,20.61,20.39,21.37,20.13,34049,86912747.0,5.88,-3.36,-0.71,1.23
2018-10-12,600511,20.54,19.45,20.95,18.95,50057,122725938.0,9.81,-4.61,-0.94,1.8
2018-10-15,600511,19.45,19.41,20.08,19.38,25803,62890422.0,3.6,-0.21,-0.04,0.93
2018-10-16,600511,19.61,18.85,19.66,18.39,25537,60922194.0,6.54,-2.89,-0.56,0.92
2018-10-17,600511,18.94,18.84,19.24,18.34,29877,70454874.0,4.77,-0.05,-0.01,1.08
2018-10-18,600511,18.68,18.44,18.77,18.18,21006,48731145.0,3.13,-2.12,-0.4,0.76
2018-10-19,600511,18.38,18.86,19.07,17.79,35413,81650123.0,6.94,2.28,0.42,1.28
2018-10-22,600511,18.88,19.92,20.19,18.85,34235,83818836.0,7.1,5.62,1.06,1.23
2018-10-23,600511,20.02,19.95,20.16,19.5,29584,72885838.0,3.31,0.15,0.03,1.07
2018-10-24,600511,19.7,19.61,19.96,19.18,22567,54905707.0,3.91,-1.7,-0.34,0.81
2018-10-25,600511,19.18,20.51,20.52,18.84,40709,100250799.0,8.57,4.59,0.9,1.47
2018-10-26,600511,20.28,20.76,20.85,20.28,31739,80493061.0,2.78,1.22,0.25,1.14
2018-10-29,600511,20.63,20.54,21.38,20.19,32250,82104799.0,5.73,-1.06,-0.22,1.16
2018-10-30,600511,20.28,20.47,20.78,20.21,28677,72389662.0,2.78,-0.34,-0.07,1.03
2018-10-31,600511,20.56,20.5,20.92,20.16,30869,77953081.0,3.71,0.15,0.03,1.11
2018-11-01,600511,20.66,20.42,21.18,20.3,29822,76145273.0,4.29,-0.39,-0.08,1.07
2018-11-02,600511,21.03,20.96,21.17,20.48,37339,95662890.0,3.38,2.64,0.54,1.34
2018-11-05,600511,20.97,20.55,21.05,20.34,30751,77998314.0,3.39,-1.96,-0.41,1.11
2018-11-06,600511,20.63,20.55,20.63,20.07,23527,58891178.0,2.73,0.0,0.0,0.85
2018-11-07,600511,20.48,20.42,20.72,20.21,41351,104360430.0,2.48,-0.63,-0.13,1.49
2018-11-08,600511,20.63,20.23,20.66,20.14,18260,45865012.0,2.55,-0.93,-0.19,0.66
2018-11-09,600511,19.99,20.23,20.34,19.99,20519,51111122.0,1.73,0.0,0.0,0.74
2018-11-12,600511,20.23,21.28,21.46,19.99,59667,153535366.0,7.27,5.19,1.05,2.15
2018-11-13,600511,21.09,22.12,22.26,21.05,55750,148229846.0,5.69,3.95,0.84,2.01
2018-11-14,600511,22.06,22.2,22.68,22.05,32202,86985970.0,2.85,0.36,0.08,1.16
2018-11-15,600511,22.2,22.33,22.49,21.99,25173,68093850.0,2.25,0.59,0.13,0.91
2018-11-16,600511,22.27,22.46,22.66,22.08,23751,64475251.0,2.6,0.58,0.13,0.86
2018-11-19,600511,22.44,22.73,23.06,21.88,28279,77278157.0,5.25,1.2,0.27,1.02
2018-11-20,600511,22.74,21.93,22.89,21.88,19334,52351554.0,4.44,-3.52,-0.8,0.7
2018-11-21,600511,21.72,22.23,22.66,21.68,25318,68272012.0,4.47,1.37,0.3,0.91
2018-11-22,600511,22.42,22.66,22.74,22.35,18227,49737065.0,1.75,1.93,0.43,0.66
2018-11-23,600511,22.53,22.27,22.77,21.88,15196,41007623.0,3.93,-1.72,-0.39,0.55
2018-11-26,600511,21.97,21.77,22.1,21.51,21374,56839774.0,2.65,-2.25,-0.5,0.77
2018-11-27,600511,22.06,22.13,22.56,21.78,20788,55948241.0,3.58,1.65,0.36,0.75
2018-11-28,600511,22.25,21.65,22.25,21.35,40109,105772685.0,4.07,-2.17,-0.48,1.44
2018-11-29,600511,21.71,22.17,22.53,21.71,26759,72063933.0,3.79,2.4,0.52,0.96
2018-11-30,600511,22.4,21.83,22.53,21.7,31381,83897198.0,3.74,-1.53,-0.34,1.13
2018-12-03,600511,21.95,22.43,22.83,21.71,58784,159146502.0,5.13,2.75,0.6,2.12
2018-12-04,600511,22.26,22.54,22.81,22.18,26649,72442592.0,2.81,0.49,0.11,0.96
2018-12-05,600511,22.37,22.39,22.59,22.13,18024,48778405.0,2.04,-0.67,-0.15,0.65
2018-12-06,600511,22.33,21.02,22.34,20.22,61299,157236694.0,9.47,-6.12,-1.37,2.21
2018-12-07,600511,20.47,19.87,20.76,19.64,67345,167143738.0,5.33,-5.47,-1.15,2.43
2018-12-10,600511,19.71,19.5,20.03,19.44,28826,70341342.0,2.97,-1.86,-0.37,1.04
2018-12-11,600511,19.85,19.76,20.0,19.44,24672,60379032.0,2.87,1.33,0.26,0.89
2018-12-12,600511,19.78,19.28,19.83,19.17,42888,103369793.0,3.34,-2.43,-0.48,1.54
2018-12-13,600511,19.58,19.25,19.68,19.21,36381,87668822.0,2.44,-0.16,-0.03,1.31
2018-12-14,600511,19.35,18.93,19.35,18.86,28249,67155032.0,2.55,-1.66,-0.32,1.02
2018-12-17,600511,18.79,18.64,19.01,18.3,27145,63104228.0,3.75,-1.53,-0.29,0.98
2018-12-18,600511,18.64,18.83,19.07,18.51,30838,72739550.0,3.0,1.02,0.19,1.11
2018-12-19,600511,18.83,18.63,19.08,18.56,19325,45372982.0,2.76,-1.06,-0.2,0.7
2018-12-20,600511,18.35,18.49,18.63,18.04,27479,63169943.0,3.17,-0.75,-0.14,0.99
2018-12-21,600511,18.38,18.39,18.64,18.13,19695,45526559.0,2.76,-0.54,-0.1,0.71
2018-12-24,600511,18.55,18.59,18.94,18.27,23523,55018098.0,3.64,1.09,0.2,0.85
2018-12-25,600511,18.58,18.42,18.65,18.03,23986,55259343.0,3.34,-0.91,-0.17,0.86
2018-12-26,600511,18.43,18.73,18.83,18.43,20861,48895000.0,2.17,1.68,0.31,0.75
2018-12-27,600511,18.93,18.54,18.99,18.51,21946,51593189.0,2.56,-1.01,-0.19,0.79
2018-12-28,600511,18.53,18.53,18.78,18.28,15329,35563753.0,2.7,-0.05,-0.01,0.55
2019-01-02,600511,18.54,17.58,18.76,17.22,31840,71479741.0,8.31,-5.13,-0.95,1.15
2019-01-03,600511,17.46,17.28,17.66,16.95,23798,52282085.0,4.04,-1.71,-0.3,0.86
2019-01-04,600511,16.95,17.43,17.57,16.95,30022,66165548.0,3.59,0.87,0.15,1.08
2019-01-07,600511,17.58,17.84,18.06,17.47,23394,52686978.0,3.38,2.35,0.41,0.84
2019-01-08,600511,17.72,17.29,17.96,17.19,29329,64968305.0,4.32,-3.08,-0.55,1.06
2019-01-09,600511,17.36,17.21,17.54,17.19,45589,100885955.0,2.02,-0.46,-0.08,1.64
2019-01-10,600511,17.18,17.01,17.21,16.9,23383,50828828.0,1.8,-1.16,-0.2,0.84
2019-01-11,600511,17.01,16.75,17.18,16.4,34803,74550549.0,4.59,-1.53,-0.26,1.25
2019-01-14,600511,16.78,16.19,16.9,15.99,41701,88037846.0,5.43,-3.34,-0.56,1.5
2019-01-15,600511,16.23,16.62,16.62,16.13,34498,72928536.0,3.03,2.66,0.43,1.24
2019-01-16,600511,16.76,17.87,18.01,16.63,70552,156760333.0,8.3,7.52,1.25,2.54
2019-01-17,600511,17.82,17.59,17.95,17.58,28717,64593132.0,2.07,-1.57,-0.28,1.03
2019-01-18,600511,17.6,18.04,18.13,17.6,30933,70061020.0,3.01,2.56,0.45,1.11
2019-01-21,600511,18.04,18.58,18.71,17.98,35758,82874760.0,4.05,2.99,0.54,1.29
2019-01-22,600511,18.58,18.45,18.73,18.19,23388,54191741.0,2.91,-0.7,-0.13,0.84
2019-01-23,600511,18.45,18.34,18.55,18.1,17223,39684715.0,2.44,-0.6,-0.11,0.62
2019-01-24,600511,18.09,18.5,18.73,18.05,18482,42825019.0,3.71,0.87,0.16,0.67
2019-01-25,600511,18.53,18.6,18.64,18.35,13028,30341018.0,1.57,0.54,0.1,0.47
2019-01-28,600511,18.58,18.28,18.78,18.15,13451,31208060.0,3.39,-1.72,-0.32,0.48
2019-01-29,600511,18.23,18.22,18.4,17.66,18930,43208034.0,4.05,-0.33,-0.06,0.68
2019-01-30,600511,18.18,17.99,18.36,17.86,11079,25321004.0,2.74,-1.26,-0.23,0.4
2019-01-31,600511,18.18,18.02,18.36,17.78,13469,30683768.0,3.22,0.17,0.03,0.49
2019-02-01,600511,18.23,18.77,18.78,18.05,26299,61073656.0,4.05,4.16,0.75,0.95
2019-02-11,600511,18.73,18.75,19.03,18.58,25748,60462733.0,2.4,-0.11,-0.02,0.93
2019-02-12,600511,18.73,19.16,19.3,18.68,30794,73282881.0,3.31,2.19,0.41,1.11
2019-02-13,600511,19.11,19.29,19.45,18.88,32631,77711482.0,2.97,0.68,0.13,1.18
2019-02-14,600511,19.26,19.72,19.83,19.11,34949,84608304.0,3.73,2.23,0.43,1.26
2019-02-15,600511,19.64,19.44,19.83,19.39,16869,41058539.0,2.23,-1.42,-0.28,0.61
2019-02-18,600511,19.57,19.93,20.07,19.48,28158,69371993.0,3.03,2.52,0.49,1.01
2019-02-19,600511,19.88,19.58,20.33,19.33,34898,85877881.0,5.02,-1.76,-0.35,1.26
2019-02-20,600511,19.58,19.25,19.73,18.88,30901,74184843.0,4.34,-1.69,-0.33,1.11
2019-02-21,600511,19.37,19.23,19.56,19.07,32727,78777682.0,2.55,-0.1,-0.02,1.18
2019-02-22,600511,18.99,18.86,19.11,18.53,50308,118282262.0,3.02,-1.92,-0.37,1.81
2019-02-25,600511,18.87,19.99,20.13,18.86,70199,170111424.0,6.73,5.99,1.13,2.53
2019-02-26,600511,20.08,20.06,21.13,20.06,60546,152089860.0,5.35,0.35,0.07,2.18
2019-02-27,600511,20.06,19.97,20.45,19.83,54454,135345940.0,3.09,-0.45,-0.09,1.96
2019-02-28,600511,20.08,20.09,20.56,19.68,43520,108314299.0,4.41,0.6,0.12,1.57
2019-03-01,600511,20.21,20.11,20.35,19.78,32622,80884819.0,2.84,0.1,0.02,1.17
2019-03-04,600511,20.13,20.4,20.61,20.08,53323,134001602.0,2.64,1.44,0.29,1.92
2019-03-05,600511,20.41,20.29,20.43,19.97,50915,126649021.0,2.25,-0.54,-0.11,1.83
2019-03-06,600511,20.3,20.28,20.37,19.88,74283,184611852.0,2.41,-0.05,-0.01,2.68
2019-03-07,600511,20.33,20.13,20.35,19.78,75105,186221067.0,2.81,-0.74,-0.15,2.71
2019-03-08,600511,20.0,19.58,20.08,19.53,64882,159347729.0,2.73,-2.73,-0.55,2.34
2019-03-11,600511,19.68,20.22,20.23,19.68,47299,116902758.0,2.81,3.27,0.64,1.7
2019-03-12,600511,20.3,20.92,21.03,20.3,75185,191088890.0,3.61,3.46,0.7,2.71
2019-03-13,600511,20.83,20.28,21.08,20.16,43133,109311221.0,4.4,-3.06,-0.64,1.55
2019-03-14,600511,20.16,20.38,20.53,19.93,31228,77812224.0,2.96,0.49,0.1,1.12
2019-03-15,600511,20.37,20.38,20.62,20.13,37870,95021322.0,2.4,0.0,0.0,1.36
2019-03-18,600511,20.4,20.86,21.05,20.11,66973,169294214.0,4.61,2.36,0.48,2.41
2019-03-19,600511,20.86,20.78,21.2,20.62,39014,99831523.0,2.78,-0.38,-0.08,1.41
2019-03-20,600511,20.69,20.86,20.92,20.39,42618,108184632.0,2.55,0.38,0.08,1.53
2019-03-21,600511,20.87,21.07,21.19,20.85,43147,110999710.0,1.63,1.01,0.21,1.55
2019-03-22,600511,21.4,22.25,22.35,21.09,79132,208879013.0,5.98,5.6,1.18,2.85
2019-03-25,600511,21.79,21.88,22.76,21.68,60289,162685966.0,4.85,-1.66,-0.37,2.17
2019-03-26,600511,21.89,21.18,22.38,21.09,48220,127974067.0,5.9,-3.2,-0.7,1.74
2019-03-27,600511,21.46,22.2,22.27,21.08,58093,153955808.0,5.62,4.82,1.02,2.09
2019-03-28,600511,21.9,21.34,21.97,21.23,46630,122575824.0,3.33,-3.87,-0.86,1.68
2019-03-29,600511,21.47,21.84,21.97,21.14,44537,117857689.0,3.89,2.34,0.5,1.6
2019-04-01,600511,22.01,22.55,22.63,22.01,66635,180803842.0,2.84,3.25,0.71,2.4
2019-04-02,600511,22.71,22.43,22.77,22.23,47793,130145142.0,2.39,-0.53,-0.12,1.72
2019-04-03,600511,22.48,22.54,23.01,22.3,49998,136838203.0,3.17,0.49,0.11,1.8
2019-04-04,600511,22.53,22.56,22.87,22.29,33054,89990209.0,2.57,0.09,0.02,1.19
2019-04-08,600511,22.5,22.18,22.86,21.88,58641,158707350.0,4.34,-1.68,-0.38,2.11
2019-04-09,600511,22.18,22.67,22.9,22.18,48339,131995070.0,3.25,2.21,0.49,1.74
2019-04-10,600511,22.63,23.04,23.42,22.38,65146,181006235.0,4.59,1.63,0.37,2.35
2019-04-11,600511,23.38,22.66,23.48,22.66,46780,129731279.0,3.56,-1.65,-0.38,1.68
2019-04-12,600511,22.52,23.01,23.21,22.09,48668,133537861.0,4.94,1.54,0.35,1.75
2019-04-15,600511,23.28,22.56,23.57,22.49,40355,111939704.0,4.69,-1.96,-0.45,1.45
2019-04-16,600511,22.65,23.18,23.28,22.46,48071,133189233.0,3.63,2.75,0.62,1.73
2019-04-17,600511,23.18,23.06,23.31,22.79,32365,89786518.0,2.24,-0.52,-0.12,1.17
2019-04-18,600511,23.03,22.7,23.13,22.5,20470,56256128.0,2.73,-1.56,-0.36,0.74
2019-04-19,600511,22.84,22.67,22.96,22.4,23550,64415525.0,2.47,-0.13,-0.03,0.85
2019-04-22,600511,22.71,22.7,23.04,22.56,26907,74001650.0,2.12,0.13,0.03,0.97
2019-04-23,600511,22.86,22.07,22.87,21.96,24821,67142487.0,4.01,-2.78,-0.63,0.89
2019-04-24,600511,22.07,21.68,22.25,21.29,46982,123600589.0,4.35,-1.77,-0.39,1.69
2019-04-25,600511,21.65,20.93,21.68,20.83,33163,86152911.0,3.92,-3.46,-0.75,1.19
2019-04-26,600511,20.93,20.17,21.04,20.17,46271,116427378.0,4.16,-3.63,-0.76,1.67
2019-04-29,600511,20.19,20.24,20.47,19.87,49342,122744205.0,2.97,0.35,0.07,1.78
2019-04-30,600511,19.85,20.11,20.39,19.85,35201,87606389.0,2.67,-0.64,-0.13,1.27
2019-05-06,600511,19.51,18.71,19.78,18.44,47774,113022694.0,6.66,-6.96,-1.4,1.72
2019-05-07,600511,18.78,18.68,19.32,18.47,50329,118623212.0,4.54,-0.16,-0.03,1.81
2019-05-08,600511,18.41,18.37,18.68,18.3,42677,99066613.0,2.03,-1.66,-0.31,1.54
2019-05-09,600511,18.18,17.99,18.37,17.9,50385,114494145.0,2.56,-2.07,-0.38,1.81
2019-05-10,600511,18.21,18.43,18.49,17.83,59283,136329833.0,3.67,2.45,0.44,2.14
2019-05-13,600511,18.23,18.31,18.53,18.09,37608,86478197.0,2.39,-0.65,-0.12,1.35
2019-05-14,600511,18.07,18.05,18.28,18.02,39404,90091275.0,1.42,-1.42,-0.26,1.42
2019-05-15,600511,18.18,18.38,18.43,18.18,45211,104163909.0,1.39,1.83,0.33,1.63
2019-05-16,600511,18.39,18.59,18.67,18.33,44803,104087248.0,1.85,1.14,0.21,1.61
2019-05-17,600511,18.62,17.99,18.78,17.8,42906,98418924.0,5.27,-3.23,-0.6,1.55
2019-05-20,600511,17.88,17.87,18.14,17.56,23542,53022470.0,3.22,-0.67,-0.12,0.85
2019-05-21,600511,17.93,18.03,18.21,17.75,27274,62113199.0,2.57,0.9,0.16,0.98
2019-05-22,600511,17.98,18.01,18.18,17.86,19627,44569945.0,1.77,-0.11,-0.02,0.71
2019-05-23,600511,18.04,17.87,18.13,17.68,26506,60036718.0,2.5,-0.78,-0.14,0.95
2019-05-24,600511,17.71,17.79,17.99,17.71,15139,34157607.0,1.57,-0.45,-0.08,0.55
2019-05-27,600511,17.79,18.1,18.21,17.61,22976,52089029.0,3.37,1.74,0.31,0.83
2019-05-28,600511,18.08,18.1,18.21,17.99,20165,46065651.0,1.22,0.0,0.0,0.73
2019-05-29,600511,18.09,18.11,18.28,17.89,25506,58193435.0,2.15,0.06,0.01,0.92
2019-05-30,600511,18.11,18.03,18.11,17.75,17682,40001617.0,1.99,-0.44,-0.08,0.64
2019-05-31,600511,18.23,18.26,18.33,17.98,21911,49343491.0,1.94,1.28,0.23,0.79
2019-06-03,600511,18.34,17.95,18.4,17.81,22832,51057344.0,3.23,-1.7,-0.31,0.82
2019-06-04,600511,17.96,17.81,18.12,17.72,16272,36105992.0,2.23,-0.78,-0.14,0.59
2019-06-05,600511,17.86,17.42,17.93,16.97,43565,94377848.0,5.39,-2.19,-0.39,1.57
2019-06-06,600511,17.3,16.98,17.35,16.92,25576,54572891.0,2.47,-2.53,-0.44,0.92
2019-06-10,600511,17.08,17.13,17.45,16.8,23133,49818251.0,3.83,0.88,0.15,0.83
2019-06-11,600511,17.23,18.08,18.12,17.1,33845,74409584.0,5.95,5.55,0.95,1.22
2019-06-12,600511,18.08,17.9,18.08,17.7,15959,35407723.0,2.1,-1.0,-0.18,0.57
2019-06-13,600511,17.91,17.84,17.96,17.64,16873,37309438.0,1.79,-0.34,-0.06,0.61
2019-06-14,600511,17.85,17.86,18.02,17.73,20472,45476276.0,1.63,0.11,0.02,0.74
2019-06-17,600511,17.81,17.86,18.07,17.68,19557,43438410.0,2.18,0.0,0.0,0.7
2019-06-18,600511,17.93,17.71,18.06,17.63,17802,39307396.0,2.41,-0.84,-0.15,0.64
2019-06-19,600511,18.01,17.87,18.27,17.84,23513,52561210.0,2.43,0.9,0.16,0.85
2019-06-20,600511,17.88,18.22,18.58,17.8,23981,54007752.0,4.36,1.96,0.35,0.86
2019-06-21,600511,18.27,18.29,18.66,18.22,32574,74365688.0,2.41,0.38,0.07,1.17
2019-06-24,600511,18.45,18.38,18.52,18.14,19491,44131427.0,2.08,0.49,0.09,0.7
2019-06-25,600511,18.42,19.01,19.23,18.38,49174,113346428.0,4.62,3.43,0.63,1.77
2019-06-26,600511,18.87,19.05,19.26,18.58,25287,58811843.0,3.58,0.21,0.04,0.91
2019-06-27,600511,19.05,19.03,19.23,18.96,19913,46588617.0,1.42,-0.1,-0.02,0.72
2019-06-28,600511,18.99,18.65,19.02,18.44,17649,40513674.0,3.05,-2.0,-0.38,0.64
2019-07-01,600511,18.91,19.18,19.18,18.8,28830,67368758.0,2.04,2.84,0.53,1.04
2019-07-02,600511,19.05,19.23,19.51,19.01,24711,58314643.0,2.61,0.26,0.05,0.89
2019-07-03,600511,19.23,18.63,19.25,18.34,38500,88903070.0,4.73,-3.12,-0.6,1.39
2019-07-04,600511,18.65,18.88,19.14,18.59,28169,65384213.0,2.95,1.34,0.25,1.01
2019-07-05,600511,18.88,19.08,19.16,18.78,17640,41149595.0,2.01,1.06,0.2,0.64
2019-07-08,600511,18.93,18.4,19.01,18.34,20059,45946253.0,3.51,-3.56,-0.68,0.72
2019-07-09,600511,18.41,18.47,18.76,18.31,18960,43302757.0,2.45,0.38,0.07,0.68
2019-07-10,600511,18.65,18.39,18.65,18.27,17605,40038814.0,2.06,-0.43,-0.08,0.63
2019-07-11,600511,18.51,18.93,18.97,18.4,22224,51268261.0,3.1,2.94,0.54,0.8
2019-07-12,600511,18.93,19.1,19.25,18.77,20739,48495583.0,2.54,0.9,0.17,0.75
2019-07-15,600511,19.17,19.35,19.57,18.89,27518,64973962.0,3.56,1.31,0.25,0.99
2019-07-16,600511,19.31,19.18,19.43,19.02,15350,36088236.0,2.12,-0.88,-0.17,0.55
2019-07-17,600511,19.18,19.17,19.38,19.0,16494,38735939.0,1.98,-0.05,-0.01,0.59
2019-07-18,600511,19.05,18.63,19.06,18.52,16070,36995130.0,2.82,-2.82,-0.54,0.58
2019-07-19,600511,18.66,18.58,18.83,18.49,26280,60300880.0,1.83,-0.27,-0.05,0.95
2019-07-22,600511,18.63,18.28,18.65,17.9,22492,50762574.0,4.04,-1.61,-0.3,0.81
2019-07-23,600511,18.3,18.2,18.52,18.07,19020,42872012.0,2.46,-0.44,-0.08,0.69
2019-07-24,600511,18.24,18.3,18.42,18.14,22628,51178269.0,1.54,0.55,0.1,0.82
2019-07-25,600511,18.25,18.34,18.42,18.15,20486,46350752.0,1.48,0.22,0.04,0.74
2019-07-26,600511,18.34,18.44,18.5,18.21,17924,40662157.0,1.58,0.55,0.1,0.65
2019-07-29,600511,18.32,18.34,18.63,18.15,31465,71329099.0,2.6,-0.54,-0.1,1.13
2019-07-30,600511,18.28,18.5,18.64,18.22,25885,59094503.0,2.29,0.87,0.16,0.93
2019-07-31,600511,18.38,19.09,19.13,18.38,40973,95108378.0,4.05,3.19,0.59,1.48
2019-08-01,600511,18.93,18.96,19.09,18.74,33213,77264695.0,1.83,-0.68,-0.13,1.2
2019-08-02,600511,18.45,19.26,19.46,18.42,45921,107878261.0,5.49,1.58,0.3,1.65
2019-08-05,600511,19.21,19.4,19.96,19.06,59508,142551842.0,4.67,0.73,0.14,2.14
2019-08-06,600511,19.14,19.34,19.55,18.84,37495,88179285.0,3.66,-0.31,-0.06,1.35
2019-08-07,600511,19.54,19.69,19.86,19.14,33508,79899032.0,3.72,1.81,0.35,1.21
2019-08-08,600511,19.69,20.64,20.77,19.68,60679,149874205.0,5.54,4.82,0.95,2.19
2019-08-09,600511,20.68,21.17,21.54,20.68,71896,183432471.0,4.17,2.57,0.53,2.59
2019-08-12,600511,21.17,21.09,21.27,20.6,49016,123716428.0,3.16,-0.38,-0.08,1.77
2019-08-13,600511,20.92,20.93,21.1,20.52,41649,104539036.0,2.75,-0.76,-0.16,1.5
2019-08-14,600511,21.02,20.58,21.13,20.34,68131,170010812.0,3.77,-1.67,-0.35,2.45
2019-08-15,600511,20.19,20.69,20.8,20.17,50236,124919953.0,3.06,0.53,0.11,1.81
2019-08-16,600511,20.67,21.12,21.66,20.63,72251,184809150.0,4.98,2.08,0.43,2.6
2019-08-19,600511,21.08,21.34,21.76,20.98,70990,183010862.0,3.69,1.04,0.22,2.56
2019-08-20,600511,21.3,21.18,21.48,20.93,37528,95611928.0,2.58,-0.75,-0.16,1.35
2019-08-21,600511,21.28,21.4,21.4,20.76,34674,88257627.0,3.02,1.04,0.22,1.25
2019-08-22,600511,22.58,23.97,23.97,22.52,114908,319373296.0,6.78,12.01,2.57,4.14
2019-08-23,600511,24.67,25.16,25.62,24.34,202147,591739040.0,5.34,4.96,1.19,7.28
2019-08-26,600511,24.89,25.84,26.62,24.89,157062,473339504.0,6.88,2.7,0.68,5.66
2019-08-27,600511,25.68,25.9,26.42,25.59,106869,323115184.0,3.21,0.23,0.06,3.85
2019-08-28,600511,25.99,25.38,26.0,25.24,71497,213356606.0,2.93,-2.01,-0.52,2.58
2019-08-29,600511,25.56,25.34,25.63,25.08,62928,186807989.0,2.17,-0.16,-0.04,2.27
2019-08-30,600511,25.29,25.01,25.64,24.75,57685,169763943.0,3.51,-1.3,-0.33,2.08
2019-09-02,600511,25.18,25.28,25.34,24.83,63873,187891304.0,2.04,1.08,0.27,2.3
2019-09-03,600511,25.28,24.61,25.34,24.09,121162,348585712.0,4.94,-2.65,-0.67,4.36
2019-09-04,600511,24.61,24.46,24.85,23.99,75258,215674156.0,3.49,-0.61,-0.15,2.71
2019-09-05,600511,24.55,24.48,25.24,24.41,95462,277584368.0,3.39,0.08,0.02,3.44
2019-09-06,600511,24.58,24.88,25.0,24.0,62598,181569357.0,4.08,1.63,0.4,2.25
2019-09-09,600511,25.28,24.66,25.33,24.39,69970,202624604.0,3.78,-0.88,-0.22,2.52
2019-09-10,600511,24.67,25.47,25.7,24.43,90086,266611774.0,5.15,3.28,0.81,3.24
2019-09-11,600511,25.04,24.23,25.38,24.06,72740,208971523.0,5.18,-4.87,-1.24,2.62
2019-09-12,600511,24.35,24.28,24.53,23.71,51652,146411635.0,3.38,0.21,0.05,1.86
2019-09-16,600511,24.15,24.37,24.57,23.93,40638,116384254.0,2.64,0.37,0.09,1.46
2019-09-17,600511,24.43,24.05,24.57,23.76,35084,99715109.0,3.32,-1.31,-0.32,1.26
2019-09-18,600511,24.06,24.05,24.35,23.86,28147,79982169.0,2.04,0.0,0.0,1.01
2019-09-19,600511,24.05,24.28,25.06,24.05,57332,165416303.0,4.2,0.96,0.23,2.06
2019-09-20,600511,24.46,23.96,24.46,23.64,49532,139827124.0,3.38,-1.32,-0.32,1.78
2019-09-23,600511,23.96,23.48,24.16,23.03,51705,143749875.0,4.72,-2.0,-0.48,1.86
2019-09-24,600511,23.77,23.59,24.23,23.33,59469,166875398.0,3.83,0.47,0.11,2.14
2019-09-25,600511,23.44,23.03,23.88,22.98,50490,139836223.0,3.82,-2.37,-0.56,1.82
2019-09-26,600511,23.09,22.89,23.7,22.61,36065,98958193.0,4.73,-0.61,-0.14,1.3
2019-09-27,600511,22.89,22.79,23.13,22.41,29079,78851615.0,3.15,-0.44,-0.1,1.05
2019-09-30,600511,22.89,22.93,23.33,22.64,30333,82915912.0,3.03,0.61,0.14,1.09
2019-10-08,600511,22.93,23.34,23.55,22.59,35944,98969038.0,4.19,1.79,0.41,1.29
2019-10-09,600511,22.85,22.78,23.27,22.26,63652,171901086.0,4.33,-2.4,-0.56,2.29
2019-10-10,600511,22.86,23.84,24.26,22.78,78698,221032385.0,6.5,4.65,1.06,2.83
2019-10-11,600511,24.13,23.65,24.13,23.4,46744,131233746.0,3.06,-0.8,-0.19,1.68
2019-10-14,600511,23.81,23.85,24.18,23.6,41550,117045676.0,2.45,0.85,0.2,1.5
2019-10-15,600511,23.82,24.1,25.05,23.73,66354,190902492.0,5.53,1.05,0.25,2.39
2019-10-16,600511,24.0,23.78,24.92,23.74,62374,178632459.0,4.9,-1.33,-0.32,2.25
2019-10-17,600511,24.26,24.4,25.42,23.79,81953,235668901.0,6.85,2.61,0.62,2.95
2019-10-18,600511,24.36,23.18,24.53,23.18,60465,169274544.0,5.53,-5.0,-1.22,2.18
2019-10-21,600511,23.18,23.66,24.03,23.05,48808,136580815.0,4.23,2.07,0.48,1.76
2019-10-22,600511,23.38,23.8,23.88,23.35,26874,75071096.0,2.24,0.59,0.14,0.97
2019-10-23,600511,23.92,22.91,23.92,22.69,53420,146269817.0,5.17,-3.74,-0.89,1.92
2019-10-24,600511,21.68,20.99,21.68,20.62,135699,343637856.0,4.63,-8.38,-1.92,4.89
2019-10-25,600511,21.01,21.1,21.33,20.51,60790,154092312.0,3.91,0.52,0.11,2.19
2019-10-28,600511,21.08,21.6,21.83,21.07,57588,148959907.0,3.6,2.37,0.5,2.07
2019-10-29,600511,21.61,21.33,21.85,21.1,50109,129358221.0,3.47,-1.25,-0.27,1.8
2019-10-30,600511,21.23,20.9,21.63,20.81,39606,100832834.0,3.84,-2.02,-0.43,1.43
2019-10-31,600511,20.88,20.76,21.45,20.58,39762,100306567.0,4.16,-0.67,-0.14,1.43
2019-11-01,600511,20.67,20.96,21.14,20.6,30826,77685049.0,2.6,0.96,0.2,1.11
2019-11-04,600511,21.03,21.4,21.98,21.01,44237,114442392.0,4.63,2.1,0.44,1.59
2019-11-05,600511,21.58,21.3,21.58,21.16,43257,111093533.0,1.96,-0.47,-0.1,1.56
2019-11-06,600511,21.3,20.93,21.37,20.8,30139,76545940.0,2.68,-1.74,-0.37,1.09
2019-11-07,600511,21.0,21.13,21.35,20.93,33645,85723495.0,2.01,0.96,0.2,1.21
2019-11-08,600511,21.28,20.99,21.55,20.92,34516,88015912.0,2.98,-0.66,-0.14,1.24
2019-11-11,600511,20.83,20.86,21.26,20.68,36787,93176260.0,2.76,-0.62,-0.13,1.32
2019-11-12,600511,20.86,20.83,20.97,20.58,28446,71225069.0,1.87,-0.14,-0.03,1.02
2019-11-13,600511,20.91,20.92,21.11,20.56,28280,71257218.0,2.64,0.43,0.09,1.02
2019-11-14,600511,21.05,20.86,21.23,20.71,31546,79747386.0,2.49,-0.29,-0.06,1.14
2019-11-15,600511,20.86,20.94,21.23,20.84,32765,83186254.0,1.87,0.38,0.08,1.18
2019-11-18,600511,20.69,21.08,21.12,20.69,20744,52411701.0,2.05,0.67,0.14,0.75
2019-11-19,600511,20.89,21.2,21.23,20.84,21233,54046840.0,1.85,0.57,0.12,0.76
2019-11-20,600511,21.21,21.0,21.48,20.99,30243,77313253.0,2.31,-0.94,-0.2,1.09
2019-11-21,600511,21.2,21.11,21.2,20.84,20916,53085494.0,1.71,0.52,0.11,0.75
2019-11-22,600511,21.08,20.78,21.28,20.61,33684,85062715.0,3.17,-1.56,-0.33,1.21
2019-11-25,600511,20.86,20.86,20.93,20.54,27665,69348417.0,1.88,0.38,0.08,1.0
2019-11-26,600511,20.85,20.15,20.94,20.15,65260,161642724.0,3.79,-3.4,-0.71,2.35
2019-11-27,600511,20.4,20.37,20.61,20.27,32411,80253161.0,1.69,1.09,0.22,1.17
2019-11-28,600511,20.38,20.18,20.52,20.1,30761,75715374.0,2.06,-0.93,-0.19,1.11
2019-11-29,600511,20.3,20.11,20.33,19.88,20206,49293120.0,2.23,-0.35,-0.07,0.73
2019-12-02,600511,19.98,19.85,20.16,19.8,26569,64448129.0,1.79,-1.29,-0.26,0.96
2019-12-03,600511,19.86,20.42,20.47,19.18,57510,139182513.0,6.5,2.87,0.57,2.07
2019-12-04,600511,20.11,20.19,20.29,19.94,23798,58070716.0,1.71,-1.13,-0.23,0.86
2019-12-05,600511,20.14,20.28,20.53,20.14,25036,61610691.0,1.93,0.45,0.09,0.9
2019-12-06,600511,20.28,20.07,20.32,19.9,26478,64446714.0,2.07,-1.04,-0.21,0.95
2019-12-09,600511,20.07,19.6,20.14,19.52,41303,99129165.0,3.09,-2.34,-0.47,1.49
2019-12-10,600511,19.58,19.96,19.98,19.52,31015,74873763.0,2.35,1.84,0.36,1.12
2019-12-11,600511,19.93,19.91,19.93,19.64,19107,46089848.0,1.45,-0.25,-0.05,0.69
2019-12-12,600511,19.92,19.62,19.92,19.59,20003,47994572.0,1.66,-1.46,-0.29,0.72
2019-12-13,600511,19.78,19.87,19.87,19.67,26529,63922472.0,1.02,1.27,0.25,0.96
2019-12-16,600511,20.08,22.29,22.29,20.08,118828,305199168.0,11.12,12.18,2.42,4.28
2019-12-17,600511,22.3,22.57,22.84,22.06,80059,213975232.0,3.5,1.26,0.28,2.88
2019-12-18,600511,22.77,21.97,22.77,21.83,66211,175601206.0,4.16,-2.66,-0.6,2.38
2019-12-19,600511,22.04,22.08,22.36,21.85,51064,134992204.0,2.32,0.5,0.11,1.84
2019-12-20,600511,21.95,22.18,22.54,21.71,46830,123901978.0,3.76,0.45,0.1,1.69
2019-12-23,600511,22.07,21.86,22.14,21.69,55466,145204303.0,2.03,-1.44,-0.32,2.0
2019-12-24,600511,21.68,22.04,22.12,21.58,37540,98336325.0,2.47,0.82,0.18,1.35
2019-12-25,600511,22.05,22.28,22.28,21.81,38523,101483412.0,2.13,1.09,0.24,1.39
2019-12-26,600511,22.26,22.21,22.6,21.93,34357,91111890.0,3.01,-0.31,-0.07,1.24
2019-12-27,600511,22.22,22.06,22.27,21.94,40777,107714031.0,1.49,-0.68,-0.15,1.47
2019-12-30,600511,22.08,22.56,22.58,21.78,55391,147265603.0,3.63,2.27,0.5,2.0
2019-12-31,600511,22.56,22.97,23.0,22.22,73003,197271374.0,3.46,1.82,0.41,2.63
2020-01-02,600511,23.01,24.22,24.73,22.56,95523,267384933.0,9.45,5.44,1.25,3.44
2020-01-03,600511,24.17,24.5,26.18,24.1,108934,319803552.0,8.59,1.16,0.28,3.92
2020-01-06,600511,24.39,25.48,26.18,24.23,114336,340626576.0,7.96,4.0,0.98,4.12
2020-01-07,600511,25.28,25.34,25.88,24.83,64045,189333508.0,4.12,-0.55,-0.14,2.31
2020-01-08,600511,25.15,25.55,25.83,24.51,57763,171187313.0,5.21,0.83,0.21,2.08
2020-01-09,600511,25.55,25.61,25.86,25.19,47010,140295852.0,2.62,0.23,0.06,1.69
2020-01-10,600511,25.67,25.44,26.28,25.13,48522,145225708.0,4.49,-0.66,-0.17,1.75
2020-01-13,600511,25.46,25.38,25.61,24.53,76506,224371344.0,4.25,-0.24,-0.06,2.76
2020-01-14,600511,25.38,25.58,25.98,24.98,51083,152348450.0,3.94,0.79,0.2,1.84
2020-01-15,600511,25.4,25.26,25.97,25.09,44127,131013886.0,3.44,-1.25,-0.32,1.59
2020-01-16,600511,25.19,25.28,25.78,24.93,49811,147322253.0,3.37,0.08,0.02,1.79
2020-01-17,600511,25.68,25.02,25.71,24.68,33245,97773344.0,4.07,-1.03,-0.26,1.2
2020-01-20,600511,25.3,25.03,25.56,24.23,56884,165741194.0,5.32,0.04,0.01,2.05
2020-01-21,600511,25.08,25.68,26.73,25.06,106157,321218288.0,6.67,2.6,0.65,3.82
2020-01-22,600511,25.47,26.16,26.63,24.89,75736,229816538.0,6.78,1.87,0.48,2.73
2020-01-23,600511,26.48,25.28,26.98,24.92,57683,173076754.0,7.87,-3.36,-0.88,2.08
2020-02-03,600511,22.68,25.01,27.96,22.68,124083,372976080.0,20.89,-1.07,-0.27,4.47
2020-02-04,600511,24.61,24.71,25.19,23.59,75864,219927964.0,6.4,-1.2,-0.3,2.73
2020-02-05,600511,24.76,25.74,26.07,23.93,131904,381235648.0,8.66,4.17,1.03,4.75
2020-02-06,600511,26.28,26.3,27.05,24.9,154688,472040928.0,8.35,2.18,0.56,5.57
2020-02-07,600511,27.53,28.06,29.18,26.69,184343,591417872.0,9.47,6.69,1.76,6.64
2020-02-10,600511,28.83,26.56,28.83,26.25,125824,395833968.0,9.19,-5.35,-1.5,4.53
2020-02-11,600511,26.07,25.26,26.07,24.75,107815,318634832.0,4.97,-4.89,-1.3,3.88
2020-02-12,600511,25.16,24.97,25.76,24.69,67590,198145078.0,4.24,-1.15,-0.29,2.43
2020-02-13,600511,24.97,23.93,25.22,23.75,92081,262044579.0,5.89,-4.16,-1.04,3.32
2020-02-14,600511,25.18,24.36,25.47,24.03,118364,344308032.0,6.02,1.8,0.43,4.26
2020-02-17,600511,24.68,24.68,24.74,23.96,88573,254441451.0,3.2,1.31,0.32,3.19
2020-02-18,600511,24.83,24.45,24.96,23.98,107335,308003376.0,3.97,-0.93,-0.23,3.87
2020-02-19,600511,24.49,23.76,24.49,23.73,88436,249713676.0,3.11,-2.82,-0.69,3.19
2020-02-20,600511,23.76,23.86,24.07,23.69,57289,161384915.0,1.6,0.42,0.1,2.06
2020-02-21,600511,23.93,23.73,24.05,23.42,90441,253731318.0,2.64,-0.54,-0.13,3.26
2020-02-24,600511,23.71,23.8,23.97,23.51,64982,182470124.0,1.94,0.29,0.07,2.34
2020-02-25,600511,23.68,23.85,24.38,23.38,98562,277393744.0,4.2,0.21,0.05,3.55
2020-02-26,600511,23.67,23.01,23.67,22.96,69319,191340820.0,2.98,-3.52,-0.84,2.5
2020-02-27,600511,23.01,23.15,23.48,22.97,69124,190432373.0,2.22,0.61,0.14,2.49
2020-02-28,600511,22.78,21.98,23.17,21.94,69583,186341542.0,5.31,-5.05,-1.17,2.51
2020-03-02,600511,21.97,22.43,22.52,21.97,65880,175474628.0,2.5,2.05,0.45,2.37
2020-03-03,600511,22.62,22.7,23.63,22.45,91803,250184117.0,5.26,1.2,0.27,3.31
2020-03-04,600511,22.53,22.87,23.01,22.27,47580,128962867.0,3.26,0.75,0.17,1.71
2020-03-05,600511,23.08,23.36,23.67,22.98,53350,147516928.0,3.02,2.14,0.49,1.92
2020-03-06,600511,23.28,23.29,23.72,23.18,54837,152357259.0,2.31,-0.3,-0.07,1.98
2020-03-09,600511,23.07,22.29,23.13,22.08,80611,215368681.0,4.51,-4.29,-1.0,2.9
2020-03-10,600511,21.93,22.52,22.62,21.78,66416,176439875.0,3.77,1.03,0.23,2.39
2020-03-11,600511,22.56,22.4,22.94,22.3,46493,124970184.0,2.84,-0.53,-0.12,1.67
2020-03-12,600511,22.23,21.45,22.38,21.33,55001,142851506.0,4.69,-4.24,-0.95,1.98
2020-03-13,600511,20.55,21.02,21.37,20.22,70987,177580313.0,5.36,-2.0,-0.43,2.56
2020-03-16,600511,21.07,20.64,21.75,20.53,56562,144930431.0,5.8,-1.81,-0.38,2.04
2020-03-17,600511,20.98,20.7,21.17,19.88,50599,125074230.0,6.25,0.29,0.06,1.82
2020-03-18,600511,20.86,20.28,21.27,20.28,41701,104926476.0,4.78,-2.03,-0.42,1.5
2020-03-19,600511,20.38,20.47,20.91,20.03,46319,114685906.0,4.34,0.94,0.19,1.67
2020-03-20,600511,20.85,21.17,21.18,20.59,36529,92098511.0,2.88,3.42,0.7,1.32
2020-03-23,600511,20.9,21.09,21.38,20.58,47121,119705939.0,3.78,-0.38,-0.08,1.7
2020-03-24,600511,21.18,22.08,22.15,21.18,61016,159265845.0,4.6,4.69,0.99,2.2
2020-03-25,600511,22.41,22.83,22.96,22.16,62151,167187021.0,3.62,3.4,0.75,2.24
2020-03-26,600511,22.54,22.64,23.04,22.45,37194,100502919.0,2.58,-0.83,-0.19,1.34
2020-03-27,600511,22.98,22.41,23.03,22.36,37229,100481517.0,2.96,-1.02,-0.23,1.34
2020-03-30,600511,23.22,24.34,24.75,22.41,171662,483876720.0,10.44,8.61,1.93,6.18
2020-03-31,600511,24.23,23.96,24.75,23.75,105477,301248624.0,4.11,-1.56,-0.38,3.8
2020-04-01,600511,23.8,23.8,24.32,22.98,107315,299751360.0,5.59,-0.67,-0.16,3.87
2020-04-02,600511,23.61,24.53,24.6,23.36,81332,231480275.0,5.21,3.07,0.73,2.93
2020-04-03,600511,24.56,25.76,26.14,24.45,150234,450052160.0,6.89,5.01,1.23,5.41
2020-04-07,600511,26.08,26.06,26.18,25.38,94463,284840464.0,3.11,1.16,0.3,3.4
2020-04-08,600511,25.86,27.72,28.2,25.62,168783,536507312.0,9.9,6.37,1.66,6.08
2020-04-09,600511,27.95,28.18,28.76,27.28,98794,320406480.0,5.34,1.66,0.46,3.56
2020-04-10,600511,28.63,27.22,29.0,26.91,106587,341802896.0,7.42,-3.41,-0.96,3.84
2020-04-13,600511,27.14,29.27,30.28,26.69,156619,520311360.0,13.19,7.53,2.05,5.64
2020-04-14,600511,30.67,31.42,32.58,28.39,276754,964374800.0,14.31,7.35,2.15,9.97
2020-04-15,600511,31.69,34.99,34.99,31.69,360460,1382068864.0,10.5,11.36,3.57,12.98
2020-04-16,600511,34.98,34.53,38.92,33.78,673882,2782401424.0,14.69,-1.31,-0.46,24.27
2020-04-17,600511,34.57,31.27,34.87,30.71,483219,1770476880.0,12.05,-9.44,-3.26,17.4
2020-04-20,600511,31.63,31.46,32.01,30.49,299439,1068811872.0,4.86,0.61,0.19,10.79
2020-04-21,600511,31.46,30.26,31.99,29.71,260239,912120688.0,7.25,-3.81,-1.2,9.37
2020-04-22,600511,29.9,30.65,30.81,29.04,218481,752385520.0,5.85,1.29,0.39,7.87
2020-04-23,600511,30.58,29.73,31.34,29.67,225950,786871920.0,5.45,-3.0,-0.92,8.14
2020-04-24,600511,29.28,27.27,29.29,26.98,268287,858883056.0,7.77,-8.27,-2.46,9.66
2020-04-27,600511,27.77,27.78,29.16,27.13,218203,708706896.0,7.44,1.87,0.51,7.86
2020-04-28,600511,28.18,27.06,28.18,26.71,156922,495120416.0,5.29,-2.59,-0.72,5.65
2020-04-29,600511,26.73,26.41,27.36,26.0,146230,452894224.0,5.03,-2.4,-0.65,5.27
2020-04-30,600511,26.53,26.88,26.95,25.91,130237,403442352.0,3.94,1.78,0.47,4.69
2020-05-06,600511,26.52,26.94,27.14,26.31,143095,444601408.0,3.09,0.22,0.06,5.15
2020-05-07,600511,26.76,28.53,28.86,26.2,296158,949609184.0,9.87,5.9,1.59,10.67
2020-05-08,600511,28.28,27.55,28.38,27.47,184474,590806368.0,3.19,-3.43,-0.98,6.64
2020-05-11,600511,27.63,27.29,27.93,26.79,136999,432626496.0,4.14,-0.94,-0.26,4.93
2020-05-12,600511,27.26,27.09,27.73,26.83,122907,388719856.0,3.3,-0.73,-0.2,4.43
2020-05-13,600511,27.18,27.37,27.46,26.49,117261,367818224.0,3.58,1.03,0.28,4.22
2020-05-14,600511,27.25,25.97,27.25,25.91,185557,569114096.0,4.9,-5.12,-1.4,6.68
2020-05-15,600511,25.96,26.1,26.31,25.78,86664,263621232.0,2.04,0.5,0.13,3.12
2020-05-18,600511,25.92,26.23,26.64,25.41,108315,329142400.0,4.71,0.5,0.13,3.9
2020-05-19,600511,26.84,26.29,26.85,26.09,87285,268111626.0,2.9,0.23,0.06,3.14
2020-05-20,600511,26.28,25.53,26.28,25.46,111804,335937376.0,3.12,-2.89,-0.76,4.03
2020-05-21,600511,25.48,24.92,25.86,24.89,110340,328026800.0,3.8,-2.39,-0.61,3.97
2020-05-22,600511,24.77,24.17,25.36,24.16,96682,279487904.0,4.82,-3.01,-0.75,3.48
2020-05-25,600511,24.2,24.33,24.59,24.08,61846,177359114.0,2.11,0.66,0.16,2.23
2020-05-26,600511,24.5,25.11,25.27,24.15,106280,309809328.0,4.6,3.21,0.78,3.83
2020-05-27,600511,24.98,24.49,25.16,24.46,57058,165702296.0,2.79,-2.47,-0.62,2.06
2020-05-28,600511,24.38,24.07,24.62,23.68,66388,188666305.0,3.84,-1.71,-0.42,2.39
2020-05-29,600511,24.08,26.83,26.91,23.98,285174,863932032.0,12.17,11.47,2.76,10.27
2020-06-01,600511,29.14,28.35,29.14,28.07,416646,1372109168.0,3.99,5.67,1.52,15.01
2020-06-02,600511,27.73,27.35,28.33,27.19,228923,733604240.0,4.02,-3.53,-1.0,8.25
2020-06-03,600511,27.18,27.04,27.78,26.91,207587,655305232.0,3.18,-1.13,-0.31,7.48
2020-06-04,600511,27.33,27.33,27.5,26.39,210137,657053456.0,4.11,1.07,0.29,7.57
2020-06-05,600511,26.87,26.43,27.12,26.38,131765,407208640.0,2.71,-3.29,-0.9,4.75
2020-06-08,600511,26.38,26.76,27.12,26.06,142066,441770368.0,4.01,1.25,0.33,2.57
2020-06-09,600511,26.76,28.62,28.97,26.58,301765,978944544.0,8.93,6.95,1.86,5.45
2020-06-10,600511,28.52,28.0,28.67,27.81,158137,512792736.0,3.0,-2.17,-0.62,2.86
2020-06-11,600511,28.16,27.83,28.32,27.55,140715,453416048.0,2.75,-0.61,-0.17,2.54
2020-06-12,600511,27.54,28.98,29.07,26.83,278102,911477520.0,8.05,4.13,1.15,5.03
2020-06-15,600511,30.24,29.22,30.57,28.72,289448,977374240.0,6.38,0.83,0.24,5.23
2020-06-16,600511,28.97,28.94,29.26,28.48,165876,550086976.0,2.67,-0.96,-0.28,3.0
2020-06-17,600511,32.27,32.27,32.27,32.27,61605,225411853.0,0.0,11.51,3.33,1.11
2020-06-18,600511,35.93,35.93,35.93,33.81,928342,3680842208.0,6.57,11.34,3.66,16.78
2020-06-19,600511,35.11,34.89,35.9,32.91,497264,1907629136.0,8.32,-2.89,-1.04,8.99
2020-06-22,600511,34.9,37.24,38.64,33.53,523392,2048402000.0,14.65,6.74,2.35,9.46
2020-06-23,600511,36.31,41.33,41.33,36.04,600283,2613004624.0,14.21,10.98,4.09,10.85
2020-06-24,600511,42.44,45.83,45.83,42.44,758013,3703411856.0,8.2,10.89,4.5,13.7
2020-06-29,600511,40.88,40.88,43.0,40.88,273389,1224513392.0,4.63,-10.8,-4.95,4.94
2020-06-30,600511,36.43,36.98,39.31,36.42,1028580,4197840784.0,7.07,-9.54,-3.9,18.59
2020-07-01,600511,36.21,35.66,36.81,35.32,613481,2431731840.0,4.03,-3.57,-1.32,11.09
2020-07-02,600511,35.25,34.94,35.95,34.82,521141,2029636608.0,3.17,-2.02,-0.72,9.42
2020-07-03,600511,34.64,35.21,35.68,34.11,454598,1758286768.0,4.49,0.77,0.27,8.22
2020-07-06,600511,34.69,35.72,35.81,34.31,537113,2095444496.0,4.26,1.45,0.51,9.71
2020-07-07,600511,35.51,36.23,37.09,35.2,595206,2380681680.0,5.29,1.43,0.51,10.76
2020-07-08,600511,35.94,36.29,36.56,35.33,431195,1709287072.0,3.39,0.17,0.06,7.79
2020-07-09,600511,36.27,37.67,38.59,35.74,595517,2444042192.0,7.85,3.8,1.38,10.76
2020-07-10,600511,37.31,37.78,38.78,36.83,471380,1957221504.0,5.18,0.29,0.11,8.52
2020-07-13,600511,37.79,40.49,40.85,37.2,575998,2449701200.0,9.66,7.17,2.71,10.41
2020-07-14,600511,40.5,38.51,40.79,37.72,442168,1895280784.0,7.58,-4.89,-1.98,7.99
2020-07-15,600511,38.31,37.36,40.31,37.11,439140,1869914864.0,8.31,-2.99,-1.15,7.94
2020-07-16,600511,36.81,33.26,36.81,33.26,458093,1755388192.0,9.5,-10.97,-4.1,8.28
2020-07-17,600511,33.1,33.0,33.9,32.61,224926,830451584.0,3.88,-0.78,-0.26,4.06
2020-07-20,600511,33.32,34.46,34.51,33.32,206252,774474544.0,3.61,4.42,1.46,3.73
2020-07-21,600511,34.49,34.94,35.31,34.04,194036,748040272.0,3.69,1.39,0.48,3.51
2020-07-22,600511,34.81,34.54,35.29,34.26,195714,754938528.0,2.95,-1.14,-0.4,3.54
2020-07-23,600511,35.89,37.96,38.31,35.89,552140,2266961712.0,7.01,9.9,3.42,9.98
2020-07-24,600511,37.81,34.99,37.81,34.31,391292,1554377360.0,9.22,-7.82,-2.97,7.07
2020-07-27,600511,35.01,36.54,36.71,34.57,287135,1142256400.0,6.12,4.43,1.55,5.19
2020-07-28,600511,36.67,35.98,36.9,35.06,219060,864059008.0,5.04,-1.53,-0.56,3.96
2020-07-29,600511,36.21,37.81,38.33,36.0,407015,1681536048.0,6.48,5.09,1.83,7.36
2020-07-30,600511,37.71,38.48,40.75,37.12,583837,2512604928.0,9.6,1.77,0.67,10.55
2020-07-31,600511,37.81,40.28,40.96,37.54,506984,2178132784.0,8.89,4.68,1.8,9.16
2020-08-03,600511,40.51,40.63,41.3,39.81,483481,2138555792.0,3.7,0.87,0.35,8.74
2020-08-04,600511,40.09,38.01,40.1,37.69,453049,1934206864.0,5.93,-6.45,-2.62,8.19
2020-08-05,600511,36.82,38.27,39.19,36.08,328433,1346034592.0,8.18,0.68,0.26,5.94
2020-08-06,600511,38.48,39.28,39.97,37.97,382719,1640874000.0,5.23,2.64,1.01,6.92
2020-08-07,600511,40.39,43.58,43.58,40.39,662053,3067348224.0,8.12,10.95,4.3,11.96
2020-08-10,600511,45.81,48.31,48.31,45.19,823560,4218461136.0,7.16,10.85,4.73,14.88
2020-08-11,600511,46.06,43.11,46.07,43.11,584221,2790749888.0,6.13,-10.76,-5.2,10.56
2020-08-12,600511,39.3,38.43,40.35,38.43,580827,2472570512.0,4.45,-10.86,-4.68,10.5
2020-08-13,600511,38.07,37.32,38.71,36.95,321190,1329855104.0,4.58,-2.89,-1.11,5.8
2020-08-14,600511,37.21,37.82,37.97,36.56,204840,841391136.0,3.78,1.34,0.5,3.7
2020-08-17,600511,38.71,38.61,39.0,37.86,229322,965617392.0,3.01,2.09,0.79,4.14
2020-08-18,600511,39.58,42.84,42.84,39.57,454730,2070774560.0,8.47,10.96,4.23,8.22
2020-08-19,600511,44.31,43.72,46.28,43.33,743869,3608678736.0,6.89,2.05,0.88,13.44
2020-08-20,600511,41.91,46.32,47.76,39.61,646170,3134284944.0,18.64,5.95,2.6,11.68
2020-08-21,600511,46.86,44.46,47.56,43.69,445166,2180977904.0,8.35,-4.02,-1.86,8.04
2020-08-24,600511,45.85,43.01,46.78,42.19,453799,2175381936.0,10.32,-3.26,-1.45,8.2
2020-08-25,600511,43.29,41.39,43.49,41.01,351551,1609679520.0,5.77,-3.77,-1.62,6.35
2020-08-26,600511,40.51,40.06,41.09,39.42,250556,1101407552.0,4.03,-3.21,-1.33,4.53
2020-08-27,600511,39.99,40.97,41.08,39.32,213856,939149408.0,4.39,2.27,0.91,3.86
2020-08-28,600511,40.61,42.35,42.8,40.18,254763,1152981264.0,6.39,3.37,1.38,4.6
2020-08-31,600511,41.71,41.14,42.48,41.14,199824,905052640.0,3.16,-2.86,-1.21,3.61
2020-09-01,600511,41.06,40.31,41.06,39.66,175400,768529040.0,3.4,-2.02,-0.83,3.17
2020-09-02,600511,40.61,39.76,40.74,39.43,140273,611736720.0,3.25,-1.36,-0.55,2.53
2020-09-03,600511,39.61,40.2,41.1,39.36,174110,767495568.0,4.38,1.11,0.44,3.15
2020-09-04,600511,39.36,39.35,39.61,38.3,153696,653301376.0,3.26,-2.11,-0.85,2.78
2020-09-07,600511,41.31,40.51,41.81,40.34,274727,1226736144.0,3.74,2.95,1.16,4.96
2020-09-08,600511,40.81,39.22,41.68,38.51,231300,1006820880.0,7.83,-3.18,-1.29,4.18
2020-09-09,600511,38.32,36.06,38.32,35.97,262753,1060327776.0,5.99,-8.06,-3.16,4.75
2020-09-10,600511,36.5,35.63,36.83,35.31,133474,532483520.0,4.22,-1.19,-0.43,2.41
2020-09-11,600511,36.58,39.31,39.56,36.58,234225,968708704.0,8.36,10.33,3.68,4.23
2020-09-14,600511,40.81,38.42,40.81,37.87,196834,835370768.0,7.48,-2.26,-0.89,3.56
2020-09-15,600511,38.42,40.06,40.89,37.46,229231,983346944.0,8.93,4.27,1.64,4.14
2020-09-16,600511,39.29,39.18,39.78,39.09,120431,518550080.0,1.72,-2.2,-0.88,2.18
2020-09-17,600511,39.19,38.09,39.19,37.61,130602,545802784.0,4.03,-2.78,-1.09,2.36
2020-09-18,600511,38.01,38.38,38.61,37.67,106098,444154912.0,2.47,0.76,0.29,1.92
2020-09-21,600511,38.84,39.42,40.61,38.31,198914,857230096.0,5.99,2.71,1.04,3.59
2020-09-22,600511,38.86,40.18,41.31,38.65,255978,1129597248.0,6.75,1.93,0.76,4.63
2020-09-23,600511,40.42,41.54,42.26,39.38,334026,1497533088.0,7.17,3.38,1.36,6.04
2020-09-24,600511,41.31,41.09,42.1,40.2,254114,1138079600.0,4.57,-1.08,-0.45,4.59
2020-09-25,600511,41.3,42.23,43.3,41.18,323737,1492294400.0,5.16,2.77,1.14,5.85
2020-09-28,600511,42.46,39.83,42.48,39.61,222852,988692736.0,6.8,-5.68,-2.4,4.03
2020-09-29,600511,39.86,40.22,40.69,38.04,181274,780788240.0,6.65,0.98,0.39,3.28
2020-09-30,600511,39.81,39.89,40.68,39.31,119494,522316560.0,3.41,-0.82,-0.33,2.16
2020-10-09,600511,40.22,41.08,41.53,40.21,182613,810778272.0,3.31,2.98,1.19,3.3
2020-10-12,600511,41.16,41.8,41.93,40.41,233532,1049818016.0,3.7,1.75,0.72,4.22
2020-10-13,600511,43.51,42.72,46.18,42.57,439217,2096095840.0,8.64,2.2,0.92,7.94
2020-10-14,600511,42.31,43.72,45.21,41.91,376267,1788110384.0,7.72,2.34,1.0,6.8
2020-10-15,600511,43.31,42.43,43.32,41.98,224044,1034769456.0,3.06,-2.95,-1.29,4.05
2020-10-16,600511,42.42,43.84,43.96,42.11,240337,1124483376.0,4.36,3.32,1.41,4.34
2020-10-19,600511,43.92,44.61,45.91,43.01,311673,1498549872.0,6.61,1.76,0.77,5.63
2020-10-20,600511,44.1,44.31,45.41,43.81,239384,1155359664.0,3.59,-0.67,-0.3,4.33
2020-10-21,600511,44.24,43.01,45.18,42.99,285144,1361610320.0,4.94,-2.93,-1.3,5.15
2020-10-22,600511,41.91,40.82,41.91,40.32,209626,936324960.0,3.7,-5.09,-2.19,3.79
2020-10-23,600511,40.62,40.0,41.31,39.37,155413,682179328.0,4.75,-2.01,-0.82,2.81
2020-10-26,600511,40.01,40.81,41.19,40.01,115100,510517600.0,2.95,2.03,0.81,2.08
2020-10-27,600511,40.31,40.44,40.79,40.19,78673,346983472.0,1.47,-0.91,-0.37,1.42
2020-10-28,600511,40.55,39.84,40.6,38.96,108319,469530928.0,4.06,-1.48,-0.6,1.96
2020-10-29,600511,39.31,40.35,40.77,39.1,130007,572049552.0,4.19,1.28,0.51,2.35
2020-10-30,600511,40.3,39.1,40.3,38.91,140512,605215632.0,3.44,-3.1,-1.25,2.54
2020-11-02,600511,39.1,38.01,39.31,37.66,115223,483576768.0,4.22,-2.79,-1.09,2.08
2020-11-03,600511,38.01,38.57,38.87,37.56,75548,318400624.0,3.45,1.47,0.56,1.37
2020-11-04,600511,38.57,38.68,38.97,38.19,69920,295593872.0,2.02,0.29,0.11,1.26
2020-11-05,600511,38.99,39.1,39.61,38.91,87017,372959200.0,1.81,1.09,0.42,1.57
2020-11-06,600511,39.38,38.29,39.41,37.81,116038,486213936.0,4.09,-2.07,-0.81,2.1
2020-11-09,600511,39.15,39.67,40.17,38.92,172745,748781488.0,3.26,3.6,1.38,3.12
2020-11-10,600511,40.91,40.15,42.2,39.99,217547,969474944.0,5.57,1.21,0.48,3.93
2020-11-11,600511,39.31,39.58,40.67,38.43,157738,677225616.0,5.58,-1.42,-0.57,2.85
2020-11-12,600511,40.37,39.83,40.7,39.7,123962,543480400.0,2.53,0.63,0.25,2.24
2020-11-13,600511,39.73,39.83,39.84,38.81,87517,376275840.0,2.59,0.0,0.0,1.58
2020-11-16,600511,40.32,39.87,40.46,39.62,85196,371819424.0,2.11,0.1,0.04,1.54
2020-11-17,600511,39.41,38.58,39.41,38.48,100838,427254336.0,2.33,-3.24,-1.29,1.82
2020-11-18,600511,38.64,38.54,38.97,38.32,63661,269066624.0,1.68,-0.1,-0.04,1.15
2020-11-19,600511,38.54,38.51,38.7,37.89,64277,270492592.0,2.1,-0.08,-0.03,1.16
2020-11-20,600511,38.62,39.11,39.21,38.46,86835,369808656.0,1.95,1.56,0.6,1.57
2020-11-23,600511,39.39,39.23,39.69,39.08,107982,464496528.0,1.56,0.31,0.12,1.95
2020-11-24,600511,38.82,38.52,38.82,38.32,75991,320677504.0,1.27,-1.81,-0.71,1.37
2020-11-25,600511,38.52,42.74,42.74,38.01,541172,2462820480.0,12.28,10.96,4.22,9.78
2020-11-26,600511,43.31,42.29,44.81,42.29,532635,2515352416.0,5.9,-1.05,-0.45,9.63
2020-11-27,600511,42.23,41.5,42.28,40.78,255127,1150748992.0,3.55,-1.87,-0.79,4.61
2020-11-30,600511,41.75,41.01,41.86,40.77,176429,791652688.0,2.63,-1.18,-0.49,3.19
2020-12-01,600511,40.93,41.11,41.66,40.93,178974,804515808.0,1.78,0.24,0.1,3.23
2020-12-02,600511,40.91,43.03,44.24,40.34,323275,1486267696.0,9.49,4.67,1.92,5.84
2020-12-03,600511,43.02,43.4,44.3,42.46,308536,1458067024.0,4.28,0.86,0.37,5.58
2020-12-04,600511,43.21,46.41,47.69,42.97,444599,2167611744.0,10.88,6.94,3.01,8.03
2020-12-07,600511,46.29,46.96,48.81,45.36,403708,2061574208.0,7.43,1.19,0.55,7.3
2020-12-08,600511,46.31,46.04,47.58,45.94,240819,1206011216.0,3.49,-1.96,-0.92,4.35
2020-12-09,600511,46.88,51.01,51.01,46.11,513607,2692553536.0,10.64,10.79,4.97,9.28
2020-12-10,600511,51.3,55.01,56.31,49.6,736959,4183291232.0,13.15,7.84,4.0,13.32
2020-12-11,600511,53.81,57.68,59.26,53.42,629302,3805282800.0,10.62,4.85,2.67,11.37
2020-12-14,600511,51.54,51.54,51.54,51.54,88526,488929104.0,0.0,-10.64,-6.14,1.6
2020-12-15,600511,46.02,46.02,48.64,46.02,789305,3972000640.0,5.08,-10.71,-5.52,14.26
2020-12-16,600511,44.83,42.89,45.51,42.34,582780,2756250416.0,6.89,-6.8,-3.13,10.53
2020-12-17,600511,43.14,42.96,43.77,42.22,396739,1856368720.0,3.61,0.16,0.07,7.17
2020-12-18,600511,42.87,43.86,43.99,42.01,342879,1602373248.0,4.61,2.09,0.9,6.2
2020-12-21,600511,43.71,42.94,43.71,42.05,324403,1510402640.0,3.78,-2.1,-0.92,5.86
2020-12-22,600511,42.89,41.91,44.21,41.81,384900,1796854080.0,5.59,-2.4,-1.03,6.96
2020-12-23,600511,41.84,43.27,43.5,40.61,383636,1766722560.0,6.9,3.25,1.36,6.93
2020-12-24,600511,43.01,46.51,47.84,42.01,668525,3308782608.0,13.47,7.49,3.24,12.08
2020-12-25,600511,44.81,45.01,45.82,44.01,348749,1694460768.0,3.89,-3.23,-1.5,6.3
2020-12-28,600511,45.21,44.62,45.96,44.36,264196,1288068384.0,3.55,-0.87,-0.39,4.77
2020-12-29,600511,44.06,42.81,44.06,42.31,247632,1153838928.0,3.92,-4.06,-1.81,4.48
2020-12-30,600511,42.82,43.44,45.21,41.88,283701,1339481696.0,7.78,1.47,0.63,5.13
2020-12-31,600511,43.6,45.62,47.87,43.31,655663,3258607664.0,10.5,5.02,2.18,11.85
2021-01-04,600511,45.68,44.31,45.85,43.48,426360,2043297376.0,5.2,-2.87,-1.31,7.71
2021-01-05,600511,44.2,44.82,46.11,42.69,425615,2035298864.0,7.72,1.15,0.51,7.69
2021-01-06,600511,44.81,44.89,45.51,43.81,298730,1442248512.0,3.79,0.16,0.07,5.4
2021-01-07,600511,44.87,43.5,44.87,43.42,236365,1126403312.0,3.23,-3.1,-1.39,4.27
2021-01-08,600511,43.26,43.56,44.45,42.91,185268,878562416.0,3.54,0.14,0.06,3.35
2021-01-11,600511,43.9,41.31,43.9,41.16,266467,1228780368.0,6.29,-5.17,-2.25,4.82
2021-01-12,600511,41.32,41.61,42.16,41.32,174537,790278848.0,2.03,0.73,0.3,3.15
2021-01-13,600511,41.55,39.27,41.55,37.72,341400,1468869616.0,9.2,-5.62,-2.34,6.17
2021-01-14,600511,38.7,38.31,38.81,37.83,201753,847272544.0,2.5,-2.44,-0.96,3.65
2021-01-15,600511,37.31,38.7,39.03,37.31,162786,686786144.0,4.49,1.02,0.39,2.94
2021-01-18,600511,38.73,39.01,39.61,38.44,149145,636218704.0,3.02,0.8,0.31,2.7
2021-01-19,600511,39.01,39.01,39.61,38.23,137590,585084000.0,3.54,0.0,0.0,2.49
2021-01-20,600511,39.01,38.85,39.3,38.73,97906,417141792.0,1.46,-0.41,-0.16,1.77
2021-01-21,600511,38.61,39.12,39.27,38.46,163530,698928816.0,2.08,0.69,0.27,2.96
2021-01-22,600511,39.12,40.09,40.68,38.61,240596,1044092192.0,5.29,2.48,0.97,4.35
2021-01-25,600511,40.09,38.84,40.09,38.81,169371,725074560.0,3.19,-3.12,-1.25,3.06
2021-01-26,600511,38.76,37.63,38.76,37.59,142775,593946640.0,3.01,-3.12,-1.21,2.58
2021-01-27,600511,37.51,39.21,40.49,36.54,230360,962526768.0,10.5,4.2,1.58,4.16
2021-01-28,600511,37.37,37.34,38.19,37.32,123601,511480640.0,2.22,-4.77,-1.87,2.23
2021-01-29,600511,37.37,35.92,37.78,35.43,131314,526795088.0,6.29,-3.8,-1.42,2.37
2021-02-01,600511,35.86,36.33,36.71,35.19,96134,383088256.0,4.23,1.14,0.41,1.74
2021-02-02,600511,36.31,36.14,36.56,35.61,78452,312390656.0,2.61,-0.52,-0.19,1.42
2021-02-03,600511,36.01,34.82,36.01,34.81,127237,495063952.0,3.32,-3.65,-1.32,2.3
2021-02-04,600511,34.54,33.48,34.77,32.91,141768,528328352.0,5.34,-3.85,-1.34,2.56
2021-02-05,600511,33.75,33.47,34.48,33.45,107021,403074880.0,3.08,-0.03,-0.01,1.93
2021-02-08,600511,33.52,33.14,34.15,32.94,88930,330273120.0,3.62,-0.99,-0.33,1.61
2021-02-09,600511,33.18,34.13,34.3,33.18,117520,441748880.0,3.38,2.99,0.99,2.12
2021-02-10,600511,34.29,36.02,36.86,34.13,199717,783859440.0,8.0,5.54,1.89,3.61
2021-02-18,600511,36.39,35.55,36.75,35.52,151888,602793680.0,3.41,-1.3,-0.47,2.74
2021-02-19,600511,35.36,36.03,36.08,34.74,125253,489505168.0,3.77,1.35,0.48,2.26
2021-02-22,600511,36.03,35.63,36.45,35.53,132335,524056032.0,2.55,-1.11,-0.4,2.39
2021-02-23,600511,35.41,35.01,35.58,34.84,92743,359858800.0,2.08,-1.74,-0.62,1.68
2021-02-24,600511,34.82,34.13,35.01,33.9,109594,417117184.0,3.17,-2.51,-0.88,1.98
2021-02-25,600511,34.43,34.31,35.17,34.18,82593,315750400.0,2.9,0.53,0.18,1.49
2021-02-26,600511,33.99,34.31,34.76,33.6,82131,312203568.0,3.38,0.0,0.0,1.48
2021-03-01,600511,34.42,34.55,34.62,34.07,67630,257404743.0,1.6,0.7,0.24,1.22
2021-03-02,600511,34.65,33.75,34.67,33.41,106090,399095136.0,3.65,-2.32,-0.8,1.92
2021-03-03,600511,33.75,33.92,34.15,33.38,79087,296407984.0,2.28,0.5,0.17,1.43
2021-03-04,600511,33.89,33.23,33.89,33.15,91129,337887248.0,2.18,-2.03,-0.69,1.65
2021-03-05,600511,33.01,33.49,33.66,32.83,63902,236461695.0,2.5,0.78,0.26,1.15
2021-03-08,600511,33.7,32.64,33.87,32.63,89008,327879856.0,3.7,-2.54,-0.85,1.61
2021-03-09,600511,32.61,31.09,32.63,29.69,107727,375012048.0,9.01,-4.75,-1.55,1.95
2021-03-10,600511,31.31,30.24,31.69,30.22,75641,259485375.0,4.73,-2.73,-0.85,1.37
2021-03-11,600511,30.31,31.16,31.2,29.92,81391,280640256.0,4.23,3.04,0.92,1.47
2021-03-12,600511,31.2,31.14,31.39,30.58,53409,184942763.0,2.6,-0.06,-0.02,0.97
2021-03-15,600511,30.97,30.76,31.29,30.49,51180,176616035.0,2.57,-1.22,-0.38,0.92
2021-03-16,600511,30.81,31.05,31.19,30.72,48101,166833861.0,1.53,0.94,0.29,0.87
2021-03-17,600511,31.05,31.21,31.28,30.82,49885,173649056.0,1.48,0.52,0.16,0.9
2021-03-18,600511,31.16,31.95,32.47,31.05,101898,362912864.0,4.55,2.37,0.74,1.84
2021-03-19,600511,31.29,30.65,31.29,30.42,92311,317769392.0,2.72,-4.07,-1.3,1.67
2021-03-22,600511,30.47,30.85,30.93,30.18,65687,224952365.0,2.45,0.65,0.2,1.19
2021-03-23,600511,30.85,30.41,30.94,30.21,55295,188824343.0,2.37,-1.43,-0.44,1.0
2021-03-24,600511,30.31,29.51,30.38,29.47,67720,227153777.0,2.99,-2.96,-0.9,1.22
2021-03-25,600511,29.25,29.47,29.79,29.22,49950,165996755.0,1.93,-0.14,-0.04,0.9
2021-03-26,600511,29.55,29.72,29.96,29.27,60905,202886824.0,2.34,0.85,0.25,1.1
2021-03-29,600511,29.87,30.01,30.58,29.87,64295,217801084.0,2.39,0.98,0.29,1.16
2021-03-30,600511,29.96,29.84,30.11,29.66,43402,145686444.0,1.5,-0.57,-0.17,0.78
2021-03-31,600511,29.91,30.16,30.96,29.44,89349,302085072.0,5.09,1.07,0.32,1.61
2021-04-01,600511,29.79,30.13,30.27,29.79,48120,162271378.0,1.59,-0.1,-0.03,0.87
2021-04-02,600511,30.14,30.34,30.62,30.14,58599,199829781.0,1.59,0.7,0.21,1.06
2021-04-06,600511,30.37,30.37,30.9,30.22,64155,219247102.0,2.24,0.1,0.03,1.16
2021-04-07,600511,30.39,29.98,30.42,29.71,65259,219043251.0,2.34,-1.28,-0.39,1.18
2021-04-08,600511,29.96,29.91,30.24,29.67,60105,202216245.0,1.9,-0.23,-0.07,1.09
2021-04-09,600511,29.81,29.6,29.9,29.55,48810,162653837.0,1.17,-1.04,-0.31,0.88
2021-04-12,600511,29.71,29.48,30.11,29.33,55533,185568100.0,2.64,-0.41,-0.12,1.0
2021-04-13,600511,29.41,28.94,29.56,28.87,52627,172339634.0,2.34,-1.83,-0.54,0.95
2021-04-14,600511,28.81,29.0,29.13,28.73,38015,124322574.0,1.38,0.21,0.06,0.69
2021-04-15,600511,28.93,28.81,29.06,28.69,42232,137294406.0,1.28,-0.66,-0.19,0.76
2021-04-16,600511,28.76,29.47,29.75,28.76,68704,226356275.0,3.44,2.29,0.66,1.24
2021-04-19,600511,29.42,29.88,30.06,29.35,71390,239416936.0,2.41,1.39,0.41,1.29
2021-04-20,600511,29.81,29.95,30.16,29.81,56458,189862726.0,1.17,0.23,0.07,1.02
2021-04-21,600511,29.9,30.61,30.69,29.64,136708,467333088.0,3.51,2.2,0.66,2.47
2021-04-22,600511,30.61,30.27,30.63,30.11,70752,240403294.0,1.7,-1.11,-0.34,1.28
2021-04-23,600511,30.21,30.81,31.08,29.98,105748,363674048.0,3.63,1.78,0.54,1.91
2021-04-26,600511,31.11,30.82,31.93,30.8,148793,522059856.0,3.67,0.03,0.01,2.69
2021-04-27,600511,30.73,30.49,30.73,30.05,79124,269531984.0,2.21,-1.07,-0.33,1.43
2021-04-28,600511,30.53,31.54,31.97,30.33,153544,536747728.0,5.38,3.44,1.05,2.77
2021-04-29,600511,31.41,30.86,31.41,30.71,93246,323531472.0,2.22,-2.16,-0.68,1.69
2021-04-30,600511,30.86,33.18,33.81,30.81,259185,929377296.0,9.72,7.52,2.32,4.68
2021-05-06,600511,32.81,31.67,32.81,31.48,184776,658971104.0,4.01,-4.55,-1.51,3.34
2021-05-07,600511,31.58,30.21,31.6,30.2,135474,465526256.0,4.42,-4.61,-1.46,2.45
2021-05-10,600511,33.5,33.6,33.6,32.06,323221,1195669152.0,5.1,11.22,3.39,5.84
2021-05-11,600511,34.53,33.05,34.53,31.91,326373,1201040944.0,7.8,-1.64,-0.55,5.9
2021-05-12,600511,32.46,33.11,33.46,31.91,160214,580900368.0,4.69,0.18,0.06,2.9
2021-05-13,600511,32.61,33.89,34.46,32.38,230941,862125920.0,6.28,2.36,0.78,4.17
2021-05-14,600511,33.9,33.88,35.0,33.27,236496,895423136.0,5.1,-0.03,-0.01,4.27
2021-05-17,600511,33.91,33.38,34.46,33.3,153667,573178432.0,3.42,-1.48,-0.5,2.78
2021-05-18,600511,33.2,32.54,33.26,32.13,129330,467550272.0,3.39,-2.52,-0.84,2.34
2021-05-19,600511,32.42,32.55,32.87,31.91,114780,413803424.0,2.95,0.03,0.01,2.07
2021-05-20,600511,32.51,32.02,32.51,32.0,79820,286019568.0,1.57,-1.63,-0.53,1.44
2021-05-21,600511,32.11,31.52,32.29,31.41,79760,283119152.0,2.75,-1.56,-0.5,1.44
2021-05-24,600511,31.61,31.31,31.8,31.09,65002,227742345.0,2.25,-0.67,-0.21,1.17
2021-05-25,600511,31.66,32.1,32.31,31.61,97807,349800752.0,2.24,2.52,0.79,1.77
2021-05-26,600511,31.99,32.31,32.66,31.57,109856,394083760.0,3.4,0.65,0.21,1.99
2021-05-27,600511,32.21,32.66,33.06,31.94,112870,408388720.0,3.47,1.08,0.35,2.04
2021-05-28,600511,32.42,32.1,32.79,31.87,99735,359200672.0,2.82,-1.71,-0.56,1.8
2021-05-31,600511,32.3,32.73,33.08,32.29,114797,418840656.0,2.46,1.96,0.63,2.07
2021-06-01,600511,32.81,32.3,32.95,32.18,88552,319162960.0,2.35,-1.31,-0.43,1.6
2021-06-02,600511,32.36,32.01,32.68,31.96,78981,283454080.0,2.23,-0.9,-0.29,1.43
2021-06-03,600511,32.02,31.66,32.26,31.65,71788,255430718.0,1.91,-1.09,-0.35,1.3
2021-06-04,600511,31.61,31.67,32.03,31.23,53114,187486874.0,2.53,0.03,0.01,0.96
2021-06-07,600511,31.66,31.31,31.66,31.19,58178,203827815.0,1.48,-1.14,-0.36,1.05
2021-06-08,600511,31.46,30.98,31.56,30.94,60712,211703848.0,1.98,-1.05,-0.33,1.1
2021-06-09,600511,30.83,30.43,30.96,30.35,82329,281289184.0,1.97,-1.78,-0.55,1.49
2021-06-10,600511,30.31,30.3,30.53,30.18,71676,243580230.0,1.15,-0.43,-0.13,1.3
2021-06-11,600511,30.31,30.41,30.66,30.27,63866,218204382.0,1.29,0.36,0.11,1.15
2021-06-15,600511,30.51,29.76,30.77,29.73,69272,233997607.0,3.42,-2.14,-0.65,1.25
2021-06-16,600511,29.8,29.83,29.94,29.64,49782,166632836.0,1.01,0.24,0.07,0.9
2021-06-17,600511,29.84,29.57,30.06,29.47,53757,179618266.0,1.98,-0.87,-0.26,0.97
2021-06-18,600511,29.54,29.68,29.69,29.21,52514,173843751.0,1.62,0.37,0.11,0.95
2021-06-21,600511,29.61,30.19,30.2,29.44,58599,197706964.0,2.56,1.72,0.51,1.06
2021-06-22,600511,30.36,29.94,30.36,29.86,57279,189560296.0,1.66,-0.83,-0.25,1.04
2021-06-23,600511,30.0,29.98,30.26,29.54,63528,209320613.0,2.4,0.13,0.04,1.15
2021-06-24,600511,29.84,29.56,29.92,29.54,51404,168610748.0,1.27,-1.4,-0.42,0.93
2021-06-25,600511,29.56,29.79,29.86,29.45,44633,146430637.0,1.39,0.78,0.23,0.81
2021-06-28,600511,29.79,30.47,30.56,29.79,79707,266417696.0,2.58,2.28,0.68,1.44
2021-06-29,600511,30.48,29.98,30.48,29.96,52581,174698065.0,1.71,-1.61,-0.49,0.95
2021-06-30,600511,29.98,29.92,30.14,29.67,45642,150826668.0,1.57,-0.2,-0.06,0.82
2021-07-01,600511,29.96,29.86,30.37,29.76,66400,221003516.0,2.04,-0.2,-0.06,1.2
2021-07-02,600511,29.78,28.92,29.78,28.84,79556,255876393.0,3.15,-3.15,-0.94,1.44
2021-07-05,600511,28.86,28.39,28.86,28.28,56909,179747947.0,2.01,-1.83,-0.53,1.03
2021-07-06,600511,28.36,27.58,28.37,27.37,89762,276606656.0,3.52,-2.85,-0.81,1.62
2021-07-07,600511,27.26,27.69,27.81,27.24,41673,128363347.0,2.07,0.4,0.11,0.75
2021-07-08,600511,27.71,27.07,27.8,27.01,66853,202788942.0,2.85,-2.24,-0.62,1.21
2021-07-09,600511,27.01,27.3,27.3,26.91,48631,147061930.0,1.44,0.85,0.23,0.88
2021-07-12,600511,27.3,27.61,27.8,27.18,56816,174431915.0,2.27,1.14,0.31,1.03
2021-07-13,600511,27.74,28.05,28.42,27.74,69849,217677012.0,2.46,1.59,0.44,1.26
2021-07-14,600511,28.06,28.04,28.4,27.61,56223,175330020.0,2.82,-0.04,-0.01,1.02
2021-07-15,600511,28.04,27.66,28.04,27.56,41393,127533715.0,1.71,-1.36,-0.38,0.75
2021-07-16,600511,27.73,27.42,27.77,27.35,41092,125719233.0,1.52,-0.87,-0.24,0.74
2021-07-19,600511,27.64,28.26,28.36,27.64,77862,243154908.0,2.63,3.06,0.84,1.41
2021-07-20,600511,28.27,28.34,28.81,28.24,63385,200570177.0,2.02,0.28,0.08,1.15
2021-07-21,600511,28.34,28.06,28.34,27.89,55334,172356764.0,1.59,-0.99,-0.28,1.0
2021-07-22,600511,28.01,27.5,28.01,27.46,58616,179941108.0,1.96,-2.0,-0.56,1.06
2021-07-23,600511,27.41,27.12,27.64,27.07,49793,151212262.0,2.07,-1.38,-0.38,0.9
2021-07-26,600511,27.1,26.02,27.1,25.96,78336,231188803.0,4.2,-4.06,-1.1,1.42
2021-07-27,600511,26.21,25.84,26.48,25.76,58047,169160596.0,2.77,-0.69,-0.18,1.05
2021-07-28,600511,25.66,26.1,26.26,25.47,56278,163648606.0,3.06,1.01,0.26,1.02
2021-07-29,600511,26.11,26.01,26.31,25.89,45709,133333853.0,1.61,-0.34,-0.09,0.83
2021-07-30,600511,26.02,27.21,28.04,25.31,123981,369008704.0,10.5,4.61,1.2,2.24
2021-08-02,600511,27.16,27.3,27.57,26.47,87006,262142629.0,4.04,0.33,0.09,1.57
2021-08-03,600511,27.21,28.23,28.45,27.06,144996,452124208.0,5.09,3.41,0.93,2.62
2021-08-04,600511,28.39,30.09,31.04,27.58,174670,561921072.0,12.26,6.59,1.86,3.16
2021-08-05,600511,31.86,30.11,32.56,30.1,427919,1478638048.0,8.18,0.07,0.02,7.73
2021-08-06,600511,29.27,28.53,29.31,27.49,206023,649084736.0,6.04,-5.25,-1.58,3.72
2021-08-09,600511,28.54,28.66,29.03,27.77,121542,384582176.0,4.42,0.46,0.13,2.2
2021-08-10,600511,28.71,28.3,28.71,28.17,83574,262762441.0,1.88,-1.26,-0.36,1.51
2021-08-11,600511,28.25,27.77,28.25,27.74,95919,297711392.0,1.8,-1.87,-0.53,1.73
2021-08-12,600511,27.52,27.56,28.06,27.46,62164,191493130.0,2.16,-0.76,-0.21,1.12
2021-08-13,600511,27.56,27.36,27.72,27.28,57455,175868080.0,1.6,-0.73,-0.2,1.04
2021-08-16,600511,27.31,27.35,27.57,27.24,44719,136607560.0,1.21,-0.04,-0.01,0.81
2021-08-17,600511,27.35,27.71,28.16,26.76,106643,325223264.0,5.12,1.32,0.36,1.93
2021-08-18,600511,27.18,27.76,28.11,27.14,71899,220804920.0,3.5,0.18,0.05,1.3
2021-08-19,600511,27.76,27.89,28.36,27.67,91241,283978080.0,2.49,0.47,0.13,1.65
2021-08-20,600511,27.8,26.9,27.84,26.88,71165,214901133.0,3.44,-3.55,-0.99,1.29
2021-08-23,600511,26.86,26.84,26.99,26.42,57111,170660819.0,2.12,-0.22,-0.06,1.03
2021-08-24,600511,26.85,26.67,26.91,26.59,56671,169027109.0,1.19,-0.63,-0.17,1.02
2021-08-25,600511,26.81,26.9,27.17,26.64,48234,144404476.0,1.99,0.86,0.23,0.87
2021-08-26,600511,26.86,26.06,26.86,26.05,65608,193407802.0,3.01,-3.12,-0.84,1.19
2021-08-27,600511,26.01,25.98,26.2,25.87,42200,122955454.0,1.27,-0.31,-0.08,0.76
2021-08-30,600511,26.35,26.01,26.35,25.92,38448,112343267.0,1.66,0.12,0.03,0.69
2021-08-31,600511,25.98,26.06,26.15,25.7,42644,123774462.0,1.73,0.19,0.05,0.77
2021-09-01,600511,26.11,26.51,26.64,25.82,61898,182217153.0,3.15,1.73,0.45,1.12
2021-09-02,600511,26.41,26.29,26.45,26.16,43426,127693506.0,1.09,-0.83,-0.22,0.78
2021-09-03,600511,26.34,26.39,26.46,26.24,51317,151382275.0,0.84,0.38,0.1,0.93
2021-09-06,600511,26.91,27.78,28.05,26.91,151276,466014624.0,4.32,5.27,1.39,2.73
2021-09-07,600511,27.81,27.56,27.86,27.34,80514,246891612.0,1.87,-0.79,-0.22,1.46
2021-09-08,600511,27.55,27.58,27.73,27.28,67677,207479169.0,1.63,0.07,0.02,1.22
2021-09-09,600511,27.48,27.37,27.64,27.33,56476,172637738.0,1.12,-0.76,-0.21,1.02
2021-09-10,600511,27.31,27.16,27.36,27.07,55064,166786929.0,1.06,-0.77,-0.21,1.0
2021-09-13,600511,27.56,27.48,28.06,27.41,84856,261656125.0,2.39,1.18,0.32,1.53
2021-09-14,600511,27.44,26.92,27.44,26.88,61946,187524104.0,2.04,-2.04,-0.56,1.12
2021-09-15,600511,26.86,26.56,26.86,26.43,44520,132422742.0,1.6,-1.34,-0.36,0.8
2021-09-16,600511,26.47,26.37,26.85,26.36,51183,152063221.0,1.84,-0.72,-0.19,0.92
2021-09-17,600511,26.36,26.77,26.79,26.3,43218,128555949.0,1.86,1.52,0.4,0.78
2021-09-22,600511,26.35,26.29,26.52,26.06,40340,118738407.0,1.72,-1.79,-0.48,0.73
2021-09-23,600511,26.28,26.32,26.61,26.27,40090,118425588.0,1.29,0.11,0.03,0.72
2021-09-24,600511,26.29,26.27,26.49,26.19,32504,95750644.0,1.14,-0.19,-0.05,0.59
2021-09-27,600511,26.31,26.5,26.66,26.09,54476,161053094.0,2.17,0.88,0.23,0.98
2021-09-28,600511,26.5,26.51,26.6,26.26,30145,89095053.0,1.28,0.04,0.01,0.54
2021-09-29,600511,26.46,26.12,26.46,25.87,43426,126931916.0,2.23,-1.47,-0.39,0.78
2021-09-30,600511,26.13,26.18,26.36,26.01,27656,81064267.0,1.34,0.23,0.06,0.5
2021-10-08,600511,26.36,26.51,26.63,26.06,39465,116686454.0,2.18,1.26,0.33,0.71
2021-10-11,600511,26.43,26.65,26.82,26.43,39995,119198456.0,1.47,0.53,0.14,0.72
2021-10-12,600511,26.64,26.68,26.93,26.39,47470,141556285.0,2.03,0.11,0.03,0.86
2021-10-13,600511,26.74,27.01,27.04,26.68,55328,166019839.0,1.35,1.24,0.33,1.0
2021-10-14,600511,26.96,27.01,27.31,26.77,47690,143859678.0,2.0,0.0,0.0,0.86
2021-10-15,600511,26.91,26.58,26.91,26.52,36074,107394245.0,1.44,-1.59,-0.43,0.65
2021-10-18,600511,26.66,26.08,26.66,26.02,48360,141476080.0,2.41,-1.88,-0.5,0.87
2021-10-19,600511,25.97,26.13,26.23,25.92,32221,94144607.0,1.19,0.19,0.05,0.58
2021-10-20,600511,26.08,26.41,26.42,26.02,43273,127108897.0,1.53,1.07,0.28,0.78
2021-10-21,600511,26.86,27.27,27.83,26.77,134704,410143600.0,4.01,3.26,0.86,2.43
2021-10-22,600511,27.27,27.44,27.81,27.16,87851,269519056.0,2.38,0.62,0.17,1.59
2021-10-25,600511,27.68,27.77,28.1,27.68,79688,246631169.0,1.53,1.2,0.33,1.44
2021-10-26,600511,27.53,27.47,27.72,27.32,64935,198914032.0,1.44,-1.08,-0.3,1.17
2021-10-27,600511,27.25,27.33,27.46,26.99,56320,170951782.0,1.71,-0.51,-0.14,1.02
2021-10-28,600511,27.11,26.99,27.33,26.77,56223,169956824.0,2.05,-1.24,-0.34,1.02
2021-10-29,600511,27.05,27.36,27.36,26.77,42592,129175822.0,2.19,1.37,0.37,0.77
2021-11-01,600511,27.32,27.66,27.8,27.18,81542,250121532.0,2.27,1.1,0.3,1.47
2021-11-02,600511,27.66,26.84,27.82,26.78,68829,208591605.0,3.76,-2.96,-0.82,1.24
2021-11-03,600511,26.83,27.28,27.56,26.74,59927,182653738.0,3.06,1.64,0.44,1.08
2021-11-04,600511,27.26,27.6,27.65,27.17,51483,157768373.0,1.76,1.17,0.32,0.93
2021-11-05,600511,27.55,27.7,27.86,27.32,66357,203914761.0,1.96,0.36,0.1,1.2
2021-11-08,600511,27.57,26.82,27.57,26.71,87384,262567645.0,3.1,-3.18,-0.88,1.58
2021-11-09,600511,26.84,27.2,27.31,26.66,52629,158872290.0,2.42,1.42,0.38,0.95
2021-11-10,600511,27.14,27.67,28.3,27.08,104139,321762960.0,4.49,1.73,0.47,1.88
2021-11-11,600511,27.76,27.7,27.92,27.41,60778,187111054.0,1.84,0.11,0.03,1.1
2021-11-12,600511,27.7,27.7,27.82,27.47,50353,154873064.0,1.26,0.0,0.0,0.91
2021-11-15,600511,27.7,28.37,28.66,27.67,121238,380101168.0,3.57,2.42,0.67,2.19
2021-11-16,600511,28.64,28.25,28.91,28.1,113633,359489440.0,2.86,-0.42,-0.12,2.05
2021-11-17,600511,28.22,28.26,28.59,28.16,57793,181726638.0,1.52,0.04,0.01,1.04
2021-11-18,600511,28.68,27.73,28.85,27.73,69394,216914390.0,3.96,-1.88,-0.53,1.25
2021-11-19,600511,27.66,27.67,27.81,27.29,57078,175165269.0,1.88,-0.22,-0.06,1.03
2021-11-22,600511,27.69,27.38,27.81,27.26,55745,170153070.0,1.99,-1.05,-0.29,1.01
2021-11-23,600511,27.39,27.47,27.61,27.32,42020,128655658.0,1.06,0.33,0.09,0.76
2021-11-24,600511,27.47,27.41,27.51,27.1,45296,137898141.0,1.49,-0.22,-0.06,0.82
2021-11-25,600511,27.55,27.66,27.96,27.36,70354,217193413.0,2.19,0.91,0.25,1.27
2021-11-26,600511,27.8,27.27,27.8,27.26,46199,141466817.0,1.95,-1.41,-0.39,0.83
2021-11-29,600511,27.96,28.06,28.66,27.82,122616,383486720.0,3.08,2.9,0.79,2.22
2021-11-30,600511,27.97,27.74,27.97,27.46,83155,256040896.0,1.82,-1.14,-0.32,1.5
2021-12-01,600511,27.73,27.51,27.73,27.36,47714,146081381.0,1.33,-0.83,-0.23,0.86
2021-12-02,600511,27.59,27.33,27.71,27.31,43527,133241150.0,1.45,-0.65,-0.18,0.79
2021-12-03,600511,27.26,27.41,27.54,27.18,36473,111348344.0,1.32,0.29,0.08,0.66
2021-12-06,600511,27.27,26.96,27.4,26.92,52083,157521240.0,1.75,-1.64,-0.45,0.94
2021-12-07,600511,26.99,26.81,27.2,26.71,40617,121847582.0,1.82,-0.56,-0.15,0.73
2021-12-08,600511,26.84,26.99,27.0,26.72,30822,92609303.0,1.04,0.67,0.18,0.56
2021-12-09,600511,27.07,27.27,27.32,26.96,43406,131660237.0,1.33,1.04,0.28,0.78
2021-12-10,600511,27.35,27.3,27.4,27.11,39183,119047747.0,1.06,0.11,0.03,0.71
2021-12-13,600511,27.35,27.3,27.43,27.14,44364,135158891.0,1.06,0.0,0.0,0.8
2021-12-14,600511,27.33,27.45,27.61,27.33,42591,130294938.0,1.03,0.55,0.15,0.77
2021-12-15,600511,27.37,27.34,27.51,27.18,39667,120925967.0,1.2,-0.4,-0.11,0.72
2021-12-16,600511,27.26,27.09,27.29,26.95,46612,140765149.0,1.24,-0.91,-0.25,0.84
2021-12-17,600511,27.08,26.93,27.25,26.92,40110,120937632.0,1.22,-0.59,-0.16,0.72
2021-12-20,600511,27.01,26.93,27.31,26.86,44113,133172023.0,1.67,0.0,0.0,0.8
2021-12-21,600511,27.04,27.06,27.14,26.88,32113,96825480.0,0.97,0.48,0.13,0.58
2021-12-22,600511,27.12,27.16,27.28,27.04,35412,107373284.0,0.89,0.37,0.1,0.64
2021-12-23,600511,27.23,27.03,27.27,26.98,31370,94827499.0,1.07,-0.48,-0.13,0.57
2021-12-24,600511,26.97,27.55,27.7,26.79,97674,297721248.0,3.37,1.92,0.52,1.77
2021-12-27,600511,27.65,28.06,28.1,27.35,121677,376464624.0,2.72,1.85,0.51,2.2
2021-12-28,600511,28.02,27.78,28.26,27.65,84074,260735374.0,2.17,-1.0,-0.28,1.52
2021-12-29,600511,27.78,27.8,28.48,27.76,107365,335449376.0,2.59,0.07,0.02,1.94
2021-12-30,600511,27.67,27.66,27.9,27.51,64494,198762931.0,1.4,-0.5,-0.14,1.17
2021-12-31,600511,27.71,28.39,28.56,27.68,132227,416129296.0,3.18,2.64,0.73,2.39
2022-01-04,600511,28.77,28.68,29.14,28.55,162517,520238896.0,2.08,1.02,0.29,2.94
2022-01-05,600511,28.65,28.26,28.65,28.05,92185,289281008.0,2.09,-1.46,-0.42,1.67
2022-01-06,600511,28.19,28.39,28.45,27.86,61730,193372057.0,2.09,0.46,0.13,1.12
2022-01-07,600511,28.44,28.97,29.34,28.43,151863,488140288.0,3.21,2.04,0.58,2.74
2022-01-10,600511,28.99,28.88,29.24,28.7,67818,217129828.0,1.86,-0.31,-0.09,1.23
2022-01-11,600511,28.94,28.99,29.34,28.71,84493,272105232.0,2.18,0.38,0.11,1.53
2022-01-12,600511,28.99,28.75,29.24,28.65,80730,258797006.0,2.04,-0.83,-0.24,1.46
2022-01-13,600511,28.73,28.23,28.86,28.2,69148,218381887.0,2.3,-1.81,-0.52,1.25
2022-01-14,600511,28.13,28.51,28.71,28.13,66552,210134800.0,2.05,0.99,0.28,1.2
2022-01-17,600511,28.5,28.2,28.68,28.14,59081,185766087.0,1.89,-1.09,-0.31,1.07
2022-01-18,600511,28.2,27.43,28.21,27.28,78838,242109239.0,3.3,-2.73,-0.77,1.42
2022-01-19,600511,27.55,27.16,27.55,27.05,51695,157013585.0,1.82,-0.98,-0.27,0.93
2022-01-20,600511,27.19,27.08,27.54,26.92,54665,165569615.0,2.28,-0.29,-0.08,0.99
2022-01-21,600511,27.03,26.17,27.09,25.99,96151,283198272.0,4.06,-3.36,-0.91,1.74
2022-01-24,600511,26.04,25.86,26.06,25.74,52183,151423646.0,1.22,-1.18,-0.31,0.94
2022-01-25,600511,25.83,24.95,25.97,24.89,63258,180054060.0,4.18,-3.52,-0.91,1.14
2022-01-26,600511,24.95,25.11,25.36,24.77,46660,131245894.0,2.36,0.64,0.16,0.84
2022-01-27,600511,25.12,24.67,25.16,24.67,46428,129943132.0,1.95,-1.75,-0.44,0.84
2022-01-28,600511,25.06,24.81,25.09,24.69,32272,90507807.0,1.62,0.57,0.14,0.58
2022-02-07,600511,24.91,25.21,25.37,24.91,34616,98088929.0,1.85,1.61,0.4,0.63
2022-02-08,600511,25.11,25.4,25.42,25.02,29459,83785556.0,1.59,0.75,0.19,0.53
2022-02-09,600511,25.46,25.68,25.8,25.37,32432,93383755.0,1.69,1.1,0.28,0.59
2022-02-10,600511,25.69,25.73,25.92,25.54,31356,90452698.0,1.48,0.19,0.05,0.57
2022-02-11,600511,25.56,25.39,25.7,25.21,39101,111503722.0,1.9,-1.32,-0.34,0.71
2022-02-14,600511,25.44,25.2,25.55,25.18,24676,70269815.0,1.46,-0.75,-0.19,0.45
2022-02-15,600511,25.36,25.36,25.42,25.17,21371,60794006.0,0.99,0.63,0.16,0.39
2022-02-16,600511,25.39,25.37,25.44,25.24,21739,61903277.0,0.79,0.04,0.01,0.39
2022-02-17,600511,25.37,25.1,25.37,25.05,32775,92718298.0,1.26,-1.06,-0.27,0.59
2022-02-18,600511,24.89,25.15,25.2,24.87,23868,67291441.0,1.31,0.2,0.05,0.43
2022-02-21,600511,25.16,25.46,25.5,25.15,35342,100622240.0,1.39,1.23,0.31,0.64
2022-02-22,600511,25.31,25.03,25.32,24.99,26823,75756472.0,1.3,-1.69,-0.43,0.48
2022-02-23,600511,24.99,25.15,25.24,24.99,26947,76262596.0,1.0,0.48,0.12,0.49
2022-02-24,600511,25.21,24.54,25.24,24.3,61448,171535598.0,3.74,-2.43,-0.61,1.11
2022-02-25,600511,23.72,24.69,24.84,23.72,37691,104562460.0,4.56,0.61,0.15,0.68
2022-02-28,600511,24.65,24.7,24.79,24.26,33242,92190189.0,2.15,0.04,0.01,0.6
2022-03-01,600511,24.86,24.8,25.04,24.68,30618,85578116.0,1.46,0.4,0.1,0.55
2022-03-02,600511,24.71,25.18,25.31,24.52,36500,102714338.0,3.19,1.53,0.38,0.66
2022-03-03,600511,25.22,25.23,25.41,25.0,48771,138211121.0,1.63,0.2,0.05,0.88
2022-03-04,600511,25.21,25.69,26.05,25.2,82569,237949864.0,3.37,1.82,0.46,1.49
2022-03-07,600511,25.67,25.34,25.76,25.06,55536,158379443.0,2.72,-1.36,-0.35,1.0
2022-03-08,600511,25.23,23.96,25.24,23.89,55669,153208564.0,5.33,-5.45,-1.38,1.01
2022-03-09,600511,24.01,22.75,24.21,22.0,69134,181122864.0,9.22,-5.05,-1.21,1.25
2022-03-10,600511,23.19,23.74,24.14,23.19,64108,172155770.0,4.18,4.35,0.99,1.16
2022-03-11,600511,23.54,24.78,24.83,23.39,95940,263083131.0,6.07,4.38,1.04,1.73
2022-03-14,600511,25.02,24.42,25.6,24.42,97332,275127120.0,4.76,-1.45,-0.36,1.76
2022-03-15,600511,24.17,22.88,24.42,22.86,71437,191529895.0,6.39,-6.31,-1.54,1.29
2022-03-16,600511,23.3,23.37,23.56,21.79,82941,213554396.0,7.74,2.14,0.49,1.5
2022-03-17,600511,23.8,24.25,25.11,23.54,140923,391144864.0,6.72,3.77,0.88,2.55
2022-03-18,600511,24.41,24.75,25.09,24.31,104035,290134832.0,3.22,2.06,0.5,1.88
2022-03-21,600511,25.3,25.76,25.85,24.9,205171,585484752.0,3.84,4.08,1.01,3.71
2022-03-22,600511,25.69,24.73,25.7,24.66,137858,387156624.0,4.04,-4.0,-1.03,2.49
2022-03-23,600511,24.71,24.64,25.01,24.34,66784,186056724.0,2.71,-0.36,-0.09,1.21
2022-03-24,600511,24.43,27.42,27.42,24.24,246187,714251664.0,12.91,11.28,2.78,4.45
2022-03-25,600511,28.46,29.52,30.48,27.85,782518,2586711120.0,9.59,7.66,2.1,14.14
2022-03-28,600511,29.26,26.42,29.26,26.42,570214,1738442848.0,9.62,-10.5,-3.1,10.3
2022-03-29,600511,26.45,25.89,26.75,25.46,286568,836553856.0,4.88,-2.01,-0.53,5.18
2022-03-30,600511,25.99,26.42,26.68,25.4,247442,727578288.0,4.94,2.05,0.53,4.47
2022-03-31,600511,25.86,26.19,27.81,25.68,298854,892750912.0,8.06,-0.87,-0.23,5.4
2022-04-01,600511,25.47,25.42,25.9,25.22,200743,574863632.0,2.6,-2.94,-0.77,3.63
2022-04-06,600511,25.64,25.55,26.23,25.42,149203,431049632.0,3.19,0.51,0.13,2.7
2022-04-07,600511,25.34,23.88,25.61,23.86,210613,583883824.0,6.85,-6.54,-1.67,3.81
2022-04-08,600511,23.96,23.68,24.15,23.26,113184,302866208.0,3.73,-0.84,-0.2,2.05
2022-04-11,600511,23.62,23.66,24.09,23.17,106784,285737808.0,3.89,-0.08,-0.02,1.93
2022-04-12,600511,23.42,24.0,24.0,23.26,84753,227237132.0,3.13,1.44,0.34,1.53
2022-04-13,600511,24.02,24.6,25.15,23.32,173665,475746448.0,7.63,2.5,0.6,3.14
2022-04-14,600511,24.23,24.29,24.71,23.82,126599,346878976.0,3.62,-1.26,-0.31,2.29
2022-04-15,600511,24.24,24.56,24.66,23.76,105106,287262736.0,3.71,1.11,0.27,1.9
2022-04-18,600511,24.86,25.3,25.67,24.7,173878,494708560.0,3.95,3.01,0.74,3.14
2022-04-19,600511,25.07,25.15,25.53,24.91,86426,244585163.0,2.45,-0.59,-0.15,1.56
2022-04-20,600511,25.43,24.85,25.78,24.58,105325,298378672.0,4.77,-1.19,-0.3,1.9
2022-04-21,600511,24.68,25.46,26.95,24.37,240365,696876016.0,10.38,2.45,0.61,4.34
2022-04-22,600511,24.75,23.75,25.19,23.43,205224,556834784.0,6.91,-6.72,-1.71,3.71
2022-04-25,600511,23.26,21.92,23.74,21.91,133547,346491136.0,7.71,-7.71,-1.83,2.41
2022-04-26,600511,21.97,24.43,24.43,21.41,152180,397232128.0,13.78,11.45,2.51,2.75
2022-04-27,600511,26.86,26.16,27.19,25.45,604742,1798069344.0,7.12,7.08,1.73,10.93
2022-04-28,600511,24.66,26.21,27.66,24.57,427992,1257230432.0,11.81,0.19,0.05,7.73
2022-04-29,600511,25.72,26.37,27.14,25.46,325298,966502288.0,6.41,0.61,0.16,5.88
2022-05-05,600511,26.86,28.66,29.32,26.58,486235,1529765680.0,10.39,8.68,2.29,8.79
2022-05-06,600511,27.07,26.27,27.74,26.26,358609,1081917168.0,5.16,-8.34,-2.39,6.48
2022-05-09,600511,27.06,27.97,28.86,27.01,376627,1179033248.0,7.04,6.47,1.7,6.81
2022-05-10,600511,27.97,28.29,28.98,27.06,329302,1028113072.0,6.86,1.14,0.32,5.95
2022-05-11,600511,28.56,27.83,30.24,27.79,484521,1547307984.0,8.66,-1.63,-0.46,8.76
2022-05-12,600511,27.76,27.46,28.63,27.08,249335,766780336.0,5.57,-1.33,-0.37,4.51
2022-05-13,600511,27.42,27.46,27.97,26.86,171928,523923168.0,4.04,0.0,0.0,3.11
2022-05-16,600511,27.08,26.23,27.33,26.06,201089,596719520.0,4.62,-4.48,-1.23,3.63
2022-05-17,600511,26.3,25.21,26.34,24.99,165210,470987600.0,5.15,-3.89,-1.02,2.99
2022-05-18,600511,25.33,25.04,25.43,24.99,112589,319150000.0,1.75,-0.67,-0.17,2.03
2022-05-19,600511,24.48,24.83,24.96,24.43,104668,291392752.0,2.12,-0.84,-0.21,1.89
2022-05-20,600511,24.89,25.14,25.37,24.83,123845,349592992.0,2.17,1.25,0.31,2.24
2022-05-23,600511,25.18,25.25,25.35,24.88,90276,255484171.0,1.87,0.44,0.11,1.63
2022-05-24,600511,25.26,23.75,25.3,23.75,155201,427349456.0,6.14,-5.94,-1.5,2.8
2022-05-25,600511,23.96,24.61,24.72,23.87,105956,291685136.0,3.58,3.62,0.86,1.91
2022-05-26,600511,24.69,24.61,24.79,24.24,82028,227328178.0,2.23,0.0,0.0,1.48
2022-05-27,600511,24.59,24.76,24.84,24.41,73878,205326766.0,1.75,0.61,0.15,1.34
2022-05-30,600511,24.76,24.86,25.04,24.37,67641,188589868.0,2.71,0.4,0.1,1.22
2022-05-31,600511,24.75,24.86,24.97,24.39,83573,233082220.0,2.33,0.0,0.0,1.51
2022-06-01,600511,24.73,24.86,24.99,24.63,71282,199066767.0,1.45,0.0,0.0,1.29
2022-06-02,600511,24.96,24.62,24.96,24.37,66342,178982298.0,2.37,-0.97,-0.24,1.2
2022-06-06,600511,24.56,24.7,24.84,24.36,77593,209745826.0,1.95,0.32,0.08,1.4
2022-06-07,600511,24.67,25.04,25.26,24.49,106297,290478512.0,3.12,1.38,0.34,1.92
2022-06-08,600511,24.95,24.81,24.98,24.56,78587,213719872.0,1.68,-0.92,-0.23,1.42
2022-06-09,600511,24.56,24.17,24.77,24.13,98704,264060340.0,2.58,-2.58,-0.64,1.78
2022-06-10,600511,23.74,23.94,24.29,23.74,106740,282836288.0,2.28,-0.95,-0.23,1.93
2022-06-13,600511,23.72,23.92,24.03,23.53,71551,187241167.0,2.09,-0.08,-0.02,1.29
2022-06-14,600511,23.62,23.84,23.85,23.17,84290,219229620.0,2.84,-0.33,-0.08,1.52
2022-06-15,600511,23.84,24.11,24.43,23.84,86381,229973104.0,2.47,1.13,0.27,1.56
2022-06-16,600511,24.23,24.18,24.41,24.07,65618,175086259.0,1.41,0.29,0.07,1.19
2022-06-17,600511,24.11,24.12,24.24,23.64,59339,156876370.0,2.48,-0.25,-0.06,1.07
2022-06-20,600511,24.13,24.44,24.49,24.13,73329,196442671.0,1.49,1.33,0.32,1.33
2022-06-21,600511,24.51,24.34,24.66,24.17,63067,169342464.0,2.0,-0.41,-0.1,1.14
2022-06-22,600511,24.34,24.49,24.91,24.19,99246,268235516.0,2.96,0.62,0.15,1.79
2022-06-23,600511,24.48,24.38,24.55,24.01,69882,186380260.0,2.2,-0.45,-0.11,1.26
2022-06-24,600511,24.38,24.41,24.61,24.28,57313,154099010.0,1.35,0.12,0.03,1.04
2022-06-27,600511,24.55,24.52,24.73,24.35,62048,167440044.0,1.56,0.45,0.11,1.12
2022-06-28,600511,24.45,24.51,24.6,24.13,77102,206512976.0,1.92,-0.04,-0.01,1.39
2022-06-29,600511,24.46,24.36,24.76,24.32,101907,275101136.0,1.8,-0.61,-0.15,1.84
2022-06-30,600511,24.31,24.34,24.59,24.16,82674,221898613.0,1.77,-0.08,-0.02,1.49
2022-07-01,600511,24.34,24.32,24.51,24.27,49191,131895395.0,0.99,-0.08,-0.02,0.89
2022-07-04,600511,24.32,24.99,25.01,24.28,116750,317778768.0,3.0,2.75,0.67,2.11
2022-07-05,600511,25.01,24.69,25.06,24.42,72256,195891858.0,2.56,-1.2,-0.3,1.31
2022-07-06,600511,24.63,24.22,24.79,24.11,74440,199312428.0,2.75,-1.9,-0.47,1.35
2022-07-07,600511,24.66,24.03,24.72,23.99,77352,206155731.0,3.01,-0.78,-0.19,1.4
2022-07-08,600511,24.02,24.69,25.23,23.98,105881,285921824.0,5.2,2.75,0.66,1.91
2022-07-11,600511,24.54,24.96,25.32,24.31,173454,473869056.0,4.09,1.09,0.27,3.13
2022-07-12,600511,24.77,24.31,24.91,24.22,94796,254608007.0,2.76,-2.6,-0.65,1.71
2022-07-13,600511,24.34,24.29,24.4,24.07,43708,116603471.0,1.36,-0.08,-0.02,0.79
2022-07-14,600511,24.21,24.22,24.43,24.13,43575,116409882.0,1.24,-0.29,-0.07,0.79
2022-07-15,600511,24.35,23.62,24.35,23.56,66997,177121773.0,3.26,-2.48,-0.6,1.21
2022-07-18,600511,23.69,23.84,23.88,23.61,40589,106398453.0,1.14,0.93,0.22,0.73
2022-07-19,600511,23.81,24.03,24.19,23.74,44826,118133761.0,1.89,0.8,0.19,0.81
2022-07-20,600511,24.01,24.08,24.18,23.96,35955,95334896.0,0.92,0.21,0.05,0.65
2022-07-21,600511,23.96,23.88,24.17,23.88,39222,103776188.0,1.2,-0.83,-0.2,0.71
2022-07-22,600511,23.87,23.75,24.02,23.63,40855,107175697.0,1.63,-0.54,-0.13,0.74
2022-07-25,600511,23.81,23.91,23.96,23.66,32037,84100100.0,1.26,0.67,0.16,0.58
2022-07-26,600511,24.04,24.29,24.83,23.66,73871,196662226.0,4.89,1.59,0.38,1.33
2022-07-27,600511,23.99,23.95,24.16,23.82,43417,114526846.0,1.4,-1.4,-0.34,0.78
2022-07-28,600511,23.95,23.9,24.11,23.89,39093,103295676.0,0.92,-0.21,-0.05,0.71
2022-07-29,600511,23.84,23.73,24.05,23.7,35327,92601078.0,1.46,-0.71,-0.17,0.64
2022-08-01,600511,23.68,23.67,23.77,23.42,34621,90183832.0,1.47,-0.25,-0.06,0.63
2022-08-02,600511,23.46,22.87,23.5,22.57,69486,176342550.0,3.93,-3.38,-0.8,1.26
2022-08-03,600511,22.87,22.68,23.21,22.64,41865,106306276.0,2.49,-0.83,-0.19,0.76
2022-08-04,600511,22.77,22.82,22.93,22.65,24700,62330960.0,1.23,0.62,0.14,0.45
2022-08-05,600511,22.83,23.1,23.15,22.83,26654,67807590.0,1.4,1.23,0.28,0.48
2022-08-08,600511,23.22,23.55,23.72,23.13,42700,110855056.0,2.55,1.95,0.45,0.77
2022-08-09,600511,23.54,23.26,23.54,23.03,54759,140394090.0,2.17,-1.23,-0.29,0.99
2022-08-10,600511,23.25,23.02,23.26,22.9,28994,73858457.0,1.55,-1.03,-0.24,0.52
2022-08-11,600511,22.97,23.31,23.34,22.96,39280,100649969.0,1.65,1.26,0.29,0.71
2022-08-12,600511,23.23,23.31,23.51,23.21,28655,73912735.0,1.29,0.0,0.0,0.52
2022-08-15,600511,23.32,23.15,23.35,23.06,27137,69585628.0,1.24,-0.69,-0.16,0.49
2022-08-16,600511,23.09,23.16,23.34,23.09,23686,60749420.0,1.08,0.04,0.01,0.43
2022-08-17,600511,23.16,23.37,23.43,23.12,28163,72407627.0,1.34,0.91,0.21,0.51
2022-08-18,600511,23.34,23.23,23.34,23.17,22655,58189323.0,0.73,-0.6,-0.14,0.41
2022-08-19,600511,23.25,23.09,23.35,23.08,21788,55860861.0,1.16,-0.6,-0.14,0.39
2022-08-22,600511,23.09,23.16,23.29,22.86,24068,61564213.0,1.86,0.3,0.07,0.43
2022-08-23,600511,23.07,23.35,23.4,23.06,29231,75139792.0,1.47,0.82,0.19,0.53
2022-08-24,600511,23.46,23.12,23.62,23.1,51731,133098038.0,2.23,-0.99,-0.23,0.93
2022-08-25,600511,23.1,23.16,23.22,22.72,32299,82231494.0,2.16,0.17,0.04,0.58
2022-08-26,600511,23.19,23.24,23.33,23.08,23792,61079285.0,1.08,0.35,0.08,0.43
2022-08-29,600511,22.98,23.11,23.22,22.89,22453,57282489.0,1.42,-0.56,-0.13,0.41
2022-08-30,600511,23.12,23.35,23.36,23.07,30951,79488618.0,1.25,1.04,0.24,0.56
2022-08-31,600511,23.22,23.56,23.61,23.22,71966,186689656.0,1.67,0.9,0.21,1.3
2022-09-01,600511,23.57,23.63,23.85,23.47,62266,162909645.0,1.61,0.3,0.07,1.13
2022-09-02,600511,23.7,23.81,23.86,23.63,37156,97428430.0,0.97,0.76,0.18,0.67
2022-09-05,600511,23.81,23.49,23.84,23.42,36210,94038070.0,1.76,-1.34,-0.32,0.65
2022-09-06,600511,23.49,23.54,23.61,23.39,23769,61641785.0,0.94,0.21,0.05,0.43
2022-09-07,600511,23.52,23.42,23.53,23.34,26877,69491072.0,0.81,-0.51,-0.12,0.49
2022-09-08,600511,23.5,23.32,23.5,23.32,18355,47392296.0,0.77,-0.43,-0.1,0.33
2022-09-09,600511,23.32,23.65,23.71,23.26,40059,104281169.0,1.93,1.42,0.33,0.72
2022-09-13,600511,23.74,23.57,23.81,23.56,25973,67852397.0,1.06,-0.34,-0.08,0.47
2022-09-14,600511,23.36,23.78,23.86,23.18,39656,102983162.0,2.89,0.89,0.21,0.72
2022-09-15,600511,23.6,23.47,23.89,23.37,42746,111621981.0,2.19,-1.3,-0.31,0.77
2022-09-16,600511,23.43,23.1,23.56,22.97,41472,106488295.0,2.51,-1.58,-0.37,0.75
2022-09-19,600511,23.04,22.7,23.09,22.69,27363,69179537.0,1.73,-1.73,-0.4,0.49
2022-09-20,600511,22.76,23.03,23.26,22.7,20570,52192317.0,2.47,1.45,0.33,0.37
2022-09-21,600511,22.98,23.12,23.33,22.77,19951,50914625.0,2.43,0.39,0.09,0.36
2022-09-22,600511,23.02,22.82,23.15,22.8,15794,40148272.0,1.51,-1.3,-0.3,0.29
2022-09-23,600511,22.81,22.57,23.05,22.5,24747,62430609.0,2.41,-1.1,-0.25,0.45
2022-09-26,600511,22.58,22.28,22.77,22.24,25150,62679245.0,2.35,-1.28,-0.29,0.45
2022-09-27,600511,22.24,22.53,22.56,22.22,20438,50833371.0,1.53,1.12,0.25,0.37
2022-09-28,600511,22.49,22.7,23.45,22.4,53312,135828702.0,4.66,0.75,0.17,0.96
2022-09-29,600511,22.81,22.44,23.22,22.41,43515,109838513.0,3.57,-1.15,-0.26,0.79
2022-09-30,600511,22.26,22.47,22.89,22.26,26448,66268264.0,2.81,0.13,0.03,0.48
2022-10-10,600511,22.66,22.44,22.74,22.26,27292,68049495.0,2.14,-0.13,-0.03,0.49
2022-10-11,600511,22.34,22.43,22.49,21.92,29740,73395329.0,2.54,-0.04,-0.01,0.54
2022-10-12,600511,22.43,22.5,22.53,21.93,27683,68338843.0,2.67,0.31,0.07,0.5
2022-10-13,600511,22.51,22.72,22.88,22.4,32442,81580775.0,2.13,0.98,0.22,0.59
2022-10-14,600511,22.74,23.41,23.51,22.74,58982,151601070.0,3.39,3.04,0.69,1.07
2022-10-17,600511,23.29,23.46,23.77,23.27,41528,107983046.0,2.14,0.21,0.05,0.75
2022-10-18,600511,23.54,23.78,23.9,23.3,62442,163398644.0,2.56,1.36,0.32,1.13
2022-10-19,600511,23.78,23.34,23.86,23.31,33781,87514420.0,2.31,-1.85,-0.44,0.61
2022-10-20,600511,23.3,24.54,25.92,23.23,179231,486630718.0,11.53,5.14,1.2,3.24
2022-10-21,600511,23.56,23.88,24.16,23.56,114716,301154428.0,2.44,-2.69,-0.66,2.07
2022-10-24,600511,23.78,23.2,24.14,23.18,65825,171126148.0,4.02,-2.85,-0.68,1.19
2022-10-25,600511,23.19,22.81,23.34,22.61,48422,122716042.0,3.15,-1.68,-0.39,0.88
2022-10-26,600511,22.86,23.73,24.06,22.86,82126,214386400.0,5.26,4.03,0.92,1.48
2022-10-27,600511,23.69,23.88,24.15,23.49,61440,161599392.0,2.78,0.63,0.15,1.11
2022-10-28,600511,23.8,23.46,23.91,23.42,49014,127841310.0,2.05,-1.76,-0.42,0.89
2022-10-31,600511,23.37,23.76,24.01,23.31,51150,133797728.0,2.98,1.28,0.3,0.92
2022-11-01,600511,23.77,24.18,24.22,23.62,89137,235429690.0,2.53,1.77,0.42,1.61
2022-11-02,600511,24.06,24.34,25.16,23.97,137190,372069674.0,4.92,0.66,0.16,2.48
2022-11-03,600511,23.97,24.08,24.44,23.91,61200,162653588.0,2.18,-1.07,-0.26,1.11
2022-11-04,600511,24.11,24.56,24.92,23.97,89604,241016487.0,3.95,1.99,0.48,1.62
2022-11-07,600511,24.54,24.83,25.44,24.28,97190,264086362.0,4.72,1.1,0.27,1.76
2022-11-08,600511,24.76,24.35,24.76,24.26,75061,201449482.0,2.01,-1.93,-0.48,1.36
2022-11-09,600511,24.42,24.84,25.02,24.26,104069,283458645.0,3.12,2.01,0.49,1.88
2022-11-10,600511,24.7,24.82,25.06,24.59,62932,172103262.0,1.89,-0.08,-0.02,1.14
2022-11-11,600511,25.09,24.35,25.33,24.34,112321,307289503.0,3.99,-1.89,-0.47,2.03
2022-11-14,600511,24.21,25.2,25.44,24.12,141448,388608519.0,5.42,3.49,0.85,2.56
2022-11-15,600511,25.13,25.49,25.56,24.96,106443,295297814.0,2.38,1.15,0.29,1.92
2022-11-16,600511,25.45,25.12,25.62,25.04,62875,174393751.0,2.28,-1.45,-0.37,1.14
2022-11-17,600511,25.07,25.56,25.64,24.98,89153,248764162.0,2.63,1.75,0.44,1.61
2022-11-18,600511,25.66,25.98,26.24,25.33,161388,458184894.0,3.56,1.64,0.42,2.92
2022-11-21,600511,26.04,25.88,26.16,25.46,84996,239828971.0,2.69,-0.38,-0.1,1.54
2022-11-22,600511,25.66,25.12,26.03,24.97,96798,269428610.0,4.1,-2.94,-0.76,1.75
2022-11-23,600511,25.12,24.67,25.28,24.36,72754,196729745.0,3.66,-1.79,-0.45,1.31
2022-11-24,600511,24.74,24.86,24.94,24.57,40872,111320996.0,1.5,0.77,0.19,0.74
2022-11-25,600511,24.75,24.62,24.92,24.28,48434,130829765.0,2.57,-0.97,-0.24,0.88
2022-11-28,600511,24.27,24.53,25.02,24.27,54880,148472196.0,3.05,-0.37,-0.09,0.99
2022-11-29,600511,24.92,25.62,25.74,24.67,139517,389590166.0,4.36,4.44,1.09,2.52
2022-11-30,600511,25.63,25.38,25.83,25.28,80983,226699678.0,2.15,-0.94,-0.24,1.46
2022-12-01,600511,25.66,25.5,25.88,25.07,91287,254248167.0,3.19,0.47,0.12,1.65
2022-12-02,600511,25.45,25.36,25.57,25.29,41733,116236446.0,1.1,-0.55,-0.14,0.75
2022-12-05,600511,25.76,26.31,26.44,25.44,163298,465660690.0,3.94,3.75,0.95,2.95
2022-12-06,600511,26.12,25.96,26.73,25.86,108596,311786970.0,3.31,-1.33,-0.35,1.96
2022-12-07,600511,25.92,26.45,26.61,25.64,98352,282050753.0,3.74,1.89,0.49,1.78
2022-12-08,600511,26.56,26.61,26.73,26.17,103136,298563634.0,2.12,0.6,0.16,1.86
2022-12-09,600511,26.37,26.4,26.84,26.26,69147,200286333.0,2.18,-0.79,-0.21,1.25
2022-12-12,600511,26.4,26.86,27.15,26.4,109863,322345797.0,2.84,1.74,0.46,1.99
2022-12-13,600511,27.07,26.59,27.1,26.24,72154,209254025.0,3.2,-1.01,-0.27,1.3
2022-12-14,600511,26.65,25.91,26.69,25.77,71192,202673148.0,3.46,-2.56,-0.68,1.29
2022-12-15,600511,25.87,26.17,26.46,25.87,55179,158201611.0,2.28,1.0,0.26,1.0
2022-12-16,600511,26.12,27.76,28.53,25.94,251493,753496801.0,9.9,6.08,1.59,4.54
2022-12-19,600511,27.76,26.23,27.78,25.98,155657,451828596.0,6.48,-5.51,-1.53,2.81
2022-12-20,600511,25.97,25.2,26.13,24.91,83981,233067919.0,4.65,-3.93,-1.03,1.52
2022-12-21,600511,25.24,25.41,25.62,24.96,56051,155465920.0,2.62,0.83,0.21,1.01
2022-12-22,600511,25.36,24.78,25.51,24.75,64494,177607534.0,2.99,-2.48,-0.63,1.17
2022-12-23,600511,24.73,25.08,25.28,24.71,46459,127934008.0,2.3,1.21,0.3,0.84
2022-12-26,600511,25.14,25.39,25.61,25.14,52947,147131369.0,1.87,1.24,0.31,0.96
2022-12-27,600511,25.41,25.37,25.54,24.8,61604,170177094.0,2.91,-0.08,-0.02,1.11
2022-12-28,600511,25.23,25.24,25.38,24.97,29767,82156786.0,1.62,-0.51,-0.13,0.54
2022-12-29,600511,25.07,25.63,26.06,25.04,48913,137465436.0,4.04,1.55,0.39,0.88
2022-12-30,600511,25.59,25.46,25.71,25.26,36975,102869032.0,1.76,-0.66,-0.17,0.67
2023-01-03,600511,25.74,25.9,26.24,25.45,69337,196426302.0,3.1,1.73,0.44,1.25
2023-01-04,600511,25.81,26.4,26.54,25.67,69043,197549432.0,3.36,1.93,0.5,1.25
2023-01-05,600511,26.4,26.51,26.63,26.26,56461,163327014.0,1.4,0.42,0.11,1.02
2023-01-06,600511,26.38,26.15,26.52,26.11,37716,108206557.0,1.55,-1.36,-0.36,0.68
2023-01-09,600511,26.07,26.3,26.48,25.96,42025,120481273.0,1.99,0.57,0.15,0.76
2023-01-10,600511,26.36,26.37,26.79,26.19,37433,108354995.0,2.28,0.27,0.07,0.68
2023-01-11,600511,26.43,26.28,26.74,26.24,36814,106488942.0,1.9,-0.34,-0.09,0.67
2023-01-12,600511,26.76,26.95,27.53,26.57,115323,340345771.0,3.65,2.55,0.67,2.08
2023-01-13,600511,27.16,27.78,27.88,26.86,125382,376733830.0,3.78,3.08,0.83,2.27
2023-01-16,600511,28.06,28.04,28.61,27.86,124233,382335879.0,2.7,0.94,0.26,2.25
2023-01-17,600511,27.89,27.19,27.93,27.09,75156,224506143.0,3.0,-3.03,-0.85,1.36
2023-01-18,600511,27.31,26.8,27.31,26.78,43569,128169064.0,1.95,-1.43,-0.39,0.79
2023-01-19,600511,26.8,26.97,27.26,26.73,42377,124866361.0,1.98,0.63,0.17,0.77
2023-01-20,600511,27.15,27.51,28.01,27.13,53280,160157540.0,3.26,2.0,0.54,0.96
2023-01-30,600511,27.51,27.83,28.3,27.35,75117,227618942.0,3.45,1.16,0.32,1.36
2023-01-31,600511,27.84,28.27,28.66,27.71,88667,273683330.0,3.41,1.58,0.44,1.6
2023-02-01,600511,28.27,28.19,28.41,27.95,47517,145254203.0,1.63,-0.28,-0.08,0.86
2023-02-02,600511,28.19,28.49,28.76,28.03,49770,154080592.0,2.59,1.06,0.3,0.9
2023-02-03,600511,28.44,27.91,28.44,27.76,34208,103897290.0,2.39,-2.04,-0.58,0.62
2023-02-06,600511,27.81,27.38,27.85,27.26,49905,149182398.0,2.11,-1.9,-0.53,0.9
2023-02-07,600511,27.44,27.29,27.53,27.14,22597,67309810.0,1.42,-0.33,-0.09,0.41
2023-02-08,600511,27.21,26.96,27.35,26.91,26894,79359612.0,1.61,-1.21,-0.33,0.49
2023-02-09,600511,27.01,27.04,27.11,26.87,32873,96734233.0,0.89,0.3,0.08,0.59
2023-02-10,600511,27.06,26.97,27.21,26.84,25525,75174420.0,1.37,-0.26,-0.07,0.46
2023-02-13,600511,26.99,27.38,27.7,26.99,46665,139631521.0,2.63,1.52,0.41,0.84
2023-02-14,600511,27.46,27.5,27.9,27.4,26784,80466040.0,1.83,0.44,0.12,0.48
2023-02-15,600511,27.48,27.34,27.65,27.29,25794,77002786.0,1.31,-0.58,-0.16,0.47
2023-02-16,600511,27.42,27.53,28.73,27.41,88068,268805900.0,4.83,0.69,0.19,1.59
2023-02-17,600511,27.57,28.02,28.3,27.33,73842,225426619.0,3.52,1.78,0.49,1.33
2023-02-20,600511,27.78,28.33,28.44,27.78,53607,164189812.0,2.36,1.11,0.31,0.97
2023-02-21,600511,28.25,29.09,29.12,28.25,125373,391766873.0,3.07,2.68,0.76,2.27
2023-02-22,600511,29.08,29.11,29.26,28.86,54128,170721798.0,1.38,0.07,0.02,0.98
2023-02-23,600511,28.95,29.22,29.33,28.91,54651,172505221.0,1.44,0.38,0.11,0.99
2023-02-24,600511,29.12,29.01,29.54,28.83,43119,136369402.0,2.43,-0.72,-0.21,0.78
2023-02-27,600511,29.01,28.76,29.39,28.54,45421,141834168.0,2.93,-0.86,-0.25,0.82
2023-02-28,600511,28.82,29.69,29.84,28.76,90933,291158218.0,3.76,3.23,0.93,1.64
2023-03-01,600511,29.8,29.68,29.89,29.27,52659,168747140.0,2.09,-0.03,-0.01,0.95
2023-03-02,600511,29.51,29.88,30.16,29.46,54118,175333162.0,2.36,0.67,0.2,0.98
2023-03-03,600511,29.87,30.42,30.63,29.66,76548,251465562.0,3.25,1.81,0.54,1.38
2023-03-06,600511,30.43,31.46,31.6,30.43,114320,385553466.0,3.85,3.42,1.04,2.07
2023-03-07,600511,31.31,31.37,32.56,31.27,151043,520211228.0,4.1,-0.29,-0.09,2.73
2023-03-08,600511,31.38,31.92,32.22,30.96,96699,330562551.0,4.02,1.75,0.55,1.75
2023-03-09,600511,31.76,31.35,32.41,31.16,89528,303893626.0,3.92,-1.79,-0.57,1.62
2023-03-10,600511,31.14,31.11,31.45,30.87,66450,223589871.0,1.85,-0.77,-0.24,1.2
2023-03-13,600511,30.94,31.81,31.91,30.64,57399,194604975.0,4.08,2.25,0.7,1.04
2023-03-14,600511,31.67,31.36,32.14,31.14,46807,159328876.0,3.14,-1.41,-0.45,0.85
2023-03-15,600511,31.32,31.91,31.96,31.18,52041,177901959.0,2.49,1.75,0.55,0.94
2023-03-16,600511,31.9,33.52,34.31,31.56,193092,690832093.0,8.62,5.05,1.61,3.49
2023-03-17,600511,33.52,33.13,34.12,32.96,97547,350008395.0,3.46,-1.16,-0.39,1.76
2023-03-20,600511,33.11,31.54,33.13,31.27,102931,352542293.0,5.61,-4.8,-1.59,1.86
2023-03-21,600511,31.53,31.64,32.19,31.5,50706,174162511.0,2.19,0.32,0.1,0.92
2023-03-22,600511,31.85,31.58,32.36,31.45,43542,149035068.0,2.88,-0.19,-0.06,0.79
2023-03-23,600511,31.55,31.97,32.71,31.55,83590,288511696.0,3.67,1.23,0.39,1.51
2023-03-24,600511,32.38,31.86,32.73,31.82,51502,177992412.0,2.85,-0.34,-0.11,0.93
2023-03-27,600511,31.85,31.26,31.93,31.01,57297,193619141.0,2.89,-1.88,-0.6,1.04
2023-03-28,600511,31.47,32.41,32.96,31.26,75797,262468059.0,5.44,3.68,1.15,1.37
2023-03-29,600511,32.19,33.3,33.58,32.19,79627,282574068.0,4.29,2.75,0.89,1.44
2023-03-30,600511,33.26,33.4,33.56,32.79,52142,186143374.0,2.31,0.3,0.1,0.94
2023-03-31,600511,33.3,34.81,34.91,33.29,112473,416533544.0,4.85,4.22,1.41,2.03
2023-04-03,600511,34.8,33.99,35.27,33.64,65777,241234779.0,4.68,-2.36,-0.82,1.19
2023-04-04,600511,34.06,35.66,35.86,33.94,91108,344126967.0,5.65,4.91,1.67,1.65
2023-04-06,600511,35.43,34.95,35.43,34.44,59009,219925713.0,2.78,-1.99,-0.71,1.07
2023-04-07,600511,35.09,34.34,35.16,33.58,60197,220279428.0,4.52,-1.75,-0.61,1.09
2023-04-10,600511,34.22,33.89,34.49,33.49,53134,192499061.0,2.91,-1.31,-0.45,0.96
2023-04-11,600511,33.56,34.37,34.5,33.56,50889,185335180.0,2.77,1.42,0.48,0.92
2023-04-12,600511,34.49,33.97,34.95,33.97,34324,126152315.0,2.85,-1.16,-0.4,0.62
2023-04-13,600511,33.98,35.38,35.56,33.78,77423,290809190.0,5.24,4.15,1.41,1.4
2023-04-14,600511,35.56,35.45,35.97,34.57,69665,263451628.0,3.96,0.2,0.07,1.26
2023-04-17,600511,35.26,37.56,38.07,35.04,135845,538350781.0,8.55,5.95,2.11,2.45
2023-04-18,600511,37.78,37.04,38.04,36.47,67383,264817426.0,4.18,-1.38,-0.52,1.22
2023-04-19,600511,37.02,37.29,37.44,36.65,69735,275709230.0,2.13,0.67,0.25,1.26
2023-04-20,600511,36.95,38.2,38.21,36.94,85980,345995316.0,3.41,2.44,0.91,1.55
2023-04-21,600511,38.11,37.38,38.39,37.31,65151,262440927.0,2.83,-2.15,-0.82,1.18
2023-04-24,600511,37.39,37.51,38.86,37.27,88277,355897324.0,4.25,0.35,0.13,1.6
2023-04-25,600511,37.47,37.18,37.91,36.53,108616,429743500.0,3.68,-0.88,-0.33,1.96
2023-04-26,600511,36.58,37.23,37.56,36.06,91401,360713029.0,4.03,0.13,0.05,1.65
2023-04-27,600511,37.22,38.06,38.38,37.09,91327,368505586.0,3.46,2.23,0.83,1.65
2023-04-28,600511,37.76,38.87,39.76,37.42,112912,465257165.0,6.15,2.13,0.81,2.04
2023-05-04,600511,38.74,41.04,42.36,38.14,125025,538160053.0,10.86,5.58,2.17,2.26
2023-05-05,600511,40.89,39.36,41.26,39.06,74905,315607729.0,5.36,-4.09,-1.68,1.35
2023-05-08,600511,39.34,39.27,39.76,38.45,55227,229455432.0,3.33,-0.23,-0.09,1.0
2023-05-09,600511,39.16,38.38,40.06,38.04,93184,383793958.0,5.14,-2.27,-0.89,1.68
2023-05-10,600511,38.38,36.13,38.53,35.76,166002,649231443.0,7.22,-5.86,-2.25,3.0
2023-05-11,600511,36.25,35.71,36.68,34.84,134320,510027454.0,5.09,-1.16,-0.42,2.43
2023-05-12,600511,36.14,36.34,37.24,35.76,51682,201262812.0,4.14,1.76,0.63,0.93
2023-05-15,600511,36.25,36.69,36.72,35.14,54641,210006554.0,4.35,0.96,0.35,0.99
2023-05-16,600511,36.64,37.28,37.58,36.04,61415,243105324.0,4.2,1.61,0.59,1.11
2023-05-17,600511,37.25,36.77,37.25,36.18,46495,181374211.0,2.87,-1.37,-0.51,0.84
2023-05-18,600511,36.69,37.26,37.86,36.49,53031,211177758.0,3.73,1.33,0.49,0.96
2023-05-19,600511,37.26,37.73,38.41,36.66,47506,190693331.0,4.7,1.26,0.47,0.86
2023-05-22,600511,37.73,37.45,38.12,37.17,36630,146738719.0,2.52,-0.74,-0.28,0.66
2023-05-23,600511,37.36,36.69,37.96,36.54,64171,253954838.0,3.79,-2.03,-0.76,1.16
2023-05-24,600511,36.58,35.88,36.64,35.72,47385,182506471.0,2.51,-2.21,-0.81,0.86
2023-05-25,600511,35.97,34.72,35.97,34.29,111081,413584040.0,4.68,-3.23,-1.16,2.01
2023-05-26,600511,34.82,35.67,36.11,34.38,59427,224127705.0,4.98,2.74,0.95,1.07
2023-05-29,600511,35.7,36.41,36.56,35.54,49997,192772458.0,2.86,2.07,0.74,0.9
2023-05-30,600511,36.41,36.79,37.0,36.08,45467,177751344.0,2.53,1.04,0.38,0.82
2023-05-31,600511,36.86,37.56,37.76,36.7,82390,328234357.0,2.88,2.09,0.77,1.49
2023-06-01,600511,37.32,35.09,37.52,34.77,92923,354176354.0,7.32,-6.58,-2.47,1.68
2023-06-02,600511,35.16,34.36,35.56,34.25,69045,257151816.0,3.73,-2.08,-0.73,1.25
2023-06-05,600511,34.45,36.08,36.12,34.38,75726,287557333.0,5.06,5.01,1.72,1.37
2023-06-06,600511,35.83,35.63,36.62,35.31,39812,153226384.0,3.63,-1.25,-0.45,0.72
2023-06-07,600511,35.61,36.61,37.34,35.53,53993,210802207.0,5.08,2.75,0.98,0.98
2023-06-08,600511,36.46,35.84,36.94,35.44,35137,134893209.0,4.1,-2.1,-0.77,0.63
2023-06-09,600511,35.85,35.8,36.51,35.5,30232,113665220.0,2.82,-0.11,-0.04,0.55
2023-06-12,600511,35.85,35.43,36.35,34.92,35598,132005652.0,3.99,-1.03,-0.37,0.64
2023-06-13,600511,35.45,33.62,35.63,33.24,175306,623438610.0,6.75,-5.11,-1.81,3.17
2023-06-14,600511,33.77,33.76,34.24,33.35,57901,205270062.0,2.65,0.42,0.14,1.05
2023-06-15,600511,33.6,33.75,33.83,33.05,66850,234327797.0,2.31,-0.03,-0.01,1.21
2023-06-16,600511,33.85,34.28,34.46,33.65,71742,257403973.0,2.4,1.57,0.53,1.3
2023-06-19,600511,34.17,34.55,34.93,34.01,42193,152824035.0,2.68,0.79,0.27,0.76
2023-06-20,600511,34.68,34.7,35.31,34.35,44022,161009143.0,2.78,0.43,0.15,0.8
2023-06-21,600511,34.55,34.25,34.8,33.9,32120,115599850.0,2.59,-1.3,-0.45,0.58
2023-06-26,600511,33.86,33.93,34.53,33.66,37414,133213403.0,2.54,-0.93,-0.32,0.68
2023-06-27,600511,34.16,34.62,34.71,33.75,39766,143324136.0,2.83,2.03,0.69,0.72
2023-06-28,600511,34.51,35.03,36.25,34.39,59250,217956225.0,5.37,1.18,0.41,1.07
2023-06-29,600511,35.3,36.75,37.47,35.15,74343,283045046.0,6.62,4.91,1.72,1.34
2023-06-30,600511,36.75,37.2,37.64,36.56,56924,221308553.0,2.94,1.22,0.45,1.03
2023-07-03,600511,37.2,35.51,37.22,34.86,72160,268184000.0,6.34,-4.54,-1.69,1.3
2023-07-04,600511,35.35,34.19,35.85,34.03,84672,306548571.0,5.13,-3.72,-1.32,1.53
2023-07-05,600511,34.19,33.9,34.34,33.18,62802,222452770.0,3.39,-0.85,-0.29,1.13
2023-07-06,600511,33.83,33.27,34.11,33.21,32490,114436519.0,2.65,-1.86,-0.63,0.59
2023-07-07,600511,33.23,34.17,34.3,32.73,55280,195236752.0,4.72,2.71,0.9,1.0
2023-07-10,600511,34.05,33.84,34.15,33.47,27203,96221383.0,1.99,-0.97,-0.33,0.49
2023-07-11,600511,33.84,34.13,34.27,33.15,35822,127198609.0,3.31,0.86,0.29,0.65
2023-07-12,600511,33.95,33.57,34.3,33.48,18239,64713692.0,2.4,-1.64,-0.56,0.33
2023-07-13,600511,33.65,32.69,33.75,32.35,88506,304078659.0,4.17,-2.62,-0.88,1.6
2023-07-14,600511,32.7,32.2,32.8,31.93,73314,248346121.0,2.66,-1.5,-0.49,1.32
2023-07-17,600511,31.76,32.07,32.16,31.22,66316,220523938.0,2.92,-0.4,-0.13,1.2
2023-07-18,600511,31.94,31.6,32.15,31.52,40674,135798299.0,1.96,-1.47,-0.47,0.74
2023-07-19,600511,31.52,31.63,31.8,31.49,32448,108075407.0,0.98,0.09,0.03,0.59
2023-07-20,600511,31.7,31.49,31.73,31.26,33410,110538816.0,1.49,-0.44,-0.14,0.6
2023-07-21,600511,31.56,32.12,32.55,31.36,50585,170798443.0,3.78,2.0,0.63,0.91
2023-07-24,600511,32.19,32.89,33.05,31.85,44917,154216160.0,3.74,2.4,0.77,0.81
2023-07-25,600511,32.9,31.81,33.1,31.65,77547,260253923.0,4.41,-3.28,-1.08,1.4
2023-07-26,600511,31.79,31.85,32.4,31.72,60520,203910548.0,2.14,0.13,0.04,1.09
2023-07-27,600511,31.92,31.83,32.14,31.26,51847,172971631.0,2.76,-0.06,-0.02,0.94
2023-07-28,600511,31.74,31.85,31.95,31.55,40307,134751072.0,1.26,0.06,0.02,0.73
2023-07-31,600511,31.86,31.63,32.39,31.48,82932,277587449.0,2.86,-0.69,-0.22,1.5
2023-08-01,600511,31.49,30.65,31.73,30.55,78957,256771586.0,3.73,-3.1,-0.98,1.43
2023-08-02,600511,30.64,30.73,30.77,30.51,34528,111608715.0,0.85,0.26,0.08,0.62
2023-08-03,600511,30.53,32.0,32.11,30.51,79505,263935161.0,5.21,4.13,1.27,1.44
2023-08-04,600511,32.0,31.24,32.11,31.2,56261,186267657.0,2.84,-2.38,-0.76,1.02
2023-08-07,600511,31.12,30.21,31.12,29.98,70961,227009982.0,3.65,-3.3,-1.03,1.28
2023-08-08,600511,30.06,30.71,31.03,29.98,49445,159585499.0,3.48,1.66,0.5,0.89
2023-08-09,600511,30.75,30.85,31.06,30.28,45147,146094148.0,2.54,0.46,0.14,0.82
2023-08-10,600511,30.84,30.9,30.95,30.59,20853,67657904.0,1.17,0.16,0.05,0.38
2023-08-11,600511,30.73,31.13,31.56,30.69,43417,142797470.0,2.82,0.74,0.23,0.78
2023-08-14,600511,30.95,31.65,31.78,30.78,47104,155574810.0,3.21,1.67,0.52,0.85
2023-08-15,600511,31.41,32.52,32.83,31.38,84235,286542624.0,4.58,2.75,0.87,1.52
2023-08-16,600511,32.35,32.53,32.97,32.17,75763,260244400.0,2.46,0.03,0.01,1.37
2023-08-17,600511,32.35,32.37,32.47,31.93,37888,128091434.0,1.66,-0.49,-0.16,0.68
2023-08-18,600511,32.39,31.29,32.42,31.27,44432,147704870.0,3.55,-3.34,-1.08,0.8
2023-08-21,600511,30.35,30.37,31.08,30.34,32593,105082546.0,2.36,-2.94,-0.92,0.59
2023-08-22,600511,30.35,30.26,30.55,29.59,36116,114668003.0,3.16,-0.36,-0.11,0.65
2023-08-23,600511,30.54,30.18,30.57,30.07,21201,67811553.0,1.65,-0.26,-0.08,0.38
2023-08-24,600511,30.61,29.48,30.87,29.41,73216,229537804.0,4.84,-2.32,-0.7,1.32
2023-08-25,600511,29.46,29.52,29.72,29.16,61999,192717287.0,1.9,0.14,0.04,1.12
2023-08-28,600511,30.79,30.41,31.32,30.11,66555,215735903.0,4.1,3.01,0.89,1.2
2023-08-29,600511,30.16,30.43,30.55,29.95,57643,184056828.0,1.97,0.07,0.02,1.04
2023-08-30,600511,30.34,30.66,30.84,30.17,51451,165705512.0,2.2,0.76,0.23,0.93
2023-08-31,600511,30.5,30.9,31.06,30.37,47221,152585529.0,2.25,0.78,0.24,0.85
2023-09-01,600511,30.9,30.97,31.27,30.76,32863,107557426.0,1.65,0.23,0.07,0.59
2023-09-04,600511,30.95,30.68,31.09,30.55,41266,133532265.0,1.74,-0.94,-0.29,0.75
2023-09-05,600511,30.61,30.71,30.91,30.51,16813,54380610.0,1.3,0.1,0.03,0.3
2023-09-06,600511,30.58,30.31,30.63,30.2,20748,66395088.0,1.4,-1.3,-0.4,0.37
2023-09-07,600511,30.25,30.0,30.34,29.86,25590,81090316.0,1.58,-1.02,-0.31,0.46
2023-09-08,600511,29.74,29.72,29.84,29.25,30458,94855416.0,1.97,-0.93,-0.28,0.55
2023-09-11,600511,29.64,31.15,31.89,29.62,92551,305031886.0,7.64,4.81,1.43,1.67
2023-09-12,600511,31.13,31.13,31.72,30.96,33057,108747472.0,2.44,-0.06,-0.02,0.6
2023-09-13,600511,31.05,31.01,31.38,30.82,28832,94299122.0,1.8,-0.39,-0.12,0.52
2023-09-14,600511,30.94,31.2,31.45,30.75,36779,120647289.0,2.26,0.61,0.19,0.66
2023-09-15,600511,31.21,31.72,31.84,31.06,68204,226741517.0,2.5,1.67,0.52,1.23
2023-09-18,600511,31.62,31.13,31.62,30.49,61239,199687995.0,3.56,-1.86,-0.59,1.11
2023-09-19,600511,31.15,31.98,32.05,31.1,62854,209957301.0,3.05,2.73,0.85,1.14
2023-09-20,600511,31.95,31.63,32.01,31.45,28271,94239223.0,1.75,-1.09,-0.35,0.51
2023-09-21,600511,31.5,31.1,31.63,31.05,25165,82711278.0,1.83,-1.68,-0.53,0.45
2023-09-22,600511,31.07,29.51,31.08,28.36,143118,444602174.0,8.75,-5.11,-1.59,2.59
2023-09-25,600511,29.63,30.61,30.91,29.37,92304,295926404.0,5.22,3.73,1.1,1.67
2023-09-26,600511,30.61,30.59,31.35,30.51,41612,135215024.0,2.74,-0.07,-0.02,0.75
2023-09-27,600511,30.53,31.45,31.56,30.5,44196,145103376.0,3.47,2.81,0.86,0.8
2023-09-28,600511,32.04,31.5,32.1,31.17,33012,109630854.0,2.96,0.16,0.05,0.6
2023-10-09,600511,31.48,30.78,31.54,30.48,25526,82690443.0,3.37,-2.29,-0.72,0.46
2023-10-10,600511,30.72,30.33,30.93,30.03,40382,128849633.0,2.92,-1.46,-0.45,0.73
2023-10-11,600511,30.28,30.58,31.04,30.18,29933,96866276.0,2.84,0.82,0.25,0.54
2023-10-12,600511,30.6,29.96,30.98,29.84,40536,129050421.0,3.73,-2.03,-0.62,0.73
2023-10-13,600511,29.98,30.21,30.59,29.78,31946,102172786.0,2.7,0.83,0.25,0.58
2023-10-16,600511,30.32,29.99,30.87,29.85,38138,121458556.0,3.38,-0.73,-0.22,0.69
2023-10-17,600511,30.05,29.97,30.29,29.53,32907,103745328.0,2.53,-0.07,-0.02,0.59
2023-10-18,600511,30.03,29.66,30.1,29.5,26796,83966812.0,2.0,-1.03,-0.31,0.48
2023-10-19,600511,29.39,28.99,29.63,28.94,27457,84571221.0,2.33,-2.26,-0.67,0.5
2023-10-20,600511,29.0,28.65,29.22,28.56,25670,78256321.0,2.28,-1.17,-0.34,0.46
2023-10-23,600511,28.63,28.15,28.74,28.06,27900,83780201.0,2.37,-1.75,-0.5,0.5
2023-10-24,600511,28.43,28.03,28.53,27.96,41278,122992756.0,2.02,-0.43,-0.12,0.75
2023-10-25,600511,27.35,25.6,27.42,25.51,183474,505510660.0,6.81,-8.67,-2.43,3.32
2023-10-26,600511,25.25,25.64,25.68,24.93,96518,261260180.0,2.93,0.16,0.04,1.74
2023-10-27,600511,25.43,26.06,26.17,25.21,91971,252331492.0,3.74,1.64,0.42,1.66
2023-10-30,600511,25.95,27.25,27.62,25.93,115774,329685526.0,6.49,4.57,1.19,2.09
2023-10-31,600511,27.19,27.13,27.35,26.54,74069,211145824.0,2.97,-0.44,-0.12,1.34
2023-11-01,600511,27.07,27.23,27.45,27.03,49382,142543974.0,1.55,0.37,0.1,0.89
2023-11-02,600511,27.23,26.75,27.4,26.6,45624,130446750.0,2.94,-1.76,-0.48,0.82
2023-11-03,600511,26.73,26.69,26.95,26.57,36890,104645904.0,1.42,-0.22,-0.06,0.67
2023-11-06,600511,26.7,26.97,27.09,26.7,57814,164811140.0,1.46,1.05,0.28,1.04
2023-11-07,600511,26.85,26.64,26.85,26.46,46051,130335906.0,1.45,-1.22,-0.33,0.83
2023-11-08,600511,26.56,27.03,27.21,26.55,53638,153480463.0,2.48,1.46,0.39,0.97
2023-11-09,600511,26.95,26.88,27.26,26.62,43283,123306673.0,2.37,-0.55,-0.15,0.78
2023-11-10,600511,26.71,27.31,27.46,26.47,64106,184718434.0,3.68,1.6,0.43,1.16
2023-11-13,600511,27.25,27.08,27.29,26.58,64120,182552027.0,2.6,-0.84,-0.23,1.16
2023-11-14,600511,27.04,27.17,27.61,26.89,53154,153448869.0,2.66,0.33,0.09,0.96
2023-11-15,600511,27.31,27.19,27.45,27.08,47936,138327204.0,1.36,0.07,0.02,0.87
2023-11-16,600511,27.06,26.92,27.25,26.72,43912,125240846.0,1.95,-0.99,-0.27,0.79
2023-11-17,600511,26.93,27.12,27.19,26.82,37104,106358768.0,1.37,0.74,0.2,0.67
2023-11-20,600511,27.24,27.43,27.5,27.06,56324,163119609.0,1.62,1.14,0.31,1.02
2023-11-21,600511,27.43,27.5,27.66,27.18,50165,145944166.0,1.75,0.26,0.07,0.91
2023-11-22,600511,27.4,27.35,27.6,27.23,35461,103061759.0,1.35,-0.55,-0.15,0.64
2023-11-23,600511,27.35,27.72,27.77,27.26,44224,128975595.0,1.86,1.35,0.37,0.8
2023-11-24,600511,27.78,27.92,28.09,27.65,65326,192734085.0,1.59,0.72,0.2,1.18
2023-11-27,600511,28.15,27.75,28.23,27.46,54314,159343428.0,2.76,-0.61,-0.17,0.98
2023-11-28,600511,27.64,28.02,28.07,27.29,39463,116212783.0,2.81,0.97,0.27,0.71
2023-11-29,600511,28.01,28.06,28.35,27.83,50989,152095869.0,1.86,0.14,0.04,0.92
2023-11-30,600511,27.85,28.9,29.36,27.83,93856,286141359.0,5.45,2.99,0.84,1.7
2023-12-01,600511,28.77,28.91,29.34,28.41,81178,247268972.0,3.22,0.03,0.01,1.47
2023-12-04,600511,28.91,28.52,28.94,28.43,43652,132122172.0,1.76,-1.35,-0.39,0.79
2023-12-05,600511,28.55,28.29,28.65,28.2,46173,138760609.0,1.58,-0.81,-0.23,0.83
2023-12-06,600511,28.25,27.87,28.35,27.77,48828,144631341.0,2.05,-1.48,-0.42,0.88
2023-12-07,600511,27.85,27.03,27.94,26.96,82445,238162563.0,3.52,-3.01,-0.84,1.49
2023-12-08,600511,26.86,26.52,27.17,26.48,75099,213143523.0,2.55,-1.89,-0.51,1.36
2023-12-11,600511,26.44,27.22,27.3,26.21,71634,203460150.0,4.11,2.64,0.7,1.29
2023-12-12,600511,27.25,27.54,27.62,27.03,53225,154700931.0,2.17,1.18,0.32,0.96
2023-12-13,600511,27.51,27.66,28.0,27.41,47840,140690824.0,2.14,0.44,0.12,0.86
2023-12-14,600511,27.79,26.76,27.79,26.67,50242,144620236.0,4.05,-3.25,-0.9,0.91
2023-12-15,600511,26.82,26.83,27.05,26.64,63887,182103760.0,1.53,0.26,0.07,1.15
2023-12-18,600511,26.82,26.77,27.23,26.53,38023,108379296.0,2.61,-0.22,-0.06,0.69
2023-12-19,600511,26.69,26.64,26.75,26.34,41844,118089152.0,1.53,-0.49,-0.13,0.76
2023-12-20,600511,26.65,26.72,27.44,26.56,48354,138281308.0,3.3,0.3,0.08,0.87
2023-12-21,600511,26.67,26.6,26.75,26.13,36860,103661061.0,2.32,-0.45,-0.12,0.67
2023-12-22,600511,26.56,26.53,26.86,26.35,35659,100751414.0,1.92,-0.26,-0.07,0.64
2023-12-25,600511,26.43,26.78,26.96,26.43,24280,68717293.0,2.0,0.94,0.25,0.44
2023-12-26,600511,26.72,26.55,26.83,26.26,39853,112004226.0,2.13,-0.86,-0.23,0.72
2023-12-27,600511,26.43,26.84,26.95,26.1,55545,156510769.0,3.2,1.09,0.29,1.0
2023-12-28,600511,26.75,26.85,26.95,26.5,58515,166181964.0,1.68,0.04,0.01,1.06
2023-12-29,600511,26.76,26.97,27.05,26.7,63153,179905363.0,1.3,0.45,0.12,1.14
2024-01-02,600511,26.85,27.33,27.74,26.76,55132,159836441.0,3.63,1.33,0.36,1.0
2024-01-03,600511,27.23,27.84,27.89,27.16,55697,163626324.0,2.67,1.87,0.51,1.01
2024-01-04,600511,27.79,28.3,28.34,27.53,60876,180643945.0,2.91,1.65,0.46,1.1
2024-01-05,600511,28.3,27.69,28.33,27.56,42594,126029998.0,2.72,-2.16,-0.61,0.77
2024-01-08,600511,27.69,27.37,28.0,27.37,48714,143057960.0,2.28,-1.16,-0.32,0.88
2024-01-09,600511,27.37,27.83,28.01,27.03,44589,130664333.0,3.58,1.68,0.46,0.81
2024-01-10,600511,27.54,27.8,28.23,27.44,52067,154082834.0,2.84,-0.11,-0.03,0.94
2024-01-11,600511,27.68,27.73,27.95,27.49,33450,98238067.0,1.65,-0.25,-0.07,0.6
2024-01-12,600511,27.65,27.74,28.21,27.62,32228,95470033.0,2.13,0.04,0.01,0.58
2024-01-15,600511,27.77,28.15,28.31,27.66,35626,106024514.0,2.34,1.48,0.41,0.64
2024-01-16,600511,28.01,27.97,28.16,27.61,32960,97307324.0,1.95,-0.64,-0.18,0.6
2024-01-17,600511,27.92,27.44,28.03,27.44,28154,82894044.0,2.11,-1.89,-0.53,0.51
2024-01-18,600511,27.4,28.19,28.25,26.61,67473,195797071.0,5.98,2.73,0.75,1.22
2024-01-19,600511,28.09,27.49,28.31,27.25,29217,85805418.0,3.76,-2.48,-0.7,0.53
2024-01-22,600511,27.48,26.32,27.59,26.16,36190,102692268.0,5.2,-4.26,-1.17,0.65
2024-01-23,600511,26.05,26.32,26.54,25.85,35742,99579872.0,2.62,0.0,0.0,0.65
2024-01-24,600511,26.42,26.65,26.75,25.65,41008,113789783.0,4.18,1.25,0.33,0.74
2024-01-25,600511,26.64,29.27,29.47,26.51,103098,311099099.0,11.11,9.83,2.62,1.86
2024-01-26,600511,28.95,29.06,29.85,27.78,127826,388468240.0,7.07,-0.72,-0.21,2.31
2024-01-29,600511,28.85,29.33,29.85,28.75,89540,277847934.0,3.79,0.93,0.27,1.62
2024-01-30,600511,29.14,28.54,29.27,28.43,53847,164430134.0,2.86,-2.69,-0.79,0.97
2024-01-31,600511,28.45,28.24,28.74,27.95,64464,193354480.0,2.77,-1.05,-0.3,1.16
2024-02-01,600511,28.17,27.04,28.63,27.03,71380,209783139.0,5.67,-4.25,-1.2,1.29
2024-02-02,600511,27.08,26.64,27.47,25.86,64422,182523014.0,5.95,-1.48,-0.4,1.16
2024-02-05,600511,26.29,27.26,27.91,25.53,78879,222942806.0,8.93,2.33,0.62,1.43
2024-02-06,600511,27.07,28.84,28.97,26.79,84271,251803530.0,8.0,5.8,1.58,1.52
2024-02-07,600511,28.75,30.32,30.35,28.72,119419,376311740.0,5.65,5.13,1.48,2.16
2024-02-08,600511,30.32,29.85,31.68,29.65,103473,336205054.0,6.7,-1.55,-0.47,1.87
2024-02-19,600511,30.19,29.55,30.19,28.45,82807,256539593.0,5.83,-1.01,-0.3,1.5
2024-02-20,600511,29.53,30.29,30.34,29.06,68359,217121512.0,4.33,2.5,0.74,1.24
2024-02-21,600511,30.09,29.71,30.61,29.66,81346,258715580.0,3.14,-1.91,-0.58,1.47
2024-02-22,600511,29.8,30.22,30.36,29.77,47664,151225312.0,1.99,1.72,0.51,0.86
2024-02-23,600511,30.28,30.12,30.84,29.87,51960,165262393.0,3.21,-0.33,-0.1,0.94
2024-02-26,600511,30.11,29.75,30.47,29.66,47488,149842249.0,2.69,-1.23,-0.37,0.86
2024-02-27,600511,29.7,29.81,29.81,29.27,45893,143143049.0,1.82,0.2,0.06,0.83
2024-02-28,600511,29.83,29.31,30.23,29.31,49048,154263118.0,3.09,-1.68,-0.5,0.89
2024-02-29,600511,29.21,29.85,29.85,29.06,45998,143598379.0,2.7,1.84,0.54,0.83
2024-03-01,600511,29.77,30.03,30.1,29.51,51576,162273030.0,1.98,0.6,0.18,0.93
2024-03-04,600511,29.96,30.06,30.3,29.74,49858,157524958.0,1.86,0.1,0.03,0.9
2024-03-05,600511,30.02,29.47,30.03,29.28,61422,191598316.0,2.5,-1.96,-0.59,1.11
2024-03-06,600511,29.47,28.95,29.51,28.52,78448,239650535.0,3.36,-1.76,-0.52,1.42
2024-03-07,600511,28.94,28.55,29.11,28.55,39698,121178786.0,1.93,-1.38,-0.4,0.72
2024-03-08,600511,28.48,28.76,28.87,28.36,35673,107952298.0,1.79,0.74,0.21,0.64
2024-03-11,600511,28.92,28.82,28.93,28.27,52956,159993266.0,2.29,0.21,0.06,0.96
2024-03-12,600511,28.76,28.93,29.08,28.6,45155,137717130.0,1.67,0.38,0.11,0.82
2024-03-13,600511,28.94,28.97,29.1,28.35,67817,205846019.0,2.59,0.14,0.04,1.23
2024-03-14,600511,28.95,28.71,29.12,28.56,60226,183122961.0,1.93,-0.9,-0.26,1.09
2024-03-15,600511,28.47,28.71,28.78,28.25,56252,169558350.0,1.85,0.0,0.0,1.02
2024-03-18,600511,28.65,28.9,28.93,28.51,46413,140988555.0,1.46,0.66,0.19,0.84
2024-03-19,600511,28.9,28.28,28.93,28.24,66293,199414229.0,2.39,-2.15,-0.62,1.2
2024-03-20,600511,28.18,28.03,28.23,27.78,56595,167764108.0,1.59,-0.88,-0.25,1.02
2024-03-21,600511,28.86,29.9,29.92,28.85,173373,539494307.0,3.82,6.67,1.87,3.13
2024-03-22,600511,29.85,29.7,30.07,29.28,88172,276013159.0,2.64,-0.67,-0.2,1.59
2024-03-25,600511,29.75,29.6,30.35,29.58,82267,260530465.0,2.59,-0.34,-0.1,1.49
2024-03-26,600511,29.48,29.73,29.77,29.38,60539,188896049.0,1.32,0.44,0.13,1.09
2024-03-27,600511,29.83,30.29,30.86,29.71,118360,380302619.0,3.87,1.88,0.56,2.14
2024-03-28,600511,30.18,30.12,30.6,29.9,69961,223132653.0,2.31,-0.56,-0.17,1.26
2024-03-29,600511,30.01,31.35,31.65,30.0,90433,295150316.0,5.48,4.08,1.23,1.63
2024-04-01,600511,31.35,31.43,31.53,30.95,52185,172007588.0,1.85,0.26,0.08,0.94
2024-04-02,600511,31.35,31.9,32.1,31.26,57813,193659676.0,2.67,1.5,0.47,1.04
2024-04-03,600511,31.77,32.25,32.61,31.58,71985,243366632.0,3.23,1.1,0.35,1.3
2024-04-08,600511,32.15,31.68,32.46,31.45,74296,248562327.0,3.13,-1.77,-0.57,1.34
2024-04-09,600511,31.88,31.91,32.0,30.95,71290,235918109.0,3.31,0.73,0.23,1.29
2024-04-10,600511,31.98,31.58,32.05,31.51,47235,157469208.0,1.69,-1.03,-0.33,0.85
2024-04-11,600511,31.36,31.86,32.36,31.35,54366,183135143.0,3.2,0.89,0.28,0.98
2024-04-12,600511,31.86,31.75,32.19,31.67,38490,129320567.0,1.63,-0.35,-0.11,0.7
2024-04-15,600511,31.98,33.32,33.45,31.98,95804,331797397.0,4.63,4.94,1.57,1.73
2024-04-16,600511,33.03,33.31,33.71,32.85,73459,256809430.0,2.58,-0.03,-0.01,1.33
2024-04-17,600511,33.27,33.81,34.03,32.65,66864,235204056.0,4.14,1.5,0.5,1.21
2024-04-18,600511,33.81,33.73,34.35,33.6,50151,178473976.0,2.22,-0.24,-0.08,0.91
2024-04-19,600511,33.42,34.13,34.18,33.39,54929,195126933.0,2.34,1.19,0.4,0.99
2024-04-22,600511,34.11,33.46,34.6,33.45,53002,188418020.0,3.37,-1.96,-0.67,0.96
2024-04-23,600511,33.52,33.23,33.67,32.8,48127,167659385.0,2.6,-0.69,-0.23,0.87
2024-04-24,600511,33.15,32.99,33.19,32.71,39365,136050266.0,1.44,-0.72,-0.24,0.71
2024-04-25,600511,32.93,33.18,33.39,32.75,47442,165022288.0,1.94,0.58,0.19,0.86
2024-04-26,600511,33.1,33.29,33.51,32.82,69392,241466854.0,2.08,0.33,0.11,1.25
2024-04-29,600511,33.12,33.01,33.25,32.56,76759,265276691.0,2.07,-0.84,-0.28,1.39
2024-04-30,600511,32.92,33.1,33.81,32.89,55154,193374586.0,2.79,0.27,0.09,1.0
2024-05-06,600511,33.45,33.83,33.95,32.97,74273,262042630.0,2.96,2.21,0.73,1.34
2024-05-07,600511,33.7,34.48,34.53,33.53,70161,251575694.0,2.96,1.92,0.65,1.27
2024-05-08,600511,34.32,33.61,34.44,33.61,54536,194143366.0,2.41,-2.52,-0.87,0.99
2024-05-09,600511,33.62,34.6,34.94,33.16,62086,224673764.0,5.3,2.95,0.99,1.12
2024-05-10,600511,34.43,34.69,34.93,34.36,37091,134574212.0,1.65,0.26,0.09,0.67
2024-05-13,600511,34.45,35.31,35.47,34.17,57510,211064674.0,3.75,1.79,0.62,1.04
2024-05-14,600511,35.16,34.82,36.15,34.71,76380,282575071.0,4.08,-1.39,-0.49,1.38
2024-05-15,600511,34.58,34.85,35.6,34.57,53844,198483192.0,2.96,0.09,0.03,0.97
2024-05-16,600511,34.75,34.21,35.23,34.13,44274,160153418.0,3.16,-1.84,-0.64,0.8
2024-05-17,600511,34.23,33.84,34.54,33.35,57180,202316896.0,3.48,-1.08,-0.37,1.03
2024-05-20,600511,33.66,34.06,34.2,33.56,53439,189602079.0,1.89,0.65,0.22,0.97
2024-05-21,600511,34.03,33.62,34.09,33.35,49068,172749810.0,2.17,-1.29,-0.44,0.89
2024-05-22,600511,33.72,32.9,33.82,32.88,51886,181073018.0,2.8,-2.14,-0.72,0.94
2024-05-23,600511,32.95,32.88,33.06,32.64,39562,136461437.0,1.28,-0.06,-0.02,0.71
2024-05-24,600511,32.76,33.02,33.39,32.76,33075,115052969.0,1.92,0.43,0.14,0.6
2024-05-27,600511,33.16,33.56,33.83,32.96,39460,138509221.0,2.63,1.64,0.54,0.71
2024-05-28,600511,33.7,32.86,33.7,32.74,30157,104533087.0,2.86,-2.09,-0.7,0.54
2024-05-29,600511,32.86,32.75,32.95,32.41,27992,96227796.0,1.64,-0.33,-0.11,0.51
2024-05-30,600511,32.72,32.69,32.9,32.27,35995,123170796.0,1.92,-0.18,-0.06,0.65
2024-05-31,600511,32.72,32.35,33.02,32.31,29933,102404356.0,2.17,-1.04,-0.34,0.54
2024-06-03,600511,32.49,32.53,33.24,32.3,37850,130222573.0,2.91,0.56,0.18,0.68
2024-06-04,600511,32.61,33.42,33.53,32.42,57124,198563009.0,3.41,2.74,0.89,1.03
2024-06-05,600511,33.48,33.15,33.83,32.95,44222,155177473.0,2.63,-0.81,-0.27,0.8
2024-06-06,600511,33.17,33.66,34.34,33.1,67884,240749908.0,3.74,1.54,0.51,1.23
2024-06-07,600511,33.89,32.73,33.91,32.47,57334,198763593.0,4.28,-2.76,-0.93,1.04
2024-06-11,600511,32.63,32.47,32.84,32.28,29156,99611928.0,1.71,-0.79,-0.26,0.53
2024-06-12,600511,32.35,31.84,32.46,31.56,95683,320611389.0,2.77,-1.94,-0.63,1.73
2024-06-13,600511,31.89,31.6,31.95,31.51,42347,137466742.0,1.38,-0.75,-0.24,0.77
2024-06-14,600511,31.5,31.89,32.25,31.5,41658,136104502.0,2.37,0.92,0.29,0.75
2024-06-17,600511,31.79,31.5,32.25,31.29,41212,133610360.0,3.01,-1.22,-0.39,0.74
2024-06-18,600511,31.52,31.2,31.66,31.09,61245,196743193.0,1.81,-0.95,-0.3,1.11
2024-06-19,600511,31.19,31.09,31.27,30.63,50334,159699297.0,2.05,-0.35,-0.11,0.91
2024-06-20,600511,31.01,30.55,31.28,30.27,36786,115833503.0,3.25,-1.74,-0.54,0.66
2024-06-21,600511,30.64,30.41,30.74,30.33,27082,84772469.0,1.34,-0.46,-0.14,0.49
2024-06-24,600511,30.21,30.13,30.55,29.56,52364,161648710.0,3.26,-0.92,-0.28,0.95
2024-06-25,600511,30.02,30.58,30.74,30.0,48261,150812097.0,2.46,1.49,0.45,0.87
2024-06-26,600511,30.28,30.5,30.56,29.98,42817,133012692.0,1.9,-0.26,-0.08,0.77
2024-06-27,600511,30.33,29.9,30.5,29.73,54780,168688978.0,2.52,-1.97,-0.6,0.99
2024-06-28,600511,29.83,29.99,30.18,29.8,37505,115471427.0,1.27,0.3,0.09,0.68
2024-07-01,600511,30.08,30.75,30.9,29.92,38819,121420898.0,3.27,2.53,0.76,0.7
2024-07-02,600511,30.73,30.27,30.73,29.91,40403,125375398.0,2.67,-1.56,-0.48,0.73
2024-07-03,600511,30.27,29.76,30.4,29.75,35361,108850442.0,2.15,-1.68,-0.51,0.64
2024-07-04,600511,29.95,29.31,29.95,29.26,31584,95946142.0,2.32,-1.51,-0.45,0.57
2024-07-05,600511,29.28,29.93,29.95,29.07,32718,99249903.0,3.0,2.12,0.62,0.59
2024-07-08,600511,29.93,29.45,29.99,29.39,30518,92851317.0,2.0,-1.6,-0.48,0.55
2024-07-09,600511,29.5,29.78,29.97,29.28,30935,94063152.0,2.34,1.12,0.33,0.56
2024-07-10,600511,29.71,29.4,29.97,29.26,42970,130539336.0,2.38,-1.28,-0.38,0.78
2024-07-11,600511,29.81,30.09,30.11,29.4,40000,122765348.0,2.41,2.35,0.69,0.72
2024-07-12,600511,30.02,29.8,30.09,29.65,30443,93348450.0,1.46,-0.96,-0.29,0.55
2024-07-15,600511,29.79,30.05,30.35,29.45,41466,127723533.0,3.02,0.84,0.25,0.75
2024-07-16,600511,30.08,30.32,30.36,29.88,28850,89429077.0,1.6,0.9,0.27,0.52
2024-07-17,600511,30.32,30.85,30.89,29.94,49758,155653734.0,3.13,1.75,0.53,0.9
2024-07-18,600511,30.68,31.1,31.2,30.57,40916,130010077.0,2.04,0.81,0.25,0.74
2024-07-19,600511,30.93,30.84,31.12,30.61,34761,109828405.0,1.64,-0.84,-0.26,0.63
2024-07-22,600511,30.83,31.2,31.44,30.65,40589,129545019.0,2.56,1.17,0.36,0.73
2024-07-23,600511,31.15,31.0,31.32,30.75,60688,193436614.0,1.83,-0.64,-0.2,1.1
2024-07-24,600511,30.82,31.38,31.7,30.8,59647,192291113.0,2.9,1.23,0.38,1.08
2024-07-25,600511,31.26,31.18,31.3,30.76,35582,113524632.0,1.72,-0.64,-0.2,0.64
2024-07-26,600511,31.19,31.45,31.65,30.71,39172,125699538.0,3.01,0.87,0.27,0.71
2024-07-29,600511,31.21,31.18,31.44,30.87,36876,117628861.0,1.81,-0.86,-0.27,0.67
2024-07-30,600511,31.05,31.26,31.55,30.77,32257,103276490.0,2.5,0.26,0.08,0.58
2024-07-31,600511,31.27,32.9,33.04,31.24,90748,302417972.0,5.76,5.25,1.64,1.64
2024-08-01,600511,32.79,32.6,33.01,32.46,31976,107085062.0,1.67,-0.91,-0.3,0.58
2024-08-02,600511,32.56,32.65,32.96,32.14,47582,159012632.0,2.52,0.15,0.05,0.86
2024-08-05,600511,32.61,32.75,33.4,32.52,59267,199576368.0,2.7,0.31,0.1,1.07
2024-08-06,600511,32.86,33.0,33.44,32.68,63575,215588689.0,2.32,0.76,0.25,1.15
2024-08-07,600511,32.9,33.08,33.4,32.42,38542,130630518.0,2.97,0.24,0.08,0.7
2024-08-08,600511,32.99,33.31,33.58,32.87,40730,138844933.0,2.15,0.7,0.23,0.74
2024-08-09,600511,33.01,32.9,33.2,32.61,47921,161593240.0,1.77,-1.23,-0.41,0.87
2024-08-12,600511,32.84,33.41,33.69,32.73,48693,166450036.0,2.92,1.55,0.51,0.88
2024-08-13,600511,33.3,33.0,33.44,32.95,41120,139459955.0,1.47,-1.23,-0.41,0.74
2024-08-14,600511,33.24,32.8,33.24,32.69,41704,140322304.0,1.67,-0.61,-0.2,0.75
2024-08-15,600511,32.76,32.5,33.23,32.32,58961,197545102.0,2.77,-0.91,-0.3,1.07
2024-08-16,600511,32.47,33.02,33.1,32.04,66816,223065990.0,3.26,1.6,0.52,1.21
2024-08-19,600511,33.0,33.03,33.49,32.86,36984,125347903.0,1.91,0.03,0.01,0.67
2024-08-20,600511,33.04,32.75,33.35,32.53,36082,121271860.0,2.48,-0.85,-0.28,0.65
2024-08-21,600511,32.7,32.28,32.87,32.2,32162,106853429.0,2.05,-1.44,-0.47,0.58
2024-08-22,600511,31.95,30.0,31.95,29.95,168382,527008916.0,6.2,-7.06,-2.28,3.04
2024-08-23,600511,29.9,30.28,30.35,29.7,89278,275337537.0,2.17,0.93,0.28,1.61
2024-08-26,600511,30.16,29.41,30.34,28.96,103273,310561385.0,4.56,-2.87,-0.87,1.87
2024-08-27,600511,29.41,29.1,29.45,28.86,78115,233220863.0,2.01,-1.05,-0.31,1.41
2024-08-28,600511,28.82,28.96,29.28,28.43,62185,183770939.0,2.92,-0.48,-0.14,1.12
2024-08-29,600511,28.76,28.7,29.06,28.48,63554,187736303.0,2.0,-0.9,-0.26,1.15
2024-08-30,600511,28.57,28.64,29.19,28.22,75379,222820698.0,3.38,-0.21,-0.06,1.36
2024-09-02,600511,28.59,27.89,28.6,27.83,84163,242790536.0,2.69,-2.62,-0.75,1.52
2024-09-03,600511,27.8,27.57,28.21,27.48,60602,173101012.0,2.62,-1.15,-0.32,1.1
2024-09-04,600511,27.47,28.55,28.7,27.47,79077,230174836.0,4.46,3.55,0.98,1.43
2024-09-05,600511,28.49,28.25,28.7,28.0,49362,143271645.0,2.45,-1.05,-0.3,0.89
2024-09-06,600511,28.22,28.25,28.47,28.0,42447,123444554.0,1.66,0.0,0.0,0.77
2024-09-09,600511,28.34,28.77,29.15,28.21,93421,276596162.0,3.33,1.84,0.52,1.69
2024-09-10,600511,29.07,27.86,29.07,27.38,95826,274331435.0,5.87,-3.16,-0.91,1.73
2024-09-11,600511,27.7,27.5,27.85,27.0,81372,228465710.0,3.05,-1.29,-0.36,1.47
2024-09-12,600511,27.37,26.85,27.7,26.82,50761,142082236.0,3.2,-2.36,-0.65,0.92
2024-09-13,600511,26.85,26.73,27.1,26.62,37188,102738979.0,1.79,-0.45,-0.12,0.67
2024-09-18,600511,26.73,26.6,27.09,26.42,32662,89815479.0,2.51,-0.49,-0.13,0.59
2024-09-19,600511,26.66,26.73,27.36,26.32,56301,155114549.0,3.91,0.49,0.13,1.02
2024-09-20,600511,26.71,26.85,26.85,26.42,41793,114980374.0,1.61,0.45,0.12,0.76
2024-09-23,600511,26.85,27.37,27.44,26.8,62949,176131047.0,2.38,1.94,0.52,1.14
2024-09-24,600511,27.52,29.15,29.35,27.35,96395,281820575.0,7.31,6.5,1.78,1.74
2024-09-25,600511,29.14,29.19,29.95,29.11,69875,211441077.0,2.88,0.14,0.04,1.26
2024-09-26,600511,29.2,30.2,30.2,29.03,58285,177350673.0,4.01,3.46,1.01,1.05
2024-09-27,600511,30.61,31.18,31.3,30.51,48802,155200999.0,2.62,3.25,0.98,0.88
2024-09-30,600511,32.51,33.75,33.81,31.99,144811,490640228.0,5.84,8.24,2.57,2.62
2024-10-08,600511,37.2,34.67,37.2,33.69,146239,524721978.0,10.4,2.73,0.92,2.64
2024-10-09,600511,34.05,32.53,34.49,32.21,98097,334932255.0,6.58,-6.17,-2.14,1.77
2024-10-10,600511,32.35,32.62,33.61,31.7,96149,321813631.0,5.87,0.28,0.09,1.74
2024-10-11,600511,32.48,32.14,32.97,31.8,54834,181953599.0,3.59,-1.47,-0.48,0.99
2024-10-14,600511,32.5,32.08,32.62,31.77,71961,236627416.0,2.64,-0.19,-0.06,1.3
2024-10-15,600511,32.01,32.3,32.99,31.71,70527,234639301.0,3.99,0.69,0.22,1.27
2024-10-16,600511,32.01,32.08,32.65,31.82,35544,117288742.0,2.57,-0.68,-0.22,0.64
2024-10-17,600511,32.16,31.41,32.35,31.37,40411,131857979.0,3.05,-2.09,-0.67,0.73
2024-10-18,600511,31.5,32.0,32.68,31.0,55755,181757177.0,5.35,1.88,0.59,1.01
2024-10-21,600511,31.98,31.85,32.09,31.39,68223,222117032.0,2.19,-0.47,-0.15,1.23
2024-10-22,600511,31.82,32.52,32.74,31.7,52879,175098981.0,3.27,2.1,0.67,0.96
2024-10-23,600511,32.52,32.77,33.0,32.35,44502,149074824.0,2.0,0.77,0.25,0.8
2024-10-24,600511,32.35,30.83,32.53,30.7,135587,432945874.0,5.58,-5.92,-1.94,2.45
2024-10-25,600511,30.84,30.9,31.09,30.63,65099,206059491.0,1.49,0.23,0.07,1.18
2024-10-28,600511,30.99,31.0,31.07,30.6,90906,287606264.0,1.52,0.32,0.1,1.64
2024-10-29,600511,31.04,30.37,31.26,30.21,88817,278443168.0,3.39,-2.03,-0.63,1.61
2024-10-30,600511,30.43,30.44,30.58,30.17,71034,221346535.0,1.35,0.23,0.07,1.28
2024-10-31,600511,30.41,30.76,31.04,30.26,70509,222130110.0,2.56,1.05,0.32,1.27
2024-11-01,600511,30.7,31.04,31.58,30.46,84080,267764101.0,3.64,0.91,0.28,1.52
2024-11-04,600511,31.09,31.3,31.48,30.97,63002,201727223.0,1.64,0.84,0.26,1.14
2024-11-05,600511,31.22,31.63,31.78,30.72,85634,275522094.0,3.39,1.05,0.33,1.55
2024-11-06,600511,31.63,31.75,31.9,31.11,97581,315192877.0,2.5,0.38,0.12,1.76
2024-11-07,600511,31.54,32.36,32.39,31.44,82717,272067073.0,2.99,1.92,0.61,1.49
2024-11-08,600511,32.4,32.56,32.82,32.0,105094,349020276.0,2.53,0.62,0.2,1.9
2024-11-11,600511,32.32,32.5,32.75,32.12,86265,286616699.0,1.93,-0.18,-0.06,1.56
2024-11-12,600511,32.6,34.32,35.4,32.57,253528,892907008.0,8.71,5.6,1.82,4.58
2024-11-13,600511,33.8,33.62,34.37,33.42,98844,341739326.0,2.77,-2.04,-0.7,1.79
2024-11-14,600511,35.2,33.58,35.2,33.52,162483,567779739.0,5.0,-0.12,-0.04,2.94
2024-11-15,600511,33.2,33.46,33.9,32.92,96791,330741278.0,2.92,-0.36,-0.12,1.75
2024-11-18,600511,33.5,33.59,34.41,33.21,113999,395228466.0,3.59,0.39,0.13,2.06
2024-11-19,600511,33.56,33.59,34.35,32.77,103895,356103990.0,4.7,0.0,0.0,1.88
2024-11-20,600511,33.6,35.75,35.92,33.46,208933,748045009.0,7.32,6.43,2.16,3.78
2024-11-21,600511,35.4,35.33,35.7,34.95,97689,352238314.0,2.1,-1.17,-0.42,1.77
2024-11-22,600511,35.4,34.2,35.53,33.86,121818,428769846.0,4.73,-3.2,-1.13,2.2
2024-11-25,600511,33.91,33.54,34.39,33.43,91148,316032793.0,2.81,-1.93,-0.66,1.65
2024-11-26,600511,33.81,33.75,34.37,33.5,60152,208673097.0,2.59,0.63,0.21,1.09
2024-11-27,600511,33.67,33.83,33.88,33.19,63391,218002588.0,2.04,0.24,0.08,1.15
2024-11-28,600511,33.84,33.38,33.88,33.12,72444,247704144.0,2.25,-1.33,-0.45,1.31
2024-11-29,600511,33.22,33.41,33.88,33.08,62781,215399712.0,2.4,0.09,0.03,1.13
2024-12-02,600511,33.42,33.17,33.58,32.94,69198,234781239.0,1.92,-0.72,-0.24,1.25
2024-12-03,600511,33.15,33.15,33.32,32.78,50427,170587842.0,1.63,-0.06,-0.02,0.91
2024-12-04,600511,33.13,32.69,33.14,32.51,49821,167528234.0,1.9,-1.39,-0.46,0.9
2024-12-05,600511,32.71,33.36,33.6,32.46,81123,275184592.0,3.49,2.05,0.67,1.47
2024-12-06,600511,33.32,34.37,35.05,33.03,123552,432276734.0,6.06,3.03,1.01,2.23
2024-12-09,600511,34.3,34.18,34.56,33.92,48194,168635640.0,1.86,-0.55,-0.19,0.87
2024-12-10,600511,35.08,34.02,35.08,34.0,57622,202489590.0,3.16,-0.47,-0.16,1.04
2024-12-11,600511,34.02,34.32,34.58,33.89,43607,153181125.0,2.03,0.88,0.3,0.79
2024-12-12,600511,34.26,34.45,34.64,33.99,55027,193674577.0,1.89,0.38,0.13,0.99
2024-12-13,600511,34.45,34.09,34.48,34.0,46885,164187751.0,1.39,-1.04,-0.36,0.85
2024-12-16,600511,34.09,33.28,34.31,32.94,72157,246686012.0,4.02,-2.38,-0.81,1.3
2024-12-17,600511,33.2,33.06,33.74,32.97,45480,154936754.0,2.31,-0.66,-0.22,0.82
2024-12-18,600511,33.15,32.99,33.34,32.8,43467,146989099.0,1.63,-0.21,-0.07,0.79
2024-12-19,600511,32.78,33.56,33.74,32.76,57351,196265280.0,2.97,1.73,0.57,1.04
2024-12-20,600511,33.69,33.85,33.94,33.41,30112,103957945.0,1.58,0.86,0.29,0.54
2024-12-23,600511,33.8,33.89,34.34,33.52,45498,158171142.0,2.42,0.12,0.04,0.82
2024-12-24,600511,33.77,34.31,34.33,33.76,30823,107814623.0,1.68,1.24,0.42,0.56
2024-12-25,600511,34.37,34.04,34.46,33.85,24685,86092346.0,1.78,-0.79,-0.27,0.45
2024-12-26,600511,34.16,33.34,34.17,33.18,41446,142358644.0,2.91,-2.06,-0.7,0.75
2024-12-27,600511,33.39,33.91,34.01,33.2,31516,108638196.0,2.43,1.71,0.57,0.57
2024-12-30,600511,33.95,33.93,34.64,33.72,52748,184491796.0,2.71,0.06,0.02,0.95
2024-12-31,600511,33.83,33.42,34.13,33.2,42789,147347043.0,2.74,-1.5,-0.51,0.77
2025-01-02,600511,33.42,31.94,33.59,31.71,63772,212440928.0,5.63,-4.43,-1.48,1.15
2025-01-03,600511,32.08,31.76,32.19,31.64,44650,145926966.0,1.72,-0.56,-0.18,0.81
2025-01-06,600511,31.96,32.03,32.46,31.73,47472,156039665.0,2.3,0.85,0.27,0.86
2025-01-07,600511,31.92,31.53,31.92,31.06,43739,140995629.0,2.68,-1.56,-0.5,0.79
2025-01-08,600511,31.45,30.45,31.58,30.15,74402,233822846.0,4.54,-3.43,-1.08,1.34
2025-01-09,600511,30.45,29.79,30.51,27.33,51922,160307850.0,10.44,-2.17,-0.66,0.94
2025-01-10,600511,29.81,29.37,30.01,29.33,40263,122428719.0,2.28,-1.41,-0.42,0.73
2025-01-13,600511,29.2,29.88,29.98,29.17,41712,127395453.0,2.76,1.74,0.51,0.75
2025-01-14,600511,30.04,30.46,30.58,29.89,44065,137129230.0,2.31,1.94,0.58,0.8
2025-01-15,600511,30.41,31.14,31.19,30.22,50670,160578966.0,3.18,2.23,0.68,0.92
2025-01-16,600511,31.11,31.01,31.5,30.85,29016,92520161.0,2.09,-0.42,-0.13,0.52
2025-01-17,600511,30.84,31.12,31.24,30.77,15072,48059018.0,1.52,0.35,0.11,0.27
2025-01-20,600511,31.28,30.5,31.49,30.32,45664,143898232.0,3.76,-1.99,-0.62,0.83
2025-01-21,600511,30.59,30.39,30.66,30.13,21706,67651825.0,1.74,-0.36,-0.11,0.39
2025-01-22,600511,30.24,30.29,30.39,29.95,17157,53175184.0,1.45,-0.33,-0.1,0.31
2025-01-23,600511,30.31,30.75,31.02,30.29,42899,135137278.0,2.41,1.52,0.46,0.78
2025-01-24,600511,30.7,31.08,31.4,30.49,35462,112848597.0,2.96,1.07,0.33,0.64
2025-01-27,600511,31.1,31.45,31.74,31.1,28813,93180796.0,2.06,1.19,0.37,0.52
2025-02-05,600511,31.57,30.89,31.59,30.75,33137,105274963.0,2.67,-1.78,-0.56,0.6
2025-02-06,600511,30.8,30.98,30.98,30.43,31501,99303493.0,1.78,0.29,0.09,0.57
2025-02-07,600511,30.95,31.17,31.27,30.81,37881,120709287.0,1.48,0.61,0.19,0.68
2025-02-10,600511,31.17,31.07,31.25,30.9,35961,114505656.0,1.12,-0.32,-0.1,0.65
2025-02-11,600511,31.01,31.03,31.15,30.81,24995,79333535.0,1.09,-0.13,-0.04,0.45
2025-02-12,600511,30.9,30.9,30.99,30.72,24303,76934390.0,0.87,-0.42,-0.13,0.44
2025-02-13,600511,30.85,30.6,30.96,30.56,38433,121112402.0,1.29,-0.97,-0.3,0.69
2025-02-14,600511,30.63,31.25,31.36,30.53,65002,207338749.0,2.71,2.12,0.65,1.17
2025-02-17,600511,31.45,30.5,31.49,30.33,73611,231267942.0,3.71,-2.4,-0.75,1.33
2025-02-18,600511,30.41,30.35,30.54,30.2,44373,138270478.0,1.11,-0.49,-0.15,0.8
2025-02-19,600511,30.21,30.13,30.42,29.98,54060,167202455.0,1.45,-0.72,-0.22,0.98
2025-02-20,600511,30.11,30.06,30.73,29.99,58348,181334607.0,2.46,-0.23,-0.07,1.05
2025-02-21,600511,30.16,29.55,30.17,29.25,82770,251353110.0,3.06,-1.7,-0.51,1.5
2025-02-24,600511,29.56,29.51,29.69,29.32,39860,120872258.0,1.25,-0.14,-0.04,0.72
2025-02-25,600511,29.35,29.15,29.42,28.97,53975,161736295.0,1.52,-1.22,-0.36,0.98
2025-02-26,600511,29.11,29.22,29.4,29.06,39650,118938819.0,1.17,0.24,0.07,0.72
2025-02-27,600511,29.22,29.19,29.25,28.87,50812,151689312.0,1.3,-0.1,-0.03,0.92
2025-02-28,600511,29.11,28.99,29.68,28.95,97077,290989512.0,2.5,-0.69,-0.2,1.75
2025-03-03,600511,29.06,29.36,29.5,28.99,56046,168964728.0,1.76,1.28,0.37,1.01
2025-03-04,600511,29.21,29.18,29.44,29.1,42562,127917410.0,1.16,-0.61,-0.18,0.77
2025-03-05,600511,29.26,28.82,29.26,28.69,50406,149302895.0,1.95,-1.23,-0.36,0.91
2025-03-06,600511,28.91,29.09,29.15,28.81,38512,114752162.0,1.18,0.94,0.27,0.7
2025-03-07,600511,29.09,29.11,29.19,28.85,41184,122926484.0,1.17,0.07,0.02,0.74
2025-03-10,600511,29.1,29.66,29.83,29.03,56933,172427963.0,2.75,1.89,0.55,1.03
2025-03-11,600511,29.48,29.48,29.66,29.35,33895,102585689.0,1.05,-0.61,-0.18,0.61
2025-03-12,600511,29.48,29.3,29.59,29.21,33127,99915713.0,1.29,-0.61,-0.18,0.6
2025-03-13,600511,29.26,29.38,29.56,29.16,38614,116456433.0,1.37,0.27,0.08,0.7
2025-03-14,600511,29.38,30.36,30.49,29.38,88330,272395452.0,3.78,3.34,0.98,1.6
2025-03-17,600511,30.54,30.41,30.65,30.23,42179,131717729.0,1.38,0.16,0.05,0.76
2025-03-18,600511,30.44,30.33,30.59,30.2,37935,118413868.0,1.28,-0.26,-0.08,0.69
2025-03-19,600511,30.24,30.36,30.46,30.2,28557,88866156.0,0.86,0.1,0.03,0.52
2025-03-20,600511,29.86,29.8,30.1,29.3,93965,285618505.0,2.64,-1.84,-0.56,1.7
2025-03-21,600511,29.81,29.39,29.99,29.34,51112,155149253.0,2.18,-1.38,-0.41,0.92
2025-03-24,600511,29.39,29.3,29.59,29.15,39632,119184831.0,1.5,-0.31,-0.09,0.72
2025-03-25,600511,29.41,29.47,29.5,29.23,34101,102919355.0,0.92,0.58,0.17,0.62
2025-03-26,600511,29.44,29.35,29.57,29.31,33044,99828037.0,0.88,-0.41,-0.12,0.6
2025-03-27,600511,29.34,29.52,29.57,29.18,39432,119083316.0,1.33,0.58,0.17,0.71
2025-03-28,600511,29.55,29.32,29.8,29.3,45281,137199370.0,1.69,-0.68,-0.2,0.82
2025-03-31,600511,29.23,29.02,29.36,28.88,38090,113857761.0,1.64,-1.02,-0.3,0.69
2025-04-01,600511,29.11,29.5,29.8,29.05,70819,214948249.0,2.58,1.65,0.48,1.28
2025-04-02,600511,29.46,29.29,29.49,29.21,36387,109578716.0,0.95,-0.71,-0.21,0.66
2025-04-03,600511,29.15,29.53,29.75,29.1,44545,134979918.0,2.22,0.82,0.24,0.81
2025-04-07,600511,28.63,28.07,28.95,26.77,116718,334856429.0,7.38,-4.94,-1.46,2.11
2025-04-08,600511,27.89,28.8,28.8,27.84,70408,205873729.0,3.42,2.6,0.73,1.27
2025-04-09,600511,28.4,28.87,29.3,28.2,67663,200047193.0,3.82,0.24,0.07,1.22
2025-04-10,600511,28.94,28.84,29.13,28.7,50042,148663296.0,1.49,-0.1,-0.03,0.9
2025-04-11,600511,28.7,28.63,28.95,28.56,36466,107527110.0,1.35,-0.73,-0.21,0.66
2025-04-14,600511,28.69,28.66,28.74,28.5,36517,107479898.0,0.84,0.1,0.03,0.66
2025-04-15,600511,28.66,28.6,28.75,28.39,28964,85048408.0,1.26,-0.21,-0.06,0.52
2025-04-16,600511,28.5,28.48,28.56,28.21,27024,78888081.0,1.22,-0.42,-0.12,0.49
2025-04-17,600511,28.44,28.39,28.61,28.31,24452,71468369.0,1.05,-0.32,-0.09,0.44
2025-04-18,600511,28.39,28.44,28.53,28.29,15008,43848992.0,0.85,0.18,0.05,0.27
2025-04-21,600511,28.43,28.64,28.89,28.3,35670,105098238.0,2.07,0.7,0.2,0.64
2025-04-22,600511,28.59,28.79,28.83,28.5,19662,58091269.0,1.15,0.52,0.15,0.36
2025-04-23,600511,28.79,28.66,28.89,28.58,26038,76743735.0,1.08,-0.45,-0.13,0.47
2025-04-24,600511,28.66,28.58,28.78,28.42,23786,70018425.0,1.26,-0.28,-0.08,0.43
2025-04-25,600511,28.6,28.58,28.92,28.45,32539,95722915.0,1.64,0.0,0.0,0.59
2025-04-28,600511,28.65,28.09,28.65,27.95,42670,123884334.0,2.45,-1.71,-0.49,0.77
2025-04-29,600511,28.08,28.16,28.24,27.92,21316,61651093.0,1.14,0.25,0.07,0.39
2025-04-30,600511,28.17,28.19,28.28,28.08,20494,59434341.0,0.71,0.11,0.03,0.37
2025-05-06,600511,28.22,28.75,28.96,28.16,54280,159668143.0,2.84,1.99,0.56,0.98
2025-05-07,600511,28.94,28.94,29.0,28.7,42001,124535869.0,1.04,0.66,0.19,0.76
2025-05-08,600511,28.84,28.67,28.95,28.45,43095,127130807.0,1.73,-0.93,-0.27,0.78
2025-05-09,600511,28.66,28.98,29.04,28.6,48134,143120223.0,1.53,1.08,0.31,0.87
2025-05-12,600511,29.0,28.92,29.15,28.78,24933,74000928.0,1.28,-0.21,-0.06,0.45
2025-05-13,600511,29.0,28.98,29.06,28.91,28163,83863001.0,0.52,0.21,0.06,0.51
2025-05-14,600511,28.96,29.13,29.16,28.75,39169,116564133.0,1.41,0.52,0.15,0.71
2025-05-15,600511,29.17,29.12,29.32,29.06,28219,84620799.0,0.89,-0.03,-0.01,0.51
2025-05-16,600511,29.13,29.17,29.24,29.05,23976,71790063.0,0.65,0.17,0.05,0.43
2025-05-19,600511,29.2,29.07,29.28,28.96,24386,72899177.0,1.1,-0.34,-0.1,0.44
2025-05-20,600511,29.15,29.57,29.67,29.05,53611,162173371.0,2.13,1.72,0.5,0.97
2025-05-21,600511,29.55,29.99,30.07,29.49,52953,162686751.0,1.96,1.42,0.42,0.96
2025-05-22,600511,29.88,29.7,29.98,29.41,35890,109454027.0,1.9,-0.97,-0.29,0.65
2025-05-23,600511,29.69,29.9,30.18,29.66,45375,139789350.0,1.75,0.67,0.2,0.82
2025-05-26,600511,29.8,29.06,29.95,29.04,46715,140781907.0,3.04,-2.81,-0.84,0.84
2025-05-27,600511,29.03,28.97,29.24,28.86,34291,102201424.0,1.31,-0.31,-0.09,0.62
2025-05-28,600511,28.9,29.26,29.58,28.83,44929,134953897.0,2.59,1.0,0.29,0.81
2025-05-29,600511,29.2,29.25,29.29,29.03,21931,65789183.0,0.89,-0.03,-0.01,0.4
2025-05-30,600511,29.35,29.21,29.5,29.18,27705,83492106.0,1.09,-0.14,-0.04,0.5
2025-06-03,600511,29.25,29.95,30.02,29.2,53535,164069255.0,2.81,2.53,0.74,0.97
2025-06-04,600511,29.85,30.02,30.09,29.76,27985,85977798.0,1.1,0.23,0.07,0.51
2025-06-05,600511,30.02,29.77,30.14,29.64,24525,75078471.0,1.67,-0.83,-0.25,0.44
2025-06-06,600511,29.71,29.71,29.84,29.64,17157,52388656.0,0.67,-0.2,-0.06,0.31
2025-06-09,600511,29.68,30.41,30.69,29.68,70254,218697497.0,3.4,2.36,0.7,1.27
2025-06-10,600511,30.62,30.31,30.75,30.06,46750,145971671.0,2.27,-0.33,-0.1,0.84
2025-06-11,600511,30.26,29.85,30.4,29.8,54130,166705915.0,1.98,-1.52,-0.46,0.98
2025-06-12,600511,29.85,30.06,30.2,29.8,42666,131497029.0,1.34,0.7,0.21,0.77
2025-06-13,600511,30.05,29.54,30.12,29.54,63121,193306213.0,1.93,-1.73,-0.52,1.14
2025-06-16,600511,29.66,28.97,29.7,28.91,68388,204726229.0,2.67,-1.93,-0.57,1.24
2025-06-17,600511,29.04,28.86,29.16,28.66,56249,166574735.0,1.73,-0.38,-0.11,1.02
2025-06-18,600511,28.86,28.8,28.92,28.65,37494,107951270.0,0.94,-0.21,-0.06,0.68
2025-06-19,600511,28.78,28.75,28.91,28.58,26661,76572952.0,1.15,-0.17,-0.05,0.48
2025-06-20,600511,28.77,28.99,29.05,28.67,35875,103836761.0,1.32,0.83,0.24,0.65
2025-06-23,600511,28.89,28.65,29.1,28.51,42228,120931421.0,2.04,-1.17,-0.34,0.76
2025-06-24,600511,28.65,28.91,28.91,28.65,30737,88534099.0,0.91,0.91,0.26,0.56
2025-06-25,600511,28.93,29.05,29.05,28.81,32808,94851216.0,0.83,0.48,0.14,0.59
2025-06-26,600511,29.07,29.09,29.2,28.88,30485,88533310.0,1.1,0.14,0.04,0.55
2025-06-27,600511,29.1,29.19,29.44,29.03,41676,121839412.0,1.41,0.34,0.1,0.75
2025-06-30,600511,29.19,29.16,29.27,28.84,35502,103027651.0,1.47,-0.1,-0.03,0.64
2025-07-01,600511,29.16,29.01,29.2,28.85,36920,107151821.0,1.2,-0.51,-0.15,0.67
2025-07-02,600511,29.12,29.0,29.17,28.88,38133,110508927.0,1.0,-0.03,-0.01,0.69
2025-07-03,600511,28.97,29.03,29.14,28.93,41324,119943737.0,0.72,0.1,0.03,0.75
2025-07-04,600511,29.03,29.1,29.18,28.96,28387,82536496.0,0.76,0.24,0.07,0.51
2025-07-07,600511,29.03,28.96,29.18,28.93,23059,66882784.0,0.86,-0.48,-0.14,0.42
2025-07-08,600511,28.97,29.06,29.14,28.9,46403,134692880.0,0.83,0.35,0.1,0.84
2025-07-09,600511,29.06,29.06,29.18,28.97,34254,99706821.0,0.72,0.0,0.0,0.62
2025-07-10,600511,29.08,29.32,29.36,29.08,39959,117008773.0,0.96,0.89,0.26,0.72
2025-07-11,600511,29.37,29.46,29.54,29.27,53797,158333363.0,0.92,0.48,0.14,0.97
2025-07-14,600511,29.46,29.43,29.65,29.4,31473,92862459.0,0.85,-0.1,-0.03,0.57
2025-07-15,600511,29.42,29.38,29.52,29.1,39420,115309443.0,1.43,-0.17,-0.05,0.71
2025-07-16,600511,29.3,29.68,29.69,29.3,45435,134450052.0,1.33,1.02,0.3,0.82
2025-07-17,600511,29.72,29.73,29.78,29.6,32830,97498251.0,0.61,0.17,0.05,0.59
2025-07-18,600511,29.77,29.88,29.89,29.66,32783,97644328.0,0.77,0.5,0.15,0.59
2025-07-21,600511,29.88,29.93,30.02,29.78,40760,121975430.0,0.8,0.17,0.05,0.74
2025-07-22,600511,29.95,30.15,30.2,29.89,36378,109340770.0,1.04,0.74,0.22,0.66
2025-07-23,600511,30.11,29.96,30.33,29.88,39866,120152126.0,1.49,-0.63,-0.19,0.72
2025-07-24,600511,30.08,30.19,30.25,29.95,43810,131824334.0,1.0,0.77,0.23,0.79
2025-07-25,600511,30.27,29.91,30.44,29.9,46637,140666476.0,1.79,-0.93,-0.28,0.84
2025-07-28,600511,29.92,29.92,30.12,29.76,42926,128390082.0,1.2,0.03,0.01,0.78
2025-07-29,600511,29.9,29.85,29.98,29.66,35946,107102751.0,1.07,-0.23,-0.07,0.65
2025-07-30,600511,29.86,29.97,30.51,29.71,84805,256305695.0,2.68,0.4,0.12,1.53
2025-07-31,600511,30.01,29.45,30.06,29.4,68595,203515607.0,2.2,-1.74,-0.52,1.24
2025-08-01,600511,29.47,29.82,29.87,29.46,56047,166581118.0,1.39,1.26,0.37,1.01
2025-08-04,600511,29.7,30.04,30.4,29.49,56452,168596920.0,3.05,0.74,0.22,1.02
2025-08-05,600511,29.95,30.05,30.08,29.9,32402,97218963.0,0.6,0.03,0.01,0.59
2025-08-06,600511,30.05,29.88,30.09,29.79,37032,110740093.0,1.0,-0.57,-0.17,0.67
2025-08-07,600511,29.89,29.72,30.0,29.68,32971,98245390.0,1.07,-0.54,-0.16,0.6
2025-08-08,600511,29.7,29.81,29.88,29.62,24103,71766014.0,0.87,0.3,0.09,0.44
2025-08-11,600511,29.82,29.97,30.02,29.75,34362,102614760.0,0.91,0.54,0.16,0.62
2025-08-12,600511,29.97,29.83,30.21,29.72,53555,160561733.0,1.63,-0.47,-0.14,0.97
2025-08-13,600511,29.82,29.83,29.93,29.73,50788,151465202.0,0.67,0.0,0.0,0.92
2025-08-14,600511,29.9,29.64,30.05,29.57,49717,148153707.0,1.61,-0.64,-0.19,0.9
2025-08-15,600511,29.62,29.73,29.81,29.56,55097,163554053.0,0.84,0.3,0.09,1.0
2025-08-18,600511,29.74,29.87,30.06,29.73,90169,269229247.0,1.11,0.47,0.14,1.63
2025-08-19,600511,29.91,29.83,30.12,29.77,64510,193065753.0,1.17,-0.13,-0.04,1.17
2025-08-20,600511,29.84,30.01,30.02,29.65,53888,160673047.0,1.24,0.6,0.18,0.97
2025-08-21,600511,30.05,30.15,30.27,29.93,83459,251352076.0,1.13,0.47,0.14,1.51
2025-08-22,600511,30.19,30.18,30.24,29.96,69352,208646771.0,0.93,0.1,0.03,1.25
2025-08-25,600511,30.2,30.44,30.45,30.16,77120,233488788.0,0.96,0.86,0.26,1.39
2025-08-26,600511,30.4,30.41,30.51,30.28,54638,166165944.0,0.76,-0.1,-0.03,0.99
2025-08-27,600511,30.45,29.87,30.49,29.84,80031,241113464.0,2.14,-1.78,-0.54,1.45
2025-08-28,600511,29.89,29.72,29.99,29.35,81167,240874913.0,2.14,-0.5,-0.15,1.47
2025-08-29,600511,29.7,29.6,29.89,29.56,67015,199234048.0,1.11,-0.4,-0.12,1.21
2025-09-01,600511,29.57,29.71,29.76,29.47,44105,130776541.0,0.98,0.37,0.11,0.8
2025-09-02,600511,29.7,29.47,29.94,29.41,59226,175397516.0,1.78,-0.81,-0.24,1.07
2025-09-03,600511,29.5,29.34,29.62,29.24,40949,120346630.0,1.29,-0.44,-0.13,0.74
2025-09-04,600511,29.31,29.41,29.5,29.22,43477,127543553.0,0.95,0.24,0.07,0.79
2025-09-05,600511,29.45,29.52,29.56,29.36,38172,112424827.0,0.68,0.37,0.11,0.69
2025-09-08,600511,29.52,29.78,29.82,29.43,46095,136735430.0,1.32,0.88,0.26,0.83
2025-09-09,600511,29.82,29.7,29.9,29.53,36267,107655912.0,1.24,-0.27,-0.08,0.66
2025-09-10,600511,29.65,29.52,29.72,29.46,33107,97780728.0,0.88,-0.61,-0.18,0.6
2025-09-11,600511,29.5,29.63,29.66,29.3,42550,125412678.0,1.22,0.37,0.11,0.77
2025-09-12,600511,29.63,29.44,29.68,29.4,42196,124400613.0,0.94,-0.64,-0.19,0.76
2025-09-15,600511,29.44,29.34,29.46,29.26,36988,108498838.0,0.68,-0.34,-0.1,0.67
2025-09-16,600511,29.34,29.18,29.39,29.12,35665,104209239.0,0.92,-0.55,-0.16,0.64
2025-09-17,600511,29.18,29.34,29.4,29.12,31411,92005106.0,0.96,0.55,0.16,0.57
2025-09-18,600511,29.39,29.55,29.89,29.18,81286,239967039.0,2.42,0.72,0.21,1.47
2025-09-19,600511,29.36,29.1,29.45,29.09,52058,152033962.0,1.22,-1.52,-0.45,0.94
2025-09-22,600511,29.2,29.02,29.31,28.97,33370,97142818.0,1.17,-0.27,-0.08,0.6
2025-09-23,600511,29.03,29.11,29.14,28.75,47467,137211650.0,1.34,0.31,0.09,0.86
2025-09-24,600511,29.02,29.13,29.17,29.02,27156,79020531.0,0.52,0.07,0.02,0.49
2025-09-25,600511,29.09,28.75,29.1,28.68,67561,194581440.0,1.44,-1.3,-0.38,1.22
2025-09-26,600511,28.64,28.73,28.78,28.51,35087,100456620.0,0.94,-0.07,-0.02,0.63
2025-09-29,600511,28.74,28.88,28.91,28.51,31394,90169961.0,1.39,0.52,0.15,0.57
2025-09-30,600511,28.83,28.6,28.87,28.59,42585,122163458.0,0.97,-0.97,-0.28,0.77
2025-10-09,600511,28.59,28.81,28.83,28.46,38962,111642939.0,1.29,0.73,0.21,0.7
2025-10-10,600511,28.72,28.81,28.96,28.68,52943,152710873.0,0.97,0.0,0.0,0.96
2025-10-13,600511,28.53,28.69,28.74,28.47,42783,122397541.0,0.94,-0.42,-0.12,0.77
2025-10-14,600511,28.7,28.89,29.05,28.62,52764,152325122.0,1.5,0.7,0.2,0.95
2025-10-15,600511,28.89,28.9,29.06,28.82,37981,109911306.0,0.83,0.03,0.01,0.69
2025-10-16,600511,28.9,28.94,29.07,28.81,38377,111022756.0,0.9,0.14,0.04,0.69
2025-10-17,600511,28.85,28.63,29.0,28.58,37544,108122711.0,1.45,-1.07,-0.31,0.68
2025-10-20,600511,28.72,28.63,28.75,28.55,36726,105133547.0,0.7,0.0,0.0,0.66
2025-10-21,600511,28.66,28.81,28.86,28.63,24022,69130863.0,0.8,0.63,0.18,0.43
2025-10-22,600511,29.38,29.89,30.25,29.38,180470,538667661.0,3.02,3.75,1.08,3.26
2025-10-23,600511,29.7,29.78,30.1,29.55,81450,242690162.0,1.84,-0.37,-0.11,1.47
2025-10-24,600511,29.63,29.57,29.87,29.5,64826,192014469.0,1.24,-0.71,-0.21,1.17
2025-10-27,600511,29.57,29.65,29.8,29.41,61138,181214402.0,1.32,0.27,0.08,1.1
2025-10-28,600511,29.66,29.68,29.81,29.59,45264,134299394.0,0.74,0.1,0.03,0.82
2025-10-29,600511,29.55,29.61,29.72,29.34,47333,139621339.0,1.28,-0.24,-0.07,0.86
2025-10-30,600511,29.62,29.7,29.88,29.55,68761,204308097.0,1.11,0.3,0.09,1.24
2025-10-31,600511,29.9,29.78,29.99,29.5,75725,224937539.0,1.65,0.27,0.08,1.37
2025-11-03,600511,29.7,29.85,29.9,29.64,65810,196207211.0,0.87,0.24,0.07,1.19
2025-11-04,600511,29.8,29.67,29.84,29.58,45863,136162246.0,0.87,-0.6,-0.18,0.83
2025-11-05,600511,29.51,29.62,29.67,29.48,31122,92127770.0,0.64,-0.17,-0.05,0.56
2025-11-06,600511,29.62,29.69,29.81,29.56,51936,154310846.0,0.84,0.24,0.07,0.94
2025-11-07,600511,29.61,29.91,29.97,29.61,70627,211148985.0,1.21,0.74,0.22,1.28
2025-11-10,600511,29.96,30.29,30.3,29.93,76438,230615083.0,1.24,1.27,0.38,1.38
2025-11-11,600511,30.26,30.29,30.35,30.1,53951,163139398.0,0.83,0.0,0.0,0.98
2025-11-12,600511,30.29,30.74,31.18,30.29,115772,355802466.0,2.94,1.49,0.45,2.09
2025-11-13,600511,30.89,30.66,31.0,30.46,82457,252623587.0,1.76,-0.26,-0.08,1.49
2025-11-14,600511,30.75,30.51,31.1,30.5,71043,218850930.0,1.96,-0.49,-0.15,1.28
2025-11-17,600511,30.52,29.88,30.62,29.86,72784,219041254.0,2.49,-2.06,-0.63,1.32
2025-11-18,600511,29.89,29.7,29.96,29.59,46469,138069332.0,1.24,-0.6,-0.18,0.84
2025-11-19,600511,29.61,29.37,29.79,29.28,53433,157485451.0,1.72,-1.11,-0.33,0.97
2025-11-20,600511,29.41,29.33,29.54,29.3,39547,116317005.0,0.82,-0.14,-0.04,0.71
2025-11-21,600511,29.25,28.84,29.38,28.78,65135,188841209.0,2.05,-1.67,-0.49,1.18
2025-11-24,600511,28.95,28.82,29.09,28.77,45099,130219005.0,1.11,-0.07,-0.02,0.82
2025-11-25,600511,28.9,28.92,29.02,28.84,43688,126446433.0,0.62,0.35,0.1,0.79
2025-11-26,600511,28.92,29.03,29.23,28.85,48629,141338455.0,1.31,0.38,0.11,0.88
2025-11-27,600511,29.05,28.89,29.06,28.87,32533,94200564.0,0.65,-0.48,-0.14,0.59
2025-11-28,600511,28.86,28.9,28.93,28.79,30464,87930554.0,0.48,0.03,0.01,0.55
2025-12-01,600511,28.92,29.1,29.12,28.9,34635,100572397.0,0.76,0.69,0.2,0.63
2025-12-02,600511,29.1,29.13,29.21,29.01,29890,87004258.0,0.69,0.1,0.03,0.54
2025-12-03,600511,29.19,29.45,29.69,29.13,63669,187528365.0,1.92,1.1,0.32,1.15
2025-12-04,600511,29.45,29.32,29.54,29.26,29430,86459735.0,0.95,-0.44,-0.13,0.53
2025-12-05,600511,29.32,29.23,29.39,29.02,32950,96095019.0,1.26,-0.31,-0.09,0.6
2025-12-08,600511,29.26,29.19,29.42,29.15,44181,129338006.0,0.92,-0.14,-0.04,0.8
2025-12-09,600511,29.15,28.88,29.19,28.88,31869,92385417.0,1.06,-1.06,-0.31,0.58
2025-12-10,600511,28.89,29.03,29.07,28.8,28730,83117419.0,0.93,0.52,0.15,0.52
2025-12-11,600511,29.03,28.92,29.1,28.87,22732,65836205.0,0.79,-0.38,-0.11,0.41
2025-12-12,600511,28.92,28.93,28.98,28.8,35542,102737009.0,0.62,0.03,0.01,0.64
2025-12-15,600511,28.86,28.96,29.11,28.64,37294,107810941.0,1.62,0.1,0.03,0.67
2025-12-16,600511,28.96,28.69,28.98,28.58,34048,97850581.0,1.38,-0.93,-0.27,0.62
2025-12-17,600511,28.66,28.81,28.94,28.51,27436,78869302.0,1.5,0.42,0.12,0.5
2025-12-18,600511,28.76,29.18,29.28,28.72,45086,131271199.0,1.94,1.28,0.37,0.81
2025-12-19,600511,29.29,29.2,29.29,29.07,40537,118270940.0,0.75,0.07,0.02,0.73
2025-12-22,600511,29.19,29.0,29.24,28.97,38983,113259874.0,0.92,-0.68,-0.2,0.7
2025-12-23,600511,29.0,28.88,29.08,28.87,29720,86057574.0,0.72,-0.41,-0.12,0.54
2025-12-24,600511,28.93,28.88,28.96,28.74,29872,86134886.0,0.76,0.0,0.0,0.54
2025-12-25,600511,28.87,28.96,28.96,28.8,28118,81245737.0,0.55,0.28,0.08,0.51
2025-12-26,600511,28.96,28.91,29.02,28.83,29185,84431236.0,0.66,-0.17,-0.05,0.53
2025-12-29,600511,28.87,28.7,28.88,28.7,34540,99306206.0,0.62,-0.73,-0.21,0.62
2025-12-30,600511,28.67,28.73,28.85,28.6,26080,74952020.0,0.87,0.1,0.03,0.47
2025-12-31,600511,28.62,28.75,28.79,28.58,40177,115226467.0,0.73,0.07,0.02,0.73
